sal_6_lc2vs0_iate,emplx2_3
-24175.49952887165,2.0
-37644.306245692795,2.0
-41774.24885514537,2.0
-33907.70380927214,2.0
-42734.5016392938,2.0
-28256.048735470613,2.0
-33525.43909255674,2.0
-38386.15852157819,2.0
-28922.21267130518,2.0
-42930.72263612295,2.0
-49889.004325146045,2.0
-49697.368101668486,2.0
-48631.796164722735,2.0
-38963.88178028837,2.0
-30453.211026623034,2.0
-45703.173919374734,2.0
-27526.60382064696,2.0
-48369.575924528755,2.0
-30994.778630340537,2.0
-48887.46672207018,1.0
-45485.61834542888,2.0
-29956.69873805999,2.0
-35958.05474157458,2.0
-47727.25408362625,2.0
-45547.68203741657,1.0
-49336.160620156275,2.0
-44006.96607443006,2.0
-28746.232083108007,2.0
-26725.36900565235,2.0
-49844.62249313058,2.0
-34993.810378004586,2.0
-46933.609250371825,2.0
-38238.125144517304,2.0
-43118.61631691102,2.0
-34715.69681904313,2.0
-43306.858702936275,2.0
-42932.2512256228,2.0
-43760.05935382309,2.0
-36456.04356933512,2.0
-43460.075069463026,2.0
-32804.577091062376,2.0
-50095.18654631159,2.0
-40227.7906430085,2.0
-47496.92463854348,2.0
-50793.36457817829,2.0
-39838.197843851354,2.0
-48736.61675234159,1.0
-30380.601656884406,2.0
-25765.44589624832,2.0
-44451.463547010135,2.0
-27071.744359408982,2.0
-52616.62268830852,2.0
-32766.281007559654,2.0
-43637.05108317953,2.0
-37385.71304727884,3.0
-34893.187587386914,2.0
-54168.18276761321,2.0
-32226.48807958665,2.0
-37546.74613259119,2.0
-42173.35564754839,2.0
-32231.02645220509,1.0
-27745.50501997089,2.0
-44816.62856405995,2.0
-28552.125681694313,2.0
-34321.14290346238,2.0
-46466.44725565084,2.0
-26610.308041934426,2.0
-28978.79579667786,2.0
-30801.312837164383,2.0
-35727.48637397886,2.0
-30472.448577481337,2.0
-52496.91604240361,2.0
-44413.075345613484,2.0
-30634.99313903517,2.0
-45868.11240390013,2.0
-47756.72323454429,1.0
-37086.55974600767,2.0
-31441.539008799526,2.0
-28948.368448043933,2.0
-50926.39927797951,2.0
-49471.26665671471,2.0
-47430.628552300725,2.0
-30083.067410572563,2.0
-48478.117179467736,2.0
-35871.94100089845,2.0
-37563.28034263325,2.0
-23707.892965082465,2.0
-55013.9607892666,2.0
-26933.380652613858,2.0
-42432.77442821894,2.0
-36693.285560292585,2.0
-34466.385349774486,2.0
-44786.25271410722,2.0
-25079.710568834922,2.0
-46624.17207177593,2.0
-46233.45156641846,2.0
-35299.52875955108,2.0
-35808.700071558545,2.0
-26464.620291275576,2.0
-36561.3832011536,2.0
-46942.1852264604,2.0
-46674.430417963464,2.0
-44876.277831677835,2.0
-30663.01927852461,2.0
-27835.297745203658,2.0
-47036.156686293805,2.0
-41252.58504182754,2.0
-41706.08515700768,2.0
-30917.916080956824,2.0
-56756.140800150424,2.0
-33523.49029144741,1.0
-44064.05244497225,2.0
-28572.100246978916,1.0
-38838.61299412964,2.0
-45844.427912838466,2.0
-25459.206196933254,2.0
-35954.32114680067,2.0
-35254.42142447274,2.0
-36705.31006188789,2.0
-49044.7162852619,2.0
-44074.92769858142,2.0
-46598.44418384483,3.0
-51041.56023124317,2.0
-36334.030893235424,2.0
-33730.45394348713,2.0
-35663.69404776575,2.0
-55256.355434022145,2.0
-33959.41011419097,2.0
-45131.711262820245,2.0
-36383.00137175684,2.0
-30431.63508481698,2.0
-40053.09437501714,2.0
-48537.00407197849,2.0
-29042.935537440335,2.0
-29748.818174300355,2.0
-37583.180674232506,2.0
-45988.29620504167,2.0
-50384.0979499197,2.0
-52298.37787601455,2.0
-27322.253794218806,2.0
-42404.428585398484,2.0
-25714.127125417253,2.0
-52129.72138470427,2.0
-37304.716939091944,2.0
-42863.735731969544,2.0
-41616.10155153617,1.0
-54397.02143367274,2.0
-28901.283680590088,2.0
-37581.8403955241,2.0
-28445.553355556403,1.0
-50894.5371310801,1.0
-28073.291036995714,2.0
-30813.74342648845,2.0
-51903.2024151293,1.0
-28084.10543842707,2.0
-32640.12836811746,2.0
-37837.75123007351,2.0
-42179.717086609235,2.0
-29229.47968735139,1.0
-33671.09380258271,2.0
-48366.69803060971,2.0
-46392.2553918681,2.0
-26317.350223363497,2.0
-48966.126796031036,2.0
-37944.14053324261,2.0
-49612.61240443101,2.0
-38780.541991671715,2.0
-50084.41572928107,2.0
-44187.79812516427,1.0
-40178.35128288511,2.0
-44837.222780680626,2.0
-32846.812725209675,1.0
-47147.437706873214,1.0
-49010.286102464524,2.0
-33849.75392397779,2.0
-33787.208492118414,2.0
-34119.15296952366,2.0
-44452.10339274181,2.0
-30406.226199304285,2.0
-46718.64338478271,1.0
-24661.863252022256,2.0
-38670.63323031997,2.0
-37653.1560824022,2.0
-26194.51138158276,2.0
-27855.763699169158,2.0
-52066.3997061515,2.0
-40562.96797928263,2.0
-27279.11120659933,1.0
-46798.96552854667,2.0
-50990.670063998856,2.0
-49154.00253862896,2.0
-47001.5917562338,1.0
-44276.33899082257,2.0
-33226.15976730837,2.0
-35430.64183751465,2.0
-49370.738800467836,2.0
-32043.759534852517,2.0
-33164.82168862068,2.0
-42852.58856869157,2.0
-25702.899815960132,2.0
-31685.29175226426,2.0
-49720.96129593101,2.0
-34882.68883714876,2.0
-23130.806153935693,2.0
-31071.82535200734,2.0
-42845.80014854521,2.0
-32389.58610553824,2.0
-33608.27163528458,2.0
-35426.18806798038,2.0
-32551.15316876689,2.0
-39658.24487438926,2.0
-39137.584072946054,2.0
-54561.98387353968,2.0
-39692.52747213382,2.0
-46372.64033348293,2.0
-45284.77501932431,2.0
-47561.423713176235,2.0
-44755.85060599477,2.0
-47059.47583536981,2.0
-44503.038036337035,2.0
-26337.691388949705,2.0
-45124.36846979223,2.0
-31508.711068409382,2.0
-30471.831416521323,2.0
-42820.69317018011,2.0
-39649.781075826446,2.0
-28641.29196691148,2.0
-43174.29090690908,2.0
-36313.81568596906,2.0
-31896.166669858238,2.0
-35637.90685174129,2.0
-39866.52324747047,2.0
-44286.83912513306,2.0
-43002.79578159495,1.0
-23958.375733552468,2.0
-45075.056494932185,2.0
-43624.12773968763,2.0
-37255.28862221139,2.0
-46927.5399159864,2.0
-34243.072032943266,2.0
-49909.67540152364,2.0
-48683.396504299555,2.0
-50544.12989737038,2.0
-32941.02048583542,2.0
-41266.55685761036,2.0
-40305.31663983075,2.0
-46240.25540654539,2.0
-46227.44200365698,2.0
-27844.38356430082,2.0
-54354.39564261031,2.0
-26296.382843958374,2.0
-41316.704792568155,2.0
-33013.77223978343,2.0
-45019.60636000881,2.0
-40307.012700293795,2.0
-52745.73070123617,2.0
-52006.69036284891,2.0
-27282.339625152534,2.0
-52468.031236841,2.0
-46400.970252092746,2.0
-54716.38749532859,2.0
-46910.241809892395,1.0
-47914.59985629497,2.0
-44591.942810204426,2.0
-47889.178090641755,2.0
-47632.42655685669,2.0
-40204.61604244255,2.0
-29789.766786459713,2.0
-23934.30460838868,2.0
-36577.573353013024,2.0
-49971.36408309324,2.0
-31617.09027944596,2.0
-33955.10973473129,2.0
-47533.708016397235,2.0
-27801.283816255338,2.0
-34889.4583772369,2.0
-40254.84363072548,2.0
-27223.429755439178,2.0
-47707.86563718168,2.0
-34193.69687051019,2.0
-39310.72092384777,2.0
-36153.64292050224,2.0
-32399.937586835556,2.0
-32562.965793788273,2.0
-47376.71156062995,2.0
-44002.428545077244,2.0
-46794.81199969901,2.0
-30819.50490085396,2.0
-33242.69465524836,2.0
-35598.34306207267,2.0
-48329.30584471915,2.0
-31543.33370737668,2.0
-47833.50358165754,2.0
-34145.08038771694,2.0
-33261.72672680814,2.0
-39201.8698663265,2.0
-25118.328312684676,2.0
-44895.6902931269,2.0
-24642.298291116153,2.0
-40658.597948496725,2.0
-28957.74563415273,2.0
-37600.48823163631,2.0
-37985.19382545577,2.0
-47759.27198237795,2.0
-37043.305825434916,2.0
-32041.166608814794,2.0
-31728.674087043408,2.0
-48938.60359005348,2.0
-39833.956958535025,2.0
-41173.44760521484,2.0
-34249.1421277858,2.0
-26914.187359528343,2.0
-51200.85916868744,2.0
-39025.85976440249,2.0
-29882.47783980203,2.0
-53611.886427566686,1.0
-48054.281500847195,1.0
-25279.998972432557,2.0
-48287.42038208395,2.0
-32589.118041697166,2.0
-47052.0928684686,2.0
-24749.645269217515,2.0
-47827.09554672735,2.0
-25848.029357245356,2.0
-40264.19645577475,2.0
-41315.18978074352,2.0
-34931.7203111267,2.0
-27124.395921313855,2.0
-38136.34110317719,1.0
-29180.461544292735,2.0
-23986.65523113242,2.0
-42266.86178131721,2.0
-50814.06909769123,2.0
-47265.91814947383,2.0
-39829.26971527048,2.0
-36452.927506851294,2.0
-29916.85779425411,2.0
-32371.8347705572,2.0
-25801.594041590022,2.0
-47934.54248691158,2.0
-34662.82252756043,2.0
-32295.364535903907,2.0
-46482.16792004257,2.0
-49299.57685265779,2.0
-45610.724021565096,2.0
-43895.61537852317,2.0
-38796.47329375275,2.0
-45227.98435559077,2.0
-34788.78717902182,2.0
-35856.28903315026,1.0
-49986.602050374786,2.0
-29312.715679101544,2.0
-24868.393838204414,2.0
-46653.814109035106,2.0
-31252.162818297802,2.0
-39018.73960961303,2.0
-29392.670072763554,2.0
-38481.897033198686,2.0
-30370.331114964032,2.0
-41248.566313167255,2.0
-38466.47702165348,2.0
-55303.27875344036,2.0
-42600.21470960244,2.0
-47488.89050559039,2.0
-26340.439705150246,2.0
-34938.62391757547,2.0
-34521.88349274542,2.0
-45350.15956229308,2.0
-48652.30486713261,2.0
-38376.47904300606,2.0
-32406.88006240834,2.0
-27002.493390410968,2.0
-49187.86101483341,1.0
-51275.76297332601,2.0
-36573.46910896752,2.0
-33848.64736668721,2.0
-38096.46098780933,2.0
-49927.81113026697,2.0
-51636.57770237907,2.0
-40275.5807663293,2.0
-28752.046281757874,2.0
-37806.72064898538,2.0
-27470.494360520926,2.0
-25539.488074974415,2.0
-35702.14491630006,2.0
-53712.7935751769,1.0
-45174.25689214985,2.0
-37390.951076433084,2.0
-48149.32776666297,2.0
-29433.920756834363,2.0
-49910.09591026814,2.0
-51645.82487519507,2.0
-51915.07739384982,2.0
-40056.21807997157,2.0
-37281.318931856586,1.0
-29199.4420589187,2.0
-34562.35110377155,1.0
-29344.097517649487,2.0
-41962.30854496121,2.0
-26948.90820847224,2.0
-48933.242333932656,2.0
-39771.35041112161,2.0
-26769.19977299022,2.0
-44660.5273317511,2.0
-44302.900036392704,2.0
-31240.721312811296,2.0
-33342.4384365423,2.0
-24985.070801563103,2.0
-37535.08067266113,2.0
-30610.626457206123,2.0
-44587.08661758345,2.0
-47935.725404250945,2.0
-40093.14465940333,2.0
-37927.73846774038,1.0
-27374.79007456504,2.0
-40147.12181582522,2.0
-47569.172522667184,1.0
-43495.94044437276,2.0
-38011.27088747535,2.0
-48830.15473316795,2.0
-42126.103400065884,2.0
-46543.23509150083,2.0
-40092.827650480656,2.0
-27929.112156652758,2.0
-35397.53975028253,2.0
-38641.76403460595,2.0
-49461.06249546255,2.0
-25359.80058201102,2.0
-27402.80859072204,2.0
-39830.52803704092,2.0
-35981.394753744076,2.0
-46973.324368445756,2.0
-30197.109525474152,2.0
-35450.9895834571,2.0
-40458.20542725138,2.0
-34705.07813009799,2.0
-45780.58152265984,2.0
-41286.78531439198,2.0
-39344.65219102079,2.0
-35332.95183673154,2.0
-45334.61469074377,2.0
-41354.93903965945,2.0
-46319.130180024964,2.0
-27892.438185761865,2.0
-49183.99207312365,2.0
-35752.34368079104,2.0
-44763.33048303191,2.0
-43926.631732144146,2.0
-52312.22541484061,2.0
-41646.59247548862,2.0
-36406.41963306964,1.0
-35184.916498158236,2.0
-24812.024581126607,2.0
-32569.586544615548,2.0
-26097.024524679582,2.0
-28434.79664255028,2.0
-33934.02922802301,2.0
-35575.053768321515,2.0
-50344.865090176245,2.0
-38078.07975569878,3.0
-28165.003966968845,2.0
-44131.74428471231,1.0
-26012.382175641906,2.0
-50081.16018401686,2.0
-41704.62958125102,2.0
-37199.85243801797,2.0
-26857.90287788803,2.0
-39711.9653804566,2.0
-26860.37608279566,3.0
-54325.22361691295,2.0
-28605.02322496658,2.0
-46594.521936045814,2.0
-25112.77947936353,2.0
-41829.36160006066,2.0
-34931.96764790326,2.0
-35262.554557245996,2.0
-42948.13876531587,2.0
-47024.27392399972,2.0
-47446.47665020831,2.0
-50102.50985344571,1.0
-37019.545568688285,2.0
-47877.109689120014,2.0
-28500.122652856804,2.0
-38001.911653065814,2.0
-33822.07635488139,2.0
-47179.453139784826,2.0
-36138.842476458456,2.0
-50936.29876742631,2.0
-48555.9210919615,2.0
-32399.334656199597,2.0
-44742.434737207805,2.0
-45276.52271308245,2.0
-40410.72597459896,2.0
-35264.978919263296,2.0
-30658.795914481445,2.0
-29573.087121555618,2.0
-29695.597078147795,2.0
-43728.80662515855,2.0
-26802.386591116836,2.0
-47105.863884790284,1.0
-46429.45784476251,2.0
-27140.13137228821,1.0
-48474.446919408336,2.0
-43618.368906691336,2.0
-27550.35301126838,1.0
-40262.323417778556,1.0
-45761.39915761949,2.0
-31147.01199350505,2.0
-44266.88898603848,2.0
-48038.18292028124,2.0
-39074.989577484936,2.0
-33926.789429121214,2.0
-23800.781503813858,2.0
-25743.780577223384,1.0
-36091.945047615605,2.0
-50259.93427384876,1.0
-50000.034416825394,2.0
-27402.06922300357,2.0
-48942.842594286194,2.0
-42596.05511939381,2.0
-52764.78980389608,2.0
-39278.39668389447,2.0
-28875.166178567117,2.0
-24100.49850084766,2.0
-35802.77007646262,2.0
-37228.74435730645,2.0
-35991.90866987727,2.0
-43369.6654062833,2.0
-29340.80860411877,2.0
-55659.79148201467,2.0
-34313.92754353635,2.0
-49592.26088088662,2.0
-27555.986405309333,2.0
-49377.80385618254,2.0
-45350.37489956211,2.0
-37739.7264317891,2.0
-34460.362776643095,2.0
-51285.992275158365,2.0
-43473.86168799712,2.0
-38790.41034109641,1.0
-34123.82619007373,2.0
-44662.32488961787,2.0
-36354.10779289869,2.0
-51648.679504458305,2.0
-26359.15841718303,3.0
-50016.64032711882,2.0
-28616.601529575873,2.0
-32493.391035133896,2.0
-40935.79920413728,2.0
-27467.504735832943,2.0
-47540.42524966381,2.0
-36787.55571238568,2.0
-51394.73852837443,2.0
-43980.33823426866,2.0
-40572.60757686209,2.0
-33594.97341758712,2.0
-53409.72123292687,2.0
-47507.525173502974,2.0
-51049.90197044729,2.0
-27651.556512525327,2.0
-48604.50769597819,1.0
-50614.05781804084,2.0
-56871.32654756066,2.0
-46503.080747951695,2.0
-29156.323963615796,2.0
-28853.368033054085,2.0
-35575.15924753958,2.0
-42642.47621950766,2.0
-30847.318465254695,2.0
-36250.380589979235,2.0
-24386.855207753524,2.0
-35228.79918405976,1.0
-35749.11832494663,2.0
-51331.33906297907,2.0
-50894.78352513993,2.0
-50888.47602608431,1.0
-30676.29823972251,2.0
-31647.197944290747,2.0
-44242.99827828337,2.0
-42359.02441252599,2.0
-39349.16748221868,2.0
-51773.895967434815,2.0
-52398.28621050912,1.0
-30387.567318339214,2.0
-30673.14956753192,2.0
-49693.75774377199,2.0
-37862.72340040346,2.0
-33135.30361488523,2.0
-43907.5642325504,2.0
-25493.14537293711,2.0
-39807.194579999115,2.0
-40390.3624522386,2.0
-49808.982388908,2.0
-26061.255945171994,2.0
-40232.25841693171,1.0
-43194.004494316796,2.0
-26406.925898553247,2.0
-31876.959878836173,2.0
-33701.7863260382,2.0
-40788.292195756105,2.0
-51355.98499133315,2.0
-30554.641378299388,2.0
-37324.44800832887,2.0
-50506.96867203412,2.0
-31730.602337180626,2.0
-28625.869757051107,2.0
-48747.79732719016,2.0
-26171.77614108929,2.0
-36033.34870675365,2.0
-31113.077466590417,2.0
-30164.293147365504,2.0
-54149.66257153475,2.0
-44192.057415726485,2.0
-52817.31250297131,2.0
-43137.66530307727,2.0
-37501.56446759166,2.0
-46449.749384860595,2.0
-40005.88516674189,2.0
-27934.70341913239,2.0
-45063.52680412945,2.0
-52619.47072236171,2.0
-42446.212751033934,2.0
-26939.320168028516,2.0
-28872.58368315711,2.0
-39256.37532342388,1.0
-51195.12986240267,2.0
-55004.101932289675,2.0
-26780.39192914417,2.0
-33966.095159458375,1.0
-39757.34156098834,2.0
-39402.433114567175,2.0
-36898.49494043445,2.0
-26459.564765823925,2.0
-45610.62626569233,2.0
-31955.498239394416,1.0
-36951.19871684709,2.0
-50043.85531576897,2.0
-36612.98870488822,2.0
-41819.89839284977,2.0
-43413.741361556706,2.0
-45617.15304803816,2.0
-33255.10691714448,2.0
-33617.300810717315,2.0
-34192.80274589556,2.0
-52225.08776704229,2.0
-43323.00358613989,2.0
-38894.03204997252,2.0
-40218.1400625314,2.0
-49102.91092458129,2.0
-42733.935168363736,2.0
-38741.24386337097,2.0
-47518.728805823375,2.0
-35094.381228663304,1.0
-46780.972586516174,2.0
-48234.17114978556,2.0
-45924.14042251832,2.0
-46749.31197131328,2.0
-52516.55248096443,2.0
-28694.916001854428,2.0
-41897.008388641,2.0
-34376.70786092154,2.0
-41638.39977257901,2.0
-26342.28458352833,2.0
-39971.93193919015,3.0
-32193.438907071024,2.0
-30495.738350470485,2.0
-38297.9211320517,2.0
-48992.6555355421,2.0
-33985.661153160174,2.0
-41121.32148661364,3.0
-33141.02793515797,2.0
-30317.9260045097,2.0
-44834.59049667537,1.0
-30932.40784324373,2.0
-26081.63656871411,2.0
-26476.75079188841,2.0
-43766.903397945745,2.0
-30396.394703991245,2.0
-46762.33278130772,2.0
-44569.13733904788,2.0
-49619.67580734605,2.0
-37868.37006236514,2.0
-36728.30234177034,1.0
-40501.61333053191,2.0
-36960.51794297025,2.0
-44037.87550205225,2.0
-28773.246002023072,2.0
-24655.365252943127,1.0
-46485.26242701474,1.0
-55127.7247290928,1.0
-26560.409240866542,2.0
-51446.09439699831,1.0
-48280.25208505499,2.0
-24632.659860364427,2.0
-27385.654479512308,2.0
-39616.76410744456,2.0
-42867.23374144303,2.0
-42141.562090370055,2.0
-30490.22945515248,2.0
-49284.55278278628,2.0
-39793.169121230654,2.0
-47179.11192639362,1.0
-42586.0999165974,1.0
-34739.80511900409,2.0
-38244.841073788615,2.0
-46640.94729386241,2.0
-27799.80158022709,2.0
-27046.647455768416,2.0
-41690.20462157707,2.0
-45792.25478771336,2.0
-49636.85345075859,2.0
-28497.574587968633,2.0
-32464.570092679096,2.0
-53850.0251073675,2.0
-35013.07524207138,2.0
-40327.2009182668,1.0
-32595.620810009365,1.0
-46800.233063964086,2.0
-34370.56079362682,2.0
-38459.65418388484,1.0
-42264.52986240885,2.0
-25648.76733086454,2.0
-36534.2895194905,2.0
-41957.86944281476,3.0
-28062.805000613494,2.0
-45553.854242125,2.0
-35836.83104680458,2.0
-52334.61350892688,2.0
-34376.09372941575,2.0
-30205.298394701622,2.0
-54092.41620677139,2.0
-44838.16620923921,2.0
-34926.116650730146,2.0
-44185.84451141289,1.0
-37762.835253386096,2.0
-40733.59991912102,2.0
-52292.08662234539,2.0
-34984.52834791151,2.0
-51108.95651528761,2.0
-39939.42141296195,2.0
-52546.304135449485,1.0
-36065.09007276886,2.0
-29425.767561832585,2.0
-36337.60673350118,2.0
-49291.88163438191,2.0
-34029.8081252187,2.0
-28043.500927113746,2.0
-50316.60853584235,2.0
-28479.97555780068,2.0
-38331.45483906408,2.0
-41737.701608362666,2.0
-30916.085591872965,2.0
-24611.21624734475,2.0
-45867.82304918982,2.0
-34010.70361027195,2.0
-32543.57992111893,2.0
-46083.92046120681,2.0
-48841.746587063775,2.0
-51128.91786633657,2.0
-47998.39383980328,2.0
-43643.586356710905,1.0
-36844.628529013535,2.0
-48094.35863886086,2.0
-29118.5174070249,2.0
-34501.82351710936,2.0
-24946.623083362614,2.0
-40217.1372700999,2.0
-47475.36839665963,2.0
-48413.68254600498,2.0
-45444.640668261534,2.0
-38098.22290822463,2.0
-35790.55263014499,2.0
-31129.878042804132,2.0
-32635.13432137915,2.0
-33761.624676749925,2.0
-37236.4283882853,2.0
-27129.82890888734,2.0
-34082.97872373273,2.0
-24217.974540292613,2.0
-38550.690772914444,2.0
-52555.85837365498,2.0
-49569.017867141665,2.0
-43446.93289990798,2.0
-49822.72254174312,2.0
-25542.232345496574,2.0
-25246.144148350744,2.0
-45732.66609596832,2.0
-26322.317110830503,2.0
-42847.26928183713,1.0
-47036.21360197473,1.0
-45365.302435905745,2.0
-32270.261587818386,2.0
-37786.119505229086,2.0
-51982.838076009764,2.0
-37404.49231509457,2.0
-50404.47485561396,2.0
-26160.001494813845,2.0
-37154.50784830961,2.0
-28121.53559254945,2.0
-33019.71729411233,1.0
-43798.721817555124,2.0
-48585.22693126023,2.0
-28461.022616783615,2.0
-32630.956245680707,2.0
-49857.777272161344,2.0
-46663.27412575108,2.0
-43149.50680342269,2.0
-52331.8093384876,1.0
-31866.232941294926,2.0
-38754.105027602345,2.0
-45776.84919467178,2.0
-45466.83893363667,1.0
-43811.040038624786,2.0
-37835.95180706433,2.0
-26475.216467918377,2.0
-40068.724808740706,2.0
-43381.45330113557,2.0
-55783.23260538213,2.0
-40468.02546441461,2.0
-30830.71964966294,2.0
-33145.212618025995,2.0
-36697.13165586666,2.0
-34433.84272402467,2.0
-23805.40157468563,2.0
-46139.216373259,1.0
-51766.32255430436,2.0
-26408.898493209548,2.0
-32199.10531625065,1.0
-37093.498967103806,2.0
-53503.187417701214,2.0
-27174.393334826458,2.0
-30772.664202691412,3.0
-45038.76861930579,2.0
-36827.9583366429,2.0
-27255.826203604036,2.0
-48000.661081164835,2.0
-31310.781265684258,2.0
-28784.916633085224,2.0
-36718.30158410321,2.0
-46821.13680366869,2.0
-41153.64805819046,2.0
-41917.61271984187,2.0
-28998.852234987007,2.0
-42302.35016758669,2.0
-38441.17399582738,2.0
-48341.278528895884,2.0
-26716.08478842082,2.0
-50445.77478127574,2.0
-46971.2068313877,2.0
-28116.40234452228,2.0
-49932.25436479119,2.0
-29691.704335479673,2.0
-40242.881891085,2.0
-47702.597487512074,2.0
-37655.71599072656,2.0
-43553.523186229264,2.0
-28778.20861182887,2.0
-53600.66259151661,2.0
-41807.79394535316,2.0
-40500.04099566688,2.0
-30075.94033144107,2.0
-39450.14410728598,2.0
-45407.22489724012,2.0
-48688.14599839264,2.0
-44593.21969727462,2.0
-36922.32867177949,2.0
-46835.34198127365,2.0
-42836.33278092454,2.0
-49991.703706549604,2.0
-31956.932331731932,2.0
-51534.8675805322,1.0
-26814.47636006112,2.0
-41184.4325437652,2.0
-37336.89469767055,2.0
-36804.62716801184,2.0
-47466.52836720196,2.0
-55926.14842903004,2.0
-47282.381875429826,2.0
-33484.4292231428,2.0
-47911.648503335615,1.0
-37331.08694605505,2.0
-54070.547614806856,2.0
-51767.81522419238,2.0
-32913.85471006429,2.0
-39308.01286195639,2.0
-36453.40784051051,2.0
-27506.169196894243,2.0
-33588.88007282805,2.0
-25492.8098087942,1.0
-45036.32138840614,2.0
-39472.09857548729,1.0
-37996.07872984401,2.0
-46154.879634387486,2.0
-42405.210897683806,2.0
-43102.08098488669,2.0
-30275.35098339847,2.0
-54419.68368980942,1.0
-34500.152859643815,2.0
-36740.56606863269,2.0
-48416.825917192924,2.0
-50743.362056457016,1.0
-49914.40990787079,2.0
-44902.1913675097,2.0
-40122.748003693974,2.0
-54544.07536814024,1.0
-36258.948082326446,2.0
-47822.21724285558,2.0
-45494.16204974302,2.0
-27007.28556912923,2.0
-54863.64495177854,2.0
-45287.78600121814,1.0
-27676.835121946013,2.0
-42552.128921202755,2.0
-29193.603545870166,2.0
-37267.47567342193,2.0
-39058.32437078869,1.0
-24554.889368334843,2.0
-35363.3033714887,2.0
-40250.20255444267,2.0
-56663.11760665408,2.0
-50186.09124237388,2.0
-33015.51221579377,2.0
-54050.727257376086,2.0
-45367.377272711215,2.0
-30122.160493646956,2.0
-31900.847373994555,2.0
-47643.782297062135,1.0
-44473.523442714126,2.0
-45898.48498966503,2.0
-26714.618158797915,2.0
-42107.28480124935,1.0
-35133.15339915045,2.0
-52546.52433339298,2.0
-43537.65277213002,2.0
-33721.970279867695,2.0
-41417.95091696595,2.0
-56233.75702038975,1.0
-47067.668278572775,2.0
-32964.87789408226,2.0
-51553.67712907477,2.0
-35564.656252057204,2.0
-47715.877359721344,2.0
-44459.285451833806,2.0
-45099.061877857,2.0
-40105.39512753159,2.0
-37210.12360668035,2.0
-46337.2550302693,2.0
-35935.23267206242,2.0
-31919.482668206107,2.0
-46487.81233144304,2.0
-29170.18818199024,2.0
-41724.640470820676,2.0
-35421.59998769126,2.0
-28708.225169157264,2.0
-26202.791576619762,2.0
-41498.69366548543,2.0
-51372.9353449472,2.0
-36556.89746182247,2.0
-47981.632919463795,2.0
-35200.56535674898,2.0
-43259.968304265916,2.0
-53247.5357717797,2.0
-26041.373821702837,2.0
-34839.48114346192,2.0
-41061.79852771766,2.0
-43377.61422266721,2.0
-45763.969932595064,2.0
-26275.532370751243,2.0
-46509.066508742755,2.0
-36088.92813645784,2.0
-40477.17921118957,2.0
-52229.707339135086,2.0
-40170.8211395034,2.0
-39521.170879458565,2.0
-38672.957997151694,2.0
-26281.379178750187,2.0
-39421.31129608828,2.0
-47844.53652233513,2.0
-39187.41331821747,2.0
-33775.90704052967,2.0
-46869.50126309849,1.0
-30935.950063450346,2.0
-25908.100075004662,2.0
-48067.73071875211,1.0
-45436.33111263247,2.0
-34970.50298366413,1.0
-31287.390571106946,2.0
-26144.41425429796,2.0
-27776.647144899514,2.0
-39753.48806840864,2.0
-47140.45838153007,2.0
-49239.966272651116,2.0
-36654.74447843523,2.0
-43119.71645600925,2.0
-49297.71812477357,2.0
-38211.96628314267,2.0
-36065.83234948439,1.0
-37901.75995202142,2.0
-51367.887162354076,2.0
-30757.352910515136,2.0
-36988.38741057086,2.0
-39121.54040657224,2.0
-43529.576350353374,2.0
-38133.99476684546,2.0
-29645.735304687332,2.0
-46147.25626271689,2.0
-50240.823783190164,2.0
-44926.12514290758,2.0
-47006.68920013997,2.0
-26613.32724861545,2.0
-45354.922995826455,1.0
-37226.78109495431,2.0
-26498.7412170342,2.0
-27813.232937986144,2.0
-44237.31337658965,1.0
-35093.31812696683,2.0
-39026.923995124125,2.0
-46100.40227892212,2.0
-36792.4452233366,2.0
-31112.665223448785,2.0
-51720.38263056353,2.0
-52266.87961104753,2.0
-25714.31554167178,2.0
-26389.199894158715,2.0
-36869.68278210823,2.0
-45080.08427802015,1.0
-32938.53478901954,2.0
-47751.68669935571,2.0
-41702.595076285455,2.0
-45515.247755430755,2.0
-36321.92964768293,2.0
-53815.099132324496,2.0
-44331.07866819011,2.0
-27340.03679699152,2.0
-37588.77505758561,2.0
-47579.47315280029,2.0
-31575.596705387397,2.0
-47305.251382563925,2.0
-48603.97420224566,2.0
-43118.29410233977,2.0
-29101.083231979297,2.0
-26817.4638521314,2.0
-44128.872558036404,2.0
-48236.6700279821,2.0
-33543.37535323152,2.0
-31426.87079177868,2.0
-28246.232662290568,2.0
-33991.190453920965,2.0
-35719.966201442294,2.0
-27898.125211693776,2.0
-25484.823591489472,2.0
-51656.28222594183,1.0
-28512.55681000305,2.0
-28051.54422397472,2.0
-53445.96072358638,2.0
-27451.440235164944,2.0
-38246.402338110245,2.0
-35900.23752897399,1.0
-27703.732672903683,1.0
-24972.698464746165,2.0
-32823.172236749655,2.0
-42299.11765548524,2.0
-29011.8688508246,2.0
-37386.97536376363,2.0
-55265.922614299605,2.0
-38630.29234049872,2.0
-32746.17496427907,2.0
-27922.88454311856,2.0
-40768.687908514665,2.0
-44233.6906578516,2.0
-46252.91248191746,2.0
-27705.43410194586,2.0
-39234.94957608869,2.0
-26150.525937887473,2.0
-27043.881997159206,2.0
-49685.98818696434,2.0
-35456.81984085798,2.0
-28330.935923399724,2.0
-44985.08157301433,2.0
-43789.252059968945,2.0
-37624.24519972197,3.0
-41317.666954832726,2.0
-44540.14778486025,2.0
-50243.44275974753,2.0
-47192.68920780042,2.0
-27992.48266071856,2.0
-29404.75715395385,1.0
-44915.208081657845,1.0
-31480.78913901827,1.0
-36056.71255516243,2.0
-31773.62354492162,2.0
-34793.86022544627,2.0
-46285.231236378,2.0
-32770.138858186976,2.0
-37093.94999242085,2.0
-41680.19824359377,2.0
-29728.788468230407,2.0
-27864.547542837205,2.0
-28992.517214703603,2.0
-36636.31463165687,2.0
-52764.440060366265,2.0
-45262.33434717439,2.0
-50950.89950033828,2.0
-34621.146777896334,2.0
-25795.371833210906,2.0
-42015.600996077934,2.0
-37497.04661904788,2.0
-36015.52242821646,2.0
-36319.47162103614,2.0
-46611.90238040768,2.0
-47154.8535663316,2.0
-35506.04931890677,1.0
-37800.369069062326,2.0
-40618.29084849417,1.0
-34879.557014806545,2.0
-26531.0253948541,2.0
-48564.216120186546,2.0
-49931.50382474639,2.0
-48801.588907554644,2.0
-42521.617086541024,2.0
-36130.093997570606,2.0
-50477.98667596298,1.0
-49331.185689666905,2.0
-37544.70217485551,2.0
-38667.83381013946,1.0
-34253.716027610106,2.0
-27301.332814886984,2.0
-48711.385381681604,2.0
-36384.99852283961,2.0
-46677.426165564124,2.0
-25588.469246801065,2.0
-33098.673403210385,2.0
-47119.13212076276,2.0
-40366.49221313726,2.0
-45700.45093495326,2.0
-36318.79178587362,3.0
-28555.356797075347,2.0
-54953.07402652038,2.0
-33312.41394473579,2.0
-28880.746701647775,2.0
-34297.85680827242,2.0
-26425.41235801159,1.0
-31766.335378130854,2.0
-32349.04874024794,2.0
-37429.67670153148,2.0
-35350.294176931944,2.0
-28369.370392309324,2.0
-44813.91296104318,2.0
-42264.05642098559,2.0
-33446.17354804492,2.0
-40506.80344145766,2.0
-37184.05752572435,2.0
-47403.5917308275,2.0
-27553.537036890197,2.0
-26349.198096238564,2.0
-42005.10081321157,2.0
-35146.43156618778,2.0
-52719.44592655304,2.0
-29501.699192871438,2.0
-25833.4230631148,2.0
-35192.576232665204,2.0
-45813.90586586676,2.0
-34980.78840253517,2.0
-39341.01008656215,2.0
-49415.78008308034,2.0
-40398.68503474488,2.0
-35990.20696192224,2.0
-30910.61989506457,2.0
-36847.227931594025,2.0
-49043.93659393508,3.0
-48764.63940073564,2.0
-42302.11669276611,2.0
-37352.91196272231,2.0
-39647.17970917036,2.0
-28624.931003411202,1.0
-31531.595935206686,2.0
-30875.77672164751,2.0
-53798.061972777185,2.0
-42644.428423283185,2.0
-32535.218083044074,2.0
-36412.35929844674,2.0
-43588.92905622846,2.0
-52413.50812127011,2.0
-46882.80547861634,2.0
-50567.49976912059,2.0
-31567.708198305685,2.0
-25895.37680901053,2.0
-46810.61228796014,1.0
-43937.235891243814,2.0
-26194.599006884106,2.0
-48733.74219386287,2.0
-45131.46636580721,2.0
-42447.2589129816,2.0
-46867.20903243221,2.0
-42168.59589408846,2.0
-47009.30345809336,2.0
-48323.44395796387,2.0
-27608.257163929295,2.0
-36972.04565537235,1.0
-41009.068028218,2.0
-35129.61232733197,2.0
-38004.275758624695,2.0
-34718.85604305804,2.0
-35488.11673256404,1.0
-48618.61627341145,2.0
-37356.97574938105,2.0
-27623.460300565046,2.0
-46611.96129873709,2.0
-34123.74614039173,1.0
-41642.203185227976,2.0
-41105.00452112641,2.0
-32279.02133158393,2.0
-40726.79052931577,2.0
-36191.91581490846,2.0
-49992.73441124181,2.0
-48377.908370932855,2.0
-44000.94390559188,2.0
-47840.88648554842,2.0
-28958.15480464288,2.0
-36664.21564325322,2.0
-43926.80906940233,2.0
-25272.288271729332,2.0
-35413.64388455141,2.0
-50326.20805240742,2.0
-36122.318712430155,2.0
-53936.260532930115,2.0
-42077.744986727,3.0
-37046.826771414,2.0
-42679.08810691166,2.0
-52485.95547550288,2.0
-37453.53597019578,2.0
-54037.5901412515,2.0
-26945.456063652124,2.0
-26771.085648824795,2.0
-42158.393295215414,2.0
-48972.262198938246,2.0
-31650.66862720435,2.0
-40071.15387009134,1.0
-27208.135789073407,1.0
-42059.147134467275,2.0
-53563.12259136906,2.0
-29751.83632507786,2.0
-26426.919784239304,2.0
-30526.699794320488,2.0
-24995.732871471213,2.0
-47822.60635506842,2.0
-38238.881938047525,2.0
-46007.646421347956,2.0
-34969.42361377076,2.0
-44726.1344781789,2.0
-54039.16897359073,2.0
-27557.303709240925,2.0
-43143.01483799559,2.0
-53362.01882179217,2.0
-33923.65935532919,1.0
-52574.009177932196,2.0
-27283.573757829246,2.0
-32431.941661818066,2.0
-42152.82069767818,2.0
-32275.703467209147,2.0
-44201.02346961368,2.0
-46220.33062844948,2.0
-41714.30454730001,2.0
-36520.2037834813,2.0
-36937.39241214949,2.0
-50798.10652491738,2.0
-38131.78249413059,2.0
-43833.92162618323,2.0
-42723.92013536491,2.0
-47339.84239896618,3.0
-53218.89508989455,2.0
-40517.326964802596,1.0
-36635.44483437165,2.0
-27502.547328975823,2.0
-38516.79689024151,2.0
-48653.81681569993,2.0
-41623.88445153907,2.0
-35161.34924544995,2.0
-28648.587838555773,2.0
-38793.727561833344,2.0
-45192.75650418574,2.0
-35766.40481693618,2.0
-44383.30031617425,2.0
-34021.99430849682,2.0
-54865.11108792149,1.0
-34261.65498394053,2.0
-46421.78080751556,2.0
-27594.587336430282,2.0
-45279.034311765296,2.0
-27717.394556968637,2.0
-47495.949216315785,2.0
-49854.79190743624,2.0
-35288.564795188235,2.0
-50134.86671038039,2.0
-32737.366714190543,2.0
-30911.792860919857,2.0
-27865.44873988935,2.0
-42268.7743330157,2.0
-38387.771257572196,2.0
-36007.54537411817,1.0
-35443.18080704707,2.0
-37308.793821803505,2.0
-33290.08611798316,1.0
-36517.358379526246,2.0
-28228.488641257252,2.0
-46876.14344132664,2.0
-46017.40153303326,2.0
-50682.89870487688,2.0
-35099.0803552679,2.0
-47506.85186044259,2.0
-35394.776245834495,1.0
-38662.21348318906,2.0
-41869.164078602254,2.0
-43438.04005596979,2.0
-43449.94086133322,2.0
-45336.930092669616,2.0
-28272.95808018611,2.0
-40932.75155703003,2.0
-28055.19509946537,2.0
-33284.528546985,2.0
-45190.64103612233,2.0
-27958.337295672867,2.0
-27620.10707865287,2.0
-44457.55767826287,2.0
-45620.390795313375,2.0
-34914.32723037197,2.0
-29390.25392796899,2.0
-50964.19383946338,2.0
-47043.063322900314,2.0
-44640.714991537156,2.0
-28169.378537730663,2.0
-39487.13312988142,2.0
-25174.073452779507,2.0
-38136.76702680422,2.0
-34406.57599947115,2.0
-42362.23297673643,2.0
-48845.33389279891,2.0
-32145.430551271118,2.0
-32182.42712157909,1.0
-37020.04718391052,2.0
-45601.24234395375,2.0
-35472.99828414344,2.0
-31896.827603150396,2.0
-48382.22556876235,2.0
-44502.7865412758,2.0
-46002.195685753744,2.0
-36120.51211098653,2.0
-32181.25284659922,2.0
-46355.89229905582,2.0
-44299.299981047116,2.0
-45295.792868662094,2.0
-38930.21822097595,2.0
-50037.744477530316,2.0
-48434.767368660585,2.0
-47173.91448678315,2.0
-27560.48912244505,2.0
-25301.03508988588,2.0
-49732.73674792936,2.0
-45899.64945362188,2.0
-38713.49675556276,2.0
-53807.90795146482,1.0
-32133.93708506741,2.0
-31200.286397202202,2.0
-45583.3336097867,2.0
-31538.63859328806,2.0
-32254.79714242483,2.0
-49932.39263657639,2.0
-46138.93514221689,2.0
-34939.174834919206,2.0
-54502.174664470025,2.0
-47679.875459283634,2.0
-46025.45821887242,2.0
-51766.35881135435,2.0
-52409.25097399793,2.0
-46818.212765650074,2.0
-34137.322742964825,2.0
-28515.25360635095,2.0
-29635.67289323161,2.0
-45820.11722303221,2.0
-33753.08495742006,2.0
-34835.06516590023,2.0
-32699.949843296115,2.0
-38305.0735094068,2.0
-29694.979429990344,2.0
-40964.81766566235,2.0
-25035.801881172345,1.0
-50436.0446052793,2.0
-27894.41797031656,2.0
-49263.03627412359,2.0
-35457.50087697082,1.0
-33982.56976640061,2.0
-47377.1936509916,2.0
-36342.03740526677,2.0
-51787.179020944044,2.0
-26157.301949196382,2.0
-42007.91692657866,2.0
-25635.49570894964,2.0
-30880.22650244042,2.0
-27434.921421018145,2.0
-42634.422271652904,2.0
-48901.39826327854,2.0
-44976.6027274635,2.0
-29364.424270333162,2.0
-41580.63144884256,2.0
-49090.95132727819,2.0
-24142.884359531672,2.0
-43472.30447563548,2.0
-40744.91077271631,2.0
-45180.04179067025,2.0
-31821.480250420038,2.0
-48041.97772753526,2.0
-37508.44704332236,2.0
-56166.99848458978,2.0
-45836.127179178635,2.0
-38865.2456448707,2.0
-47903.57372946119,2.0
-25317.812786377166,2.0
-48731.384200004904,2.0
-44629.40539409338,2.0
-32425.136350102526,2.0
-36817.52592671373,2.0
-25545.975198752756,2.0
-50556.77743678513,2.0
-47814.52535214861,2.0
-50950.346459716966,2.0
-27285.10183201942,2.0
-35817.54373000834,2.0
-34970.22852852828,1.0
-45502.088887921906,2.0
-29219.809356370984,2.0
-43499.887610379395,2.0
-42838.19257948784,2.0
-41175.608710841254,2.0
-37098.16612143936,2.0
-49367.38284030388,2.0
-31472.31262850844,2.0
-44086.80061491172,2.0
-48109.498108221225,3.0
-26984.085278354134,2.0
-52941.679736418235,2.0
-46867.264196562246,2.0
-44814.12448122689,2.0
-28488.284473204843,2.0
-39163.75389192658,2.0
-27245.479266055703,2.0
-44315.123220239504,2.0
-25818.420463908722,1.0
-35803.444293309796,2.0
-24321.192413474524,2.0
-39033.63367001098,2.0
-51098.554019710034,2.0
-47542.65050454183,2.0
-24773.49607473544,2.0
-51867.04530884848,2.0
-51201.85828069993,2.0
-31570.424417606126,2.0
-46753.773506033685,2.0
-41854.405341981146,2.0
-37324.645391480946,2.0
-43659.95251342321,2.0
-32093.538787126286,2.0
-29311.826088383328,2.0
-34416.929676478234,2.0
-46499.01502210642,1.0
-38541.19122462235,2.0
-36191.07635118719,2.0
-31293.3253592329,2.0
-49927.80122707426,2.0
-30718.20616993434,2.0
-36935.09515659452,2.0
-40675.40611686245,2.0
-52812.151142551505,1.0
-26228.44609812698,2.0
-42915.34345358774,2.0
-46777.806744568414,2.0
-37138.32827546559,2.0
-42275.41655458049,2.0
-28011.33839569162,2.0
-52675.69593085666,2.0
-49469.26684567417,2.0
-50294.70783207528,2.0
-46033.99223982705,2.0
-40947.78704683113,2.0
-51766.77755599444,2.0
-41310.63575030063,2.0
-32473.749311460288,2.0
-43685.01705649823,2.0
-50649.08842890976,2.0
-37845.16617011215,2.0
-56173.614820005525,2.0
-54701.71204251864,2.0
-47345.22152019782,2.0
-46303.86192920292,2.0
-50481.35898216488,2.0
-45001.03976234412,2.0
-46175.77472110894,2.0
-36078.05505291206,2.0
-37239.963146231334,2.0
-52527.12934123169,2.0
-52703.43332703821,2.0
-46946.46923536614,1.0
-36246.73885571526,2.0
-48681.93758291537,2.0
-42691.23275310214,2.0
-38813.44620223772,2.0
-48372.82708869492,2.0
-35992.8301423638,2.0
-26113.367036550673,2.0
-28668.983459116607,2.0
-44966.08153287694,2.0
-45543.522959618844,2.0
-44558.150330163175,2.0
-40887.556046706406,2.0
-44829.17757491103,2.0
-36346.127532601444,2.0
-46018.231580638334,2.0
-44755.31698800368,2.0
-24778.976477114775,2.0
-39894.54801798413,1.0
-48474.22622866496,2.0
-51000.5077040233,1.0
-38779.43032337973,2.0
-45875.58559739131,2.0
-37040.394807072815,2.0
-41214.52291812569,2.0
-50012.4968232212,2.0
-27340.128365317498,2.0
-50641.42766557333,2.0
-34662.46369402758,2.0
-49129.985069193164,2.0
-44386.19628505744,2.0
-33253.5131608106,2.0
-31055.506487034578,2.0
-31885.802854836686,2.0
-41721.70960725227,2.0
-43167.85722228723,2.0
-36513.5516284141,2.0
-24642.67015041368,2.0
-24543.77154216805,2.0
-47974.82801874288,2.0
-41696.642806299074,2.0
-41727.51765790715,2.0
-28809.277507003626,2.0
-46208.729605570355,2.0
-34258.221954441164,2.0
-27552.515433287,2.0
-33397.06102977908,2.0
-41585.59212325802,2.0
-45118.85263702838,2.0
-27004.870984886868,2.0
-48275.206171938364,1.0
-43429.94425358825,1.0
-38681.727039846744,2.0
-36786.90837168176,2.0
-49302.24289980387,2.0
-46360.355546872524,2.0
-37619.40767566802,2.0
-48320.95575333643,2.0
-37638.41952621739,2.0
-49141.01304577285,2.0
-38834.96859905081,2.0
-46831.20914817143,2.0
-37109.66033593919,2.0
-35052.55173470768,2.0
-47104.657645836734,2.0
-34206.738474769416,2.0
-38679.025541168245,2.0
-44619.1422318933,2.0
-30220.82794093304,2.0
-41427.14223905367,2.0
-25427.642696405397,2.0
-55872.44486640845,2.0
-49195.88221752651,3.0
-50785.185786327085,2.0
-33365.4152588691,2.0
-44387.902059727116,2.0
-27043.400404669595,2.0
-35352.85696343966,2.0
-33490.95429862199,2.0
-25991.94381116252,2.0
-48694.60765747351,2.0
-42255.98840029886,2.0
-55117.55044471675,2.0
-52869.66395843538,2.0
-31694.73122915839,2.0
-56427.64701337181,2.0
-25405.382661165655,2.0
-31140.901301046604,2.0
-51274.49588985405,2.0
-48654.893245236584,2.0
-36443.39339000828,2.0
-43035.36638057201,2.0
-31821.023188867344,2.0
-47993.38661383415,2.0
-25807.055846855306,2.0
-47368.94259323557,2.0
-45122.36187035969,2.0
-26660.36643922114,2.0
-43698.230374827326,2.0
-38501.531200495585,2.0
-49472.11709314174,2.0
-46236.53552626996,2.0
-36458.70467566144,2.0
-36398.76670402866,2.0
-32982.101195908625,2.0
-28041.395984314855,2.0
-52498.8678186463,1.0
-49848.55224237086,2.0
-27581.35569698107,2.0
-26217.005154471168,2.0
-31680.518965136653,2.0
-27340.70802156985,2.0
-48111.116332855585,2.0
-51516.658310465646,2.0
-43944.45145953348,2.0
-55546.14071279635,2.0
-34281.66492644165,2.0
-36220.68708340761,2.0
-24461.753080730807,1.0
-37847.39969183386,2.0
-50608.49688076504,2.0
-48276.163406362335,2.0
-29525.967304119255,1.0
-47160.1542240377,2.0
-27440.526316446183,2.0
-43433.54535855729,2.0
-44376.95119863475,2.0
-51424.35491777989,2.0
-43017.62840795767,2.0
-35927.82100343346,2.0
-38551.10327191703,2.0
-36406.01244890692,2.0
-35984.67378828425,2.0
-30410.991998876118,2.0
-32028.492089369323,2.0
-38763.77551660806,2.0
-46127.436604552175,2.0
-35421.34358860974,2.0
-31685.304606935006,2.0
-39504.269944019936,2.0
-45010.21450130634,2.0
-27234.829274048905,2.0
-49178.881699233585,2.0
-35742.49294231633,2.0
-29882.63546689347,2.0
-45869.27442382844,2.0
-36095.54222232556,2.0
-30087.87020275329,2.0
-44668.84779495696,2.0
-30806.2122209801,2.0
-35718.32141549892,2.0
-27970.42889331696,2.0
-29886.70659459482,2.0
-23123.206383031604,2.0
-48528.587848044466,2.0
-31119.806310271804,2.0
-23796.77192051806,2.0
-27704.544317042335,2.0
-36882.93276855115,2.0
-50755.99300400994,2.0
-52254.216014567246,2.0
-24923.35360221671,2.0
-27359.341303842746,2.0
-46181.284391255285,1.0
-32603.341051697542,2.0
-25041.470409982685,2.0
-45833.744780763525,2.0
-43136.14873978091,2.0
-34396.83124176772,2.0
-33681.87015749382,3.0
-31293.79442857491,2.0
-47481.40211875015,2.0
-48608.57716247006,2.0
-45537.421726368746,2.0
-48630.72413084007,2.0
-33993.522433927326,2.0
-40315.90240805724,2.0
-42823.4742265287,2.0
-48771.27832853409,2.0
-40967.43106849537,2.0
-48768.867692948996,2.0
-45418.911702701844,2.0
-30707.745691927776,2.0
-25965.39951765821,2.0
-29896.130330375858,2.0
-45245.97040426761,2.0
-44884.07143837074,2.0
-38741.33609898199,2.0
-40443.06992320063,2.0
-48206.14237102954,2.0
-52122.39914942226,2.0
-44369.287199578575,2.0
-44659.07913001661,2.0
-50095.542270340025,2.0
-36792.59048210579,2.0
-48896.91808233515,2.0
-54443.229332094066,2.0
-37511.166624088946,2.0
-47859.21820465546,2.0
-36939.69454260964,2.0
-49263.85003455375,2.0
-37046.09120950696,2.0
-43812.370944720824,2.0
-33844.61845817877,2.0
-44978.27665196784,2.0
-35840.652388583454,2.0
-47678.65262348261,2.0
-31536.096995793407,2.0
-28757.849392027954,2.0
-38290.33618629366,2.0
-43613.21041300336,1.0
-32310.495004679233,2.0
-33069.461191229646,2.0
-39011.779639225395,2.0
-46496.145779936895,2.0
-51772.922146494224,2.0
-32134.870995580233,2.0
-29644.410171525593,2.0
-38542.3866495836,2.0
-46173.27060758576,2.0
-33763.297979281495,2.0
-30803.059792030228,2.0
-32988.95825738388,2.0
-48590.91422017272,2.0
-45774.167763544734,2.0
-38561.154078834516,2.0
-32071.34698068761,2.0
-40338.797587855064,2.0
-24849.273504938035,2.0
-54190.091082968866,2.0
-51638.67159565266,2.0
-32324.682916720096,2.0
-31807.89586871979,2.0
-47064.31682979705,2.0
-39388.98668921295,2.0
-54683.14602375675,2.0
-40000.710114814065,2.0
-44876.40586979024,2.0
-40660.405569569,2.0
-36967.69012994504,1.0
-41844.7022806926,2.0
-43627.64625012604,2.0
-38712.28049457347,2.0
-51001.29811599081,2.0
-48139.48642120532,2.0
-46363.234320159856,2.0
-31259.4644001872,2.0
-34406.2125315971,2.0
-52243.47242436692,2.0
-47222.14277613792,2.0
-27396.28450549151,2.0
-46801.51036446901,2.0
-43133.99695971868,2.0
-29698.46509286349,2.0
-39603.36770439301,2.0
-38671.687751844904,2.0
-47302.82169741065,2.0
-39226.657878053,1.0
-41488.767212825405,2.0
-52679.151419381786,2.0
-45226.416838941324,1.0
-36716.99872558129,1.0
-35591.35230101934,2.0
-52376.34119769371,2.0
-50995.15361844827,1.0
-49896.65741733064,2.0
-25010.99530143392,2.0
-37616.065237120965,2.0
-28491.390648973425,2.0
-36894.32954583956,2.0
-39611.99818709332,2.0
-26184.78349744396,2.0
-35859.03114909875,2.0
-48276.41648683361,2.0
-48471.30026883413,2.0
-24235.68767253413,2.0
-36782.03325929647,2.0
-32062.538164497946,2.0
-46746.34804534244,2.0
-46597.76036361002,2.0
-44157.37722280726,2.0
-35806.49976949931,2.0
-39395.30391440697,2.0
-35704.096692351144,1.0
-38503.43681720367,2.0
-48117.67623074019,2.0
-36017.537950461076,2.0
-43971.10739424112,2.0
-32967.88837446066,2.0
-38776.34254081064,2.0
-48548.94728002689,2.0
-55317.61192095849,2.0
-34018.71038275371,2.0
-51474.02539871987,2.0
-48334.575678931986,2.0
-39267.110765756515,2.0
-45623.72554172861,1.0
-45589.33077697734,2.0
-35278.26691768057,2.0
-43116.24883281136,2.0
-40090.37066303067,2.0
-50365.342434753344,2.0
-34198.282271254044,2.0
-39128.275873622566,2.0
-39131.849753541115,2.0
-33870.95447150857,2.0
-52828.94480716353,2.0
-35893.48108316249,1.0
-27566.166622336095,2.0
-31912.014912090843,2.0
-53914.09553844965,2.0
-38861.04599321458,2.0
-39029.31955570722,2.0
-37894.43514274939,2.0
-37962.18948776215,2.0
-35831.15879965007,2.0
-40671.87147852442,2.0
-27520.15900911932,2.0
-48307.95037074668,2.0
-37564.69877194128,1.0
-28286.80025005924,2.0
-47155.571465465175,2.0
-48453.18041103134,2.0
-40833.032295832614,2.0
-27245.7761212808,2.0
-38522.84325912265,2.0
-48893.011392758206,2.0
-34422.6834980031,2.0
-40618.50107973563,2.0
-37574.40065877962,2.0
-42995.49160801641,2.0
-38123.764597602625,2.0
-28186.34333429703,2.0
-27531.086462228854,2.0
-43030.42470977771,2.0
-35486.011515696155,2.0
-47418.296021870505,3.0
-42531.97742900663,2.0
-44221.435685984805,2.0
-28903.133489543765,2.0
-34284.2284948981,2.0
-24915.680373187995,2.0
-38487.354680716526,2.0
-31902.60945467197,1.0
-48117.63589415349,2.0
-36783.048678066,2.0
-47024.3837867762,2.0
-43848.172578661455,1.0
-44178.89022217701,2.0
-34420.075424348826,2.0
-37327.49069912937,2.0
-36859.19845307765,2.0
-27128.06634194184,2.0
-31806.67035718879,1.0
-48401.72291983111,2.0
-29165.807025488273,2.0
-49758.45143866495,2.0
-26930.943816093815,2.0
-39991.055751377295,2.0
-44298.49411514803,2.0
-38112.86890729773,2.0
-42873.21267806455,2.0
-23925.16237336417,2.0
-32656.773821954954,2.0
-35927.53795276253,2.0
-46996.77260675398,2.0
-55587.426689012456,2.0
-29659.03900325927,2.0
-33009.99628235995,2.0
-40292.677282504155,2.0
-25888.883388424398,2.0
-35011.87064442511,2.0
-39367.97408082017,2.0
-38683.20535726342,2.0
-51974.57849082268,2.0
-34398.37685541832,2.0
-27258.523462037258,2.0
-33315.50141082222,2.0
-37214.12755440988,2.0
-29158.68561705904,1.0
-51034.26915349539,2.0
-35251.23653891081,2.0
-31177.732287491875,2.0
-26005.395435590366,2.0
-50414.93590526657,2.0
-49570.04277732876,2.0
-28523.370304910357,2.0
-44176.727053088995,2.0
-34520.53060340998,1.0
-26571.912271885987,2.0
-25352.190260830983,2.0
-37672.64670789986,2.0
-29644.01817781555,2.0
-44183.15498526844,2.0
-37326.666325077116,1.0
-37808.139017794034,2.0
-47376.36239374011,2.0
-47222.232760231906,2.0
-45268.61485416016,2.0
-44501.64579343285,2.0
-35365.18062932214,2.0
-49981.87839401024,2.0
-33825.228952565565,2.0
-30300.542403575924,2.0
-32971.2315900177,2.0
-53894.138788972385,2.0
-38934.916094327156,2.0
-41223.00949149116,2.0
-29631.13053027792,2.0
-44132.655539193365,1.0
-28356.26532799199,2.0
-46052.475017191566,2.0
-47175.59973078203,1.0
-43684.831124642245,2.0
-35088.45844252033,2.0
-26314.35614894297,2.0
-43167.391642098795,1.0
-52891.34511784295,2.0
-45656.07805431854,2.0
-35022.67293326109,2.0
-40182.122775418,2.0
-41046.766493481344,2.0
-51841.960720363815,2.0
-43829.577964224445,2.0
-48991.72209149801,1.0
-25553.686088950184,2.0
-47647.96891687278,1.0
-47039.88145019585,2.0
-23555.61104002758,1.0
-44179.61678704333,2.0
-42915.9872848402,2.0
-36874.48154964116,2.0
-29543.573496323006,2.0
-34026.75461015719,2.0
-25503.89768554131,2.0
-40786.23392724103,2.0
-47092.80104290693,2.0
-53351.28764943322,2.0
-51839.12641084261,2.0
-43172.474065835835,2.0
-44181.08357912833,2.0
-50107.54734530171,2.0
-47767.22167658663,1.0
-34624.5342782407,2.0
-40112.530341914804,2.0
-46712.518840722296,2.0
-27322.165541790462,2.0
-50955.69550117325,2.0
-27869.051575895974,1.0
-41220.340682920105,2.0
-40844.48530301201,2.0
-37734.90297313957,2.0
-29961.084646658815,2.0
-45274.54773557489,2.0
-38920.40323197102,2.0
-39545.6027173715,2.0
-44408.16137684635,2.0
-47606.96684226453,2.0
-38054.003871303314,2.0
-52908.88302926363,1.0
-38771.713127572926,2.0
-30082.3875783527,2.0
-46428.06073938231,2.0
-37769.75058114678,2.0
-32433.739601597485,2.0
-43185.52561802209,2.0
-43076.72996918504,2.0
-26277.89036984942,2.0
-29450.618776136802,2.0
-29139.23314002219,2.0
-27296.825887547195,1.0
-38600.49872258333,2.0
-45663.9153485687,2.0
-30871.342564375485,2.0
-43783.95673829607,2.0
-43782.816503346316,2.0
-48037.485022237764,2.0
-44194.16731161408,2.0
-37686.71140978591,2.0
-27884.08054182865,2.0
-28033.956096450238,2.0
-29917.348494255148,2.0
-34229.24695151513,2.0
-33750.19176033595,2.0
-27044.00023285254,2.0
-32812.75590998216,2.0
-34045.512616289576,2.0
-28154.059019264354,2.0
-44951.865152210004,1.0
-47047.01110915302,2.0
-39722.90909725377,2.0
-41898.7701448456,2.0
-51563.84180161683,2.0
-36115.564977477334,2.0
-49002.28449619467,2.0
-53419.31220836261,2.0
-39181.72811635838,2.0
-32358.073170548985,2.0
-48766.13225652932,2.0
-41812.66788925177,2.0
-42751.16988341024,2.0
-55426.39056219188,2.0
-35176.47978539545,2.0
-47880.67633702913,1.0
-47486.06313699629,1.0
-34717.737382151914,2.0
-46679.165514315275,1.0
-25392.288314552923,2.0
-38038.22707231449,2.0
-35223.84765209453,2.0
-37110.71431864369,2.0
-35757.92971145776,2.0
-28093.336135758444,2.0
-30058.221891629608,2.0
-36284.46100020909,2.0
-34348.11727486603,2.0
-27388.09249403224,2.0
-33779.242988214384,2.0
-32532.06305923344,1.0
-43712.93162757737,2.0
-46659.86811172411,2.0
-42435.49848675185,2.0
-44086.69859011002,1.0
-40911.06899356767,2.0
-39663.1096676804,2.0
-32899.753385036696,2.0
-47980.699632607655,2.0
-35183.840579742326,1.0
-52659.48525697309,2.0
-27368.07097277141,2.0
-37489.13501136825,2.0
-48716.15829173624,2.0
-33911.21205972865,2.0
-35732.529454719115,2.0
-40067.64526799266,2.0
-46179.56595744331,2.0
-50324.44859663135,2.0
-50588.91979583117,2.0
-50368.029652226585,2.0
-46368.6387454781,1.0
-52749.022341932534,2.0
-46783.114015151106,2.0
-34678.63511298455,2.0
-41288.041743511014,2.0
-48963.472744543484,2.0
-47935.74475943791,2.0
-50227.96029850782,2.0
-44394.37788273863,2.0
-29127.190866446675,2.0
-34512.745535214635,2.0
-27076.8952524466,2.0
-43278.543931822416,2.0
-24519.80288639709,2.0
-30055.80630809038,2.0
-45689.15108544053,2.0
-28404.980148842824,2.0
-32285.82747932295,2.0
-46415.04044954591,2.0
-45883.75632013832,2.0
-41572.122382891175,2.0
-48635.77438418418,2.0
-24846.441034734144,2.0
-51023.59817945703,1.0
-48438.344323693425,2.0
-34591.99676479387,2.0
-27292.969025154638,2.0
-55328.16569057851,2.0
-34103.33017287682,2.0
-37573.71734969093,1.0
-40829.70474547222,2.0
-25100.1492109232,2.0
-26095.345423122708,2.0
-35376.33631965407,2.0
-50412.93147545686,2.0
-48221.194187402376,2.0
-45201.47892143973,2.0
-49159.223764674505,2.0
-25785.180458451527,2.0
-36984.486708565055,2.0
-33582.412343532,2.0
-47156.52131015572,2.0
-39658.938278316564,2.0
-28809.83056226858,2.0
-36922.97813447177,1.0
-54497.34645039012,2.0
-42677.571833566166,1.0
-27852.90679462753,2.0
-33327.884871204806,2.0
-34184.92209957942,2.0
-46595.87027956758,2.0
-38966.93593561226,2.0
-45225.83529415988,2.0
-44686.66890965116,2.0
-41958.667277025015,2.0
-44546.443090206325,2.0
-47697.05629134105,2.0
-33028.55255334247,2.0
-43787.32090468089,2.0
-49457.77331626069,2.0
-37662.17002130359,2.0
-45293.10884478022,2.0
-40585.52517683174,2.0
-49187.37659932348,2.0
-44219.81244656434,2.0
-46871.52912926325,2.0
-49764.10310134698,2.0
-44688.21826123294,2.0
-39745.66161240366,2.0
-51907.5296239063,2.0
-26440.744885289012,2.0
-36503.770388484605,1.0
-36471.80749948681,2.0
-26394.71612456881,2.0
-51346.859261175996,2.0
-42152.42058874326,2.0
-39908.900335629,2.0
-46358.5595095434,2.0
-28268.283044488366,2.0
-38779.719802497384,2.0
-24498.910363899533,2.0
-48679.98640503225,2.0
-45694.96470562251,2.0
-48429.75534032064,2.0
-37333.36849658622,1.0
-43585.36647425077,2.0
-36421.98627303685,2.0
-46948.72673505297,2.0
-28876.691946933686,2.0
-41041.78318673236,2.0
-47829.05324435528,2.0
-52012.92712497538,1.0
-25192.255642931206,2.0
-46741.728563893375,2.0
-36975.63921119353,2.0
-40526.03624785597,2.0
-37481.634928725245,2.0
-38499.77394692293,2.0
-27156.63093739802,2.0
-42458.46663738358,2.0
-42874.46401818456,2.0
-39678.104706081984,2.0
-28151.946630584527,2.0
-37934.67984507467,2.0
-30958.505590860415,2.0
-38213.069993915655,2.0
-25384.310094478467,2.0
-29166.32177553942,2.0
-30398.823792317067,2.0
-44605.186790860076,1.0
-35057.44096463681,2.0
-34565.310745105766,2.0
-41849.91101041654,2.0
-52741.08130070861,2.0
-55305.827568512,2.0
-39156.387217863,2.0
-35912.91194497507,2.0
-33033.49087832921,1.0
-24887.227401220007,2.0
-28208.054611885305,2.0
-28126.710146328765,2.0
-49901.41573708592,2.0
-37596.930241784896,2.0
-34636.31865178841,2.0
-50866.88521786564,2.0
-28064.192104216047,2.0
-26413.042669642564,2.0
-32958.46429830528,2.0
-47610.46498915697,2.0
-54347.54523037809,2.0
-52535.87500620088,2.0
-31696.360438832435,2.0
-43549.90393052037,2.0
-29500.489084093708,2.0
-36744.51055901137,2.0
-27573.612225664045,2.0
-32289.77083825747,2.0
-36059.59501784089,2.0
-28387.07227849421,2.0
-35928.34725599658,2.0
-38501.824460708725,2.0
-32851.371333848336,3.0
-30091.06632813588,2.0
-39917.48677697012,2.0
-43334.227951522524,2.0
-52048.543822505104,2.0
-39624.33755994296,1.0
-38146.7738553499,2.0
-46688.84955023458,1.0
-56088.008188109336,2.0
-41125.46901674974,2.0
-36020.25114516472,2.0
-50909.72483598429,2.0
-27275.006781700897,2.0
-48099.828472916124,2.0
-29366.10763094117,2.0
-24899.23091712993,2.0
-51604.54067641494,2.0
-52612.37850084381,2.0
-30900.61190018191,2.0
-48068.03517313607,2.0
-49476.94762315857,2.0
-44372.53635492096,2.0
-45126.2420450654,1.0
-28627.663781448337,2.0
-54206.933763684545,2.0
-37449.142162436554,2.0
-45459.370227125706,2.0
-40950.54498561693,2.0
-27993.554533099083,2.0
-42119.064439208705,2.0
-46639.09158117577,2.0
-51506.6987846062,2.0
-30475.506326838924,2.0
-43205.67763318072,2.0
-46582.46873743731,2.0
-53214.418693039835,2.0
-35826.59124330985,3.0
-44685.461793281196,2.0
-38744.39862272797,2.0
-48873.92946317921,2.0
-34844.45610742178,2.0
-43349.576796508496,2.0
-36957.28639805077,2.0
-47501.854208158235,2.0
-42792.10074248463,2.0
-35357.806997463755,2.0
-32108.99661419533,2.0
-47073.71296778458,2.0
-26928.4667995297,2.0
-28415.961499219266,2.0
-54835.29157188379,2.0
-43556.04129313372,2.0
-30678.777351769757,2.0
-51945.66304668831,2.0
-50394.078534540575,2.0
-42209.20568295995,2.0
-35738.91530403803,2.0
-42899.60318647408,2.0
-43135.44696898369,2.0
-39786.57274090717,2.0
-35762.99710251742,2.0
-45757.20219031483,2.0
-37958.30639824717,2.0
-44329.64427141729,2.0
-36259.14730809214,1.0
-37519.98058688695,2.0
-48340.030705368816,2.0
-35324.228579408635,2.0
-25865.555317837563,2.0
-47528.93840374681,2.0
-28903.6079925395,2.0
-36266.05899684583,2.0
-44613.37097553404,2.0
-45564.8216829922,2.0
-51069.418814742734,2.0
-48160.07412378349,2.0
-33509.16370745096,2.0
-35785.0626451647,1.0
-44192.43032031136,2.0
-41954.076950460025,2.0
-36819.760088423165,2.0
-43906.578415968244,2.0
-54099.537159353,2.0
-36641.547842971064,1.0
-48792.447854158,2.0
-54662.000963605475,2.0
-28046.978612606465,2.0
-46833.15933271637,2.0
-29873.161343080334,2.0
