sal_8_lc2vs0_iate,earnx2
-5247.612371911615,0.0
-5936.0812680048975,0.0
-18919.441037239645,0.0
-14707.782499432617,0.0
-16469.150647081267,0.0
-12774.949402169914,0.0
-12053.518190141918,0.0
-14026.35331439889,540.5292221533524
-13983.383125352026,0.0
-13134.47856113199,0.0
-29884.652334278326,0.0
-17681.150924771904,0.0
-16609.6116737232,1228.7335340854088
-11969.497222718794,0.0
-5950.023047619555,0.0
-21467.992990178907,0.0
-11945.720340139294,0.0
-23984.303139984087,0.0
-14270.983694386445,965.8503379932461
-31714.984435430924,1502.7000496557
-16666.270956639855,743.4988660048341
-9190.945167600372,0.0
-16119.659878602992,1567.4865435882898
-17563.4395086259,0.0
-12709.421738549398,731.6847828549727
-17881.349442808176,0.0
-21270.396143409,0.0
-10635.591001845487,0.0
-6349.551233765743,0.0
-25672.877520447037,702.8414013080481
-6822.170593997488,0.0
-15317.612865724008,0.0
-7312.442213867472,1337.9946573057587
-16567.308543593586,0.0
-10771.937303749974,0.0
-23206.795175427615,1054.856986464721
-11427.513352134138,0.0
-16042.078033573867,0.0
-17658.06812471561,0.0
-11169.2081233098,0.0
-11499.894941943663,0.0
-13532.379106039432,1710.275913025411
-10474.096448959794,0.0
-7399.015417263921,1188.2006749697766
-21831.30318425617,941.0107736229702
-12068.484378545405,0.0
-16817.388918640918,955.4429418040424
-8416.273475017142,0.0
-9300.107912582045,0.0
-12865.209168249241,881.809880102695
-7081.880304338442,0.0
-15828.948926235356,0.0
-10728.199476209447,0.0
-13929.317983234097,1129.902604299713
-13986.614677233641,870.2730383209896
-8806.614629841297,0.0
-31091.268872966826,0.0
-12631.794461756974,1131.9066236985716
-10562.048830745494,0.0
-19426.966405927375,0.0
-13447.30051696412,1590.0336091143665
-12487.276177898975,0.0
-16920.067990057403,0.0
-12532.962823379243,0.0
-9913.747962433377,0.0
-13732.531740885564,1079.2784244259665
-13666.649579562232,0.0
-8937.991690188243,0.0
-11118.370337633278,0.0
-9831.196112755113,0.0
-10573.756448907983,0.0
-28880.51804557306,0.0
-10686.250735088259,699.3713044043346
-13103.616710817836,0.0
-17959.01024925051,0.0
-10071.496266680995,806.2559022403984
-13782.465572926778,0.0
-16474.894839209068,0.0
-15764.240231078948,0.0
-28745.982583084147,1725.9521238724642
-17947.466423922444,890.8636534716501
-21472.93628477188,853.423201710562
-6541.9600657612355,0.0
-11658.795107039547,0.0
-7148.046106287589,0.0
-10323.714508672372,0.0
-9269.578573458637,0.0
-29115.64469282887,0.0
-9615.11726571023,0.0
-8861.114745064175,0.0
-17716.60192563,518.4271933300842
-16340.103061847669,0.0
-14684.070456690177,663.1543926878377
-7644.129012913617,0.0
-17645.62628875656,0.0
-21284.617047466774,2196.159451190892
-13330.57537141005,0.0
-12540.192397054576,0.0
-9402.807187600747,311.2415988003016
-9795.936310623623,1942.8596076604335
-15211.710614927828,1181.1751560047758
-18920.787376180393,0.0
-14363.490183207621,0.0
-3632.2607362219505,0.0
-11975.5970092164,0.0
-20815.78051022569,1339.908367683414
-14272.336117167273,0.0
-10667.303216113625,0.0
-14295.430723840462,0.0
-30380.561068380193,1311.9220553104692
-7401.089893542664,444.8740323812552
-16763.298111027994,0.0
-16441.26604018639,299.6053507362125
-18094.53069026472,0.0
-16122.99698257296,2118.5710349919664
-8268.885028056278,609.0351908202622
-10978.461832212244,561.008285187817
-9573.332851260828,0.0
-9182.378284501126,504.2597188884076
-16127.620849373467,0.0
-9191.211403168274,0.0
-14354.187389724199,0.0
-31812.547204745133,0.0
-19965.426218763736,861.9848112305598
-13745.607386248457,0.0
-9055.757976269144,1698.4077882800043
-29427.236427341748,0.0
-8861.753916954247,0.0
-11431.900734056582,721.524386536471
-6804.923687760395,859.8088860190923
-10640.602832549692,332.4102956762794
-19197.80689807979,0.0
-13239.538872666702,0.0
-7698.705860482621,0.0
-8403.83715808361,0.0
-16925.87742997753,0.0
-15443.853765018846,0.0
-26489.770039860963,1154.3587908605257
-32439.393099778827,0.0
-9836.64184116644,0.0
-17787.756900753462,0.0
-17199.62035261083,0.0
-28787.39871147152,0.0
-13611.636933011723,881.927705688603
-8788.609005349892,0.0
-11707.752520868715,2689.1307379420623
-28420.892329321316,0.0
-9017.434527057592,0.0
-12893.25721850593,0.0
-7726.069504399047,986.3818207133024
-21685.039040158692,1996.1352707668302
-7890.740356703594,0.0
-7962.82577193678,0.0
-27077.96469273285,2294.667515159643
-7457.032934422472,0.0
-14298.479671744848,0.0
-10487.06035811848,0.0
-17149.425189867263,0.0
-13012.51422609331,380.2336114847665
-8866.169842147425,0.0
-21995.1583421644,1611.6593270153612
-11290.039315053968,0.0
-7097.70649446683,0.0
-18993.60723190813,0.0
-8388.517453040644,564.4668643344776
-22343.058481445547,0.0
-6146.817396132016,0.0
-21872.97693888678,0.0
-11145.459436193058,1686.7967543562195
-10301.771338755809,0.0
-16830.292048571337,1678.7776393547206
-12785.061973985476,1034.3537427297526
-19173.38069494109,3766.7191105159764
-19362.225473852606,0.0
-6088.104218178562,0.0
-9421.5776810159,0.0
-15276.869349586428,0.0
-14599.63079187974,0.0
-14156.7336299947,0.0
-14877.666594340306,688.8488494225033
-10112.261997573736,0.0
-13807.37814166318,890.8794574994383
-10901.512399812744,0.0
-10117.611447563942,0.0
-6599.896309034922,0.0
-16542.21625910188,0.0
-20199.750505257514,0.0
-10267.981567493429,2109.7299584745024
-19153.81749064121,0.0
-20288.308055710193,0.0
-18895.149096620367,0.0
-15272.051621049512,1871.7443480847087
-21392.667758497722,0.0
-17938.086812944384,0.0
-8430.203278028921,1667.9300071817222
-23031.391593886434,0.0
-12745.25270896825,450.9625765324758
-10165.81945000116,0.0
-15900.62731147343,0.0
-8645.217809161126,270.17596490335
-12984.767214183808,0.0
-22678.644256130698,0.0
-12553.461600753013,0.0
-7870.456317975892,299.1459826495919
-12354.101538333134,0.0
-15447.242214867218,1039.333107255059
-13091.270947482402,0.0
-20604.331757102816,0.0
-14024.604376438147,0.0
-13260.948915050807,0.0
-21352.241260470848,0.0
-14395.630409975369,0.0
-30349.750470750543,0.0
-12881.343918520992,630.827006917535
-16578.23814126708,0.0
-19154.37144692294,1072.93208637974
-18229.152669806608,1853.6994765604766
-15018.185347042201,0.0
-17301.961461203457,919.9576490673018
-23990.89839345229,0.0
-11056.504685815653,0.0
-16597.818338926856,0.0
-11770.202353452183,0.0
-13838.215397875067,1197.1684393941343
-6466.3390788404195,0.0
-18629.132361764947,0.0
-8669.234615590056,564.5306313240284
-23406.980721640517,0.0
-8639.964150338925,1605.0280404738737
-6714.189602891527,1065.4622500552975
-9544.32849150705,930.313636965405
-11776.856009782197,989.448420671538
-21263.35448351017,0.0
-14058.710119717842,2395.796622152421
-7546.583991201437,0.0
-16113.173700043419,2633.6063210511697
-15881.890649145666,699.0685334540223
-12718.397934185294,0.0
-20185.887087490628,1705.2582123461875
-17150.097886081716,0.0
-24757.70677391385,0.0
-29798.1994017042,1132.9039613223463
-20384.863617014908,2640.2721960852095
-12441.459563333276,0.0
-14798.931008320038,0.0
-9610.360086927289,0.0
-23187.07038385429,0.0
-22331.20727376756,0.0
-9488.747891050549,0.0
-30179.346763318874,0.0
-7244.082698264067,538.6953569978818
-9150.788263097837,0.0
-11799.152527468794,1451.6083540411623
-16268.658613314296,0.0
-22380.22357793032,633.9318655038511
-21604.923596258803,0.0
-29719.833696293495,0.0
-12973.449497856614,0.0
-33493.5908172367,3003.620893822808
-18522.337818062115,656.5404183941457
-30993.655052159425,1266.0853273362427
-29504.763230067536,1801.4722207871707
-19224.5650513492,744.1086245818839
-13642.899254681619,0.0
-26183.787181146203,735.9705037806676
-19651.465173731063,0.0
-15427.758841724504,978.1741140227848
-8556.77618715023,394.52324898737396
-9642.861344118568,256.5804258287065
-22487.687341964578,1301.0831671302458
-28573.236115605432,850.2231842540162
-11660.99601540523,0.0
-12145.541565862684,0.0
-13884.707737433182,0.0
-12437.81122027695,0.0
-11305.24462343619,0.0
-13739.371368635357,0.0
-12168.473340302271,721.8755474551101
-18305.86780753271,0.0
-10593.779767226268,1494.5540729688337
-4984.453379939641,0.0
-12283.937185388724,0.0
-6498.370823426062,715.8136729796
-12548.01225997064,0.0
-14458.02196603083,0.0
-18385.729123202476,0.0
-18850.55671256115,0.0
-17021.686091824035,422.36150597713214
-12616.094511257332,0.0
-15924.481621031184,0.0
-16433.288737653114,0.0
-9097.876990337667,0.0
-20795.352066945772,3673.8582424822325
-12620.290854362527,0.0
-17872.52213363917,1421.3071937559473
-12154.989865222502,0.0
-13712.255838571351,352.1912812924824
-18810.534803153787,2042.6359787888468
-5272.95161904233,0.0
-9519.63746989509,0.0
-9583.414800101747,0.0
-7717.647203887949,1781.8137551224943
-22897.31630622967,539.9527828866876
-19369.417154695504,3267.9827425633694
-7349.774392798128,0.0
-13239.190753199604,0.0
-15867.883551343974,0.0
-19083.902216252725,0.0
-10353.148275399417,0.0
-18164.249432603992,0.0
-10635.3804828862,0.0
-6399.682032392456,0.0
-27883.20703057134,0.0
-12507.280434925475,0.0
-13488.913733835367,377.5995993715868
-25689.754537490568,951.9915527412505
-11869.396120393816,1991.1898452486744
-10744.439545036937,0.0
-12634.276375277794,0.0
-9702.89079740483,806.5204729314742
-13451.20464631997,0.0
-8416.880279964531,0.0
-20398.911668669738,844.42618195624
-8994.587364237315,0.0
-12031.890998611576,0.0
-16808.507633123198,0.0
-13716.854861026093,652.1753604395842
-9591.507493978783,378.3503918406682
-11801.540846688551,1405.2006951488643
-13647.229290925454,1012.2540576198717
-6007.517920702631,458.0356918913136
-7751.6843736968685,0.0
-16871.55959643263,0.0
-22162.547037649692,0.0
-13152.311620495788,553.2138190789691
-8408.862638611636,1695.1411440483835
-15524.18048495705,0.0
-8511.104442313477,0.0
-10697.086766692446,263.3899983262577
-13466.56344927986,0.0
-18936.485052579355,1424.0844393946008
-9321.861347273763,0.0
-27365.97255256632,0.0
-17641.43947423995,0.0
-13173.546640483844,0.0
-12984.968204797555,1058.628529942495
-14041.26375625298,824.9937129262921
-15183.294609146273,0.0
-16984.653303172345,0.0
-9811.930152948273,597.7315074716307
-20684.222071687396,0.0
-7652.882477888262,0.0
-8701.232653067818,0.0
-14185.50455472794,776.2667749255043
-18083.82530552208,0.0
-12204.86038945357,0.0
-13803.56476574844,0.0
-16402.001458629453,0.0
-11346.91010567399,0.0
-11945.724928544354,0.0
-10540.033448341766,775.1763170679648
-25636.652269811282,0.0
-19950.168112803134,612.153964683479
-18811.42715373368,0.0
-11164.544089115665,0.0
-10637.244912902863,813.8614971512975
-18342.186512007887,492.9809723928516
-16575.276149631216,0.0
-23147.658564461737,1401.6752077760002
-10156.016268337196,0.0
-13475.40484325162,0.0
-10308.68883531772,0.0
-16725.930418934422,1914.8452316411199
-23164.046298493202,1434.0031356755173
-9454.470672577365,0.0
-13562.718468205998,0.0
-20300.79607272757,0.0
-22764.74241142536,0.0
-15910.044534220458,0.0
-9395.86932504989,0.0
-8980.372178766547,0.0
-11136.248118964113,0.0
-13895.528447763714,0.0
-7738.899843455487,0.0
-19279.90296315491,737.1027614265195
-22081.677733577213,1880.9824180617138
-13779.080537418202,0.0
-11452.126497073947,0.0
-18182.125134533857,0.0
-7083.425940641092,0.0
-32072.896556414147,0.0
-20627.96238232441,821.3766886324837
-28652.454556280187,0.0
-20669.12762683721,2138.7356960417346
-15545.924647317785,488.885370195165
-7428.789693200177,321.3416376344925
-13647.198382870587,3018.5362906115365
-14988.02905183602,0.0
-20827.076922285887,0.0
-8452.022545071084,0.0
-15390.466773490727,0.0
-9683.357601500178,0.0
-7403.621813382657,0.0
-20061.019859037104,0.0
-13077.348753175864,0.0
-10590.129029123613,663.889248800303
-11632.725467079465,0.0
-6734.673201628215,394.2225725337736
-7302.321070250546,0.0
-7810.035747625734,0.0
-17162.136589336984,726.3269560507644
-25476.260795333626,658.8549270750572
-21988.555106821397,868.3062994677798
-11166.241664283869,1284.823877730027
-7910.66233467659,0.0
-9733.57625611538,0.0
-12868.934052667268,1603.567105328944
-13873.022595682769,0.0
-6661.206450631079,0.0
-16167.371695401065,0.0
-11447.42107966998,0.0
-18084.964677247153,0.0
-9988.847640652779,2094.0035755902236
-9368.632021776728,0.0
-5827.093824179359,0.0
-5003.025159402487,0.0
-23107.553936855205,0.0
-14447.51718552368,0.0
-10258.56040834144,0.0
-10970.422942971509,0.0
-6895.014798111342,0.0
-11549.514987842931,1092.659670616979
-10837.336226969315,0.0
-14362.079743160984,0.0
-10621.638642342863,0.0
-10210.753637743237,0.0
-19323.950747615912,0.0
-24168.06622963914,0.0
-21042.555073224652,0.0
-10036.547393993655,0.0
-16970.604281015396,0.0
-17486.138149170973,0.0
-14315.443150153022,0.0
-8198.00042590358,0.0
-13324.346641401728,1385.0909227372895
-7966.101987445734,0.0
-17297.76687930281,1376.4134058675409
-13531.94898017918,0.0
-28649.78442590694,0.0
-12066.032551957742,589.512942490898
-14170.779485548037,1268.5164937753902
-10487.066036869322,0.0
-12335.60538973851,0.0
-13203.434202823348,0.0
-10461.007210851214,266.8035236545937
-12742.310860615858,0.0
-13399.69378129887,0.0
-8139.477200356625,0.0
-31476.582581600393,0.0
-12766.611160660623,0.0
-15799.25269965826,0.0
-10934.927211852217,683.2387889682651
-8236.134012139592,0.0
-17851.82016277812,0.0
-14873.422008198408,0.0
-10794.465121761563,0.0
-11246.839505107166,480.8493165361532
-16720.387414461427,0.0
-10421.107934118128,0.0
-25534.64004766343,0.0
-6993.891218799272,0.0
-16800.25862474268,0.0
-6632.820569291824,0.0
-16272.792283466824,0.0
-17304.454967192396,0.0
-16921.588791457772,1590.8089503515948
-21673.44329168299,0.0
-19516.430996098064,0.0
-20254.772464271213,0.0
-21850.400854302294,3831.01461899733
-9238.175248095107,0.0
-11547.177962189382,0.0
-6478.908484559625,0.0
-7871.342011448809,1735.2072708009177
-15892.28268254124,0.0
-18816.859592285495,0.0
-16609.147448453426,796.5083948269998
-18628.881962587744,0.0
-23847.41091020326,0.0
-17145.16737044982,0.0
-13010.930824839945,0.0
-10001.400862660956,1210.1907961290758
-12613.20575143577,589.0088094954743
-13737.616855619974,516.1502408882993
-10587.912192477219,571.639501688788
-9898.427248533699,402.1617188737177
-14133.385338859627,0.0
-10860.808237860438,1792.0955831507426
-10375.699529821952,0.0
-21348.502021140033,2783.9660542110646
-11837.557178528288,0.0
-11410.577191194749,1359.5701280426956
-14824.56739266722,0.0
-19146.893065526354,0.0
-7961.875376327626,362.0211059202678
-7632.144246618767,1409.6029484311784
-12512.396067477675,836.4374215507286
-9110.955209994812,0.0
-16567.76684940131,0.0
-26917.81624794334,1062.2755200927127
-14101.777579546319,0.0
-8015.171273046724,1508.8997173393739
-5401.52645872969,0.0
-12119.375251909492,662.7623583060706
-12974.831048698523,0.0
-17065.809609083386,1978.9370961159823
-16255.475574917684,0.0
-8901.140692455974,0.0
-23844.049428242135,0.0
-21733.232083331874,0.0
-30087.049806532665,868.2193634656414
-18256.68919866642,0.0
-9759.012830653275,0.0
-7876.286516468197,0.0
-17336.275257161702,835.7909103312975
-21782.2044041431,0.0
-21251.820406075913,745.8915662685522
-11629.066547281996,0.0
-14906.256855894015,0.0
-30355.167965388337,2187.923068464504
-10503.940927763497,0.0
-24270.998487131812,2609.571015871101
-6501.974194244072,0.0
-21621.468221891413,0.0
-18710.642443738663,723.0500132799784
-8254.495215367111,816.0822331234493
-7752.90217003962,0.0
-23930.855679421376,744.8686264190144
-13317.209825555568,988.1642640651852
-18020.998223423085,1361.0487055683352
-7021.057589817012,0.0
-10272.354025536348,0.0
-9280.697702003032,0.0
-21009.626040680363,0.0
-8699.493066481287,0.0
-19872.14675088752,0.0
-8975.928013789695,0.0
-15975.587855547277,0.0
-11004.495681885459,0.0
-11474.063491452423,316.6660317030843
-20776.588396227417,0.0
-17261.09486903074,877.0187594318281
-23130.28582086982,0.0
-12888.759963087436,0.0
-15381.539811068023,0.0
-9266.64593420044,0.0
-31307.860618373023,0.0
-18453.39563393996,0.0
-23822.489719919413,0.0
-12484.802677087631,0.0
-13510.163317187136,949.4557121151184
-21632.11139733076,1308.9963732474994
-31527.230620609924,1472.6943675752875
-20660.142442834796,0.0
-7725.196185735148,354.1294925801518
-13278.787352333024,678.6796906359712
-13061.71196161379,889.1672602235473
-11890.32754228611,1828.7448767802875
-12332.491871859494,598.951288360673
-8361.630935631736,0.0
-7905.59372774959,0.0
-15441.94715108194,1354.3722204340802
-18912.83726955548,0.0
-25755.812061566518,840.0229664138395
-15840.729092333513,873.763018141362
-18192.860394443585,1881.6824598791677
-16798.139773879422,0.0
-11848.599455064417,445.5813244868363
-14783.879731470332,0.0
-24725.84906001819,1013.7841999121922
-19766.12797605546,0.0
-26425.0667999515,2549.900693408002
-29692.202559649682,2105.2121332650713
-9534.77404107325,0.0
-8825.079240077615,0.0
-24380.560679599435,0.0
-7731.436308035265,449.02833060116956
-11460.257022906166,0.0
-12802.122515688643,723.7484269676022
-10726.74829120722,0.0
-7254.219427193238,1879.797350464551
-16263.244379077085,0.0
-24944.067302296084,729.6425039509949
-12371.383624258608,0.0
-7224.435812840753,2767.3333670260463
-9471.533875014698,0.0
-9963.312015067047,0.0
-17035.351637428994,0.0
-8664.31226344697,826.0725856922787
-11022.362187627456,996.9168294799003
-30456.6193335304,2887.102853596417
-9736.657313616886,1469.9751751820945
-21470.81636215203,0.0
-19575.525066203103,0.0
-14826.194772244708,0.0
-10973.461272108165,0.0
-20583.354450427607,1461.168444556858
-11033.604373082584,344.95622118455066
-6599.415654737496,847.274340657734
-12681.19281372131,0.0
-15732.049574320401,0.0
-29404.86984049213,0.0
-9559.378398212195,1097.9494773421163
-31143.084558074683,0.0
-22902.157180051647,0.0
-22604.03183802537,854.9920768696253
-16915.939722805222,0.0
-11191.417155748293,0.0
-8978.235331695803,0.0
-16429.213055024386,0.0
-26213.760502385874,1189.9487052498866
-11709.526116370433,0.0
-12439.792692651223,0.0
-10835.738331952725,574.1019214951542
-11902.54624297846,2654.653419388008
-22532.901552998635,1311.1484479445076
-30817.799318397294,1322.9400992596336
-6792.618443239095,0.0
-14875.224775626331,535.4662616611943
-12483.393493691472,0.0
-23997.01717166491,0.0
-12424.89724112162,0.0
-9340.011839772258,289.9422819365928
-15861.361227059018,0.0
-9658.358600707525,968.7457428658271
-14134.958439160278,0.0
-30703.555589342697,0.0
-13431.671103154313,0.0
-19521.16491658631,0.0
-16823.03814144153,0.0
-23286.383496444178,0.0
-10538.271379310403,0.0
-14653.85504050823,0.0
-13362.876585978196,426.8840136216606
-23251.304845984938,0.0
-10971.743992696865,1011.8234694562648
-19367.88400028684,0.0
-15893.459177365048,1976.1555547581033
-17118.325617619637,0.0
-15344.803253567436,0.0
-13226.2490325978,0.0
-18997.88949235425,1220.5616761560632
-13043.193543503468,2015.9273901886359
-16364.16227316183,0.0
-19247.028880547776,0.0
-21659.89503017761,720.777172551025
-21177.719827096516,685.8045186281422
-28482.286219405723,0.0
-8921.50296959351,0.0
-19183.229220615583,0.0
-8901.127791776995,0.0
-7057.859439531898,0.0
-8827.584242596426,0.0
-13360.83142539789,0.0
-9180.086238104937,0.0
-11880.418436009573,0.0
-15568.719971776643,0.0
-14748.76214262,0.0
-11119.927678092268,1462.3938398415053
-11053.270834648029,0.0
-15535.897315227,1457.1448960598395
-7387.908698139749,0.0
-9514.89312938445,730.8570143179923
-9826.765460434488,0.0
-9047.333499720327,0.0
-9863.938659217218,0.0
-11436.291985773443,0.0
-8137.141228542315,1086.8687223221143
-11295.929635403416,0.0
-10109.712427017112,0.0
-18450.80726112786,0.0
-22530.649359425213,0.0
-10575.926361693946,556.6582561434636
-10552.530849663392,857.8575984297534
-9536.93585198977,0.0
-13265.939089919084,0.0
-13688.40853811469,0.0
-7773.429055193968,293.4766482508065
-14664.703115947215,2372.1888745685424
-27456.91569711955,3632.8176682702397
-8960.844096328343,0.0
-20625.562074614656,835.47802498387
-13787.824707251952,0.0
-10603.175871285559,0.0
-7663.881558948601,0.0
-20400.508134209045,0.0
-13410.695583926805,0.0
-23242.301448306895,0.0
-12319.589133765512,0.0
-30918.109543919938,0.0
-6740.499731419379,913.777604823224
-19195.593488437313,2645.516435321124
-11724.646987371749,1604.604071268217
-11993.181967649156,0.0
-15910.05045616972,0.0
-15239.70675400976,0.0
-12902.17928055241,0.0
-11511.038440211663,0.0
-17935.253933777673,0.0
-18463.039891853685,0.0
-20902.70878843325,0.0
-9439.268300963424,0.0
-6047.028932253897,0.0
-23260.25583867755,1525.950399703308
-16964.58166636127,0.0
-22539.35707362506,625.9647654743661
-10655.072617839884,499.529171862227
-19658.84102293432,0.0
-11706.98663121128,0.0
-18407.947662282597,1468.0572993578494
-13012.93590893702,0.0
-10639.964493373249,0.0
-9556.073941393528,0.0
-19119.21290285361,0.0
-11392.398641667685,401.33804156097375
-12404.451636655576,0.0
-7841.77215641666,0.0
-20463.944482413248,1216.550397242804
-6362.781792380607,0.0
-10149.025419361125,0.0
-25580.487128730572,0.0
-13472.522413541481,785.7229557537999
-9808.665173082718,0.0
-14985.835816943003,3029.2255238760454
-9293.482072643941,594.9944246077117
-14922.704614656612,0.0
-32045.481716638336,0.0
-12624.944800153553,0.0
-23027.271469421474,0.0
-8215.285395731742,0.0
-15720.35079191367,3815.0066204489212
-14296.392289287345,0.0
-6144.581672491211,0.0
-10821.364210426747,0.0
-19235.13028193845,0.0
-9363.564457290693,0.0
-14199.660015309832,856.5295963992303
-28710.194915323573,0.0
-10851.263996428432,0.0
-12741.903634458713,0.0
-10789.454102107893,1039.1775956232752
-9855.778786782814,0.0
-7682.52790719846,622.8212714826191
-15163.826411046366,0.0
-15050.080914534228,0.0
-12309.309112297697,0.0
-22718.163200702293,1644.4747913204765
-17129.303141419863,1357.9974017284558
-24586.125454130182,0.0
-22287.522093292304,3798.7337540179583
-13436.159420627242,1599.5906693458246
-14130.131201398326,0.0
-17506.937151461447,0.0
-8514.951531773411,0.0
-18361.351036070915,475.4387398732242
-12802.10225389952,0.0
-12548.468678049303,2181.5801987717937
-20774.167846147557,809.923929462648
-21366.428058217025,992.0498462940237
-13995.882315643154,0.0
-18466.947795712877,563.7878558284217
-13644.251745851157,857.587266241508
-12823.155032945044,0.0
-13725.355911972296,403.9177859331995
-11316.581636402809,456.9901299670146
-22973.62827262229,0.0
-12490.790542999865,408.73411784718485
-8838.541973407384,412.4598509357972
-7242.206331827368,275.3878178720976
-18362.364910341224,0.0
-26975.38662264504,0.0
-22992.289335263238,0.0
-14750.670040104047,0.0
-21595.645915791363,0.0
-9503.486294416263,0.0
-6447.075357458746,431.41920007868464
-15734.682424727258,710.389634546671
-14294.184220951114,0.0
-17342.908942731767,3142.2542137189193
-15432.428524139636,750.3857507140408
-24896.039549151916,0.0
-14086.946251348603,0.0
-13937.658878870052,614.1151226436463
-21651.003710231496,0.0
-12831.803892502672,0.0
-24916.64445034147,0.0
-10988.119854220033,0.0
-14740.823281274448,0.0
-11282.166233928761,0.0
-8829.21697935247,1143.5434919391362
-14700.685916814287,0.0
-18062.290802300166,0.0
-11605.560777685812,0.0
-12537.86763678593,0.0
-18976.880409313417,0.0
-17911.88097098282,0.0
-14555.764470964186,0.0
-30861.431253359402,1871.6360834181319
-9967.614865172705,0.0
-22649.32207580265,633.464119688404
-12777.61769767942,0.0
-12089.91917202884,2881.3143619102316
-16086.17257759767,649.0934052395953
-12036.93445391451,0.0
-8570.237958672893,784.9763117137622
-12970.83867824828,633.3319643845437
-18830.900788747746,678.9626922600446
-28739.31750841793,0.0
-20908.861177368144,0.0
-7731.318029455195,1038.343432116746
-9762.184787175129,0.0
-7617.478444100372,0.0
-11684.077637451688,0.0
-5218.243661964855,501.3523318931356
-18680.027017675908,731.4768952231292
-27321.1565956818,1198.2621367082852
-8348.690194203307,0.0
-7692.533397839466,501.7200321496126
-20291.48834324628,0.0
-22434.18761842436,1367.9081123737765
-9353.316919144767,0.0
-7831.839942361966,406.2125906568983
-13512.688043012879,0.0
-16176.615820073324,0.0
-7670.023644953717,244.6682580158579
-23606.303027179885,0.0
-13379.648731078236,0.0
-9671.431773869392,0.0
-8992.717943963016,0.0
-21449.824797472014,0.0
-13716.201832227061,0.0
-11771.248044573214,0.0
-8620.71061032248,0.0
-15323.568341873617,2195.521965827358
-6992.530111402157,889.9345665810528
-21834.914426220115,1295.1237776494297
-11376.575681212624,0.0
-29822.499073066658,2119.7523103473795
-15442.855730921114,0.0
-7659.300940827706,0.0
-24849.807563166356,0.0
-12184.363788720166,0.0
-11892.21991212558,0.0
-17148.717812510953,0.0
-11492.41267372528,0.0
-10929.082432057408,0.0
-10347.862411657696,0.0
-27569.861940077262,0.0
-11270.325877669156,2037.3572474212156
-11104.92683704602,0.0
-8136.376869903758,0.0
-16972.316837172268,0.0
-17913.213621510404,0.0
-24626.34140457664,1111.3571978433306
-8199.919254994405,1445.7931993558911
-21498.187481777986,0.0
-16521.720303271664,0.0
-18669.783011428222,0.0
-22443.664741111217,0.0
-7950.755868989582,418.127666643164
-17719.169761489546,2975.3764744465607
-11962.93161254923,0.0
-9291.956946440634,0.0
-13466.115153980427,849.0916038184464
-18158.626959190577,0.0
-16328.515767458171,1259.723191522996
-30131.979729125065,0.0
-23658.52842511888,0.0
-11729.56128528251,0.0
-21815.320091662605,2212.2546788140853
-16410.81366043374,0.0
-24610.509076017865,2223.838059637168
-28949.6047860627,0.0
-9644.422243889212,1119.3491480668908
-19665.419685633693,0.0
-18656.293124640473,0.0
-11039.266914132408,0.0
-18529.26829839514,650.406833108822
-6566.741510245512,949.6060684293765
-16791.195370123656,0.0
-14348.381306009227,1440.8772839937783
-21161.723122727006,905.3785630911834
-25833.18785674371,0.0
-16377.328964084962,0.0
-21337.709551562664,0.0
-17376.177990094824,538.9778896706507
-24035.118722347444,1912.5210345193782
-12158.687681012456,0.0
-20057.9150966921,1319.6617206261062
-21011.439884359806,0.0
-19997.691107275885,3568.6085789174376
-20057.897620968768,0.0
-11478.166527737005,0.0
-11372.517984019187,0.0
-21322.749443258937,901.23860640917
-11039.681965616055,0.0
-20267.987929298695,0.0
-21216.01440141595,0.0
-10183.024469677583,0.0
-25454.88806454342,0.0
-15076.001905050478,814.817047900685
-9351.929389624242,0.0
-15232.533427748922,0.0
-6718.049066654356,361.0792720729743
-12079.035842228492,875.8842675559397
-19073.591005142836,1329.5726415239383
-5837.42087974016,198.16597447841556
-7812.413610850514,1704.0553647350853
-20432.624102026515,572.0773999444225
-25031.70791821177,0.0
-27503.09665757842,0.0
-12454.223894889388,1403.1487816103179
-24194.36224062479,1568.6571523773232
-20465.77877383635,646.666446369967
-8540.880469845715,0.0
-13529.8575295132,0.0
-18551.76336537973,1604.8101543097987
-16561.064201004323,682.8273927778921
-15797.8109472135,0.0
-7061.378332322012,0.0
-8444.192161542418,1679.8937472268435
-22354.819182371455,741.0615504409672
-23314.823736539936,0.0
-19961.490071847467,2011.8114110478937
-9036.355889384764,0.0
-20105.317927544715,600.665400729849
-30142.25936121442,3473.1354905443695
-16249.435776698258,0.0
-18614.692101307985,0.0
-21911.748520743327,0.0
-7069.396846874375,0.0
-10485.188115263067,0.0
-15680.09576829275,0.0
-18630.553355740554,1003.6073239650304
-17432.17535893195,1769.5913827405536
-12173.036810505198,0.0
-19613.74381216648,0.0
-8917.572739872041,0.0
-9982.04365205593,0.0
-18244.446663476167,1177.5799570744553
-13125.722098046188,0.0
-7853.792153627973,0.0
-8176.752174990058,1131.6373129868198
-9204.666673602535,228.466049397733
-11156.897674444266,0.0
-11692.365565653936,1939.7021226697896
-19897.496220592235,930.4720237992525
-10528.978829132182,0.0
-14558.249669803527,0.0
-6618.11474575365,1390.647142237964
-7928.360623443785,731.822863103016
-29379.30887618359,1189.1787243126728
-9042.487447726431,0.0
-18976.405877130637,487.1570977728857
-13349.83442269191,0.0
-6550.892379328759,0.0
-7631.215681909116,721.6531301975331
-9616.924816880975,1090.1254546180976
-11523.962949023438,0.0
-17788.53988781189,0.0
-10657.732187222642,0.0
-23378.856548478507,1325.881614364353
-11166.491936170412,955.531531111224
-24713.816999222832,0.0
-11801.932054868623,526.0853397914842
-8935.8726799029,379.3714966922238
-6655.960689503578,0.0
-16426.907183273368,0.0
-14864.419278952706,0.0
-16417.955434719053,0.0
-14166.0613822591,3127.4167071464735
-16967.116482182835,0.0
-8406.855443428878,0.0
-12857.629116688444,1781.7475075431007
-12897.51778400255,0.0
-9250.890636010367,489.9371966870311
-9696.721982080056,0.0
-13258.083074957336,0.0
-7019.8028029862535,0.0
-14670.4276101835,0.0
-18761.218791912615,1143.6996366259139
-16119.242823718818,0.0
-14763.865428999348,0.0
-16280.297034074609,934.255238894631
-24995.059944711385,0.0
-8234.750330198882,543.940746122626
-7045.172761854934,496.8536823767502
-10384.851638030135,0.0
-17383.14495532973,1373.2282290919072
-10285.468691582986,0.0
-9434.986029230735,0.0
-17849.281179936945,0.0
-22587.153487722215,2044.5998730836627
-5953.34715748344,1709.7301715115368
-12213.687679140528,0.0
-9563.531115907157,1121.2065445410221
-19405.8329617728,985.0322372539042
-13982.612021861112,639.3327399764482
-15434.383153742248,0.0
-8283.827914812566,384.5171273890652
-12895.486578585824,731.8174801466735
-17509.535806687207,0.0
-12140.764019666949,0.0
-13176.321156149184,0.0
-15329.023708520954,2762.026338360752
-12492.06871508899,0.0
-11118.4381673023,0.0
-18604.302968970605,0.0
-15119.702790774601,0.0
-8444.647883666225,0.0
-23189.35875513973,1204.7253633559767
-28869.839924948064,0.0
-9136.078609144482,0.0
-9698.311145112675,0.0
-8965.459306396731,0.0
-16183.342295927414,1615.4409753617024
-10505.564586118155,0.0
-14641.233782098605,0.0
-15882.352970679713,0.0
-14352.005541435135,0.0
-10044.574131438181,546.3725719699336
-32405.42241882872,0.0
-12247.458648889764,1106.738842077943
-14535.931638102244,0.0
-15677.808947816473,0.0
-25789.22377400623,643.5330149112973
-12459.55650332567,0.0
-16400.285718002775,0.0
-22828.323024655703,1054.687977851278
-17054.369550856038,0.0
-12658.169942281365,0.0
-10994.598815241457,0.0
-11496.31965241046,0.0
-14561.63625910991,0.0
-11009.72652838071,0.0
-9422.277018600264,460.728971972723
-7933.369786543114,567.4349913109063
-14274.55871751111,454.2381424661752
-8817.180077731044,0.0
-6302.810169912218,0.0
-7871.719672930419,0.0
-29970.8183732287,4841.625680733063
-9428.105588972096,0.0
-7167.479878650126,0.0
-21433.406960573142,2839.566831033483
-10581.492376773342,412.4803112134451
-19953.062647662093,903.08470715446
-9603.717519615664,1179.770459396636
-13564.65537429027,283.6489856906302
-8841.543438808332,0.0
-17415.903415470482,511.1931151463032
-11590.488158396614,0.0
-9712.231596946305,388.6679397287707
-15083.743553282355,0.0
-29696.204949429906,1510.7731190812237
-16025.920255916486,1746.7708645544822
-18115.121476051605,0.0
-13205.37938131638,0.0
-13146.073713988058,0.0
-18081.643987491196,2090.462407741145
-15966.307184818124,0.0
-9324.68874114486,0.0
-12740.050048308707,0.0
-7567.280067437285,0.0
-11916.662052858417,0.0
-17565.358600921332,0.0
-10825.970574447429,0.0
-11168.59993024974,0.0
-12229.756650445554,0.0
-18110.34005260866,0.0
-12761.26277908538,0.0
-15626.03828451027,616.7104461147577
-10883.629263455035,0.0
-27019.371433644475,0.0
-19531.92808667301,0.0
-17277.85390200852,0.0
-11201.927405614297,1497.6119975082684
-14047.6007398386,1561.7796780183337
-10085.266952636568,2076.520966088186
-11877.788194191378,0.0
-14468.43612982526,0.0
-8926.50099737614,0.0
-11622.305938479993,0.0
-18914.70803730239,0.0
-14697.792442781833,529.3572371683033
-15774.05995905765,0.0
-15056.390996359927,0.0
-15244.844295226998,470.4831429264917
-9421.000761824493,0.0
-9728.979896479519,0.0
-23150.48010593296,0.0
-18842.86224105131,0.0
-13761.56218801488,0.0
-15861.92957407951,0.0
-9953.88992698081,0.0
-19212.936883812272,1017.9859895570348
-19945.087907800873,0.0
-6106.545676348338,1723.948524436399
-8359.11311772006,523.5969130773735
-11029.519019908677,0.0
-18981.06489453432,718.8779924474228
-7074.722863040921,601.781854348169
-13107.27711277509,0.0
-13704.931882736502,1514.2429972992775
-9451.639887229318,0.0
-10892.705571908544,0.0
-18372.86953072315,0.0
-23920.540711484708,1276.4717696686546
-19970.645784246473,0.0
-19303.04536561903,1499.8857540554477
-8844.42559217456,690.2276420065632
-22742.55538746882,1729.8543991786642
-30394.74203640147,2944.743634733537
-20062.400515894406,919.5076233913808
-20034.92939951686,2998.0279520489985
-8140.358744140231,754.8630116699265
-12660.07630224354,329.2744088873051
-23164.10245147357,0.0
-20031.59472045719,0.0
-7628.801686738112,2439.360984837314
-11593.802303601826,0.0
-15416.874847153886,0.0
-16392.764948125536,764.8711104450927
-20982.911638308215,567.0312587265706
-23123.1333416442,0.0
-7009.491206489212,0.0
-11794.171683489378,413.0482303611467
-30448.31568561167,1497.07606790094
-10054.791977863431,0.0
-10611.698283536825,550.0796361696313
-17357.733292727997,707.485953042252
-7880.343016996171,355.4912637393272
-7810.491139018139,0.0
-9593.315607553432,1341.4769877326712
-10428.415274833507,0.0
-13095.344117518178,690.8110459833281
-11628.691766591142,0.0
-10306.103685823986,0.0
-16186.505907377317,873.4177613161503
-10790.848438657473,0.0
-19261.71377683419,989.925226098339
-12085.828279775158,0.0
-20903.177606216497,1247.1141476781597
-8028.894611108,306.45785681385615
-6152.03029175805,0.0
-24045.39660581696,0.0
-9337.86195850909,0.0
-28510.10049388405,0.0
-5620.74057334162,622.4452210210842
-6345.614223744763,0.0
-15641.645713588176,0.0
-15616.206268255388,0.0
-10337.794326986965,830.613656413603
-13116.466125033025,0.0
-20738.878923246757,0.0
-17710.216322332228,0.0
-10731.990180909726,0.0
-10981.179092520752,0.0
-15617.128829230256,0.0
-16426.8462565529,820.2149419474996
-17463.14167061137,1318.1137878081995
-11358.839413463576,0.0
-13503.190920746696,0.0
-20786.168766852465,894.593384377266
-14831.638810084864,1690.9460257042529
-6847.489182717523,1259.5491057287763
-11473.927187258352,0.0
-29897.21565449572,1478.3833298207992
-14514.26371975373,0.0
-18688.31282733628,0.0
-8716.110025852173,0.0
-17133.846786106435,696.051385479055
-25318.425006879712,0.0
-20784.494503535436,1814.2634147924393
-22412.37737567893,0.0
-11640.522521400198,597.2568197905988
-9143.184042640856,360.2545215636364
-18746.350776170017,2214.3974225641855
-15353.40098554924,0.0
-11994.47809749932,0.0
-21384.680338070448,864.2538034322678
-13768.969654856379,0.0
-15291.640478295358,0.0
-13138.120964763246,0.0
-14234.405172629118,0.0
-21019.922656335006,0.0
-25225.312096427053,983.206987542011
-12147.576146026762,0.0
-10777.12808772404,588.1144872114174
-24883.19160794666,1008.087600949008
-7959.840580793697,0.0
-9998.89767763468,848.9785520041787
-13769.513877159974,751.7621534280986
-7263.929093083854,2344.361244356523
-23392.061257617457,0.0
-7808.430594365159,565.838424777437
-10184.07329056715,300.4973859586373
-11127.725511643996,0.0
-6486.655561404987,403.0926788469523
-9700.5071223615,1025.294759845724
-15652.000453420675,0.0
-18283.600648377796,0.0
-16385.75168524214,0.0
-8406.204269891095,0.0
-20405.620280389307,0.0
-24289.46913616541,0.0
-12782.724403435743,1017.288420451013
-18079.581486586932,0.0
-9355.890329838294,0.0
-7588.245948759898,489.3793119946737
-24299.811850814767,0.0
-7651.277724475083,400.3649931783904
-13394.261575131168,0.0
-23000.90877878681,0.0
-13830.100853743563,897.7604364768132
-29378.495218673634,1204.9269796638832
-13098.291981773598,981.2757760086207
-18289.910680626446,0.0
-26270.80451697343,0.0
-18539.649414482188,958.4396568487203
-5343.887791392488,0.0
-30420.4890381213,0.0
-9152.83569053179,0.0
-9423.097157621547,0.0
-17790.272827852066,0.0
-18898.83133418504,1206.8515863016437
-13026.969953041576,1015.4534678158417
-13357.734129350107,3073.9521820832792
-9012.204018298402,1320.8941656736774
-16310.158588879272,0.0
-27404.303367819455,1298.3133800059832
-13989.255188436035,0.0
-10553.302775272963,0.0
-6117.907863348899,515.2559524024197
-6359.719487167947,0.0
-18096.18464513751,0.0
-19806.26208354762,2014.991192877124
-16275.994660161186,0.0
-18447.008369558116,443.13366916671055
-8754.509283651701,0.0
-21273.992049288056,0.0
-12415.289494188692,0.0
-20618.694727199258,0.0
-29386.86596347485,785.0173131503514
-6736.246563001612,3104.1039714878752
-22395.88886655747,0.0
-10787.478739293289,872.859909363114
-16594.793407873065,0.0
-15290.906533370493,764.0816044771777
-11653.367468093145,0.0
-12295.202490219312,0.0
-19950.88566440236,0.0
-10706.571089089433,0.0
-19518.827705313088,0.0
-21118.457369616557,0.0
-19765.647482831537,0.0
-20840.057935131354,0.0
-22535.46132397766,0.0
-12728.255087014213,0.0
-20017.24369036546,0.0
-21236.568112380322,1619.5668796490354
-23188.47425025804,598.367325400771
-8549.512056296899,885.1772378010393
-11524.264423675795,0.0
-15228.38121905398,0.0
-19866.194175647146,1626.0838867099155
-6778.863688798261,635.259074895179
-10961.239753530226,445.95549285346834
-12472.110139147411,0.0
-18761.062154732328,0.0
-14719.219677266918,0.0
-20462.084616064752,575.269538469412
-15439.252913192093,0.0
-9233.722612384177,0.0
-19377.31223882359,4563.4297039193425
-7317.977237779086,0.0
-19090.492777724747,0.0
-12955.150045936833,363.7323911280082
-9887.014843123185,709.1834561766979
-13928.241119912738,0.0
-22738.312925154496,0.0
-16891.014203025778,3174.730636008152
-10006.655475250775,0.0
-22721.57893851944,0.0
-8682.557315898768,0.0
-17365.48397661949,365.2018975547839
-8837.698409465807,0.0
-20251.75070417894,0.0
-10330.051431394459,0.0
-2874.9361997235883,519.8267850095589
-11966.902669508605,0.0
-10469.276227579581,543.2037999213375
-12192.298799365653,2041.1464449740433
-17136.57046186351,794.2187921306783
-13868.171861850251,0.0
-18683.192841937875,0.0
-19769.25124267744,0.0
-20108.364831419505,0.0
-7729.749496976156,0.0
-24688.773005833387,0.0
-12860.58619896051,486.151347561047
-12454.540671803421,0.0
-18912.065657062096,0.0
-11804.420737184546,0.0
-19990.75574256268,0.0
-18408.491915834617,0.0
-11605.777819875815,0.0
-8720.386337150183,578.2201125165703
-15497.118812084238,0.0
-16628.216408323835,0.0
-17353.977702883458,0.0
-11539.6194812141,583.4090381272341
-8581.023949426688,0.0
-19250.793715169923,0.0
-17432.41273908749,0.0
-14121.246915947047,0.0
-13694.14822964765,624.376815405577
-23571.18942205588,0.0
-12659.676569144835,0.0
-12623.354284279521,0.0
-7967.844696336377,0.0
-18816.993379600295,0.0
-10660.29367788763,0.0
-9746.439728805793,0.0
-17434.91253491035,0.0
-18954.44898829812,0.0
-14634.72418672669,0.0
-11378.730576722717,428.6738312979092
-10325.577251199735,472.4918027518676
-23589.46612361468,0.0
-18106.304052321586,0.0
-11397.330985055776,786.4702988917633
-17637.532801332396,0.0
-13614.857500795115,0.0
-13575.734119147812,1157.6385636406078
-18894.624397152438,0.0
-6808.0507271380775,0.0
-9041.24243824428,0.0
-16744.439399209237,0.0
-8459.13627562264,684.9440824496495
-17480.396769621264,638.1799460679911
-9356.08867044613,0.0
-21440.917939748302,887.2170238080276
-20605.74665882774,0.0
-15793.034638453799,0.0
-11238.502441842425,0.0
-8227.525917054048,0.0
-18514.64013259225,0.0
-14675.95118261878,0.0
-6377.802234082715,903.637889770804
-26325.908265851627,3910.7084944898547
-10153.835369007857,463.4077081844592
-7732.8451173439125,0.0
-17660.82481870395,0.0
-11710.572915167402,1517.9118279738632
-12002.997785893402,501.1269362983186
-20870.745019359245,1602.653530123632
-19999.644580266075,0.0
-6854.4640649555295,0.0
-30669.102673151203,835.1102030840672
-17374.6249065044,0.0
-15297.20719716859,1068.2962239852754
-26469.445400220757,0.0
-26586.657831600394,0.0
-14612.348579628924,0.0
-13989.630826499402,1659.55637163874
-10900.543209680895,283.4731544739735
-8717.031274929104,0.0
-21837.591714872233,714.3731208300807
-11263.329823777078,0.0
-17047.653801235316,0.0
-11704.843694455722,0.0
-21234.66365193126,0.0
-7599.9690076587885,0.0
-27549.340673996237,664.4340825118471
-6731.085076275214,1112.6978136098928
-24333.410679789646,1236.0326412475135
-11024.103205934425,1019.9202220229001
-18226.125960563208,0.0
-8986.480265069924,2708.430372305281
-5104.141432001785,0.0
-13572.95888951984,0.0
-6568.5655285140465,794.8697305417224
-21514.62231872877,0.0
-7098.597698080178,271.4622425242843
-11015.274210583288,1529.878096713944
-13614.832056680982,0.0
-8658.477220024157,0.0
-13667.994232709036,309.4050273238666
-8782.162236172764,725.8364162879946
-20295.785650006866,0.0
-14949.563676160418,0.0
-11782.112515844996,0.0
-18614.167877968575,657.6274474519347
-20079.994544508212,0.0
-8019.707098005853,0.0
-14300.021679993093,0.0
-18459.044383649856,0.0
-16250.77954945107,0.0
-8850.138774472865,542.9920667943052
-21633.851601191396,0.0
-6846.135114276283,0.0
-24061.544845354983,2981.005867607118
-17344.037454740992,0.0
-15352.055091739272,0.0
-19074.948215784047,0.0
-10156.921556160341,0.0
-23485.99487233935,0.0
-24249.819608419024,0.0
-7396.740937765541,0.0
-14973.565034279185,0.0
-13637.173307209834,0.0
-25894.159311909556,0.0
-14219.440795331248,2321.648284888376
-19856.79735257549,0.0
-12392.00045803627,314.3830995801576
-9135.729353871906,1255.3507192658917
-15352.868983067825,490.9334354125662
-11686.462668438078,0.0
-11483.925043085696,0.0
-10980.636819884698,0.0
-9766.496432908238,0.0
-21061.281514475286,0.0
-5651.889393275529,0.0
-14836.168577711678,0.0
-9576.438484014667,0.0
-11642.550199979903,0.0
-16437.135691960953,0.0
-9594.593258054525,376.98800702388814
-25240.292929459316,0.0
-14325.515289488128,0.0
-18851.306402367507,0.0
-6730.608204359774,0.0
-21130.395617537873,0.0
-11647.0874136097,306.1868597942093
-17440.837385615356,717.0758783382943
-10372.354758465994,335.5920225495332
-19789.10608511647,0.0
-7052.476395126125,0.0
-9697.414977411056,566.1437186639797
-26664.015568275063,1408.0392332375004
-21696.786649290778,0.0
-7527.650314580816,0.0
-20189.63040899101,0.0
-27743.5221050919,1726.628714065808
-16087.586468121743,0.0
-13359.92673467516,0.0
-21370.947953621806,655.2215303025575
-10350.17760562362,0.0
-12939.811290297512,677.2223135936038
-8983.94158103543,0.0
-8060.863581950776,0.0
-9548.029206218396,0.0
-18003.057282651316,1929.8594717325432
-12996.18737781925,0.0
-13462.039961274782,0.0
-9111.268304719115,0.0
-26554.48389125077,0.0
-11935.189000255092,0.0
-21334.021218489946,0.0
-19550.81856564562,0.0
-17122.47800250689,4217.460598511066
-7653.161745233861,0.0
-12543.719124218867,671.033974609342
-20171.945971774083,0.0
-11658.182536028418,0.0
-9453.386710368974,1985.4733992059428
-7295.270003263568,355.98924907523445
-32311.753079302936,1130.4456789932854
-16508.30004585018,0.0
-23619.003708200427,0.0
-16128.12399556248,0.0
-24498.562609574685,0.0
-20705.810436946267,0.0
-11220.17824310005,0.0
-19182.080909397017,0.0
-17029.63787178746,741.0748749507216
-21752.819991515764,0.0
-19893.302186915957,762.1358778099666
-25253.621882922263,1483.8625249570125
-28523.28017336056,862.1442783053312
-21880.860706950283,0.0
-16721.296944393314,0.0
-28507.25600404459,0.0
-13238.038458566058,0.0
-10804.249453023134,0.0
-7550.038621847141,0.0
-6832.557138570472,0.0
-21437.957285899938,678.4806083407789
-24008.161708774256,872.7855583935633
-23393.100996832887,779.7857207163538
-9257.774356111455,520.2049699558395
-14576.618632504353,0.0
-7373.721154573284,2089.863279741634
-9982.007631256898,0.0
-16353.929875470647,0.0
-5925.557372825717,481.0435798238346
-9678.998190470078,0.0
-11831.271479284389,0.0
-16197.03185898711,0.0
-8288.863075565278,0.0
-16986.198457206578,0.0
-8880.258636299199,0.0
-7692.0350450360565,0.0
-9565.859206031919,0.0
-17267.17334196785,0.0
-10914.314786778607,0.0
-12099.619507359152,0.0
-6163.373716157857,2842.4365447022155
-20168.97999368133,0.0
-22453.264477329445,822.387150332923
-9455.131720173515,727.5709842298445
-20777.445384512466,0.0
-6241.1409827825855,790.8866105574068
-21777.111776575526,714.581639739863
-26397.17430538663,1423.8124612198835
-9374.149537574955,0.0
-15070.770539512358,0.0
-10480.00419116149,0.0
-21286.615241326515,0.0
-20311.941236366398,0.0
-13112.602395660531,1422.4924464879618
-7398.583884834764,0.0
-12996.093553821702,0.0
-13674.148179581276,1480.0104046794097
-12940.926498461911,0.0
-17051.14554610012,0.0
-11465.83584035519,784.1055397429366
-7791.879976048743,0.0
-13469.918080458363,0.0
-20213.829542827534,0.0
-18486.554626377627,0.0
-10012.472266016444,0.0
-16726.473407513837,931.981512505063
-8979.272963473497,0.0
-9456.358867752604,0.0
-13050.100425207907,517.0738630242403
-17624.82317563435,643.304683114635
-12462.763649038254,0.0
-13432.378468205501,0.0
-18155.23532937181,786.0920094638742
-10167.053382364451,630.3059075625395
-9434.950910826394,990.4199706616872
-9373.340053273028,663.814870421339
-20957.50603889308,0.0
-22890.557294990573,0.0
-12264.10017477049,543.81279006262
-17738.27672554201,0.0
-18481.085277955728,838.1778070101375
-9841.828781659053,0.0
-7158.46298365383,1871.851180464291
-19805.027513062796,949.1646755299788
-7774.599216699561,1851.544035975283
-16447.420467286727,0.0
-12113.440602329802,0.0
-8861.080542399459,0.0
-23029.20215420378,0.0
-13771.269408397266,0.0
-11008.62370050881,0.0
-8673.830967636748,0.0
-11581.382408508452,0.0
-33969.058796420504,1334.059722434701
-19489.140613690666,0.0
-25554.858905009183,0.0
-13297.927834781529,0.0
-20949.09955323038,0.0
-9609.303138235096,340.541873819748
-21521.81772097936,0.0
-12364.906504988468,462.5582851826566
-9730.928205042914,0.0
-19371.891811696856,0.0
-8675.14462309599,0.0
-32474.067007085374,0.0
-22648.3050120328,1211.0719179858945
-15593.205115187098,0.0
-27615.2424088018,811.6794031308738
-6337.674405871329,752.1443604193405
-8559.218273761468,459.6550348258327
-20360.365041915342,0.0
-27722.04294266723,0.0
-8663.9900516621,0.0
-14950.639116121747,0.0
-9877.467853040245,503.5601425940294
-14886.980962684627,0.0
-9365.453933233519,0.0
-21374.630001612568,0.0
-18237.05442310063,2286.5769014003745
-5753.075981033927,577.6869665073737
-16407.687606997788,0.0
-14896.467918169197,982.2409501735442
-22141.20332682658,0.0
-18772.858150263608,0.0
-6342.68377694472,0.0
-9577.037186004207,0.0
-10267.528892202594,0.0
-9387.554065768993,0.0
-23926.76459460779,2346.373948903096
-22881.07438347242,0.0
-8292.286003476762,0.0
-14597.732153792058,0.0
-10396.509508828014,1366.4197294645833
-12163.591135646928,0.0
-16766.825031936754,0.0
-18528.986479524927,1137.6685671018633
-11162.342139408789,0.0
-30234.364812880456,2680.9516019091016
-14829.785050256105,0.0
-19885.386266825997,0.0
-9224.243112826152,800.7633182449559
-7827.69370492353,779.3883164518587
-19095.301452243584,719.0953626143913
-17292.586496892665,0.0
-10402.521342066077,1079.7766646388945
-21204.151651828033,0.0
-11657.589282948189,0.0
-12189.960543097815,0.0
-19306.59110446376,768.3820515761788
-32158.39701323661,1340.237489732055
-12344.032498908935,0.0
-8365.432225186998,880.2969780203273
-20815.253008857042,0.0
-17166.4426017074,0.0
-13417.96086105478,0.0
-8959.12610276923,0.0
-16823.395192775522,0.0
-19507.01068117531,0.0
-18096.58335374295,0.0
-13992.017705205539,501.2152245190418
-8529.778475995157,0.0
-25893.430491330808,0.0
-18283.693164769247,0.0
-8189.718017740304,0.0
-20937.178246251686,1622.7808334941897
-10738.311067306111,0.0
-9038.153372061974,961.1482330646868
-10156.559630021125,0.0
-8488.173665233213,0.0
-6244.088813075545,366.2417039375604
-11558.598628488038,1091.3113208464488
-8509.998709225096,0.0
-14321.68935726133,0.0
-13494.131532522351,951.5789491697719
-7104.435364829249,864.252792156039
-7634.368702289054,235.9360614714175
-24560.036411200905,1419.384278655649
-7148.662729491329,0.0
-6741.749205658847,0.0
-10994.466462608269,0.0
-5264.7562246478865,524.645515022636
-28795.025602746966,0.0
-22402.45137645479,1177.5860059477448
-9751.064324074508,0.0
-9945.350995680925,0.0
-18719.742633901085,2941.411979261659
-9455.046039261822,471.148508189852
-9724.21689548133,0.0
-14519.980688212054,0.0
-15175.1013506919,702.3128058417626
-9845.7651831691,0.0
-9683.851406024016,432.4447167285554
-16979.206241017644,0.0
-15894.566900084992,0.0
-23662.628636207693,0.0
-9939.731281707076,0.0
-21756.702631998676,1193.7840575910186
-10343.237869076704,659.7437041395797
-12980.788366406445,980.366130511754
-16458.663278512184,885.3163579612062
-22532.46279462075,0.0
-15328.662959345937,1971.3144871848804
-23835.82341348505,0.0
-16965.06282536629,0.0
-13117.56943181877,0.0
-7596.7204361615295,313.9746679659188
-10300.299506739255,0.0
-13350.929363284115,0.0
-22081.664375089968,1050.220655915294
-9334.955490510783,0.0
-9299.137845272002,0.0
-30682.32396446414,0.0
-31019.510847180085,0.0
-16643.468291571604,0.0
-16953.165320586333,0.0
-17411.72615397077,1402.3894261360836
-16467.09168648744,784.7238845160032
-16893.067891417588,1314.414004347157
-28481.60100434071,0.0
-20278.745733194046,0.0
-28581.760454389056,885.6717086866709
-11208.70373205985,0.0
-17087.25666227844,2948.2843735918896
-10702.53713176673,521.345511614125
-7852.380497248145,0.0
-17123.35376633094,525.5596769646643
-15779.626266047126,0.0
-7545.327260811391,741.8426387266409
-21498.3960210833,0.0
-11300.252952536395,0.0
-9945.904904782858,281.67197658448515
-6901.252642418762,1735.5005685889869
-8456.852055673051,3045.786223215786
-15207.82673926665,0.0
-7316.444467783842,459.6834648977952
-9967.794075009326,0.0
-14466.807594504608,0.0
-25327.1498735965,0.0
-9481.215950388947,0.0
-8047.2792571136415,0.0
-10801.774479249298,0.0
-16478.79075281276,0.0
-11548.439134683598,0.0
-10400.685234073095,0.0
-9286.175870574538,0.0
-17787.702977788504,0.0
-17420.083384075093,0.0
-21705.724342382346,0.0
-10700.826966661542,0.0
-7687.199661643599,0.0
-10140.431645621757,895.9782929895541
-30679.919638381536,3628.464358206595
-30156.747926786113,2234.655065553581
-15623.902077719818,0.0
-14021.017235470068,397.2635166974237
-20433.186341736255,1541.504791743671
-16952.01933904668,0.0
-26877.426538068663,0.0
-13566.55921579433,598.7135612620918
-10847.286658907939,0.0
-14579.676691098555,0.0
-13877.341795392193,1253.87587263648
-12856.149464881433,636.7003472662403
-18899.96959550592,0.0
-11391.127227714747,946.1046227218062
-29851.007760419514,706.710403697112
-19501.8787437415,0.0
-26902.692225420727,1094.5207080888522
-11137.243598396535,0.0
-13318.163646276871,0.0
-23382.044979736278,0.0
-19606.9079050196,0.0
-10956.721685564498,0.0
-18840.695545094917,0.0
-16409.811580679125,0.0
-10191.127638065227,0.0
-22698.56674713318,0.0
-9790.66800783454,1828.1766543153853
-19396.156032473642,0.0
-18742.34449446149,2435.074378995514
-11095.429892654267,0.0
-27095.293433345272,0.0
-8328.44618019589,2772.0158352948383
-10783.097151419322,1274.0105776022087
-15654.577179113152,0.0
-20410.24572453672,0.0
-15125.034137710238,798.3639606773613
-21818.427655576612,0.0
-8564.166180590106,0.0
-7255.992509651586,457.827124613645
-8385.73236922144,0.0
-9767.304896420943,0.0
-10525.965572332689,559.701573962758
-6488.054482589921,0.0
-9059.15166840968,0.0
-22897.63903365265,771.4215851462442
-13431.098151395998,0.0
-12025.269861971792,0.0
-12654.69200162301,0.0
-13240.453507154041,0.0
-15804.10919601935,0.0
-12344.518624252489,0.0
-11884.453810512065,699.5065390397775
-13471.545169976482,0.0
-21145.77436304021,0.0
-20101.01835651328,1183.6032788725088
-22801.170991260246,627.7218975671198
-19616.543198570456,0.0
-7118.153182264976,0.0
-22985.388512089354,0.0
-20208.900944322544,0.0
-7522.920173686285,0.0
-19375.081635119757,0.0
-30512.425005309018,2920.23545744846
-7941.356346653392,0.0
-19324.485270419307,0.0
-20436.004427955442,2164.2032823156787
-7557.206301007404,0.0
-24571.66526747832,2877.5563015464513
-16048.52500934619,0.0
-15137.555833654791,0.0
-10779.150019661824,567.9180895084257
-16756.168561348095,0.0
-21250.22444912595,0.0
-11074.079595358522,0.0
-18397.34452305884,0.0
-15157.544564431855,1408.0924070175247
-8262.832086479928,462.429927781766
-32587.773620246495,871.8410739569914
-8225.505354901365,2416.132410945669
-11359.17143591143,0.0
-5232.474577244609,0.0
-25793.63265811141,0.0
-8968.84009604251,0.0
-11525.462249865597,0.0
-9465.156057705395,0.0
-11162.65360403013,0.0
-11989.294943851675,837.3126176117717
-9088.466697953834,0.0
-16025.724284274222,0.0
-16597.133941674125,2407.421731440437
-8957.682679309295,2006.9944955541782
-8535.70046185353,0.0
-17930.026484707752,0.0
-21501.128553266008,1371.419801308642
-17033.362596110703,0.0
-12062.734913915037,374.50927977683534
-15998.854408113697,0.0
-16086.898252931398,0.0
-9252.181098900915,0.0
-4899.065355978022,0.0
-15745.533217167102,0.0
-15840.925656482847,0.0
-14933.851870976732,929.697872231577
-9481.965347938945,0.0
-8617.171238201914,0.0
-18825.844333472745,0.0
-12531.285415102757,0.0
-14498.340055614712,0.0
-15103.215574597149,0.0
-17264.170282782772,0.0
-10087.42562823769,0.0
-15548.759664826306,0.0
-9665.465068307582,0.0
-12918.028487970794,0.0
-11501.312769448963,423.7728636296935
-14339.896615875574,1245.3638114239445
-12158.222756600004,0.0
-16993.595532402054,0.0
-13262.294044468026,3321.043785421951
-20012.11572683743,1537.899294959819
-7437.367650214324,0.0
-17690.82974057814,0.0
-23925.911646914235,589.7763499804021
-11991.330320600604,0.0
-10428.710885219083,951.9374275792657
-17420.363220114137,0.0
-11964.194924844589,0.0
-27303.5777705969,1531.0778523027916
-10463.96220561182,1086.0696377098857
-25796.95135617015,0.0
-12248.027957072758,1176.571920697859
-23708.695092000955,0.0
-19115.33784217669,0.0
-4147.443305893127,503.0639462743454
-9101.067326272374,660.823401979075
-18138.14409492441,834.7762343265058
-15416.777228701681,1496.6424024962253
-27217.785755865265,0.0
-8499.587086885495,584.8725594710163
-10689.020328523631,705.725261125581
-20091.79364121869,1052.110858423012
-11350.463496762724,0.0
-10531.848862263543,708.3997488448217
-21378.58813196736,0.0
-12659.94334445762,0.0
-23585.537797125602,0.0
-15452.564206568743,0.0
-10892.92430449948,0.0
-18388.632391745676,0.0
-20671.57619930544,0.0
-9197.919157443088,774.9117418756285
-21202.543680485574,915.891081630225
-11542.971595294599,0.0
-4378.41077152369,438.291112059313
-11995.149275647804,0.0
-30919.415760841337,1213.648398745297
-15307.148011033787,1283.2400061819044
-4855.722331430384,0.0
-20777.452271940398,0.0
-21374.992053742888,481.2856205353926
-13321.59206925689,0.0
-7143.576807708131,0.0
-12884.97833631091,0.0
-9873.202242672152,0.0
-18290.65773959014,0.0
-22221.2182869174,1297.613768488905
-7572.425488331051,0.0
-21430.916504185523,767.0595043055706
-15562.504691703007,702.290370476106
-9653.559184649614,770.0440390226121
-9893.93517744857,0.0
-14332.682128868653,0.0
-18900.360377612258,0.0
-14599.116831876023,0.0
-14064.361382579318,0.0
-7846.105691934166,0.0
-29577.294273439562,3012.2992378186786
-12966.466634533635,0.0
-11922.82415896486,0.0
-12312.777209840537,0.0
-10589.884135184417,3198.5758538237064
-11849.084619524638,631.4841517347743
-11810.615238958515,0.0
-24246.282368625725,1566.514257460995
-11055.009921325825,0.0
-13040.935894140313,0.0
-11140.711402591607,0.0
-10305.793334816264,626.4153633547045
-19562.27217108498,0.0
-20310.159642151222,0.0
-18676.306354667326,0.0
-16175.60287689919,0.0
-11432.982722900651,0.0
-27658.522340421587,0.0
-13440.851504243228,0.0
-21686.314377304636,736.2838410014425
-7369.57013557155,222.57860413554621
-21684.07585022177,4100.017635396562
-18585.73805917201,0.0
-7208.908920084482,1636.3404931004907
-11417.293460683302,0.0
-12363.727332147102,0.0
-6947.143601842893,0.0
-9739.203245464258,0.0
-15334.84427597296,0.0
-7353.308929146687,0.0
-9906.280835831758,1885.7872632884903
-17719.11570874533,0.0
-28796.92103498819,0.0
-23707.747918150228,0.0
-10922.109484956327,959.911519964482
-14542.33871563174,0.0
-21947.446464726585,0.0
-18064.196824172686,3765.547435769938
-9694.358883186398,0.0
-18629.960202733586,0.0
-10278.739634644018,2294.2620125799176
-9618.413746867736,0.0
-17108.307015077582,0.0
-4630.738680698407,257.37950798520944
-7847.608026632293,0.0
-13209.793402136167,0.0
-19056.833017035002,0.0
-11062.976042015871,364.2066733331739
-14202.351209360979,0.0
-11747.392489631678,0.0
-10122.371069874884,626.6741135557583
-16022.617960383934,0.0
-17382.670366539824,0.0
-8734.326031606386,0.0
-25519.88010252026,836.2394643126178
-16209.010946958328,0.0
-9773.009508086157,0.0
-22958.295716411805,0.0
-15268.098976015526,1852.6301662398305
-6912.159340958594,834.7043427080857
-7876.815040420383,682.6543366365972
-9853.180456489816,1086.9247452887384
-11842.96549745997,0.0
-7169.0224724382015,0.0
-12689.304183607404,0.0
-13350.195110466473,384.2467096824837
-9393.065218995178,0.0
-19710.342942837946,2384.8076919177947
-12078.247907576428,0.0
-16950.812322166705,0.0
-12260.165925242287,0.0
-22687.678184371027,0.0
-13949.254258238878,766.2955547115697
-17268.362587486736,0.0
-8673.324821988235,1224.6466428248068
-8880.311931536997,0.0
-9679.550696772532,332.9566905073191
-9169.730332475512,0.0
-9108.111894121821,0.0
-11500.857291336833,1092.0634600438639
-13065.608252306276,0.0
-13340.611440815315,0.0
-11291.16113046958,405.8375662687897
-20020.165890210363,715.6644304778157
-17247.07495040272,0.0
-15908.644453033718,0.0
-9504.961376537465,0.0
-29369.664221534873,0.0
-14019.941913016815,0.0
-26812.747631998664,0.0
-20131.775399344326,0.0
-19255.694192723557,0.0
-6741.254659060328,477.6664798188116
-15157.06695741621,2485.1776650103598
-9106.762246562983,0.0
-15464.37762411073,1239.2514296421023
-22788.39979204732,1481.7276516709567
-5645.542640974083,0.0
-18359.62488629686,849.051094349416
-14656.394380969967,806.0174393346085
-18523.53951831729,524.9644536051612
-20015.518020279265,1875.0330023651322
-12366.08482511008,291.2926972517423
-17378.383055497467,0.0
-9547.1573683931,0.0
-16402.000607448103,544.5969955676863
-8661.363991718645,0.0
-12863.181712270982,0.0
-10886.326365235365,0.0
-11876.952601016663,0.0
-18104.733988659267,0.0
-9802.882416054414,0.0
-13123.312273892901,0.0
-9813.738174139417,410.0910196653338
-13024.650218125547,0.0
-18797.388524468635,0.0
-13349.902032795855,0.0
-16560.52954724402,638.6396500429994
-10973.23539235333,0.0
-14335.7484277549,1366.2874523707806
-13017.1148671638,0.0
-18266.625137892144,0.0
-19537.361109759444,1192.1811801328076
-21350.070110334487,2769.076578481543
-12235.315784171016,0.0
-19819.05887996654,0.0
-28961.813539470848,0.0
-17931.623533637125,0.0
-10539.78389940461,0.0
-17656.297721994222,0.0
-24123.66370432463,0.0
-23295.779786978812,0.0
-21542.519551407437,0.0
-19444.417502617885,0.0
-22446.683194316036,1724.8610607926514
-27976.05806242421,0.0
-17390.149160367626,0.0
-13576.783056572203,0.0
-7852.242680984146,0.0
-19040.91815835573,0.0
-12852.984945617998,0.0
-18260.435660268537,1762.3795569636077
-17820.452081933763,2342.1446372813216
-10959.090189639262,0.0
-15232.694926156137,0.0
-9618.753944973738,0.0
-11147.301165565126,611.8318580362381
-11910.419218634539,0.0
-11306.728405108213,412.8675480111026
-10609.454096295962,1162.3772162867429
-10050.90759810802,0.0
-10639.023896174345,1175.1774273626866
-9936.127134156739,0.0
-15227.514315238965,0.0
-10970.937011806114,663.6133081791345
-19935.68676704944,0.0
-12061.080235417161,0.0
-21335.312068543484,3531.567106288726
-17922.962499758778,933.6664197104718
-3107.5599895991713,0.0
-9124.086297772777,0.0
-23955.394793871197,950.5814583472971
-10908.812647994311,0.0
-13247.400693356418,1427.1450884073947
-22288.35834434209,0.0
-9244.826105308122,0.0
-7568.766638930767,0.0
-9764.816722208001,0.0
-19363.606600212843,2391.0363810388376
-24514.52101681246,0.0
-14972.074708920863,818.5329208893378
-20492.422969088882,0.0
-9332.838046196759,0.0
-12254.177634945785,0.0
-15335.893275919532,0.0
-14190.981106480052,2414.254550387939
-19551.7139543344,0.0
-16254.807316330225,0.0
-14250.575975145153,1266.8868792939056
-35559.79296350488,0.0
-13144.739442692937,637.619139649636
-13671.799784701665,0.0
-13889.36966415117,0.0
-6187.636716038443,0.0
-13983.6019106137,0.0
-5999.505754689869,0.0
-11086.068575114072,0.0
-24444.925570130737,0.0
-10172.74843187126,965.6226369108224
-17225.135720938437,0.0
-15870.487296539508,1112.3540338337198
-9213.068728324843,0.0
-22322.626622467433,0.0
-23788.069353029437,0.0
-8118.786131299676,0.0
-9887.577816617746,0.0
-19582.551589711617,0.0
-22599.218146595886,0.0
-19616.177925693773,0.0
-11013.322373818199,0.0
-24279.927045909193,0.0
-13692.815999336914,0.0
-20981.092444794594,0.0
-22418.890707134804,664.8798038632646
-5998.688812612288,232.2617904910104
-13912.645453917663,571.6234728856879
-11652.8343301396,0.0
-8993.61795077091,317.0011648528415
-18819.053289151776,0.0
-20165.11527147165,0.0
-6688.774425804721,0.0
-16547.44023844496,0.0
-9963.577341912629,535.0749341086298
-20558.04500423819,939.0602371324237
-7649.79188278173,0.0
-28140.864569642043,0.0
-18728.537463073717,0.0
-27228.48220430601,827.2437873732142
-8947.878989159095,1454.1422811666725
-16972.845929895557,0.0
-9406.27998362151,0.0
-17115.47979471344,0.0
-12012.939447752426,0.0
-17698.24813044237,0.0
-15217.804740318836,0.0
-17294.219310582695,764.729011247741
-9029.812372836805,0.0
-21087.541106127508,2898.460366055877
-7364.364271076993,479.0406784622391
-10259.338336676154,0.0
-21113.925173186864,0.0
-11709.826844460624,0.0
-5338.000481021734,0.0
-21689.335542931505,0.0
-15014.218511205963,0.0
-20410.39607260978,994.2851949919318
-7331.535733988199,0.0
-15624.072579974389,0.0
-9546.681803920077,0.0
-15634.507484822203,0.0
-12024.947355627133,264.9424970550849
-10929.390323305324,0.0
-10983.766147050199,0.0
-12482.19051416861,698.8662832639734
-17640.861433032405,0.0
-17421.308902731627,804.4679179247825
-17132.544275383574,0.0
-29193.175251559333,0.0
-26458.170385348494,2492.1671520219024
-7077.091012819625,915.653318385031
-16515.033015658933,0.0
-18125.657295531608,1754.674527303543
-7240.60479233748,0.0
-9385.96072435139,0.0
-12369.92457066171,0.0
-18963.655172148145,0.0
-14712.190912069984,0.0
-18882.153214732243,0.0
-29346.879369013892,0.0
-9554.71895788865,0.0
-12062.092778971506,0.0
-13719.695356295255,483.0941438287242
-18680.87715485853,0.0
-29693.74657453625,0.0
-31814.956745545565,0.0
-10156.403563651607,0.0
-24685.20520908527,2189.8813870563527
-14764.590241159074,517.786156461575
-12089.13792538944,0.0
-9133.65220833867,642.609388743439
-12588.639885805092,0.0
-9206.556735570663,524.5043387525144
-16020.599662489485,0.0
-9869.235546252154,0.0
-22477.391874522848,0.0
-10918.588098805933,0.0
-11029.792678401489,0.0
-10161.337805086616,0.0
-13073.58730438251,0.0
-30530.070211957518,0.0
-16171.468983034389,1486.0695851956045
-18658.141678171596,0.0
-15327.855297811067,3483.5993858556712
-25280.878192632932,0.0
-21611.117118496088,647.7584245045065
-19192.048158212794,0.0
-29896.84788663969,1627.8005709331974
-10501.53469144426,0.0
-12401.818252148403,0.0
-5638.187054439216,629.3066524419953
-13001.656932404567,0.0
-16893.197134327642,0.0
-26021.216911763448,1263.4979147661948
-8235.48861540686,0.0
-21904.076940288556,790.381068126637
-23119.657116372277,1448.051309539175
-22007.609752002078,0.0
-17463.87689347414,992.4095145579652
-10878.417388363358,0.0
-30800.085649054083,869.0238206003781
-13062.459913292741,0.0
-10894.585685496004,0.0
-9934.085495491738,1927.586489482308
-10450.147914884648,612.8302076283694
-17995.01393892435,0.0
-11616.681609449417,1067.259624324669
-31433.965085750307,0.0
-13393.80461472788,395.38504937000994
-10798.553262120306,746.2302506409661
-16841.38923828197,0.0
-22867.66824095358,781.3723302756144
-6788.658552559517,0.0
-16854.5658107586,0.0
-13243.371802359678,588.8667632374007
-15242.127801064182,750.7161163462711
-5844.387442382336,850.987444875089
-19992.146360071005,988.505229748751
-10598.760003638312,0.0
-9382.936374228235,0.0
-12957.040372702728,0.0
-12042.100138686332,0.0
-9060.443745831531,1319.5400071489084
-8609.878224526576,765.5122206207445
-14024.575566533033,0.0
-10416.665416067885,0.0
-27014.362825796572,1284.423259390062
-17248.8519304534,0.0
-10145.278618505674,1026.003262032289
-17694.59613088892,0.0
-27779.15488391545,0.0
-21189.891160567502,0.0
-17707.26496790272,0.0
-15585.706022287568,0.0
-15605.995893473078,0.0
-18801.50669681368,563.2901781983682
-14532.444236098352,0.0
-18617.23957752746,0.0
-15309.248064894515,562.6161978397283
-16847.927702369165,2081.1864791996813
-5948.346117458904,1274.1762494418124
-7432.6682724376,573.9287253453082
-23326.11825830244,1822.8118061114105
-12534.232087239883,804.4498702395231
-9185.871861843625,0.0
-17757.830905928375,0.0
-10746.057232633606,0.0
-11859.526564458027,0.0
-14093.678053164169,1018.7460422565672
-26291.697208187838,1981.9061760255217
-26627.62178692827,0.0
-17859.93317526698,0.0
-8606.38973151603,485.7646496444586
-9780.38049274617,2293.056284835221
-28777.93141582593,0.0
-9903.287663147714,0.0
-20418.926402444467,720.0628392430576
-9650.607627026442,0.0
-29347.7206585358,1255.6479803035618
-12700.356536979922,1149.4401658817837
-17013.787061574138,0.0
-25679.31735055781,1216.199177331594
-11542.243007437137,298.5091293276181
-20611.566383921003,0.0
-16185.13192309254,546.5460431300587
