empl_ttl_lc2vs0_iate,reg_pro
-8.520648196382673,25.442805384741487
-9.036513960348046,24.48031723822925
-11.027773318354884,38.30479248816428
-10.848264449380427,27.23029492891736
-9.21650221798034,35.43969589984596
-10.240856190244775,36.021807982956105
-9.725046360586145,35.48794104479353
-9.938630770402966,35.48794104479353
-9.913164399056683,37.424879126959546
-10.384701992095362,23.634277318491872
-12.35703702519145,20.98878429639096
-10.206003305037905,26.28022836679576
-10.336910455060144,23.634277318491872
-10.084121869868143,39.70178544635895
-8.57793623589498,29.0419683726385
-9.189087976506789,33.9596994808174
-10.517601117325048,36.18644355251131
-11.851816466179356,33.190710519682085
-10.195639754351077,37.31673442662566
-11.859182022907174,22.876594638877435
-10.81232871119416,39.70178544635895
-9.660448430618596,36.3573875871551
-11.43371924959742,20.146641489655405
-9.931826079819142,38.77222685532345
-9.629763409224312,25.46180534860576
-9.30756712552746,25.442805384741487
-11.09519707280143,36.18644355251131
-10.193717574721898,30.518765731198098
-9.644149294128837,27.11781509568906
-12.197905925355364,35.48794104479353
-9.19903107632146,37.31673442662566
-9.709522015720562,24.48031723822925
-9.14993085073568,27.20170607688317
-10.246272495497909,36.59621121258517
-9.433105520454761,32.02921160100115
-11.694647948666105,38.061462197476885
-9.658495738053084,25.91532590252785
-11.272177264526704,27.66410460043495
-10.997258730813522,34.59482682258063
-9.896400354963323,24.75709700399736
-9.110285730342847,34.0840234334754
-9.195455312792545,24.82275449516596
-9.923578455317159,33.190710519682085
-10.166569676919792,24.82275449516596
-10.221938147931361,20.98878429639096
-9.645664771620027,25.442805384741487
-10.892739424930184,34.87097908415335
-8.889015773942447,25.9568290114522
-9.850789041142534,36.895008747355305
-9.849731472238828,38.061462197476885
-9.473503196280683,36.36929448528463
-10.899028343915301,23.84441056974409
-10.1746247162341,37.21455824969987
-10.200970269729648,38.296041677123725
-11.01270215324514,30.93066410111383
-8.91894469940708,30.93066410111383
-12.568795042857769,30.88527758713494
-9.4218358786568,22.876594638877435
-9.757775059995858,33.9596994808174
-10.1421925883794,38.77222685532345
-10.203073547533272,24.48031723822925
-10.384217787089623,37.12391018969001
-8.769977288930122,23.634277318491872
-10.119649571597561,24.043591501893573
-9.909160025655645,39.689354456040704
-10.252262104664542,24.377349804657285
-9.721356317654827,36.66915348581493
-9.461787390242426,38.061462197476885
-9.840602584946117,30.93066410111383
-9.509233593680545,33.190710519682085
-9.907832384522505,33.2979334027342
-12.035366856823707,36.66915348581493
-9.67219695674288,33.465850046515826
-9.702311541182748,36.18644355251131
-10.157645570391917,38.59436571998607
-10.354063568541932,34.87097908415335
-9.840356491401145,33.9596994808174
-10.789384180048387,24.82275449516596
-10.492377888830074,36.66915348581493
-12.92503242542784,34.0840234334754
-10.736164896877035,39.70178544635895
-10.3160545963501,38.30479248816428
-8.153613023544457,25.975826758331387
-10.055940317757285,25.6381268714252
-9.427374998052786,29.199819087564737
-10.121700859929309,26.55757221818568
-9.629959329284103,34.78150641425992
-12.370405682234214,34.24810373671474
-9.459626785566492,39.16550782865332
-9.753075045881447,36.36929448528463
-10.998309657816325,38.14609730811835
-10.5236644558253,28.60821615898056
-9.621047811319128,32.14515376327497
-9.448364762468906,25.91532590252785
-10.577199773266319,26.28022836679576
-11.960123499908063,34.78150641425992
-9.446066246066291,38.14609730811835
-10.57145580949983,25.46180534860576
-9.996614347794411,37.01842441720488
-9.443048800394221,36.59621121258517
-11.001752564168724,36.021807982956105
-10.668446763813105,25.91532590252785
-10.011057218589505,30.221990924441656
-8.428429536592514,24.48031723822925
-10.438100915285943,34.24810373671474
-11.030835377331124,20.12142523431465
-10.621612861922124,38.30479248816428
-9.728779524226058,32.14515376327497
-9.89604588781933,24.48031723822925
-12.560974413090882,33.2979334027342
-9.588746663009614,29.199819087564737
-10.080868281245316,35.43969589984596
-10.458322574945484,38.296041677123725
-11.760905447335789,24.75709700399736
-11.095523206858587,38.59436571998607
-9.017471192249786,34.78150641425992
-9.61967810906311,30.93066410111383
-8.888460249681081,32.03486507724899
-9.725023991346584,32.02921160100115
-9.223526953560905,30.221990924441656
-9.816592033588343,25.46180534860576
-10.168953910915132,25.91532590252785
-12.777593094882313,23.634277318491872
-10.946109751742318,24.043591501893573
-9.81864233063424,36.895008747355305
-9.20604145695558,37.31673442662566
-12.174833274821353,30.93066410111383
-8.727100680617012,34.87097908415335
-10.13833918351474,25.91532590252785
-9.876879346001232,21.445839558321627
-10.098750870818735,39.63041727705111
-11.482464156191416,29.0419683726385
-9.36664555807634,26.716134404846965
-8.882778296244648,28.179167977526696
-9.491075591425286,37.21455824969987
-9.773661529379572,39.16550782865332
-10.806979095629483,20.98878429639096
-11.502484371212766,25.6381268714252
-10.820756766692915,33.465850046515826
-9.36303577799761,29.199819087564737
-11.090329675143817,39.53053733424087
-10.566436276298457,38.14609730811835
-12.373428021172355,36.18644355251131
-9.828773552568743,36.895008747355305
-9.632346997587275,36.36929448528463
-9.99944994107756,37.79198604260468
-12.471106491651504,20.63169958684676
-10.229312508183632,27.23029492891736
-10.87864092859638,35.46200090328086
-9.02126843339164,34.59482682258063
-11.029485251422436,33.465850046515826
-9.397521856454375,20.63169958684676
-9.155591950998469,34.78150641425992
-11.023932103741574,26.716134404846965
-9.396471513935985,25.442805384741487
-9.205618277247035,38.30479248816428
-9.964954190713566,25.6381268714252
-10.716810416266659,26.716134404846965
-10.123332432491273,39.16550782865332
-9.200909757716554,30.93066410111383
-9.792386472748367,24.043591501893573
-10.269910985776223,38.77222685532345
-8.796766366474326,26.55757221818568
-10.18980652394047,20.146641489655405
-9.707114129850378,33.465850046515826
-9.811818881657667,30.518765731198098
-9.590029593766667,35.46200090328086
-12.163348331632665,34.78150641425992
-9.626638301955285,27.682115880587865
-10.275839982642612,23.634277318491872
-10.584206704675292,36.021807982956105
-9.92929785273191,32.14515376327497
-9.3801771920225,29.98075197420983
-10.792492469547005,36.021807982956105
-8.488964044793173,25.9568290114522
-9.929976957334661,20.12142523431465
-10.245445066130117,26.111065750636296
-9.710914159450242,32.03486507724899
-10.16837791285629,24.75709700399736
-10.846009148558688,32.14515376327497
-9.175507122345785,24.75709700399736
-11.084580025927547,33.2979334027342
-10.393545648955406,30.019946390682776
-8.906668990916799,20.98878429639096
-9.545397255610915,24.043591501893573
-11.350070919132278,24.48031723822925
-11.197821078092343,37.01842441720488
-9.78297510397784,36.021807982956105
-9.544021756433812,24.75709700399736
-11.638677212620133,35.48794104479353
-11.257170035861432,36.59621121258517
-10.916084727332322,38.14609730811835
-11.292630191892869,37.21455824969987
-10.996237073413829,33.9596994808174
-9.699770107359642,37.21455824969987
-9.826246106728401,28.60821615898056
-10.452878712385223,24.043591501893573
-9.708460969490758,27.66410460043495
-9.285266191947777,36.36929448528463
-9.319065296932298,25.9568290114522
-9.551053387718753,39.63041727705111
-10.131757011917648,20.63169958684676
-10.695010362797136,37.21455824969987
-9.29782372688057,27.23029492891736
-9.958603238914307,38.35574790404051
-10.981752971820377,22.876594638877435
-9.785313117857454,24.48031723822925
-10.475753736385265,30.518765731198098
-9.584577915525891,31.436060620423927
-10.370812448110561,30.518765731198098
-11.521581612436446,24.043591501893573
-10.576285360919034,23.84441056974409
-12.921362579643823,36.18644355251131
-9.583987832081535,28.179167977526696
-9.110697986254165,35.30285648719705
-10.101621556293546,38.14609730811835
-10.275016041914846,30.09949130920913
-10.881973324723234,37.01842441720488
-9.786187123820554,37.424879126959546
-11.1305212576761,30.019946390682776
-9.831910338742563,22.876594638877435
-10.882095157604024,30.93066410111383
-9.426007077340014,34.78150641425992
-10.855950374187795,25.46180534860576
-10.100272999496665,25.91532590252785
-11.352679805154512,33.465850046515826
-10.043606923205123,23.89434844644075
-11.416687553915487,20.98878429639096
-9.876606690650842,23.84441056974409
-8.686414258739367,30.221990924441656
-9.387966518471234,28.179167977526696
-10.310051634190936,38.30479248816428
-10.06756478366998,24.377349804657285
-10.283005778805665,34.24810373671474
-9.074673250538655,32.585451779770615
-10.07619775170983,39.689354456040704
-9.25391335757113,28.937925992166647
-9.20891361421348,27.20170607688317
-11.838007529937185,26.716134404846965
-10.355450107862534,35.30285648719705
-10.882256156970257,25.6381268714252
-11.599134400987776,27.66410460043495
-10.956718835123768,27.66410460043495
-8.773155838294903,28.179167977526696
-10.056960333016852,33.465850046515826
-9.569463491992925,25.46180534860576
-11.096242117707009,38.061462197476885
-10.099588792905472,30.93066410111383
-9.969386909641822,34.24810373671474
-10.48560540461744,36.895008747355305
-9.383035955681795,29.98075197420983
-9.602047212601535,36.66915348581493
-9.000896078248338,38.59436571998607
-9.38432372653106,38.061462197476885
-11.16935815399472,29.0419683726385
-10.752780069079416,38.35574790404051
-11.658271757045926,21.445839558321627
-9.380148981545716,20.12142523431465
-12.010198658305374,20.12142523431465
-10.97520736035304,26.28022836679576
-12.875361863067988,33.9596994808174
-11.49255142586962,36.59621121258517
-11.555401260230365,30.93066410111383
-10.266215987776167,24.377349804657285
-10.972334192894175,20.12142523431465
-11.300578406142892,30.88527758713494
-10.225560306254206,35.46200090328086
-8.570036123309169,28.937925992166647
-8.805702011230718,23.89434844644075
-11.184207893574607,32.02921160100115
-11.490946867079776,25.9568290114522
-9.159233319761839,39.70178544635895
-9.030483102331985,30.09949130920913
-10.066392859636348,33.2979334027342
-9.662861710715175,34.87097908415335
-10.263974369552276,29.98075197420983
-10.00602403159911,27.11781509568906
-10.047472947551896,32.02921160100115
-10.984300155282552,38.59436571998607
-9.855176776237151,27.682115880587865
-9.223798950098052,24.82275449516596
-10.909149847575364,24.82275449516596
-9.296252148169762,36.66915348581493
-10.754268931184154,27.66410460043495
-8.374173989707776,25.6381268714252
-10.651415283129205,33.2979334027342
-11.927398945498098,30.019946390682776
-10.312970795507404,37.21455824969987
-9.16142907366502,38.59436571998607
-9.403886541542555,30.93066410111383
-10.603975553321636,25.91532590252785
-9.365216324862917,37.79198604260468
-9.685096406644199,25.46180534860576
-10.189429069633,38.77222685532345
-10.449940888824164,25.975826758331387
-10.73232463245694,37.21455824969987
-9.603151043325155,36.59621121258517
-10.816367908488532,37.01842441720488
-8.974083782633512,24.75709700399736
-10.297773864315223,25.46180534860576
-10.124977638371059,36.021807982956105
-10.230482290271954,25.442805384741487
-11.727102110567095,20.146641489655405
-9.685883518030677,38.061462197476885
-9.678025175280197,36.36929448528463
-9.266551468225027,38.061462197476885
-9.653415473304449,36.18644355251131
-9.533101300365246,32.03486507724899
-9.624801681241884,24.48031723822925
-9.543462292050755,23.634277318491872
-9.161316154326116,38.061462197476885
-9.127475155395926,25.6381268714252
-11.820894148831881,39.63041727705111
-10.075995638259517,30.09949130920913
-8.984769134886065,36.021807982956105
-11.577094558939384,37.424879126959546
-9.817298591024283,34.0840234334754
-9.657397995904484,35.43969589984596
-10.012988842608621,25.91532590252785
-9.31840585582992,24.377349804657285
-10.159907184091107,23.634277318491872
-8.979903712333643,35.48794104479353
-11.081938854427861,34.59482682258063
-9.615384870846443,26.55757221818568
-9.823505602331988,26.28022836679576
-11.829948646775026,27.11781509568906
-9.874296231819658,20.12142523431465
-9.814568306080812,26.55757221818568
-11.076380615456106,34.59482682258063
-9.0791486092597,39.63041727705111
-9.344166905102647,25.9568290114522
-9.715085392845667,27.11781509568906
-11.33275930094336,20.146641489655405
-11.529789284680426,25.91532590252785
-10.465364928717364,32.03486507724899
-9.456197747205504,20.146641489655405
-10.297665461817681,30.93066410111383
-8.273518621198129,24.75709700399736
-9.811562973773784,27.682115880587865
-10.052191228730639,39.63041727705111
-10.674801794720691,34.0840234334754
-10.108863242408463,27.66410460043495
-11.230916455384932,27.20170607688317
-10.58835332088391,39.70178544635895
-10.197142617126035,23.84441056974409
-10.349528383718761,39.53053733424087
-10.894737731676166,25.6381268714252
-9.721295287133062,35.43969589984596
-9.699786078483418,37.424879126959546
-9.64588850672072,33.465850046515826
-10.427468503777519,20.98878429639096
-9.210488605514547,24.82275449516596
-9.001327924667107,20.63169958684676
-10.35768070727471,30.93066410111383
-10.930790135244278,24.75709700399736
-9.84866041148278,34.24810373671474
-9.930269803951779,27.682115880587865
-11.075813361485359,25.6381268714252
-9.864270264775588,20.146641489655405
-10.086825620524202,26.111065750636296
-10.118815257890322,34.084023433475394
-11.566454577069837,32.03486507724899
-10.466689443320014,24.82275449516596
-11.136859509915475,34.24810373671474
-9.459457648298207,20.12142523431465
-9.677788345418977,35.43969589984596
-10.861777899516726,32.14515376327497
-9.212301915080578,30.221990924441656
-10.511420303821069,25.975826758331387
-9.71549403771031,28.937925992166647
-9.855594802073844,34.0840234334754
-9.439896816482854,32.02921160100115
-11.29654805822896,30.93066410111383
-11.57929831698021,38.30479248816428
-8.838806230673288,32.03486507724899
-10.490477551259904,24.043591501893573
-11.168037265359924,27.20170607688317
-11.37800118760005,31.436060620423927
-11.453002821366777,37.01842441720488
-9.826338109627645,30.221990924441656
-9.65478292145452,35.30285648719705
-10.093760697354334,36.18644355251131
-10.02476228838827,33.9596994808174
-9.261062406507092,24.48031723822925
-11.244661394061048,21.445839558321627
-10.44402366509178,38.061462197476885
-10.863167332470809,38.59436571998607
-10.26493648078852,39.53053733424087
-11.16230846070793,39.53053733424087
-10.10800006913715,26.111065750636296
-11.363692429883084,20.12142523431465
-9.988223656601207,34.59482682258063
-12.594392268543206,30.93066410111383
-11.260865923808373,31.436060620423927
-9.978218728818339,27.66410460043495
-9.539774821768308,30.09949130920913
-9.626627990570483,24.75709700399736
-9.676067504993448,38.14609730811835
-10.982883645213278,39.689354456040704
-9.563660046103275,35.48794104479353
-9.217828899435666,34.0840234334754
-10.498849573203493,29.199819087564737
-9.274779794320636,24.043591501893573
-10.208081912792103,29.0419683726385
-10.260875153541694,35.30285648719705
-10.1304486816485,22.876594638877435
-9.079799377311886,38.296041677123725
-8.602206324332963,25.6381268714252
-9.519263573135712,33.190710519682085
-9.301707802920136,39.689354456040704
-10.742341745649323,34.24810373671474
-12.194500904468685,32.14515376327497
-11.395916416057302,37.01842441720488
-9.836097107531009,29.199819087564737
-9.439983901831942,30.518765731198098
-9.897209857136763,29.199819087564737
-10.47387243994544,35.46200090328086
-10.25916792289393,28.179167977526696
-9.787038156415274,25.91532590252785
-10.010891813594755,29.199819087564737
-10.088921453921083,30.518765731198098
-10.003488016321501,34.78150641425992
-9.886332812089357,35.43969589984596
-9.352284060294286,28.60821615898056
-9.336877151152114,25.91532590252785
-9.506597303166844,28.179167977526696
-11.740425832831573,36.021807982956105
-9.793752349647182,37.31673442662566
-9.155122123609328,33.9596994808174
-9.750169927261872,36.66915348581493
-9.195555338754254,28.179167977526696
-10.065703383209206,20.12142523431465
-9.699552586944726,23.84441056974409
-9.531141067290392,39.63041727705111
-9.708171891571908,36.895008747355305
-8.862672297327272,34.59482682258063
-9.739413425853995,20.146641489655405
-11.626751086975663,22.876594638877435
-11.348254421226805,29.199819087564737
-10.334382209200008,34.78150641425992
-10.880848826720337,36.3573875871551
-10.406230418212054,22.876594638877435
-8.228479295944462,33.2979334027342
-9.167821269936429,27.682115880587865
-9.866934471482587,37.31673442662566
-9.626593819804752,20.63169958684676
-10.45638782286304,20.98878429639096
-10.068972136534594,33.465850046515826
-10.769130706757771,38.59436571998607
-10.822548001633105,36.66915348581493
-10.229617842666464,30.93066410111383
-9.707543727968956,37.424879126959546
-9.666327419615092,38.14609730811835
-9.750479182923407,24.043591501893573
-9.980203806027419,32.03486507724899
-9.055400755920196,36.66915348581493
-10.2856294625394,30.221990924441656
-9.05715736661341,32.585451779770615
-12.724622901336796,32.02921160100115
-11.390411437457486,24.75709700399736
-10.274072606935642,38.77222685532345
-10.221297080739369,25.975826758331387
-9.153841452244768,24.75709700399736
-9.740795722283528,27.20170607688317
-9.275222187561688,26.716134404846965
-10.017512384736582,26.55757221818568
-9.954132459097105,30.93066410111383
-10.584526386360926,38.296041677123725
-9.87072544679836,39.53053733424087
-11.762373421681662,26.111065750636296
-9.623649140591873,38.35574790404051
-10.792906356166494,34.24810373671474
-9.29631837977181,28.937925992166647
-9.284604242575487,36.66915348581493
-10.796416913746503,37.12391018969001
-10.979828052319036,33.2979334027342
-10.872799393117527,30.221990924441656
-10.59561570923621,23.89434844644075
-10.12507615957171,20.146641489655405
-10.308860257809695,34.78150641425992
-9.278713394623173,38.061462197476885
-10.343891354582853,27.23029492891736
-9.072119261795532,23.84441056974409
-9.99749818134908,20.63169958684676
-9.650472438319449,30.518765731198098
-10.186195716804841,38.14609730811835
-11.239191081270917,36.021807982956105
-10.052550050108115,38.59436571998607
-11.319232865416705,30.93066410111383
-10.277566862588529,33.190710519682085
-9.850861424950569,36.66915348581493
-9.529511668558122,37.424879126959546
-9.899234444330256,37.21455824969987
-9.60729731366569,26.111065750636296
-8.210014158216588,24.75709700399736
-8.998616184015921,36.59621121258517
-10.117086198273814,26.111065750636296
-9.892867151518512,38.296041677123725
-9.769210733344323,27.682115880587865
-11.212466530530243,20.63169958684676
-9.821117955320934,38.35574790404051
-9.963884493977568,25.442805384741487
-10.70773529589591,24.377349804657285
-10.713253321617966,37.21455824969987
-9.966951164301438,29.199819087564737
-9.915732129663564,24.48031723822925
-9.979162484858412,21.445839558321627
-9.612063959168342,21.445839558321627
-10.365405562693457,23.634277318491872
-12.214689191039987,24.82275449516596
-10.566054947364437,37.424879126959546
-9.407838168639335,30.09949130920913
-8.957684803005925,25.9568290114522
-9.612304881043688,36.3573875871551
-9.387331072603118,23.634277318491872
-10.646495124844531,36.18644355251131
-11.292344516488516,38.59436571998607
-9.794923873546377,28.937925992166647
-9.24285997907633,24.75709700399736
-11.523892890295201,24.48031723822925
-12.138388604890356,35.46200090328086
-11.171512821280032,35.43969589984596
-8.975152375507362,37.12391018969001
-9.25877260197686,34.0840234334754
-11.913030827496831,24.377349804657285
-11.99056437056817,25.46180534860576
-11.729905950833915,33.2979334027342
-10.112496161433722,25.91532590252785
-9.967801471435948,29.199819087564737
-12.484300509287127,25.91532590252785
-10.163563198446896,37.01842441720488
-11.12071517194237,27.11781509568906
-9.328434195607151,27.682115880587865
-10.242891783414933,23.634277318491872
-9.533324311384074,39.63041727705111
-9.95458537846962,33.190710519682085
-9.061191821674054,25.46180534860576
-11.83636120959467,35.47153369004087
-11.048037746669623,27.23029492891736
-11.347153241684467,25.6381268714252
-8.70120848337028,33.2979334027342
-9.22087798084018,33.190710519682085
-9.285561859168684,33.9596994808174
-11.276573656502567,33.2979334027342
-9.708783408601477,24.75709700399736
-11.601893989222182,32.585451779770615
-9.860234948796622,34.78150641425992
-9.843835844713084,37.12391018969001
-10.572544905287893,20.98878429639096
-10.345910066438282,34.78150641425992
-9.13944811969491,26.55757221818568
-11.567315770288541,30.88527758713494
-11.036799649584362,24.377349804657285
-10.27976365400421,20.12142523431465
-10.224583412182996,31.436060620423927
-10.19416693778968,34.59482682258063
-12.419353951532415,21.445839558321627
-11.26628063240242,38.14609730811835
-11.60958771076912,33.190710519682085
-10.464519503794646,30.88527758713494
-10.24780553595267,37.12391018969001
-10.701377884624291,20.98878429639096
-12.506409817642517,20.63169958684676
-11.759930074080579,26.111065750636296
-10.243297447831035,27.20170607688317
-9.818791307815214,39.70178544635895
-10.186589940733658,20.12142523431465
-10.731094784230303,20.12142523431465
-9.960626322035056,28.937925992166647
-9.737532124114727,25.6381268714252
-9.000267522652056,34.59482682258063
-10.295186843897898,24.043591501893573
-10.983729835227985,25.9568290114522
-12.442146287752301,36.66915348581493
-10.663187177021632,24.043591501893573
-11.03597390248596,34.87097908415335
-10.804933779084546,25.9568290114522
-10.031642738304136,22.876594638877435
-10.029992893739678,32.585451779770615
-12.022949477599768,25.975826758331387
-11.291018424553352,33.2979334027342
-10.024236267478932,25.9568290114522
-11.576770931027557,37.424879126959546
-9.421725018689576,24.043591501893573
-9.244151805981407,39.63041727705111
-11.478649612632424,39.53053733424087
-9.601273533240455,26.111065750636296
-8.721414536830434,20.12142523431465
-10.631053688356786,24.377349804657285
-9.467723181704793,34.78150641425992
-9.75503661473128,37.31673442662566
-10.340554835487826,28.179167977526696
-11.455707248655298,29.98075197420983
-9.52670477368727,23.634277318491872
-10.331404813145944,24.82275449516596
-9.508857686181331,27.682115880587865
-9.558758738322982,28.179167977526696
-10.662086612939955,30.88527758713494
-8.513714725137358,34.59482682258063
-9.669824250690256,26.111065750636296
-11.764934291574317,28.60821615898056
-9.234338545828312,35.48794104479353
-11.316085315760274,32.585451779770615
-10.610018529753255,25.975826758331387
-9.79185806516216,25.91532590252785
-9.822481105489409,35.48794104479353
-9.422499423127217,33.465850046515826
-9.492296397023836,36.59621121258517
-9.107777763791322,29.98075197420983
-9.696867619126602,30.09949130920913
-10.082666080445987,28.60821615898056
-11.832117518131552,30.221990924441656
-10.535941497196843,29.199819087564737
-12.349939130877807,20.12142523431465
-11.89440095452839,32.02921160100115
-11.09887164011603,32.02921160100115
-9.29048775432777,35.48794104479353
-10.239689410337732,34.78150641425992
-9.398495156738965,28.60821615898056
-9.51985510268806,36.36929448528463
-11.362431091506572,37.01842441720488
-9.825278080563832,23.84441056974409
-9.711456638854283,33.465850046515826
-9.457121463090903,32.02921160100115
-10.417132375366425,23.89434844644075
-11.693423226323425,39.689354456040704
-12.638975801623115,28.179167977526696
-9.461171334758724,29.0419683726385
-10.434778517870932,25.975826758331387
-9.58230855965826,24.48031723822925
-11.36206200067846,29.199819087564737
-9.480562479772685,38.296041677123725
-9.240448387340521,20.98878429639096
-9.395664468000092,26.111065750636296
-9.991024140749099,20.12142523431465
-9.430569280271536,27.66410460043495
-11.833543304420589,22.876594638877435
-10.759163386606888,20.98878429639096
-10.90053993550518,36.3573875871551
-10.007366653541023,37.31673442662566
-11.07096934517013,38.30479248816428
-10.248503049680311,39.53053733424087
-10.475207760038558,34.78150641425992
-9.472617426416843,32.585451779770615
-10.725080423523883,37.79198604260468
-10.506531142600863,23.634277318491872
-11.316292976355054,39.63041727705111
-11.090164762086104,39.16550782865332
-9.837530497951049,28.60821615898056
-10.092473782920962,25.6381268714252
-10.227634752658354,35.48794104479353
-9.499877636550806,20.98878429639096
-10.686243589144102,38.59436571998607
-8.656681089746284,24.48031723822925
-11.145045034169232,32.03486507724899
-9.574280452602178,20.63169958684676
-11.669051408797118,37.12391018969001
-11.83697813120897,37.21455824969987
-9.96941097606684,23.634277318491872
-11.514418598935002,27.66410460043495
-9.3456210037637,36.66915348581493
-9.724046255135164,33.2979334027342
-9.246881462862664,38.061462197476885
-9.852091740683433,34.78150641425992
-10.064522313830789,34.0840234334754
-10.244026046302219,33.2979334027342
-10.25803825473229,32.02921160100115
-10.110200501720259,20.63169958684676
-9.783931891747526,34.87097908415335
-10.504214094332553,23.634277318491872
-10.141602286213136,37.01842441720488
-8.768218733047355,36.59621121258517
-10.13594463493863,26.28022836679576
-8.308395981443638,25.91532590252785
-9.347334010664698,27.20170607688317
-9.67178011963339,23.84441056974409
-10.125196874435467,36.18644355251131
-9.067462890651974,21.445839558321627
-10.698052156156301,24.377349804657285
-10.780781970371839,25.975826758331387
-9.566338840892909,25.46180534860576
-11.287020626085997,30.88527758713494
-9.705643604776414,37.79198604260468
-9.858051672354597,37.424879126959546
-9.650417658272422,34.59482682258063
-9.596980564043257,26.55757221818568
-10.018149255992475,28.60821615898056
-9.544479766007282,38.061462197476885
-10.776387505439082,30.93066410111383
-12.259455445310294,20.12142523431465
-9.20886865274426,27.682115880587865
-10.1099125708964,23.89434844644075
-10.14279084052352,34.87097908415335
-9.513543830702595,28.179167977526696
-8.92543477087839,34.87097908415335
-11.286535989048293,37.21455824969987
-10.336605236214753,25.975826758331387
-10.574036951755113,34.24810373671474
-10.158127251145057,38.35574790404051
-11.4778397237463,27.66410460043495
-9.947673560303718,25.6381268714252
-9.944710203782048,35.48794104479353
-9.095094030201622,25.9568290114522
-9.521586721854614,38.59436571998607
-10.53982984200605,36.18644355251131
-10.182620294655472,34.0840234334754
-10.28934573538581,38.14609730811835
-9.542534155201723,37.12391018969001
-11.452983844955433,33.465850046515826
-10.913401623900691,35.46200090328086
-11.776644265178343,37.01842441720488
-9.59649601351595,26.716134404846965
-8.629679696475211,34.78150641425992
-12.1403507645541,27.23029492891736
-11.182605011728684,35.46200090328086
-11.770611089293505,30.221990924441656
-9.86179427411541,39.689354456040704
-10.723228352565677,31.436060620423927
-10.598166894530099,20.146641489655405
-11.141752223323262,38.30479248816428
-10.394673545090527,27.20170607688317
-9.796157304918495,35.43969589984596
-10.196654175548144,23.634277318491872
-10.20457878833499,39.70178544635895
-9.621218929602048,36.18644355251131
-10.629294582118707,32.14515376327497
-9.339841664956108,29.98075197420983
-10.696309529677224,35.43969589984596
-8.582268341995643,24.75709700399736
-9.292605038941087,26.111065750636296
-12.78790037497549,31.436060620423927
-9.253769917042474,35.43969589984596
-8.284606624888177,32.03486507724899
-10.973418178268616,25.91532590252785
-9.735636140390943,29.98075197420983
-10.992329758518164,38.30479248816428
-10.73230382690097,33.190710519682085
-10.006929060107534,38.296041677123725
-11.34146903350863,23.84441056974409
-9.926139877973252,25.442805384741487
-11.592884985293907,37.12391018969001
-10.860650812078907,34.59482682258063
-9.294450625513909,24.377349804657285
-9.53578932539186,38.061462197476885
-11.03400014442434,36.021807982956105
-9.243411594410654,35.48794104479353
-10.041381952128539,30.518765731198098
-11.669805530623453,26.111065750636296
-9.537144899935214,35.47153369004087
-10.428778330561174,34.24810373671474
-10.487787362393705,33.2979334027342
-10.212332601368015,32.03486507724899
-9.145113185484481,25.46180534860576
-10.019545341845536,27.23029492891736
-9.775999620320356,25.6381268714252
-9.463984445990036,31.436060620423927
-11.583016628361467,35.46200090328086
-10.249176167658284,37.424879126959546
-11.030087960506858,33.2979334027342
-10.18455619309127,25.9568290114522
-9.441878948498942,36.59621121258517
-10.018504310382744,34.24810373671474
-9.822874664155275,30.09949130920913
-9.613718251836763,23.84441056974409
-11.342043608851174,26.28022836679576
-8.88665575099707,33.2979334027342
-9.285120797421548,29.199819087564737
-10.636115068296876,34.24810373671474
-10.49885722973731,39.70178544635895
-9.878289349930663,29.0419683726385
-11.69892061013881,27.66410460043495
-9.92624999451982,39.689354456040704
-9.612471432437909,27.20170607688317
-9.51463885886486,31.436060620423927
-9.360019428074912,36.66915348581493
-11.311689514267638,21.445839558321627
-10.140698343664086,27.66410460043495
-9.486842378388834,20.146641489655405
-9.305661767367361,28.937925992166647
-10.822480317175193,38.59436571998607
-11.738929014598918,24.48031723822925
-11.31889374781294,34.78150641425992
-9.491651796154832,36.895008747355305
-12.188711946963426,36.021807982956105
-9.02475595426335,24.48031723822925
-9.336688130208723,27.11781509568906
-9.519800820894122,37.01842441720488
-10.307713747525932,34.24810373671474
-10.224888565744264,23.84441056974409
-10.982170799316478,38.59436571998607
-11.912576904362258,27.682115880587865
-9.817522011884162,28.60821615898056
-11.0818612785644,33.465850046515826
-11.01959342565756,21.445839558321627
-9.813567397355847,27.66410460043495
-11.332214918923114,38.061462197476885
-9.930870858657478,36.895008747355305
-10.169157714168094,26.28022836679576
-10.492440688412843,34.0840234334754
-10.235420561475541,36.021807982956105
-10.429124460314352,20.63169958684676
-9.47261115340988,29.98075197420983
-9.958408927226598,37.31673442662566
-9.216942540894106,38.14609730811835
-9.593378043237607,36.59621121258517
-10.190927574373145,37.424879126959546
-10.61130398916439,38.35574790404051
-12.255218375336359,32.02921160100115
-9.57664646597349,33.9596994808174
-11.74283834672664,37.79198604260468
-10.172458005826734,22.876594638877435
-9.742013597426968,35.43969589984596
-10.148641931694009,37.12391018969001
-10.268371421697534,24.48031723822925
-9.806660493624106,30.09949130920913
-11.069052756499204,27.20170607688317
-10.667775120285754,39.53053733424087
-11.840391981867867,29.0419683726385
-10.748054560323304,38.30479248816428
-8.886479640735416,28.937925992166647
-9.780587576168049,38.77222685532345
-8.69071745076787,29.0419683726385
-9.061127366905895,37.21455824969987
-8.675637997949487,30.518765731198098
-11.260196896090378,35.30285648719705
-12.055754536986818,20.146641489655405
-9.137894605871523,38.296041677123725
-8.957189950288484,36.3573875871551
-11.228605982626888,36.66915348581493
-11.112397043032146,37.01842441720488
-9.78644184248696,38.59436571998607
-8.656651116833418,32.03486507724899
-9.792808546210082,35.46200090328086
-10.33974612813251,38.35574790404051
-9.820336972592349,27.20170607688317
-11.368652097763466,32.03486507724899
-9.814190963101181,37.424879126959546
-9.658080640060025,38.35574790404051
-9.35266227590375,23.84441056974409
-10.42572999435642,39.53053733424087
-10.922492113103761,34.24810373671474
-9.24656657571964,37.31673442662566
-9.563362581216467,37.79198604260468
-9.856287708641272,29.98075197420983
-10.099052431405031,30.221990924441656
-10.814126871807417,32.03486507724899
-9.902383660252584,32.02921160100115
-11.240280440975043,27.23029492891736
-9.527521767017118,26.716134404846965
-9.539111513012717,24.48031723822925
-11.50169813414724,29.199819087564737
-10.202147949774425,33.2979334027342
-10.15034302868655,37.21455824969987
-10.60171750226175,24.75709700399736
-10.201187426437636,34.0840234334754
-10.985711805108247,20.146641489655405
-9.843455648377809,24.043591501893573
-12.872738234889786,30.019946390682776
-10.427771257673033,36.66915348581493
-10.438178656611589,38.59436571998607
-8.89225937271064,26.28022836679576
-10.492404972487266,23.634277318491872
-10.933680316870438,37.12391018969001
-11.30313570886622,38.30479248816428
-10.378504862701995,26.111065750636296
-11.744180426503563,25.442805384741487
-9.673192930004543,22.876594638877435
-11.25721133054749,22.876594638877435
-10.056814168321896,23.89434844644075
-10.002570109832302,28.179167977526696
-11.388547432537084,33.465850046515826
-9.701964504924641,34.59482682258063
-9.342115754879242,25.9568290114522
-10.481344483174059,39.63041727705111
-11.62989179331705,29.0419683726385
-9.518828659809522,33.9596994808174
-13.441702420229326,25.975826758331387
-11.313016390975642,33.465850046515826
-10.37908494435603,27.11781509568906
-10.817271521049648,30.88527758713494
-11.018971298786958,35.48794104479353
-12.16125927763094,24.377349804657285
-10.142850712648475,24.82275449516596
-8.624330093421898,33.2979334027342
-10.478384128452507,36.18644355251131
-10.632011010156216,25.91532590252785
-10.349322521458815,32.02921160100115
-10.676874789177646,37.424879126959546
-9.167117032243246,36.59621121258517
-10.042504200130374,37.424879126959546
-10.610822672358307,28.60821615898056
-11.110776703474842,37.79198604260468
-10.816250417044923,33.190710519682085
-10.783383355849612,38.30479248816428
-10.340302046849912,31.436060620423927
-10.223293387528875,20.146641489655405
-11.406639185759243,25.91532590252785
-9.528904222337903,36.021807982956105
-11.477486452282125,33.9596994808174
-9.997483187868927,30.93066410111383
-11.154022290322391,34.24810373671474
-11.17812053368739,36.895008747355305
-9.923288916560558,28.937925992166647
-10.374016904535617,33.190710519682085
-11.521397530848914,38.59436571998607
-9.970701887984884,36.021807982956105
-8.953805163063336,20.63169958684676
-10.971302613499466,39.70178544635895
-9.894411112297984,37.31673442662566
-11.854262451703814,35.30285648719705
-10.257442932922618,38.296041677123725
-9.99747940218679,30.88527758713494
-11.107373065468476,38.35574790404051
-9.162323028770311,27.23029492891736
-10.578525116206041,32.02921160100115
-10.750208856522391,38.14609730811835
-9.007711079361297,28.937925992166647
-9.68087210569712,38.30479248816428
-11.586140998366405,32.03486507724899
-11.686485499704318,37.31673442662566
-11.540218908567791,34.59482682258063
-10.242271981586086,24.75709700399736
-12.038247020891703,25.9568290114522
-10.587291099735074,36.3573875871551
-8.751450093282681,25.975826758331387
-9.9009604271566,26.111065750636296
-10.469428876260821,38.30479248816428
-10.878738945906422,25.975826758331387
-10.751906440401353,36.18644355251131
-9.316990240523364,27.23029492891736
-9.817675811288801,36.36929448528463
-10.496875461400517,22.876594638877435
-11.246804058968706,28.179167977526696
-11.018289430117054,25.975826758331387
-9.580498898120243,30.09949130920913
-10.808012419138183,38.77222685532345
-12.779196046340378,27.20170607688317
-10.456275286741576,25.91532590252785
-11.027134169902304,32.14515376327497
-10.85387923063416,20.146641489655405
-8.549155341487035,36.895008747355305
-10.435295020536746,24.82275449516596
-10.249101044033443,36.3573875871551
-11.584139272691045,26.111065750636296
-10.461160108639366,30.019946390682776
-9.608489660321762,32.02921160100115
-10.235614208956937,38.59436571998607
-8.768641652266123,27.11781509568906
-8.99054138577705,35.47153369004087
-9.390123510302153,35.43969589984596
-9.853037960329495,38.35574790404051
-9.171556779633875,25.46180534860576
-9.153306115738497,33.2979334027342
-9.804490675375357,35.30285648719705
-9.691843570056495,28.179167977526696
-9.635464708458727,24.75709700399736
-10.552874767897478,39.689354456040704
-9.999610722909305,27.66410460043495
-10.138356621059723,25.442805384741487
-9.884690330298668,33.190710519682085
-9.639244340462891,32.14515376327497
-12.788249154340035,32.14515376327497
-9.190897254344359,30.09949130920913
-10.665786460200989,38.77222685532345
-10.754121143792771,38.77222685532345
-9.430928378187026,30.221990924441656
-10.20487647570347,34.87097908415335
-9.659496139819051,37.79198604260468
-9.458337722119822,25.442805384741487
-11.216514320528262,38.35574790404051
-10.28469481710285,39.16550782865332
-12.220061607295298,37.424879126959546
-10.47822848146247,37.12391018969001
-12.049263177263846,25.6381268714252
-9.467508342033874,28.60821615898056
-9.781593320294144,27.23029492891736
-9.99066470765021,25.6381268714252
-10.21441576004684,23.84441056974409
-10.162623956238859,24.377349804657285
-10.377117697282912,38.30479248816428
-10.341176333848685,30.019946390682776
-9.914598216542572,24.043591501893573
-9.210602341166167,24.48031723822925
-10.980338189680797,39.16550782865332
-9.336110424206453,37.31673442662566
-9.258917669161171,30.019946390682776
-9.54422547667037,36.895008747355305
-10.152558416879913,38.59436571998607
-9.566219103502466,33.190710519682085
-10.900926992746795,38.061462197476885
-9.973838143487423,20.146641489655405
-10.351412955820866,36.18644355251131
-11.316406260626806,20.146641489655405
-10.940603920193283,38.77222685532345
-11.977524367500717,30.93066410111383
-9.264114444275505,29.0419683726385
-9.442252776356915,35.47153369004087
-9.974842412365083,26.28022836679576
-9.877223491787227,33.465850046515826
-8.91849683196386,20.63169958684676
-9.556823508097162,30.221990924441656
-11.720660562273263,32.14515376327497
-12.000499363350233,24.043591501893573
-9.823579834693163,29.199819087564737
-9.994237546437244,25.46180534860576
-10.632988933463778,25.442805384741487
-11.039340977956396,26.111065750636296
-9.740423898803604,23.89434844644075
-9.224260758830582,25.9568290114522
-9.086190860478839,35.30285648719705
-10.409090754044595,36.021807982956105
-10.725253437732597,37.01842441720488
-9.729145285995646,20.12142523431465
-10.109974853641194,39.70178544635895
-10.397391499003689,30.019946390682776
-9.722419800726621,28.179167977526696
-9.431017053556612,36.66915348581493
-9.301758735516351,32.02921160100115
-10.301525818804986,31.436060620423927
-9.379448239830909,36.36929448528463
-11.531952352425526,27.23029492891736
-12.100847611272684,36.36929448528463
-8.632653840412354,20.63169958684676
-9.633778723387522,21.445839558321627
-9.021791104141485,23.84441056974409
-10.753821859335291,23.634277318491872
-9.987409141227033,28.60821615898056
-9.743062607223322,33.2979334027342
-10.667531826625899,38.14609730811835
-9.195623920483374,35.43969589984596
-9.287575813947955,36.36929448528463
-10.859802754761622,28.179167977526696
-10.691177151813179,39.70178544635895
-10.618449571743863,35.47153369004087
-10.102856928943684,36.59621121258517
-11.060970170271602,30.09949130920913
-9.981825059486185,27.20170607688317
-10.797872505180138,36.66915348581493
-11.1919417849245,24.75709700399736
-10.05429037069968,34.0840234334754
-9.79556349015397,38.061462197476885
-9.709884240781387,33.9596994808174
-9.087213401035262,30.221990924441656
-11.234045802718818,26.28022836679576
-10.1093367095208,30.09949130920913
-8.667626420449775,38.296041677123725
-8.939951380047317,37.21455824969987
-9.675925708200737,26.28022836679576
-9.435373551393079,30.019946390682776
-9.49968768012738,28.179167977526696
-9.093441729561118,24.82275449516596
-10.924176694012191,36.59621121258517
-9.57043971893387,35.30285648719705
-9.386849983506705,36.36929448528463
-11.71318501069157,32.03486507724899
-9.48730418227354,25.9568290114522
-11.886816887537275,32.585451779770615
-9.826080719265478,37.01842441720488
-9.746468066298297,25.442805384741487
-9.406864232256293,36.3573875871551
-11.248815082207399,24.75709700399736
-10.320723178074475,32.585451779770615
-9.600703472893219,25.442805384741487
-9.817357099865188,31.436060620423927
-13.297140974905012,30.019946390682776
-11.521375914252255,25.91532590252785
-10.66338970385337,26.55757221818568
-9.912862041398087,39.63041727705111
-9.69035512463374,37.31673442662566
-10.974476540987913,24.043591501893573
-10.848389215383838,34.24810373671474
-9.148192009857638,29.199819087564737
-8.961329202055168,21.445839558321627
-9.361816416332902,34.59482682258063
-10.375079626697376,20.98878429639096
-11.383665893363396,37.79198604260468
-10.340440358801901,32.03486507724899
-9.710375600812629,28.179167977526696
-10.374323052723495,35.43969589984596
-9.789396160226818,35.43969589984596
-9.266330793102576,25.442805384741487
-10.456938512008918,36.66915348581493
-10.88021682147265,39.63041727705111
-10.20926852574214,26.111065750636296
-9.606733161756893,30.221990924441656
-9.58528114856334,39.63041727705111
-9.79600014211934,30.93066410111383
-10.493059390157546,37.21455824969987
-9.526423541957625,27.20170607688317
-9.682411802650623,30.93066410111383
-9.947120949309427,32.585451779770615
-10.01870648291364,33.2979334027342
-10.334121868706285,38.77222685532345
-10.299344268155116,37.424879126959546
-9.714118795701323,33.2979334027342
-10.150084441364829,37.21455824969987
-10.391662370234553,24.82275449516596
-10.790717429992913,24.75709700399736
-10.192238283962153,32.02921160100115
-10.480972994340316,28.937925992166647
-11.00841002832693,25.975826758331387
-10.570395766759109,37.424879126959546
-9.822496222725373,24.82275449516596
-10.43962791497887,35.47153369004087
-9.340349474728871,24.75709700399736
-10.55250652302599,37.424879126959546
-11.38286488867859,39.16550782865332
-9.441020655354311,38.59436571998607
-9.475351379485613,38.296041677123725
-10.264658716878596,20.98878429639096
-9.56951986189625,25.442805384741487
-9.709855549857924,20.146641489655405
-9.956881240569317,38.30479248816428
-10.54049891363536,38.061462197476885
-9.223473159343794,33.9596994808174
-9.214845121909505,20.146641489655405
-10.402372013622264,39.16550782865332
-9.996382206692996,27.23029492891736
-10.589414547457428,27.20170607688317
-10.876171420455188,39.63041727705111
-9.764984202854071,35.30285648719705
-10.947985387322287,27.66410460043495
-11.638576199372988,20.63169958684676
-11.228480670165276,35.46200090328086
-11.3415824337849,37.01842441720488
-9.749212453590157,33.190710519682085
-10.68320835350151,30.88527758713494
-9.811527969266024,23.89434844644075
-11.935721458864773,32.14515376327497
-10.118260380249202,25.975826758331387
-9.253974615655798,28.60821615898056
-10.338980055032575,39.70178544635895
-9.958977016120567,23.634277318491872
-11.321109141730265,20.12142523431465
-11.697425256022024,27.11781509568906
-9.074958783548336,24.48031723822925
-9.739131335838842,20.98878429639096
-13.432524870737403,20.98878429639096
-10.306669396662786,30.88527758713494
-9.968542571219889,20.98878429639096
-10.912266532516622,25.46180534860576
-9.065248094698717,35.46200090328086
-8.928312981062858,26.55757221818568
-9.326265859417482,28.179167977526696
-10.637050083706228,36.021807982956105
-10.000946965597205,32.02921160100115
-10.26356609936119,34.24810373671474
-9.39220280974454,20.63169958684676
-10.004962714022712,20.12142523431465
-9.109446962341444,26.716134404846965
-11.440036708199814,39.53053733424087
-9.903036721827423,30.019946390682776
-9.788833580091387,37.01842441720488
-9.726261501617078,24.75709700399736
-9.203214289812639,30.09949130920913
-11.928414154814721,25.442805384741487
-9.198122206976176,20.63169958684676
-11.914852009597947,22.876594638877435
-9.4101544981586,21.44583955832163
-9.404386903720495,29.0419683726385
-10.423345621040006,37.12391018969001
-9.810548382611538,37.31673442662566
-9.963612972820528,25.975826758331387
-10.710918330465423,38.77222685532345
-10.402258375707932,24.48031723822925
-9.831763856448676,36.36929448528463
-9.46900780694948,39.70178544635895
-9.819149344161087,34.0840234334754
-10.237935466915419,30.019946390682776
-10.454545371376259,30.09949130920913
-11.515370954759717,30.88527758713494
-9.634203783676034,34.87097908415335
-10.76779160762177,34.24810373671474
-11.519207206069487,27.682115880587865
-9.976849801733506,24.48031723822925
-9.776146187248454,25.6381268714252
-9.83159479853003,27.20170607688317
-11.64556743342712,37.424879126959546
-9.727922110025792,36.3573875871551
-10.463619940033468,38.77222685532345
-9.363984375416722,27.66410460043495
-10.132420436559071,39.63041727705111
-12.218104199615148,24.377349804657285
-10.745501423828667,39.63041727705111
-10.490506403312189,30.518765731198098
-9.220822853978577,39.53053733424087
-9.69007893069568,28.60821615898056
-10.258687046542942,38.35574790404051
-10.769385829966302,38.296041677123725
-9.75271814530265,38.30479248816428
-9.495462622778142,36.59621121258517
-10.747704222842843,30.019946390682776
-10.103544049598614,32.585451779770615
-10.36568879063196,27.23029492891736
-10.400568546202347,26.111065750636296
-9.606929233553736,23.89434844644075
-10.716516736498766,32.585451779770615
-9.668150762978177,28.179167977526696
-10.137625450282169,20.98878429639096
-11.926932725777394,20.98878429639096
-9.316612875702573,24.48031723822925
-9.82509053444993,32.585451779770615
-9.553541424482301,38.30479248816428
-9.683338880330423,20.146641489655405
-10.207438037232526,34.24810373671474
-9.459751046209105,32.03486507724899
-9.860107459472934,28.179167977526696
-10.15468946497581,30.019946390682776
-9.148650833289071,28.937925992166647
-10.589705528660476,26.55757221818568
-11.137569414037499,34.24810373671474
-10.195040087303049,30.09949130920913
-10.467288643747453,20.12142523431465
-9.727678523461016,36.3573875871551
-12.043286120664922,26.111065750636296
-10.216571624352559,24.75709700399736
-9.989051092601192,35.47153369004087
-10.517181948987572,37.79198604260468
-8.889690352179041,33.2979334027342
-9.209392543596014,26.111065750636296
-10.650816214715697,39.63041727705111
-9.552934925656167,38.061462197476885
-9.474375271255902,34.59482682258063
-10.56203374335495,38.30479248816428
-10.475557801258061,20.12142523431465
-12.67269527186381,29.98075197420983
-10.857749886223548,37.424879126959546
-10.87183112352303,25.6381268714252
-11.412804239876904,35.30285648719705
-11.174452269903327,38.30479248816428
-9.686935401345353,28.179167977526696
-11.785748713695423,35.47153369004087
-9.214812001714915,27.11781509568906
-9.345769766084238,26.28022836679576
-10.074668424109422,22.876594638877435
-10.651907033687417,23.89434844644075
-10.360199812233256,29.0419683726385
-10.16810625472496,37.79198604260468
-9.852953446064529,37.31673442662566
-11.115925492440311,28.179167977526696
-11.736498899833848,34.59482682258063
-9.784177793845306,37.21455824969987
-9.927133077525237,36.021807982956105
-8.672367224473334,28.937925992166647
-9.008014351157827,37.31673442662566
-10.842410628018921,32.03486507724899
-11.9381060481881,30.88527758713494
-10.891903271793606,22.876594638877435
-10.947791119110786,27.682115880587865
-9.156299646607142,23.84441056974409
-11.397360989953565,23.89434844644075
-10.149954825985278,24.377349804657285
-11.837645666293895,28.937925992166647
-13.07327482935025,29.199819087564737
-8.99937561352743,34.59482682258063
-11.483436150328243,23.89434844644075
-10.093341021058933,36.18644355251131
-10.211680579568663,39.63041727705111
-10.16973566646997,35.46200090328086
-9.726818888583958,38.35574790404051
-10.057075382202418,33.9596994808174
-9.300342447023498,35.46200090328086
-10.025957999349584,25.9568290114522
-11.053631268390623,34.87097908415335
-11.561118145003642,38.35574790404051
-10.554382665178426,29.0419683726385
-11.428190838229769,37.79198604260468
-11.36923311513993,30.019946390682776
-10.866169391823746,38.35574790404051
-10.072954446031595,36.59621121258517
-11.52886226566956,35.48794104479353
-11.270075016912589,38.30479248816428
-9.823356153472927,33.9596994808174
-10.325767972083984,36.3573875871551
-10.802566858913174,36.3573875871551
-10.15220834165919,39.16550782865332
-8.967879634179889,21.445839558321627
-10.032842028281825,34.59482682258063
-9.33639861401129,38.296041677123725
-11.153026160674623,26.28022836679576
-11.058036316945078,26.111065750636296
-12.03401453417423,30.09949130920913
-10.259660547164483,36.3573875871551
-9.371273016212566,39.70178544635895
-11.267921485369703,26.111065750636296
-8.604057994951605,26.28022836679576
-9.99873997317046,30.019946390682776
-10.193978968560419,37.01842441720488
-9.736228767430946,28.179167977526696
-9.971910849013888,21.445839558321627
-11.790540601181679,25.975826758331387
-9.056497194715309,33.465850046515826
-9.745723749570136,36.3573875871551
-10.959132722524135,28.60821615898056
-9.129509607819237,35.47153369004087
-10.416953037981163,38.77222685532345
-8.47910220890485,27.11781509568906
-11.129008603543666,34.24810373671474
-9.84999213606081,34.87097908415335
-8.95039414849865,29.98075197420983
-10.44066937831188,23.634277318491872
-10.051289975802087,38.77222685532345
-10.470332255098592,35.30285648719705
-10.183865188938583,35.48794104479353
-10.09985333762353,38.35574790404051
-10.542021684303732,39.63041727705111
-10.129296730227047,39.53053733424087
-10.701021187536345,35.47153369004087
-9.167875822947362,34.0840234334754
-11.449903773669426,39.70178544635895
-9.798765287961006,36.59621121258517
-10.435683463238918,24.377349804657285
-11.067488497555857,38.14609730811835
-10.17793122713819,36.895008747355305
-11.3083033489042,37.79198604260468
-10.96237827286249,34.59482682258063
-9.648628878990456,23.634277318491872
-10.109019819513357,25.442805384741487
-9.946043455191818,35.47153369004087
-10.703347136516795,27.66410460043495
-10.513636927491433,38.35574790404051
-10.232302813183704,26.716134404846965
-9.660533201737614,24.48031723822925
-9.823048477817338,32.14515376327497
-10.173933975075268,36.36929448528463
-10.382142374328957,27.20170607688317
-9.933991976648615,33.9596994808174
-11.522315092026702,27.20170607688317
-8.560000903715897,23.84441056974409
-10.425680363229096,26.55757221818568
-9.58868022445969,20.146641489655405
-11.260010675546713,32.03486507724899
-9.396910941863634,26.28022836679576
-9.177676661294878,23.89434844644075
-10.432420687558214,29.0419683726385
-10.46042681290416,33.2979334027342
-10.787875973148203,37.31673442662566
-10.311606395717737,24.043591501893573
-9.789224987924364,35.47153369004087
-11.62634266563268,26.111065750636296
-11.471620798535547,36.18644355251131
-9.26931702270663,32.585451779770615
-10.211441039695302,20.98878429639096
-10.235305286046327,37.12391018969001
-9.496420569382755,36.59621121258517
-11.593685772046136,24.48031723822925
-9.379980411491283,29.199819087564737
-10.082313595394364,34.0840234334754
-11.193436204023014,28.937925992166647
-10.158629513981841,29.0419683726385
-11.339612693127615,27.20170607688317
-9.25796381391408,34.87097908415335
-11.009545917139743,35.30285648719705
-10.93663167900139,38.30479248816428
-11.078440364752328,34.78150641425992
-10.325855872863245,32.02921160100115
-9.34344304823714,25.46180534860576
-10.783410820853844,27.682115880587865
-8.91083267526945,25.46180534860576
-9.750172713057868,38.35574790404051
-12.19326356064532,36.021807982956105
-9.441223608009535,25.442805384741487
-9.364326434297075,37.12391018969001
-9.774495547323886,35.47153369004087
-8.50249333595206,27.66410460043495
-10.354449156175992,35.43969589984596
-9.727595237952183,35.43969589984596
-10.038908298449423,30.221990924441656
-8.857081220110805,26.111065750636296
-12.105810187019554,34.0840234334754
-10.219856782196414,38.296041677123725
-11.244649097761313,26.28022836679576
-11.90323653272521,36.59621121258517
-12.794313284421042,25.46180534860576
-10.825981577737736,30.88527758713494
-10.226120595703165,35.48794104479353
-10.392890022444945,38.14609730811835
-9.540037187184605,36.895008747355305
-9.488736799482432,20.12142523431465
-9.257266931008846,20.63169958684676
-10.812122529240844,27.11781509568906
-9.68454189500045,24.043591501893573
-11.988545162754859,30.019946390682776
-8.789815012633829,25.6381268714252
-11.566271221830267,34.0840234334754
-8.999419901687777,26.111065750636296
-11.96223524039025,39.53053733424087
-10.571828408612424,24.48031723822925
-9.429534395857933,33.2979334027342
-9.268261460718804,30.88527758713494
-8.51690230804182,27.20170607688317
-9.891850261397705,38.77222685532345
-9.594196842558514,24.48031723822925
-10.408771189469618,25.442805384741487
-9.427910997611665,27.11781509568906
-10.209966095322361,39.70178544635895
-9.542656927054502,39.63041727705111
-9.141442212908972,23.84441056974409
-10.135785731434753,26.55757221818568
-9.763167757885148,38.77222685532345
-10.852166225928485,24.043591501893573
-9.949673390280903,30.221990924441656
-10.327172442752074,38.14609730811835
-10.73743251060155,38.30479248816428
-11.46111951724291,32.14515376327497
-9.218246901903887,25.9568290114522
-9.444262311254096,26.716134404846965
-10.183879194566652,38.35574790404051
-9.908913929412691,34.59482682258063
-9.11069403123079,25.9568290114522
-11.151465610098743,38.77222685532345
-9.29613379120038,30.09949130920913
-11.225161691982372,37.21455824969987
-10.592625473846892,32.03486507724899
-11.126088970344389,36.36929448528463
-9.995291021496977,36.66915348581493
-9.722600357872471,30.93066410111383
-11.531709289037767,30.221990924441656
-11.219947008797323,39.63041727705111
-9.540864596873966,39.70178544635895
-9.70270615110499,25.975826758331387
-9.852952506398065,38.30479248816428
-11.374519958364175,37.31673442662566
-10.725194060461726,38.14609730811835
-10.406756161403067,30.518765731198098
-9.600164287752236,26.716134404846965
-9.678518124698329,29.199819087564737
-10.635184280236544,26.716134404846965
-9.856905908454774,30.221990924441656
-9.376227453444422,38.35574790404051
-9.644793880091246,29.199819087564737
-9.219720898546319,36.36929448528463
-10.595897897991579,36.18644355251131
-9.380074205714196,24.48031723822925
-10.95131719202308,39.70178544635895
-10.125923960716264,34.781506414259916
-9.24901632997566,25.46180534860576
-9.968768732109174,38.061462197476885
-9.749781340274586,35.48794104479353
-11.527854607769303,30.09949130920913
-10.232801260505846,37.31673442662566
-9.561181637513153,27.682115880587865
-8.232644243599331,27.20170607688317
-11.05748085292864,30.221990924441656
-9.969394449940031,34.24810373671474
-10.291516267841427,36.59621121258517
-9.134965606405835,22.876594638877435
-10.92062151569364,25.6381268714252
-9.036133415507042,27.11781509568906
-10.200754778458284,29.98075197420983
-11.798632355072105,39.63041727705111
-11.708527411534632,38.30479248816428
-9.343668040823326,30.221990924441656
-11.37772896543833,38.77222685532345
-11.986771421904145,32.03486507724899
-11.419728064986641,25.9568290114522
-10.297569609395001,39.53053733424087
-10.794602823165103,36.18644355251131
-9.78289945959154,26.111065750636296
-10.43759150988483,34.87097908415335
-9.08881700205658,35.47153369004087
-9.737730865596452,25.975826758331387
-10.01170895985811,32.03486507724899
-10.817132497732459,38.77222685532345
-9.341617931754891,27.682115880587865
-11.125082051822453,27.23029492891736
-8.916070883453324,28.60821615898056
-10.243726534724546,27.23029492891736
-10.48141206237047,30.221990924441656
-11.381957686794589,37.424879126959546
-10.652124159523458,36.021807982956105
-11.301823285974015,38.296041677123725
-9.237893218621885,25.9568290114522
-10.31925492017735,38.35574790404051
-9.814738227817728,21.445839558321627
-10.127475406844207,36.66915348581493
-10.392481719887218,30.221990924441656
-9.90479137671008,34.78150641425992
-10.911702601492678,28.179167977526696
-10.060471005314366,38.77222685532345
-11.291597821615193,20.98878429639096
-9.362652914514975,30.221990924441656
-11.687255325590426,29.199819087564737
-10.89925074432767,25.442805384741487
-9.693160152665715,26.55757221818568
-10.784099238967123,32.03486507724899
-10.573553015137906,30.88527758713494
-11.626816288507607,32.14515376327497
-11.369872863299893,35.48794104479353
-11.642927130819576,39.63041727705111
-12.486613881111268,34.24810373671474
-10.550816051312628,35.30285648719705
-9.057709185093607,30.518765731198098
-10.548207583798234,21.445839558321627
-10.838973874011877,32.03486507724899
-10.406557094517083,37.31673442662566
-9.466484541615495,23.84441056974409
-9.282068175027424,30.518765731198098
-10.914696200561405,34.0840234334754
-11.108546786190573,27.11781509568906
-10.56597254172065,39.70178544635895
-9.48599088905949,29.0419683726385
-11.110142101421077,39.16550782865332
-10.004742760192425,33.2979334027342
-9.736160111375497,35.30285648719705
-10.127938459645188,39.70178544635895
-8.93364571135837,32.585451779770615
-9.678982913752806,30.019946390682776
-10.304476401102896,26.55757221818568
-9.600277973004596,38.59436571998607
-9.926674250428388,27.11781509568906
-9.94988191848024,36.59621121258517
-10.13220853282418,24.480317238229254
-9.891274871776307,34.87097908415335
-9.482064407291517,23.89434844644075
-9.036517437018237,37.31673442662566
-9.942656149488478,37.79198604260468
-9.69773457731035,39.16550782865332
-10.063161385242603,27.11781509568906
-11.591901271633322,37.12391018969001
-11.580851344379642,33.2979334027342
-8.062079839672226,30.518765731198098
-9.455742195203774,23.89434844644075
-10.103522824967888,25.46180534860576
-11.239788043172428,39.63041727705111
-11.279154009538042,33.9596994808174
-9.746297137365776,27.682115880587865
-10.490615721313112,26.716134404846965
-10.591925780384784,32.585451779770615
-11.212206924522665,36.021807982956105
-9.924729758644958,38.59436571998607
-10.18725100017431,35.30285648719705
-9.483112225095107,24.82275449516596
-10.135532258153088,28.179167977526696
-9.23650956435653,35.46200090328086
-10.059780453846447,29.199819087564737
-10.009178339743691,34.78150641425992
-9.250279160475728,32.03486507724899
-8.894328259674326,23.89434844644075
-9.037301745469973,24.48031723822925
-10.339523016804106,36.18644355251131
-10.306334877742072,32.14515376327497
-9.88968828222736,37.21455824969987
-11.5006058072223,24.82275449516596
-9.2457580524681,34.87097908415335
-9.854287975027345,34.0840234334754
-10.225380208073364,37.31673442662566
-10.32965716488933,35.48794104479353
-9.87051953685269,39.689354456040704
-10.024602327203421,31.436060620423927
-10.154107854507,23.634277318491872
-9.66288237019026,30.518765731198098
-9.994339229010988,25.442805384741487
-9.799351634544902,20.146641489655405
-11.083738542102271,33.190710519682085
-10.948674457310283,38.14609730811835
-10.260887768971505,34.0840234334754
-10.5664871631543,37.424879126959546
-11.882593547724792,36.59621121258517
-10.454356132707499,33.465850046515826
-9.998842452327931,32.14515376327497
-10.407067768416546,33.190710519682085
-9.878463121688581,26.111065750636296
-10.845957152692947,26.716134404846965
-8.544246318992538,23.84441056974409
-9.456047771191722,37.21455824969987
-11.6525912288466,25.442805384741487
-9.642778020646706,26.111065750636296
-9.667456430268219,34.0840234334754
-9.99785966922894,35.30285648719705
-10.02483576542119,34.87097908415335
-12.818690696189377,23.634277318491872
-10.833528021660207,39.689354456040704
-11.514645399675208,38.30479248816428
-9.398557203128906,27.66410460043495
-9.667722380385705,30.09949130920913
-9.911269706937365,34.87097908415335
-11.355412858874956,30.518765731198098
-10.66141351961176,25.46180534860576
-9.666557454816287,37.424879126959546
-10.075312487932171,29.0419683726385
-10.367889855638955,27.682115880587865
-12.404577531272903,20.63169958684676
-11.934907077820483,27.11781509568906
-10.224475683157829,29.98075197420983
-11.772205458808997,35.46200090328086
-9.250142681663208,25.9568290114522
-9.091582150881006,35.47153369004087
-10.978536467875994,31.436060620423927
-10.944944846505592,29.0419683726385
-9.116046512364669,29.98075197420983
-10.614587636534997,30.221990924441656
-10.12216247865129,20.98878429639096
-11.043772248722007,32.14515376327497
-9.673000917744886,26.111065750636296
-11.160424398383817,25.975826758331387
-10.424254183052662,34.59482682258063
-8.737625653102784,25.6381268714252
-10.133562105193484,36.3573875871551
-9.72205427978122,35.43969589984596
-11.42241052571119,29.199819087564737
-10.142357428679592,33.190710519682085
-9.525964391408188,28.937925992166647
-9.386981375208165,32.14515376327497
-9.78988304638394,29.0419683726385
-9.464505465481611,30.518765731198098
-11.583363687403667,34.59482682258063
-9.477301647467467,23.89434844644075
-9.498622485541201,30.221990924441656
-10.109254165257095,37.21455824969987
-9.640897725833671,20.12142523431465
-9.924249829270192,39.53053733424087
-10.502028334091221,37.21455824969987
-11.086252310535798,34.0840234334754
-9.96846790310617,20.98878429639096
-12.680866608583344,27.23029492891736
-10.023105954403086,37.79198604260468
-11.779328914673261,28.937925992166647
-9.417828191624206,30.518765731198098
-9.668032085582258,24.48031723822925
-10.354900284843655,29.98075197420983
-10.541176871870862,32.03486507724899
-9.986111871550873,38.30479248816428
-10.83394075836356,33.9596994808174
-9.853800234119182,39.16550782865332
-10.421356104430654,38.77222685532345
-10.036587964905301,20.98878429639096
-12.095356385546825,28.937925992166647
-10.396088610145558,35.43969589984596
-9.523832568842865,39.53053733424087
-11.634084043198156,28.937925992166647
-11.203356525080377,24.82275449516596
-9.642340018305548,38.59436571998607
-9.955841560711383,23.634277318491872
-10.06487398594806,25.46180534860576
-11.129163578573081,27.11781509568906
-9.695530408789125,32.585451779770615
-9.68973782229453,36.59621121258517
-8.805342079887836,38.061462197476885
-11.695068116032699,23.634277318491872
-11.251352509940396,27.66410460043495
-8.80364721142312,23.89434844644075
-9.482500245675897,37.79198604260468
-9.583159464883698,30.019946390682776
-9.664665132656474,25.46180534860576
-9.631831968290761,20.63169958684676
-9.247485553457679,30.93066410111383
-9.227920917201963,24.48031723822925
-10.000637521980519,25.46180534860576
-9.986770377247892,36.66915348581493
-10.399442319303652,38.77222685532345
-10.38297923469596,24.043591501893573
-10.23383044568654,27.20170607688317
-9.152022404887116,24.82275449516596
-11.01105675431436,24.82275449516596
-8.653865828035219,30.518765731198098
-9.109975744390406,28.179167977526696
-10.371837922727352,30.221990924441656
-9.046510205546074,27.20170607688317
-11.462467826508933,29.98075197420983
-11.828937605221707,26.28022836679576
-9.268484043090208,34.59482682258063
-9.745594371843655,35.46200090328086
-11.165323308249642,25.91532590252785
-10.02136472894789,34.78150641425992
-9.508960325536412,36.3573875871551
-10.086846457950443,38.77222685532345
-9.304043498578757,34.87097908415335
-9.724347500388319,39.63041727705111
-8.846950860904284,26.111065750636296
-9.906751024602837,36.895008747355305
-11.174267327255505,28.937925992166647
-11.301152345862445,37.01842441720488
-9.429154832408146,37.424879126959546
-10.591678905237304,34.78150641425992
-10.320733593156827,30.88527758713494
-10.507886256846746,30.019946390682776
-10.55566803992052,28.179167977526696
-10.468225829083062,39.53053733424087
-10.755428114657612,39.63041727705111
-11.328461680077872,30.09949130920913
-10.09484134641259,38.59436571998607
-10.066009171253777,26.111065750636296
-9.213659282349191,20.98878429639096
-10.189469815750392,34.87097908415335
-10.251560030284015,25.9568290114522
-11.282628839865772,38.77222685532345
-9.04847316682681,23.89434844644075
-9.570071644430858,28.60821615898056
-11.811692338460196,35.43969589984596
-12.873915237579205,32.02921160100115
-10.655169335301988,29.98075197420983
-11.159520479250416,37.31673442662566
-10.272901004025316,39.53053733424087
-10.695993454872518,34.24810373671474
-10.990217238541,35.47153369004087
-12.294836142112702,39.689354456040704
-11.347947925663467,27.66410460043495
-11.84604436332722,30.88527758713494
-10.590092225880266,27.23029492891736
-10.494411749614622,30.221990924441656
-10.207022856447992,32.02921160100115
-9.463394007223073,38.061462197476885
-11.099372131274308,35.46200090328086
-10.27798430242538,39.16550782865332
-9.712925200626216,34.87097908415335
-10.324375906487296,36.021807982956105
-9.56894233018679,29.199819087564737
-9.746064413580081,26.716134404846965
-9.622332086443773,35.43969589984596
-9.949810580218145,31.436060620423927
-10.200711665460256,22.876594638877435
-9.186567511364313,37.21455824969987
-9.340078980518182,25.6381268714252
-10.913309065377945,38.30479248816428
-11.435033460963822,39.70178544635895
-8.689626847371626,37.424879126959546
-9.01037879466324,30.518765731198098
-9.68299452470633,20.146641489655405
-10.857737755902036,34.24810373671474
-8.810803629030572,26.28022836679576
-9.32785154363193,29.0419683726385
-10.025754872120999,32.585451779770615
-9.84615944393732,25.975826758331387
-9.657685228208097,36.021807982956105
-10.82367821850575,27.682115880587865
-10.397700352898543,33.9596994808174
-10.073240659620861,26.716134404846965
-9.626335952573658,28.179167977526696
-11.309644513944928,37.424879126959546
-12.435928415258598,20.98878429639096
-9.899266624096732,39.70178544635895
-10.528665084124304,30.019946390682776
-9.432293527255982,36.59621121258517
-10.263624205545225,24.043591501893573
-12.653522296888156,27.23029492891736
-9.79567424049294,32.02921160100115
-10.396720598973998,38.59436571998607
-10.439569765420037,34.59482682258063
-10.445151862019348,26.28022836679576
-9.720380205575111,32.585451779770615
-10.424480822210874,27.23029492891736
-10.480437978949015,27.682115880587865
-12.240138064902077,25.6381268714252
-11.080004611458904,38.061462197476885
-11.734566983512792,29.98075197420983
-9.259250005465752,31.436060620423927
-8.936937025083731,25.975826758331387
-11.35851028131118,24.48031723822925
-10.948716921665229,36.66915348581493
-9.822237992748981,24.75709700399736
-9.533465460898686,24.377349804657285
-9.453651081725205,33.190710519682085
-9.53419538685834,27.682115880587865
-12.41625840297982,33.2979334027342
-10.122000363420344,36.3573875871551
-10.377479977850209,30.518765731198098
-11.408639732226208,38.35574790404051
-10.316110662492113,34.0840234334754
-12.125611832675592,20.63169958684676
-10.553076730713418,20.98878429639096
-9.35956269761887,24.75709700399736
-11.076202027588835,20.12142523431465
-10.269342716618759,27.682115880587865
-10.069129267193786,21.445839558321627
-10.402751970215933,35.48794104479353
-9.262458839952709,22.876594638877435
-9.44875859306782,26.716134404846965
-9.55321709012053,20.63169958684676
-9.944895582713546,37.424879126959546
-10.037785448903373,20.146641489655405
-9.457961936064587,34.78150641425992
-9.004203394108128,27.20170607688317
-11.562579446030297,38.296041677123725
-10.684245897123514,31.436060620423927
-9.117738104909172,24.75709700399736
-10.503761057095414,34.87097908415335
-9.777118410492186,39.63041727705111
-10.065645875266698,35.43969589984596
-10.00399581287863,26.28022836679576
-9.349082604807377,24.48031723822925
-9.188556334020564,38.59436571998607
-11.912991601676053,26.111065750636296
-10.802185586306832,28.937925992166647
-11.053529463297064,37.31673442662566
-11.234799580747918,23.89434844644075
-8.917278471785021,33.465850046515826
-11.121891847835364,37.31673442662566
-10.11462680196659,25.442805384741487
-9.656190375724488,29.199819087564737
-10.969592410751918,34.24810373671474
-12.655679958101047,36.021807982956105
-8.83339918687919,33.2979334027342
-11.400244530764066,26.111065750636296
-10.854028397018647,39.70178544635895
-9.471804386711351,30.93066410111383
-11.267969038694046,39.70178544635895
-8.896059656913666,34.87097908415335
-9.95393014149337,36.18644355251131
-10.163226935890048,36.18644355251131
-10.688747941535574,37.79198604260468
-10.471874271267351,32.585451779770615
-9.632203272906825,33.9596994808174
-10.790805464601593,21.445839558321627
-10.294458481259742,38.296041677123725
-9.521707374230393,20.63169958684676
-11.948838469079693,26.111065750636296
-9.171202442116142,36.36929448528463
-9.453586193321328,35.43969589984596
-8.659646610980396,25.6381268714252
-12.000033731336298,35.47153369004087
-10.263867777861545,21.445839558321627
-9.60419629362994,30.09949130920913
-9.55117247789049,32.585451779770615
-9.609553794292768,34.78150641425992
-9.45993663342669,27.23029492891736
-9.79006205918514,30.221990924441656
-10.317944585008927,26.111065750636296
-10.221780382964038,30.93066410111383
-9.817843360385705,30.518765731198098
-9.60983807282319,25.9568290114522
-10.025887648906323,29.0419683726385
-10.387778027700893,25.9568290114522
-11.099142659102341,22.876594638877435
-10.327470560056424,33.9596994808174
-10.338464455606994,36.59621121258517
-9.65052388185497,37.31673442662566
-9.688847824430376,30.09949130920913
-10.019218692037235,24.48031723822925
-10.035231038511144,29.0419683726385
-8.993289919601214,20.12142523431465
-9.909258768803054,22.876594638877435
-10.168396239887013,29.199819087564737
-9.84309551401424,28.60821615898056
-11.043420770254514,38.59436571998607
-9.922277648461542,34.24810373671474
-9.745228643557075,25.442805384741487
-10.073115657232044,26.111065750636296
-10.316186760978782,32.585451779770615
-9.652606982402283,39.689354456040704
-10.374074207982094,33.465850046515826
-9.303640505317116,38.77222685532345
-9.489013873374233,20.12142523431465
-9.806472566668592,22.876594638877435
-11.138444779804647,21.445839558321627
-10.002205029248023,35.47153369004087
-9.678800501570741,21.445839558321627
-9.578256104135168,36.3573875871551
-10.774593805768234,29.199819087564737
-9.781893323778203,37.21455824969987
-11.05947253652049,35.43969589984596
-11.435193021165038,26.111065750636296
-9.980497433635113,26.111065750636296
-9.479100227050072,37.79198604260468
-11.07288698144558,26.55757221818568
-9.873095314515776,30.221990924441656
-11.524988111657914,35.43969589984596
-10.22834446966877,38.30479248816428
-12.687264867605382,25.46180534860576
-10.414005301228219,36.3573875871551
-11.094186784783135,29.199819087564737
-11.33681612305553,38.77222685532345
-8.657080561969284,25.6381268714252
-9.740332536722704,35.48794104479353
-11.271796375106558,30.93066410111383
-9.229432668512015,32.14515376327497
-12.091886367657029,31.436060620423927
-9.468410282139116,38.296041677123725
-8.932793895904934,28.179167977526696
-11.148873615996528,39.63041727705111
-9.845197814022251,35.46200090328086
-10.86864998129294,24.75709700399736
-11.60782084553162,33.190710519682085
-10.410473151830484,35.46200090328086
-12.282291457466375,23.84441056974409
-10.78491883889266,26.28022836679576
-10.08159358101866,20.146641489655405
-11.102006353355428,23.89434844644075
-11.547421792768102,21.445839558321627
-9.353492343286089,32.02921160100115
-10.348560546132177,32.02921160100115
-10.210509958594626,31.436060620423927
-8.176161521515606,29.98075197420983
-10.326951522611365,39.53053733424087
-11.837918357536694,30.019946390682776
-11.496796187232153,33.9596994808174
-9.330260267329475,25.9568290114522
-9.966956566420473,32.02921160100115
-10.749845456056061,25.91532590252785
-9.390974160750684,25.6381268714252
-9.19106262187594,23.89434844644075
-10.873239358224273,22.876594638877435
-10.253729785496215,23.634277318491872
-9.25475340106164,34.78150641425992
-11.891532929309026,20.98878429639096
-9.613038334776768,25.6381268714252
-10.302318039504478,26.28022836679576
-10.273027179661627,33.465850046515826
-9.405766555738158,25.46180534860576
-9.856732781172125,27.11781509568906
-9.832107757158395,34.24810373671474
-10.548725458131578,39.53053733424087
-10.160550489803242,37.01842441720488
-9.996110379518662,20.146641489655405
-9.387695304746158,20.146641489655405
-11.348332086468309,25.46180534860576
-9.476911654190104,37.21455824969987
-9.756761575169286,23.84441056974409
-9.348940537147778,39.16550782865332
-10.404695212283585,38.061462197476885
-10.106501004162224,39.63041727705111
-10.323417386682223,35.30285648719705
-10.809615834616,37.424879126959546
-10.167941334945795,35.30285648719705
-10.005970473221149,20.98878429639096
-9.884806302890642,36.021807982956105
-10.008056949822485,25.9568290114522
-10.595906630634621,20.146641489655405
-9.519843781397975,21.445839558321627
-11.162397235313293,34.78150641425992
-10.319163560176069,38.77222685532345
-9.914937863515656,24.75709700399736
-12.236194476686851,32.14515376327497
-10.362077020017987,32.02921160100115
-11.488623621776275,33.9596994808174
-9.498163317488284,32.02921160100115
-10.733412194442533,34.24810373671474
-9.667474014418186,28.60821615898056
-8.99078594157953,32.03486507724899
-9.957108367467157,22.876594638877435
-9.569920827056505,33.2979334027342
-9.497270635723787,32.02921160100115
-9.227083310579012,27.682115880587865
-10.928190551353229,24.75709700399736
-9.563034007335379,30.221990924441656
-10.582189640232853,28.60821615898056
-10.48749932810021,39.53053733424087
-12.127468417760028,35.30285648719705
-11.63588174002766,28.60821615898056
-10.081508908214044,35.46200090328086
-10.315483592248126,35.48794104479353
-11.462714860311458,30.019946390682776
-11.03932892061786,36.021807982956105
-10.098586518239522,33.2979334027342
-11.518802993197598,20.63169958684676
-9.794407693539192,32.03486507724899
-10.168003903396972,25.91532590252785
-9.658854535934019,29.98075197420983
-8.95054908388838,34.0840234334754
-9.720639535507177,28.179167977526696
-10.185161755647307,35.48794104479353
-11.57123998558609,38.14609730811835
-9.28446177043758,36.36929448528463
-10.503777811529329,35.46200090328086
-9.518291853219,34.0840234334754
-10.061986784875224,27.11781509568906
-10.822161186685898,36.59621121258517
-9.678514951527948,38.77222685532345
-9.939106039156922,36.66915348581493
-11.502846476655426,26.28022836679576
-9.72345755161715,34.78150641425992
-9.122719932808485,30.518765731198098
-10.617804033304443,30.88527758713494
-11.090821379776818,33.9596994808174
-8.796572486568458,37.31673442662566
-10.16683385340229,27.682115880587865
-9.943315045340587,27.11781509568906
-10.052620548947681,37.12391018969001
-9.463345766764466,32.585451779770615
-10.434065333605258,36.021807982956105
-9.794663949032648,39.53053733424087
-10.047958803982837,28.60821615898056
-10.211115984782781,38.35574790404051
-8.954804206255266,38.59436571998607
-11.474543265788984,27.11781509568906
-10.15018125809902,29.199819087564737
-11.200486526746364,31.436060620423927
-10.287474519584233,32.585451779770615
-10.97331733064924,36.59621121258517
-9.473410898665268,26.716134404846965
-8.956305704337673,28.937925992166647
-9.26777908006042,36.36929448528463
-9.518757805611877,30.88527758713494
-9.000612580514984,32.03486507724899
-10.049277631667147,25.91532590252785
-10.04101486866827,38.30479248816428
-9.650988291573842,35.47153369004087
-8.92121399785733,36.3573875871551
-10.656736085835373,27.23029492891736
-9.95591845058171,26.28022836679576
-10.961848449405561,29.199819087564737
-10.288075716023943,36.021807982956105
-11.782194901484427,39.70178544635895
-10.326798139555287,35.47153369004087
-11.16437106945587,24.377349804657285
-11.368746206086927,39.63041727705111
-11.990671504189876,25.46180534860576
-8.884148216420579,30.221990924441656
-11.334881411520048,30.88527758713494
-10.306422685016123,37.31673442662566
-9.986401531267807,38.061462197476885
-12.291555208238236,34.59482682258063
-8.544471187669101,34.87097908415335
-11.620693988206213,25.91532590252785
-10.038201829303366,39.63041727705111
-11.477019120399383,30.019946390682776
-10.326808823606703,24.377349804657285
-8.753110318409245,20.12142523431465
-11.458554057816656,36.59621121258517
-9.404213902206513,38.30479248816428
-11.181000826129857,33.190710519682085
-9.807988378618882,24.82275449516596
-9.072431779570252,38.296041677123725
-9.597319946250225,35.47153369004087
-9.500065611144173,38.35574790404051
-10.845186691869653,29.98075197420983
-9.588851816195335,24.82275449516596
-10.218793610609229,36.36929448528463
-9.731119781389268,26.55757221818568
-10.289983598213396,37.424879126959546
-11.76846745334385,20.146641489655405
-9.919300442103815,36.59621121258517
-9.330103312080766,24.82275449516596
-10.584426639873021,24.377349804657285
-10.557712295893868,38.77222685532345
-9.6274939201737,22.876594638877435
-10.575529994377554,25.6381268714252
-11.086879568176538,26.55757221818568
-12.066031927153281,36.59621121258517
-10.057700933237058,26.111065750636296
-11.160829524246498,24.377349804657285
-12.151831304951818,25.9568290114522
-10.968291929729725,25.46180534860576
-10.429937343579216,25.9568290114522
-9.626985994956375,39.70178544635895
-11.71976712539011,29.98075197420983
-9.42757093640719,20.12142523431465
-10.313069228533436,23.634277318491872
-10.916807329524184,26.55757221818568
-10.241001651159767,27.66410460043495
-11.409518909396944,29.199819087564737
-11.158160044850458,34.59482682258063
-10.779933824952186,25.975826758331387
-9.996514594708154,26.28022836679576
-11.331866103256699,26.55757221818568
-10.12263415891733,33.190710519682085
-11.30524393638461,35.46200090328086
-10.199212121061157,35.30285648719705
-10.118252977159313,37.31673442662566
-10.92303182095038,28.179167977526696
-9.919475376125686,34.24810373671474
-10.767482294836055,38.061462197476885
-9.392176103819974,36.59621121258517
-9.420544854277535,27.66410460043495
-9.93106142316435,27.11781509568906
-9.71370719404491,36.3573875871551
-10.248377521075554,38.35574790404051
-9.373492288225544,23.84441056974409
-9.913198885511056,32.02921160100115
-10.2477883200311,32.03486507724899
-10.882628683159945,26.55757221818568
-10.013890065002624,35.46200090328086
-11.678127505218917,20.63169958684676
-8.620049286348811,24.48031723822925
-8.585114547867327,24.75709700399736
-9.884509139431072,24.48031723822925
-11.74608084988538,38.14609730811835
-10.016141713631907,37.12391018969001
-10.864087717033662,38.296041677123725
-11.917722578719196,36.66915348581493
-9.505185817996349,38.296041677123725
-9.1586992600915,36.36929448528463
-9.560152278651636,23.84441056974409
-10.326252356959065,27.11781509568906
-11.656941207740262,38.296041677123725
-9.746554037865753,33.190710519682085
-9.833907313517463,32.585451779770615
-9.618664323962205,34.78150641425992
-9.763769618636603,36.66915348581493
-9.908226276495492,39.70178544635895
-9.594117341188062,37.01842441720488
-11.240512728384314,33.190710519682085
-10.389519924571594,25.6381268714252
-10.31444141878239,34.59482682258063
-12.279941232695194,27.682115880587865
-10.523218732333603,34.87097908415335
-10.247242922031019,38.30479248816428
-10.144431924446241,25.6381268714252
-8.694321036199229,34.59482682258063
-10.849968337917446,36.021807982956105
-9.104782673242171,34.87097908415335
-9.930125242178605,23.89434844644075
-11.192227883587261,38.14609730811835
-10.126304336822379,39.70178544635895
-10.613737678758635,20.98878429639096
-10.802401107872644,27.682115880587865
-9.347589073205377,28.60821615898056
-12.01108289832992,26.55757221818568
-9.770006886121067,22.876594638877435
-9.725181089285913,25.442805384741487
-9.841641234408012,35.30285648719705
-10.878970628514455,37.79198604260468
-9.317292491431152,27.682115880587865
-10.275580221144391,25.6381268714252
-10.243908515986686,33.465850046515826
-12.59806910970853,25.9568290114522
-10.830414200794834,28.60821615898056
-12.18518322687456,25.46180534860576
-11.291956679193508,37.79198604260468
-9.314404049170008,27.20170607688317
-10.904745007193881,36.18644355251131
-9.661630558034917,36.021807982956105
-9.414330834986023,36.3573875871551
-10.060416459094206,28.937925992166647
-11.434028465627915,37.01842441720488
-9.950249840718131,32.14515376327497
-9.880165139334869,26.28022836679576
-9.928067036126246,20.98878429639096
-11.962884995027773,33.2979334027342
-8.94882363695137,36.3573875871551
-11.568978533022712,27.20170607688317
-10.030315377442095,37.01842441720488
-11.65229387025591,38.296041677123725
-9.72136567781189,25.442805384741487
-10.358375541941342,27.23029492891736
-9.454718411049694,30.221990924441656
-10.904687653360412,36.18644355251131
-9.268343298480731,38.14609730811835
-11.122291236987849,24.48031723822925
-10.281364263270843,26.28022836679576
-10.866173161514798,28.179167977526696
-9.57475174121064,26.716134404846965
-10.07157451920778,27.11781509568906
-9.753653070976839,27.682115880587865
-9.774900090531386,39.689354456040704
-11.642468849322968,34.87097908415335
-10.179688510922414,39.70178544635895
-9.249160645324805,29.98075197420983
-10.582555933959632,25.975826758331387
-10.46042819087949,38.296041677123725
-11.425098513981734,36.59621121258517
-9.52420390129479,33.190710519682085
-9.972310755715153,38.59436571998607
-8.690331901293561,30.93066410111383
-10.203758315991356,32.02921160100115
-10.032236192459385,35.48794104479353
-10.27589461005121,32.14515376327497
-10.270994685216246,29.0419683726385
-10.68987422469237,36.36929448528463
-10.455272575170456,39.16550782865332
-10.495215773805379,28.179167977526696
-9.943273272656464,24.82275449516596
-11.63726759927718,30.09949130920913
-12.263698971470621,30.221990924441656
-10.060826222107703,30.88527758713494
-9.869283514593556,38.30479248816428
-10.376136674381657,29.199819087564737
-8.937427014658777,23.634277318491872
-9.500680053270631,36.895008747355305
-10.397448488887635,27.11781509568906
-9.821778058907077,26.111065750636296
-11.24536717162849,32.14515376327497
-10.745990378605423,24.48031723822925
-12.188621207232252,35.47153369004087
-9.62485277341956,29.0419683726385
-10.107888235406197,34.24810373671474
-9.78754829147461,30.518765731198098
-10.870456532773062,32.03486507724899
-12.75145477308685,29.98075197420983
-12.41528845519504,25.442805384741487
-9.705468855207563,30.518765731198098
-11.581492825186581,25.975826758331387
-10.2848954204407,35.43969589984596
-10.960041033292418,30.019946390682776
-9.756263539862722,27.682115880587865
-10.247703615521035,34.87097908415335
-9.242283678742954,32.14515376327497
-10.241669040828516,34.87097908415335
-9.971395228081153,23.84441056974409
-11.28646000625155,24.043591501893573
-8.917401228400058,25.442805384741487
-10.10040438824571,22.876594638877435
-10.161896222176733,35.47153369004087
-9.971287256633902,32.14515376327497
-12.013310147436286,24.043591501893573
-10.208185080158842,36.36929448528463
-10.521425518488908,36.021807982956105
-9.50408541242431,36.59621121258517
-12.568956844036432,24.377349804657285
-11.504879675534607,25.46180534860576
-11.18706375865329,37.01842441720488
-10.944037256278797,29.0419683726385
-9.903164334048505,24.75709700399736
-9.290584529269633,34.87097908415335
-9.828899395232781,23.89434844644075
-9.549898177526694,27.23029492891736
-9.606080242822854,34.87097908415335
-12.220311829937902,39.63041727705111
-9.280698071035472,32.14515376327497
-10.052373034790593,24.377349804657285
-10.180731513804696,30.93066410111383
-10.288883947702733,37.01842441720488
-9.627339707193892,38.061462197476885
-9.098179749555285,34.59482682258063
-12.35198321386795,29.0419683726385
-11.199513138312943,30.019946390682776
-8.5925013331309,21.445839558321627
-10.246578235074892,39.689354456040704
-10.127313530181636,28.60821615898056
-11.70950530416489,29.98075197420983
-10.757311187035091,27.682115880587865
-11.036577768112876,26.716134404846965
-10.055606291181203,25.9568290114522
-9.69725823825079,28.937925992166647
-10.587636794762474,39.70178544635895
-11.464537604641631,37.79198604260468
-9.194567812563145,35.48794104479353
-9.631200327695025,33.190710519682085
-11.088473628182493,23.634277318491872
-10.383050734086867,22.876594638877435
-9.068414459076767,27.20170607688317
-10.479530395908036,38.35574790404051
-9.50760292278771,39.16550782865332
-9.33260996790436,28.60821615898056
-9.655335936520864,20.146641489655405
-9.747346863977224,32.03486507724899
-8.750608586558938,36.895008747355305
-9.929602805378035,32.03486507724899
-9.851361280132995,34.24810373671474
-9.706199079440095,39.16550782865332
-12.239834772623823,30.019946390682776
-11.127883791177776,22.876594638877435
-9.30363970782708,39.53053733424087
-10.469911126629555,25.6381268714252
-12.058192142117653,20.98878429639096
-10.86095525424162,36.021807982956105
-10.908260885465904,30.93066410111383
-11.842967409348766,24.377349804657285
-10.933997222437064,24.377349804657285
-10.32951554653137,22.876594638877435
-10.082464455729294,38.77222685532345
-10.204701413448761,27.682115880587865
-10.169230310129418,39.16550782865332
-10.23607901951144,36.66915348581493
-9.490034012801832,33.190710519682085
-9.549928954034101,38.061462197476885
-10.387561882504741,36.895008747355305
-10.981703578585307,30.93066410111383
-9.644267703930073,21.445839558321627
-10.4681642632919,24.043591501893573
-9.723687198452673,26.716134404846965
-9.606470108643125,34.0840234334754
-8.675754712635836,33.2979334027342
-11.575640191256287,36.3573875871551
-10.656408922350355,27.66410460043495
-10.603010206957732,38.296041677123725
-9.264024889382844,38.35574790404051
-10.414256422062563,24.377349804657285
-11.506783714199306,34.0840234334754
-9.94527128106973,20.63169958684676
-11.000730118598462,37.424879126959546
-9.892397271225239,36.66915348581493
-11.751360716837436,34.0840234334754
-10.738428203766436,26.55757221818568
-10.87965032560004,29.0419683726385
-12.148291250118255,34.59482682258063
-10.197302826185998,30.93066410111383
-10.930419370610895,35.43969589984596
-10.367778713682101,36.36929448528463
