sal_4_lc2vs0_iate,sex
-28535.172231885124,2.0
-40917.13740829805,2.0
-44591.066538154744,2.0
-37923.123252297024,1.0
-51122.46640613159,2.0
-31548.459746523833,1.0
-35663.34597895253,2.0
-41972.841910345756,2.0
-31427.02869072528,1.0
-47156.29780902894,2.0
-54747.63659342422,1.0
-55038.99336016357,2.0
-54676.773585503404,2.0
-41367.010324434275,2.0
-34213.711539315605,2.0
-61488.227276058344,2.0
-29835.02617894834,2.0
-52789.09592102513,1.0
-34254.52893452231,1.0
-57814.8754599909,1.0
-54910.79622200837,1.0
-31963.19833393193,2.0
-37411.57875055263,1.0
-57925.49012985357,2.0
-54445.00756092029,2.0
-56474.119908445515,2.0
-49035.35483489944,1.0
-30829.68078277779,1.0
-29248.39098124716,2.0
-56089.87328850374,1.0
-40173.4286178182,2.0
-56430.909560445056,2.0
-40281.273832859704,2.0
-47538.301047931134,2.0
-37994.677269861175,2.0
-44579.27798464421,1.0
-47370.97961319997,2.0
-49756.54464235258,2.0
-40560.257978838854,1.0
-46776.61427297699,2.0
-35096.53042632254,2.0
-58279.07053511053,2.0
-41475.553856966886,2.0
-51821.782680530145,2.0
-63527.46621359194,1.0
-47050.903680558564,2.0
-62965.798903149,1.0
-35743.08555459799,2.0
-27933.039364145487,2.0
-55568.48048437694,2.0
-29626.254400667647,2.0
-61826.1268120415,1.0
-36678.13369771808,1.0
-51612.365846686036,2.0
-41050.47917236136,1.0
-38133.064537065315,2.0
-58446.575793066884,1.0
-36131.054846936604,2.0
-41079.624503326355,2.0
-46824.461613743304,2.0
-35125.53409752616,1.0
-30016.070425212944,2.0
-60934.601831358275,2.0
-32243.323666887605,2.0
-36876.48912131248,1.0
-51599.339548852164,2.0
-29916.0921989967,1.0
-31970.34772429963,2.0
-32521.265106282655,2.0
-38920.67581527283,2.0
-33593.03679674781,1.0
-57369.13056636481,1.0
-51254.08875562181,2.0
-33874.16264491021,1.0
-54466.702262307095,2.0
-54601.56889291966,2.0
-40427.252974417665,2.0
-33988.67115430745,1.0
-32363.92825775478,1.0
-53189.278347801366,1.0
-57505.9649915076,2.0
-55961.07438819202,2.0
-36353.1906353081,2.0
-55594.107470133655,2.0
-38160.66499509002,2.0
-39092.374468980226,2.0
-28534.603771417736,2.0
-60926.40695925029,1.0
-30738.42412338712,1.0
-48997.06673777303,2.0
-40713.32395594462,1.0
-37210.78627016464,1.0
-52433.29962782524,2.0
-29320.038910881693,2.0
-51791.5460728734,2.0
-50230.975775071565,1.0
-42693.88824078468,2.0
-38615.83513788745,1.0
-30022.800948624663,2.0
-42956.62765621567,2.0
-52069.059938040875,2.0
-56333.08041192281,2.0
-50973.19001020843,1.0
-34403.00363538357,2.0
-30147.256336978742,2.0
-55105.99917987408,2.0
-44740.03760529991,1.0
-44405.796231023225,2.0
-34495.09343315278,1.0
-60510.80691041208,1.0
-37244.6329700426,1.0
-50608.64811265613,1.0
-31278.50302803552,1.0
-42846.378521179475,1.0
-49900.26956038434,1.0
-30605.389100503493,2.0
-42267.64861220922,2.0
-38293.84723407637,2.0
-39567.00256931692,2.0
-59132.953086621885,2.0
-47652.302453896904,2.0
-52737.909108421845,2.0
-54539.74860025869,1.0
-39592.86305086875,1.0
-36679.84396837143,1.0
-41479.18819514195,2.0
-62363.97154500743,1.0
-38963.50305885414,2.0
-51307.31477944531,2.0
-41741.937320104815,2.0
-32127.691526890416,2.0
-42862.798725876455,1.0
-53523.43898259451,2.0
-33155.63837534923,2.0
-31502.316635537383,2.0
-43116.268793757656,2.0
-51894.69658671366,2.0
-54066.25659779493,1.0
-66169.62615278058,1.0
-30571.587325682936,1.0
-50221.059110296585,2.0
-28886.299628872915,2.0
-60593.5275250746,1.0
-40460.13686175663,2.0
-52726.84573317277,2.0
-50187.98630486724,2.0
-59895.47052639881,1.0
-31738.523201671156,1.0
-41094.45103142685,1.0
-32118.25124426702,2.0
-59085.26770958087,1.0
-30956.04418235428,1.0
-34100.03941729772,2.0
-64887.58002938191,1.0
-30960.380689244383,1.0
-38485.33502545621,2.0
-39573.03266902774,2.0
-45288.03513481606,2.0
-32232.355950032194,1.0
-36328.99415484973,2.0
-60482.99602936611,2.0
-51486.07576989959,2.0
-30331.52966882947,2.0
-54369.751932802355,1.0
-40118.62707780929,2.0
-57523.83718289361,2.0
-41848.92973092002,2.0
-59711.87582219261,1.0
-49893.991828526174,2.0
-42797.16262538865,2.0
-52060.89388195357,2.0
-33710.85623278428,2.0
-59816.85404447254,2.0
-53757.32936499022,2.0
-41816.05622310469,2.0
-35816.87992944504,2.0
-39266.79251192016,1.0
-49297.21476884415,2.0
-33641.50217870867,1.0
-55827.31762543899,1.0
-28605.831991951687,2.0
-40710.180563701055,1.0
-41110.2597004748,2.0
-30012.819068776967,2.0
-30276.391073048435,2.0
-61483.686583960836,1.0
-42760.02570570512,2.0
-31309.14173601236,2.0
-59549.15731334065,2.0
-60118.35862073146,1.0
-58876.76906393777,1.0
-53988.98561552647,2.0
-47223.12817707672,1.0
-36485.41602627235,1.0
-40646.42647417623,2.0
-59990.14643566706,2.0
-33869.78497207764,1.0
-35627.261242961875,2.0
-50811.54223499363,2.0
-29070.073781446234,2.0
-35622.94630124509,1.0
-58950.81596646356,1.0
-38086.13955222813,1.0
-28425.532809097658,2.0
-34706.59910768832,1.0
-44869.062670988205,1.0
-37210.386381923934,1.0
-36587.99859285549,1.0
-41361.31359069426,2.0
-34288.630532931005,1.0
-45679.3559161305,1.0
-41851.02808862491,1.0
-59658.88013916985,1.0
-45152.727161142975,2.0
-52063.3899929525,2.0
-51331.60963144906,2.0
-55181.45432125153,2.0
-52864.65167117927,2.0
-56091.993109613584,2.0
-51835.59054714459,1.0
-28235.960698799245,2.0
-50987.21153247397,2.0
-34975.40352107449,2.0
-32478.12386220656,1.0
-49798.300409143194,2.0
-42710.22468257176,1.0
-31294.40648494302,1.0
-46434.48020741414,1.0
-40413.84751722927,2.0
-36942.14067456237,2.0
-41363.2227326766,2.0
-42536.79634076993,2.0
-50409.60418314176,2.0
-45183.105572911736,2.0
-29132.814913842572,2.0
-57990.8356464785,2.0
-51624.70993922518,2.0
-39937.58946447844,2.0
-53232.498875165635,1.0
-39261.42256739462,1.0
-63150.16858501912,1.0
-55834.077908552936,1.0
-57874.15158136292,2.0
-37214.22383429842,2.0
-43517.02713668889,2.0
-41698.53357755949,2.0
-50335.13241280692,1.0
-55071.67319994114,2.0
-31585.73884020841,1.0
-66421.01963403425,1.0
-29634.11538641225,2.0
-44568.68537159427,2.0
-37055.35915852231,2.0
-59756.36272764155,2.0
-49473.346040696895,1.0
-59766.2127674965,1.0
-55948.31425099386,1.0
-30002.97379113662,2.0
-61911.70429718904,1.0
-50933.40689802842,1.0
-57946.632170094366,1.0
-57509.82221693675,1.0
-52507.563013300765,1.0
-49035.54197742554,2.0
-55723.4553019367,1.0
-53300.26926503271,2.0
-45096.297017909696,2.0
-33708.98897800076,2.0
-28688.511832080207,2.0
-40887.94732272587,1.0
-60919.67033478833,1.0
-37089.70601456078,2.0
-39754.83840451921,2.0
-56333.811017564105,2.0
-31425.5630676901,1.0
-38561.77565239916,1.0
-46484.805247460616,2.0
-30496.679402275895,1.0
-54295.44812258981,2.0
-39243.204952692424,2.0
-41912.40075051287,2.0
-39578.63390694774,1.0
-34542.50138378643,2.0
-36098.47568701264,1.0
-54083.13725661805,2.0
-48437.009320098434,2.0
-52594.97066535624,1.0
-34118.9047829395,1.0
-38115.68375394152,2.0
-39836.95263878904,2.0
-53617.0298572395,2.0
-35244.05384292837,1.0
-59035.94976436113,2.0
-36787.852733326756,2.0
-37143.222089195624,1.0
-42928.82016891398,1.0
-29752.821338650567,2.0
-51327.93634802129,2.0
-28810.37134689627,2.0
-43047.7064484915,2.0
-32030.400174812254,1.0
-40670.613201389,2.0
-40899.49827943066,1.0
-60394.500516387445,2.0
-41369.79787205122,2.0
-35911.248042547,1.0
-35322.95214743943,1.0
-56050.76600575438,2.0
-40805.93838859428,2.0
-48341.07457495759,2.0
-36179.22730856229,2.0
-29059.059687249868,2.0
-60095.422450001366,1.0
-39100.15430451167,2.0
-35657.137009334925,2.0
-62146.74502085656,1.0
-55952.34349971492,1.0
-29751.501087818586,2.0
-58744.40953537137,2.0
-38738.931012872694,2.0
-52580.86217211095,2.0
-28879.049845184825,2.0
-59043.75172870707,1.0
-30116.762767217246,2.0
-43853.57175281983,2.0
-43708.92196592066,1.0
-38616.771451599874,2.0
-30853.173260118077,1.0
-40478.72052190181,1.0
-33782.40756190102,2.0
-28630.13626033401,2.0
-48209.89870082562,1.0
-60120.692053628925,1.0
-52853.67406294877,1.0
-42608.548460627295,2.0
-40132.15396453894,2.0
-33260.76639463841,1.0
-37111.684888297874,2.0
-29273.629251860257,2.0
-55667.51416082788,1.0
-38332.422265876434,1.0
-35681.31392313099,1.0
-53287.88588846786,1.0
-57475.77139868676,2.0
-57015.52803808499,2.0
-49055.349933538775,2.0
-41385.69875800921,1.0
-53772.62222248055,2.0
-36820.07464685822,1.0
-40940.79612836364,2.0
-55960.07578136187,2.0
-32683.239722810562,2.0
-27948.76085311513,2.0
-53070.61288267889,2.0
-34309.63540569359,1.0
-41181.72661141937,2.0
-32950.63555006507,1.0
-40245.13889530317,1.0
-31192.418132771832,2.0
-41616.64765040414,2.0
-41377.991059488195,2.0
-62848.08221257478,1.0
-47564.35614752073,2.0
-53037.76222915432,2.0
-29221.379892955112,2.0
-39724.22087896541,2.0
-38898.11163767874,1.0
-58562.52168560731,2.0
-58941.70125389714,2.0
-42284.06263325779,2.0
-35668.67947284247,1.0
-31041.814877568584,1.0
-58991.124468811264,1.0
-58792.37008313186,2.0
-41631.87234752899,2.0
-35842.24458258529,1.0
-41891.20881339818,1.0
-55053.82243716665,2.0
-60856.31040915788,1.0
-42444.64691402629,2.0
-30858.999614536886,2.0
-40318.98443840466,2.0
-30427.41492617264,2.0
-28362.601981205757,2.0
-38221.106611493684,1.0
-58809.651445625794,1.0
-50902.60561134422,2.0
-42357.84281070084,2.0
-55941.818764762276,2.0
-31997.45378963175,1.0
-64717.775798823306,1.0
-58418.27833236145,2.0
-60186.80733633153,1.0
-44153.13753509203,1.0
-41493.17158879239,2.0
-31536.572089153633,1.0
-40207.02432968165,2.0
-35152.574783778095,2.0
-47104.32441971736,1.0
-30034.751165496906,2.0
-55211.196384902374,2.0
-46095.36800423721,2.0
-28670.01015339695,2.0
-53183.122377655105,2.0
-48298.51038375472,2.0
-34384.298121460015,2.0
-35822.52451189594,2.0
-28274.041867765485,2.0
-39312.273377397505,2.0
-32147.284935649455,2.0
-51719.6901932483,1.0
-52291.50656470189,1.0
-47045.107720204156,1.0
-41500.18906537586,2.0
-30449.616737931377,1.0
-40790.737782247284,2.0
-55372.401530079704,1.0
-47897.81614284977,2.0
-40196.692081173256,2.0
-58199.18689240969,2.0
-43626.6108160818,2.0
-64852.15794137567,1.0
-43239.854811957586,2.0
-30771.367948461855,2.0
-40220.55441207775,2.0
-42035.87686069045,2.0
-54918.54484577093,2.0
-29331.502379274796,2.0
-30962.16798448716,2.0
-45472.800380952634,2.0
-42086.56693456104,2.0
-52169.226814523354,2.0
-32202.674248717827,1.0
-39747.840776445024,2.0
-46308.34551685513,1.0
-40766.39881328867,2.0
-57487.57568615262,2.0
-44727.46955267918,1.0
-41796.34834726095,1.0
-39339.79657122983,1.0
-49997.07216152002,2.0
-48647.70324227595,2.0
-53421.014270706895,2.0
-30689.35094119703,1.0
-57097.458756617256,2.0
-36717.554931769904,2.0
-56809.28160539322,2.0
-50471.15113186186,2.0
-65588.94855758359,1.0
-46299.292998401565,2.0
-41078.60256529815,2.0
-38105.02246969707,2.0
-28613.250185756388,2.0
-35146.773751651155,2.0
-28721.651630359753,2.0
-32271.239598336742,2.0
-36060.11748819488,1.0
-39309.45234783266,2.0
-53831.87563498973,1.0
-40615.41401548039,1.0
-30698.272334627312,1.0
-49241.33368467829,1.0
-31064.68273936795,2.0
-57535.78636081418,2.0
-47594.077514432625,2.0
-38794.78284640704,2.0
-29947.967832286617,2.0
-42520.54971670527,1.0
-29854.64821933341,2.0
-62698.622779388155,1.0
-32717.700337279734,1.0
-53436.6263718675,2.0
-29365.608552057463,2.0
-50946.422372937945,2.0
-37881.05370094672,1.0
-38111.11323008292,1.0
-46722.59082088963,1.0
-51984.277372865356,2.0
-54568.45925915553,2.0
-57717.83778825219,2.0
-39945.0629654374,2.0
-56807.851113351775,1.0
-32137.509010287336,2.0
-40699.0171055528,2.0
-36849.174575105935,1.0
-55332.952238391896,1.0
-39448.24856524209,1.0
-59800.99134670796,2.0
-54557.30044329127,2.0
-35242.83100672737,1.0
-52280.21038523967,2.0
-51829.712850313124,2.0
-47116.12057754614,2.0
-39028.307233391926,2.0
-36307.604741173185,2.0
-34893.25375602408,2.0
-33098.39388350959,1.0
-52183.6207694436,2.0
-28988.898335099955,2.0
-53212.342949814134,1.0
-54901.239852431696,2.0
-29164.163041354015,2.0
-56286.772903909514,2.0
-49598.9257116534,1.0
-28892.802663737446,2.0
-43628.146909992865,2.0
-54553.07179641238,2.0
-33884.71558184476,2.0
-48863.664347957274,2.0
-52005.03666425255,1.0
-41460.301381835765,1.0
-37070.29592194788,2.0
-28711.169988075126,2.0
-30360.198253250826,2.0
-39308.44660634728,2.0
-57712.23600236485,2.0
-60058.76483438263,1.0
-31799.5124815367,1.0
-62331.813693029995,2.0
-45823.01017171881,1.0
-59774.96850267016,1.0
-43099.716794692584,1.0
-33291.27782207086,2.0
-28499.851373391553,2.0
-40897.07425523356,1.0
-40172.03506180154,1.0
-40015.98173833554,1.0
-47907.525934174766,2.0
-32716.277149684593,1.0
-61261.37174485565,1.0
-38002.41674988871,1.0
-62830.19354790912,1.0
-29506.396531326187,2.0
-56748.96390894838,2.0
-53536.81806650362,2.0
-38506.81162606761,2.0
-38222.82627786738,2.0
-57405.94880417225,1.0
-46117.88355154743,1.0
-40411.00761223331,1.0
-37545.72872296212,2.0
-50515.0152759581,2.0
-38128.71034140256,2.0
-59976.45420734243,1.0
-29262.044264820557,2.0
-55852.046634874816,1.0
-32480.51651642647,1.0
-36192.93889363139,2.0
-44403.12058051227,2.0
-31197.762121936034,1.0
-62063.308838370554,2.0
-40516.126074079104,1.0
-58772.46798808553,2.0
-49904.414633028886,2.0
-43771.477355601746,2.0
-36845.88041425131,1.0
-60487.57586180042,1.0
-55917.77462329353,1.0
-55640.7137228163,1.0
-29557.161124087303,2.0
-57065.26384130893,2.0
-56765.49964031542,2.0
-61834.86299539058,1.0
-57576.44302303785,1.0
-31966.425249709766,1.0
-32942.11581700925,2.0
-40323.58856844129,2.0
-45273.341727070874,2.0
-35368.39135171345,1.0
-40925.76794247952,2.0
-28527.049415250636,2.0
-39324.884731839935,1.0
-41624.73911768063,1.0
-57696.494999761904,1.0
-60560.709094805774,1.0
-56823.996478265515,1.0
-34334.56611511267,1.0
-33397.73604929031,2.0
-51950.92648451801,2.0
-45372.90987949469,1.0
-41836.28545614419,1.0
-66754.325207061,1.0
-61628.71139676674,1.0
-32807.20513454085,2.0
-34480.78745244909,1.0
-57080.23812685479,1.0
-39202.8170559337,2.0
-39571.20544829304,2.0
-49951.74715893161,2.0
-30100.897331118096,2.0
-42057.1854740764,2.0
-42837.70416045057,2.0
-54681.56922762553,1.0
-28090.114799035477,2.0
-42438.24568964615,2.0
-46620.35105472108,2.0
-29052.424224641756,2.0
-35627.274760681925,1.0
-41134.71718803539,2.0
-45378.4942773013,2.0
-63720.2747959584,1.0
-35007.60829939198,2.0
-41959.64259845807,1.0
-55995.379205297286,2.0
-35433.31423987117,1.0
-32026.961080713736,1.0
-59030.414250988135,2.0
-30871.275438194727,2.0
-41850.49012454605,2.0
-35252.65253508008,1.0
-33026.0229346932,1.0
-57860.475265143774,1.0
-51588.98782797577,2.0
-56133.56409062912,1.0
-46607.95643280929,1.0
-42246.28931822904,1.0
-55305.42599865717,2.0
-45711.31983566599,2.0
-30436.363863147686,1.0
-59666.09940353944,2.0
-56781.54611615407,1.0
-44916.84962866889,2.0
-29132.40943229369,1.0
-32733.509780276283,2.0
-41098.148410894515,2.0
-56783.7876008756,1.0
-60057.860414689225,1.0
-31052.95925177839,1.0
-38443.89840878986,1.0
-44127.94465102104,2.0
-42911.036133727845,1.0
-41419.393744259505,2.0
-29106.22405748845,2.0
-55731.201596053405,2.0
-33608.813153138115,1.0
-40430.228867026526,2.0
-60659.99867226393,1.0
-39256.36548232785,1.0
-44953.179027637474,1.0
-51611.296904861825,2.0
-50870.170881214624,2.0
-37424.32844144291,1.0
-38298.3460027535,1.0
-36911.408098941,2.0
-58340.68807913855,1.0
-46406.86440856192,2.0
-41502.94615896529,1.0
-45419.93444037286,2.0
-58613.06985604121,2.0
-45579.77116677533,2.0
-42585.04648918446,2.0
-57929.95280642412,2.0
-37792.39691360261,1.0
-59902.01130103544,2.0
-54271.682978326906,2.0
-55497.476642475885,2.0
-50535.7328337169,1.0
-60688.62589284798,1.0
-31040.397400852333,1.0
-45508.92177870663,1.0
-39018.881217586095,2.0
-44203.68643556158,2.0
-29691.292598434768,2.0
-44008.42203291494,2.0
-33287.60472631466,2.0
-32967.59774247206,1.0
-40421.732620960356,2.0
-54897.46457328407,2.0
-38833.752770412095,2.0
-43647.91949780825,2.0
-36670.798252378605,2.0
-34567.65830814112,2.0
-53276.09164873191,2.0
-34804.33933590587,2.0
-30827.050123173613,2.0
-29515.31480022581,2.0
-53167.28250266495,1.0
-34163.77394796619,2.0
-55047.747109941,1.0
-48206.21561292069,2.0
-60543.959393054305,2.0
-44262.472225223944,1.0
-39541.509233,2.0
-45715.96007187406,2.0
-39371.98798803874,2.0
-48833.2697146181,2.0
-31441.568748933074,1.0
-29054.487653280372,2.0
-52390.44158919977,2.0
-58766.746718955925,1.0
-30724.266882042466,2.0
-57957.177951819205,2.0
-54120.93851099038,2.0
-28188.67755084208,2.0
-31015.834896338776,2.0
-43046.268378235414,1.0
-44986.985033066565,2.0
-46209.08130254185,2.0
-32616.16126582513,2.0
-59080.79207690769,1.0
-41339.416375102584,2.0
-59338.8196924409,2.0
-50805.45244329069,2.0
-37538.799590859824,2.0
-39240.82877227547,2.0
-53768.77079677023,2.0
-29564.363220100684,2.0
-30756.1670139026,1.0
-45211.822321090265,1.0
-51453.60499934022,1.0
-55730.20651536933,1.0
-31205.77265538768,1.0
-38234.07018270827,2.0
-61964.85102482407,1.0
-39035.578252136474,1.0
-43003.053304546236,1.0
-35071.02790208635,1.0
-52179.1584369584,2.0
-36491.66896047375,1.0
-41100.998417717696,1.0
-45617.50231887592,2.0
-29789.22657349421,2.0
-40176.858533117396,2.0
-49357.41011101158,2.0
-32132.129103157178,2.0
-52164.552698283434,2.0
-39758.11400243606,2.0
-57547.2505172751,1.0
-40056.45787754892,2.0
-33129.922608410096,2.0
-59146.191740507944,1.0
-55247.541283629835,2.0
-40827.94504393356,2.0
-47742.69170446771,1.0
-41340.33893400002,2.0
-43087.38310594587,2.0
-66693.7241081594,1.0
-36991.45915306553,2.0
-59023.81799357471,1.0
-43130.72309171864,2.0
-59066.92867614147,1.0
-39723.24306388936,1.0
-33649.711816955445,1.0
-40673.69891657977,2.0
-57454.45457641613,2.0
-39222.700395838896,2.0
-30742.82967851022,1.0
-61899.21663081972,1.0
-32326.37128924476,2.0
-40765.65134872066,2.0
-45361.62962285125,2.0
-33923.53670809613,1.0
-28047.464504426294,2.0
-52771.15439446875,2.0
-37588.161609522664,1.0
-35400.191072407804,2.0
-53802.770064116965,1.0
-56005.31633970587,2.0
-56628.240644324855,1.0
-65937.22242174787,1.0
-50553.78082923802,2.0
-41187.527740827245,2.0
-57129.79672056569,2.0
-31662.643744453293,1.0
-38330.882325154045,1.0
-29701.47171537971,2.0
-53697.87015939421,2.0
-57667.54510913365,2.0
-64536.48333512666,1.0
-52843.85000546994,2.0
-43873.48163787616,1.0
-39788.81865165914,1.0
-34610.16306661579,1.0
-37055.215120992776,2.0
-35121.2793790231,2.0
-41504.14588902125,1.0
-30397.509411954386,1.0
-36590.028888495166,2.0
-28797.950073554464,2.0
-40473.14649092505,2.0
-59072.642438097275,1.0
-55308.69640972881,1.0
-51581.88109542182,2.0
-56156.29855930393,1.0
-29126.381327774558,2.0
-28326.786295507376,2.0
-53809.67576789793,2.0
-29927.993448280125,2.0
-50125.11572522418,2.0
-53912.94884272649,2.0
-49565.83916804489,1.0
-36489.34195287035,1.0
-39378.792615728824,1.0
-63415.77725781505,1.0
-41259.97320711833,2.0
-55328.86433042124,1.0
-28521.47168009043,2.0
-40442.90928968838,2.0
-29851.054640893763,2.0
-36491.464715732654,2.0
-47023.83562335508,1.0
-57750.12235928091,2.0
-31932.166235589848,1.0
-37954.48402148099,2.0
-59271.61004140001,2.0
-52054.62870221777,2.0
-52738.14232135085,1.0
-60775.308582353144,1.0
-34205.182192045926,2.0
-42817.418628549785,1.0
-48791.22191885917,2.0
-53746.12630026258,1.0
-49520.18844765757,2.0
-40761.378397473316,1.0
-29685.056347261758,2.0
-43207.71324597807,1.0
-49905.57074006627,2.0
-60440.117712598396,1.0
-44736.63758432375,2.0
-34496.10667665215,2.0
-35423.7280918607,2.0
-40322.55473485871,2.0
-38607.90459325091,2.0
-28351.53793357343,2.0
-52935.258349485724,1.0
-54967.66643405836,1.0
-30825.55986595193,2.0
-36946.21316537159,2.0
-41016.20587232733,1.0
-58925.57068636118,1.0
-30711.41489688888,2.0
-34520.99224297088,2.0
-52763.52229949029,2.0
-39751.300301494586,2.0
-29443.182211270716,2.0
-53933.78487802371,1.0
-34026.38319985832,1.0
-33221.68861930636,2.0
-38501.25156334514,2.0
-57929.347229177394,2.0
-42608.80130176373,2.0
-46655.067595083514,2.0
-31591.7039459969,2.0
-50791.20763045892,2.0
-41007.791753130696,2.0
-56608.9048042159,2.0
-29573.959906382897,2.0
-62125.09546580825,1.0
-53637.8852900255,2.0
-29889.263507954092,2.0
-60956.21042175582,1.0
-31906.88212367711,1.0
-41407.15688390669,2.0
-56674.97019284264,2.0
-38324.56034192968,2.0
-48009.02052330325,2.0
-30806.431266707794,1.0
-59790.876145124275,1.0
-45993.29713138003,2.0
-42875.381000908696,2.0
-35242.74240254852,2.0
-43565.70515933244,2.0
-50973.42437425755,1.0
-53069.33592083699,1.0
-51676.59865255718,1.0
-40141.43675278137,1.0
-51268.82582404559,2.0
-49579.0941158978,1.0
-57451.1777304482,2.0
-34880.19431130287,1.0
-56806.54002695554,1.0
-30572.202026606697,1.0
-46027.728963820235,2.0
-40102.22153987352,1.0
-39900.02880623512,1.0
-55936.888824580325,2.0
-59895.1450929976,1.0
-52004.271159066266,1.0
-36194.8269335697,1.0
-55884.803976198105,2.0
-41134.33667401174,1.0
-57358.07821010312,1.0
-66589.86258003957,1.0
-38018.54269682866,2.0
-44122.88897974139,1.0
-39948.49425974961,1.0
-29734.282905642256,2.0
-37805.523412591356,1.0
-31344.473512957928,2.0
-50371.8340394518,2.0
-42913.72791507003,2.0
-43139.149022151294,1.0
-63708.5205732694,1.0
-45462.074870282464,2.0
-47979.20976549415,2.0
-32781.63488001181,1.0
-58227.38533312991,1.0
-37223.0455435467,2.0
-41033.53724917484,1.0
-59087.09559694253,2.0
-55049.58552158258,1.0
-56050.86908409381,1.0
-53417.3595493302,2.0
-43527.40716040362,2.0
-61726.18389199911,1.0
-41066.49817503077,2.0
-60249.066375769544,2.0
-50694.45935269697,1.0
-28913.930481647418,2.0
-61917.5529004297,1.0
-56508.927933113955,2.0
-31384.000843259455,1.0
-49382.29901327976,2.0
-33679.491496986986,2.0
-40584.10710385835,2.0
-42952.072714728754,2.0
-29368.52256907103,2.0
-40497.20638063621,2.0
-45004.620436792284,1.0
-63749.41894736567,1.0
-55451.33570070501,1.0
-36763.30518653858,1.0
-62143.98207738358,1.0
-49111.33514451137,1.0
-35073.3571679875,2.0
-36107.152847197896,1.0
-53296.756968107766,2.0
-50594.369276065525,2.0
-51169.656182125866,2.0
-29170.486462491215,2.0
-50124.50848581146,2.0
-40186.13912483021,1.0
-59683.01488054427,2.0
-48726.97955482462,1.0
-36239.74377038711,2.0
-48169.46410640242,2.0
-60613.17791902917,1.0
-53218.47652114906,2.0
-35407.32658030946,1.0
-61820.220820175426,1.0
-38312.29650073583,2.0
-53675.759828375885,2.0
-49176.71126097244,2.0
-48289.101507587526,1.0
-43528.00165888277,2.0
-40071.586001930846,2.0
-53502.8657349594,2.0
-41187.41275253931,2.0
-34315.27379824595,2.0
-55108.768216922275,2.0
-32401.405341896825,1.0
-45892.8201646768,2.0
-40016.82900854436,2.0
-32121.29838480807,1.0
-30126.25746951987,1.0
-47341.19887549723,2.0
-59652.908557681745,1.0
-40883.07871709214,2.0
-53562.82486496627,2.0
-40797.10518829076,2.0
-52154.88909742265,2.0
-56494.39288834846,1.0
-30635.925963869387,2.0
-37537.738726762735,1.0
-42483.91335403557,2.0
-46840.35462607346,2.0
-51372.96063499979,2.0
-30212.9150995467,2.0
-53770.18993324916,2.0
-39207.89877704153,1.0
-43271.91660490073,2.0
-56832.790340842956,1.0
-41797.69031310962,2.0
-43436.303483737225,1.0
-41627.97584887847,2.0
-29490.946863693993,2.0
-41534.49649598968,2.0
-54632.5021373582,1.0
-43145.06778374457,2.0
-37389.25682007543,1.0
-53400.66315258683,2.0
-33697.04293465409,1.0
-29397.23229068704,2.0
-54978.035525148596,2.0
-52572.02585152576,2.0
-40908.837039041915,2.0
-34230.33050291809,1.0
-28747.965254364943,2.0
-29118.425275230475,2.0
-43140.9170512594,2.0
-54253.705576167806,2.0
-56581.3799046943,2.0
-38387.30635387071,1.0
-46949.59852746104,2.0
-54677.52702455186,1.0
-44338.69243448746,2.0
-40603.722995725475,2.0
-39624.70047897477,2.0
-58321.74956621832,2.0
-34301.04533182493,2.0
-39691.04533718995,2.0
-43040.68673215159,1.0
-46971.13915120141,1.0
-41059.37118159945,2.0
-33353.71701788576,1.0
-49696.546236014794,2.0
-63556.711527498264,1.0
-51728.365448903656,2.0
-59503.56174445803,2.0
-30423.752202230295,2.0
-51693.04876111326,2.0
-41679.446490208255,1.0
-29606.190419605184,2.0
-32259.173206321677,1.0
-51494.10854485581,1.0
-36678.56099110478,2.0
-42086.97547198187,2.0
-60625.61531934881,2.0
-40051.23710588505,2.0
-33054.67463180513,2.0
-57322.127637479454,1.0
-56766.658514033465,1.0
-29071.108683862898,2.0
-28770.926827660187,2.0
-39860.875332527256,2.0
-52199.13451661343,1.0
-35008.161488135775,1.0
-55170.904359859414,2.0
-44344.42780296483,2.0
-52212.948830848734,2.0
-39613.57204307239,2.0
-65573.93970132215,1.0
-50351.84453178096,2.0
-28476.083820352465,2.0
-41606.75870388222,2.0
-55023.971247912996,1.0
-35263.15808399294,1.0
-54091.80937999707,1.0
-52088.74385773165,1.0
-46453.18853366092,1.0
-32832.37314588807,1.0
-29790.749992889498,2.0
-48937.4090137796,2.0
-55360.63848707783,1.0
-36232.148473503294,1.0
-35390.468963087675,2.0
-31706.139607587513,2.0
-38799.54538799832,2.0
-38939.408550195934,2.0
-31963.53610980649,1.0
-29071.4192523096,2.0
-64084.24394799633,1.0
-32414.429559231612,1.0
-31235.9965840315,1.0
-63788.99480641638,1.0
-31308.069315378023,2.0
-41680.25725838177,1.0
-40735.937571399714,2.0
-31003.117307725784,1.0
-28723.971179181346,2.0
-35849.61218264834,1.0
-48547.60370423876,1.0
-31051.41631183147,2.0
-41074.69622101877,2.0
-60567.95506137071,1.0
-41004.94423199204,1.0
-35142.67966842108,1.0
-30866.351650262848,1.0
-43628.36556161013,2.0
-48569.71313991488,2.0
-50163.64949427806,2.0
-30040.550115686314,1.0
-42327.26610778708,2.0
-29390.90530932449,2.0
-28290.951430671073,2.0
-60416.55015037475,1.0
-38602.82609607397,1.0
-30519.285471669235,2.0
-51373.2589014687,2.0
-50632.89267412342,2.0
-41617.8111659268,2.0
-44032.75655150156,2.0
-48365.866874982545,2.0
-66088.66583739489,1.0
-57990.61968026153,2.0
-31998.90634134002,1.0
-34165.842789113296,1.0
-51559.75110926489,2.0
-36488.65788185494,2.0
-38795.03077163709,2.0
-35189.94019028687,1.0
-38546.47752297194,1.0
-52840.23817090309,2.0
-35426.59946165163,1.0
-42740.15559588053,2.0
-44798.182113328236,2.0
-32487.730569816664,1.0
-32383.986409960777,1.0
-30890.313930497945,2.0
-40096.597404247266,1.0
-58644.59079386272,2.0
-49226.195786191995,2.0
-58063.88835224559,2.0
-36128.492881804166,2.0
-29969.617219532356,2.0
-48111.37600233019,2.0
-40238.367889913,1.0
-40524.30241368813,2.0
-39178.484582920195,2.0
-52526.386276556936,2.0
-54802.40638569446,2.0
-41036.07971424003,2.0
-41505.13620397159,2.0
-44776.914608725056,2.0
-37987.6108656052,2.0
-29663.007386385303,2.0
-55095.43112753051,2.0
-58111.576680993814,2.0
-55935.99453098654,2.0
-47116.35914893783,2.0
-38227.21974730133,2.0
-56748.47121915908,2.0
-61826.95973524574,1.0
-42683.416691732826,1.0
-42256.26067010145,1.0
-38399.10077596635,2.0
-30871.53096159923,1.0
-59808.55279087972,2.0
-41143.746522241505,1.0
-52444.405509288015,2.0
-29369.36127233656,2.0
-36908.25449696995,1.0
-52917.17515338877,2.0
-43265.46186272423,1.0
-52432.35471042461,1.0
-38443.59925270147,2.0
-30991.7386135266,2.0
-59755.906116895945,1.0
-36628.67121080963,1.0
-30819.97433528889,1.0
-37605.464458047354,1.0
-30748.062045552833,2.0
-35979.87027769514,2.0
-35262.66255591435,2.0
-40403.69176661961,1.0
-39017.44406222797,2.0
-31030.10682747073,2.0
-48806.45155735726,2.0
-47878.725380999575,2.0
-35865.22331292168,2.0
-44613.80680447855,1.0
-40534.91755506201,2.0
-55301.426683445985,2.0
-31067.152719190606,1.0
-29046.94827967367,2.0
-44650.89714406454,1.0
-36490.29777564747,2.0
-57636.090929893646,1.0
-33832.36046478325,2.0
-29107.527256984416,2.0
-40139.96289685747,1.0
-51088.30507563015,2.0
-39571.568401216675,2.0
-42925.204264955,2.0
-64570.328855086555,1.0
-45724.78335251782,2.0
-39213.233016620026,2.0
-33527.32863613318,1.0
-39525.28630280898,2.0
-56641.46324145893,2.0
-54453.60949329348,2.0
-46478.49487138848,2.0
-42123.9249877334,1.0
-41806.35983767366,1.0
-32215.018660380032,1.0
-34351.265368230204,2.0
-34192.142779298185,1.0
-63252.52284715193,1.0
-50224.50959020133,2.0
-35624.79365147924,1.0
-39011.25358208989,2.0
-50750.11311452155,2.0
-58537.94400654676,1.0
-52831.06896951365,2.0
-62484.833496882544,1.0
-36882.82380789245,2.0
-29470.316152811487,2.0
-57658.76998505011,2.0
-48159.0424945872,2.0
-28895.698306176157,2.0
-58494.592593189824,2.0
-52607.34368655263,1.0
-50970.55926090693,2.0
-51093.196617746806,2.0
-45419.16270494791,2.0
-62025.70329037259,2.0
-64170.21392552339,1.0
-31252.197976538475,1.0
-41370.68925757009,2.0
-45656.311242926735,1.0
-36497.01700637394,2.0
-40665.80306819143,2.0
-41069.50620983586,2.0
-38899.062210360426,2.0
-59377.43978355724,2.0
-40371.16088081158,2.0
-30999.91889604959,1.0
-51776.021660235696,2.0
-37102.48226662442,2.0
-43702.375377637174,2.0
-47552.90300123955,1.0
-35970.83938675714,1.0
-44616.33249287945,2.0
-39402.95598055093,2.0
-56072.22621536291,1.0
-65498.36594720557,1.0
-51546.02498483828,2.0
-57080.456167460325,2.0
-33354.978459995895,2.0
-40571.42969837398,2.0
-51807.947765743826,1.0
-29080.071696261566,2.0
-40474.249068120844,2.0
-63472.559117444594,1.0
-39577.675525909304,2.0
-56767.548317218505,1.0
-44965.00133117358,2.0
-40266.17874214226,1.0
-48794.612225217745,1.0
-63229.94832447375,1.0
-41216.096728009084,2.0
-60508.751594237285,1.0
-30733.344018937383,2.0
-31728.271497096222,2.0
-48409.13785433264,2.0
-56131.395425427465,2.0
-35253.11083762495,1.0
-45043.16920996676,2.0
-30122.340970132394,2.0
-48214.53028901243,1.0
-59327.63794102834,1.0
-33126.817373429636,1.0
-29761.64713362801,2.0
-35036.92008798766,2.0
-29417.434176658593,2.0
-53740.28735938646,2.0
-42941.956858026955,1.0
-51805.6330321666,2.0
-37472.441183622075,1.0
-49984.77386626642,2.0
-62217.13535158409,1.0
-29505.83393128097,2.0
-48575.84868428421,1.0
-57236.65786801384,1.0
-37965.230016855836,2.0
-57408.23153249655,1.0
-29717.074650918636,2.0
-35873.61837930963,1.0
-52429.88930192789,2.0
-34831.8769902683,2.0
-52654.80815222123,2.0
-60528.41007673837,2.0
-46963.323441974746,2.0
-39373.72994797943,1.0
-41827.82879507321,1.0
-57468.45525729243,2.0
-42413.615238611674,1.0
-49117.36146249731,1.0
-47265.92951645403,2.0
-54810.40402217876,2.0
-63565.56107050382,1.0
-48084.49034866445,1.0
-41547.3723691941,2.0
-29240.09320634027,2.0
-41200.371614927666,1.0
-63915.64971221141,1.0
-48221.07267980443,2.0
-37720.93288205526,2.0
-31736.725404913173,1.0
-41268.95562695604,1.0
-50254.58724751267,1.0
-40100.2359141037,1.0
-52936.35914043513,2.0
-38982.56597736967,2.0
-60154.121065759784,1.0
-40178.37866292817,2.0
-59346.93477471271,2.0
-31357.972988597303,1.0
-53624.130331404274,1.0
-30320.029316798562,1.0
-50532.183711852485,1.0
-58637.655401900185,2.0
-37645.78322864711,2.0
-56304.17354882772,1.0
-36104.76213723814,2.0
-32892.63931754854,1.0
-32415.996907234494,2.0
-44714.63334701065,2.0
-41544.05698969934,2.0
-39955.96885961493,2.0
-38778.6730345452,1.0
-39771.17569945066,2.0
-35727.359003513804,1.0
-41234.95149492129,2.0
-31393.32288285036,1.0
-52928.86847682262,2.0
-55364.40697030057,2.0
-56046.856560086395,1.0
-38883.0298857459,2.0
-56507.66098397765,1.0
-40683.999491397444,2.0
-40007.27366188232,2.0
-46114.95746868584,2.0
-46642.8835256327,2.0
-49939.063929153606,1.0
-51944.5753135159,2.0
-31558.374627448902,2.0
-43215.36042131019,2.0
-30688.98833770326,1.0
-36358.08707358051,1.0
-53201.94392606025,2.0
-29942.128946401514,2.0
-30556.25427625819,2.0
-51676.66828752654,2.0
-52111.579731530815,1.0
-40090.02587338542,1.0
-34461.404835048175,2.0
-55853.21686227713,1.0
-57655.91936940263,2.0
-48354.18772765713,2.0
-31105.235200195646,1.0
-41881.93890006302,1.0
-29753.006572605715,2.0
-41152.79781789863,2.0
-38674.28675553589,1.0
-50138.39344898485,1.0
-56595.75025906158,1.0
-33619.18909215076,2.0
-36932.41081847494,2.0
-41029.05699915185,1.0
-50876.91897826521,1.0
-37493.86102179291,2.0
-35450.03878634219,1.0
-54669.93553797045,2.0
-52183.41276791453,2.0
-48297.60042766725,1.0
-39756.13207718726,2.0
-33760.55149005307,2.0
-52570.38094678481,1.0
-48802.05238543068,2.0
-49193.2276145971,1.0
-41073.37170535291,2.0
-58216.25364628367,2.0
-59073.72689906877,1.0
-55215.98894915597,1.0
-29183.134030933317,2.0
-28350.589260505305,2.0
-58390.382803185355,1.0
-57446.41025842368,2.0
-41748.264868149,2.0
-59854.1759573076,1.0
-35149.17316142357,2.0
-35032.27760662092,2.0
-58956.10656515131,2.0
-37622.96231301926,2.0
-36400.93010958822,1.0
-60533.81341798986,2.0
-55460.04934945795,2.0
-37005.048180820915,2.0
-59419.69954156137,1.0
-57325.57985800239,2.0
-48560.62247587879,1.0
-56483.949030776144,1.0
-56104.275754948096,1.0
-51879.360056234684,2.0
-38850.11398660107,1.0
-32134.777414735745,1.0
-32648.117751425685,1.0
-54570.973498557185,2.0
-37220.292286347416,2.0
-39305.82873534781,1.0
-34234.75864411967,2.0
-42299.11616941657,1.0
-31538.078110560633,2.0
-48284.24866299775,1.0
-28628.211690908436,2.0
-55354.90708961708,1.0
-29682.39635728212,1.0
-59894.263120871066,2.0
-41802.02132336492,2.0
-39395.755399484064,2.0
-51682.40421623904,2.0
-39195.79213753605,2.0
-64593.61080394655,1.0
-29013.170551976385,2.0
-48675.27325322958,2.0
-30116.293170406054,2.0
-34284.69673237336,2.0
-31058.156262932775,1.0
-49528.25544174059,2.0
-57687.3064886083,1.0
-52724.15972962832,2.0
-32378.93176927274,1.0
-46404.245961111614,1.0
-54454.73076864178,1.0
-29060.55433434672,2.0
-50665.71999612501,2.0
-45561.02861964634,2.0
-51283.34404523563,2.0
-34972.57138307789,2.0
-55209.85104403054,2.0
-41420.5126447303,2.0
-62677.572169021725,1.0
-49455.610189040075,2.0
-40507.565925930925,1.0
-57703.16818708489,2.0
-28810.393851991957,2.0
-54152.040806277204,1.0
-52165.701477497045,1.0
-36301.85340763431,1.0
-41862.45802904495,2.0
-28868.31504901658,2.0
-54776.41346225784,1.0
-51561.02308944946,1.0
-65020.82943799933,1.0
-31556.89515592954,1.0
-39132.449971257345,2.0
-39077.17680862185,1.0
-52866.704738862085,1.0
-33138.22286104072,2.0
-52193.18949226114,2.0
-45200.58273384634,2.0
-44481.587378391414,2.0
-40297.32531559887,2.0
-59404.512301514915,1.0
-34984.77029036806,1.0
-48731.13033458967,2.0
-57127.53380219216,2.0
-29653.543107117548,2.0
-59737.45444779192,1.0
-56161.574152686764,2.0
-53416.098075965216,2.0
-32661.08406754204,2.0
-42563.058684143114,1.0
-29674.797933495,2.0
-52499.41032738375,2.0
-30111.935128798825,2.0
-39139.27636730787,1.0
-28576.216574013146,2.0
-40692.204421189286,2.0
-61545.14214527288,1.0
-54151.13378812829,1.0
-27852.191081898054,2.0
-57663.49215564181,1.0
-55946.64600870485,1.0
-36083.61316121715,1.0
-54189.90418495577,2.0
-47861.751589892745,2.0
-38293.933793394055,2.0
-49908.289364095705,2.0
-34959.2562402434,1.0
-32564.94761442428,1.0
-36188.95174783399,1.0
-57561.01784710551,1.0
-41485.11652055773,2.0
-39820.76942851987,1.0
-33877.73092747304,2.0
-59966.866954285855,2.0
-31854.32469298816,2.0
-40447.44873012317,1.0
-43926.682296583385,2.0
-59237.7984311986,1.0
-29299.297444065414,2.0
-48678.77445299004,1.0
-65713.03426974968,1.0
-41141.11824633867,2.0
-46151.697107098356,2.0
-32042.623884837216,1.0
-65853.63972386142,1.0
-58228.45428000075,1.0
-57670.377057911785,2.0
-57942.18950927739,2.0
-45814.00730741308,1.0
-63548.799264303096,1.0
-44304.24398012269,2.0
-36579.70160290679,1.0
-50004.80363278944,2.0
-56700.633880172216,1.0
-43011.738593232665,1.0
-61993.710757118424,1.0
-61263.2646572588,1.0
-53805.52473019005,2.0
-56748.73933524261,2.0
-64962.04355477814,1.0
-48918.02269961499,1.0
-50930.943398344665,2.0
-38669.69796008411,2.0
-39000.411908249735,2.0
-56361.49811066569,1.0
-59055.37839145986,1.0
-56797.032088940105,1.0
-39133.8354240157,2.0
-56236.90002546049,1.0
-48442.961542343626,2.0
-40063.81084959606,2.0
-58564.797002597916,2.0
-39426.088182413754,2.0
-29186.35176610014,2.0
-31534.734354494718,1.0
-59813.05007501897,2.0
-50931.24269907898,2.0
-51429.6920105468,2.0
-43523.7570057845,2.0
-50836.38136026591,2.0
-39333.56307924472,2.0
-54545.250551564066,2.0
-52647.70667202154,2.0
-27846.08744497002,2.0
-42662.518354232714,2.0
-55580.5808464342,1.0
-57728.13455369436,1.0
-51580.61860547785,2.0
-53952.95956026613,2.0
-40557.56087663267,2.0
-50470.71269039425,1.0
-62653.28052207868,1.0
-29122.159547288582,2.0
-57703.516670078694,1.0
-37578.87988963674,1.0
-54595.19748801857,1.0
-52003.50248803469,2.0
-36535.14448269102,1.0
-34442.020414894294,1.0
-36108.09917587899,1.0
-53732.85515654973,2.0
-53537.29053625587,2.0
-39177.220911888086,2.0
-29326.119960446704,2.0
-29451.447344269778,2.0
-57523.441828202296,2.0
-49340.77804004308,2.0
-43676.81263916838,2.0
-32220.329850403286,1.0
-51942.60859322939,1.0
-36876.02310078269,2.0
-29769.60626762645,2.0
-36351.35001620634,1.0
-47877.53474166594,2.0
-51475.840217642064,2.0
-30449.772505809,1.0
-54812.64740180345,2.0
-45432.640719542076,2.0
-42691.004423912455,2.0
-39873.46284310664,2.0
-61040.28816988338,1.0
-51003.15105976087,2.0
-40664.22638937932,2.0
-55272.79522028095,2.0
-40737.01437633457,1.0
-57634.5305210033,1.0
-41038.67486906938,2.0
-62956.28681050132,1.0
-41745.09625864761,2.0
-38770.79936866026,1.0
-53551.0156616783,2.0
-36840.34920621694,2.0
-41832.3962842278,1.0
-59464.17191321598,2.0
-33025.589945106396,2.0
-44093.25515535954,2.0
-28688.606889853636,2.0
-60631.76230673351,1.0
-54691.22719921183,1.0
-59251.52386755218,1.0
-37847.1869657372,2.0
-48204.88560086146,2.0
-29836.510106105146,2.0
-39116.506300022666,1.0
-35727.09628887167,1.0
-28766.407666632753,2.0
-56085.934376231526,2.0
-45712.77999646694,2.0
-60330.158014670196,1.0
-56554.038000879904,1.0
-33999.14163338424,1.0
-61779.884849909344,1.0
-29185.567312369465,2.0
-35160.51986761746,2.0
-62715.09243199903,1.0
-61381.54196328881,1.0
-37302.76538796005,2.0
-47353.50817893863,2.0
-32952.84721012943,1.0
-53728.40914723741,2.0
-28301.300132863435,2.0
-51876.19718731187,2.0
-52103.9719261248,2.0
-32858.08730975832,2.0
-58030.10316182613,2.0
-44138.953383224,2.0
-54004.752083387255,1.0
-57915.39074854646,2.0
-41346.45265178012,2.0
-40933.09536920746,2.0
-35409.02579788398,2.0
-30544.62789337933,1.0
-63475.08250721233,1.0
-57321.16515669577,2.0
-29662.709886478926,2.0
-29973.2014541034,2.0
-34922.02953622111,2.0
-31351.570357984754,1.0
-56375.81649447713,2.0
-56284.42866014069,1.0
-47833.55082976233,2.0
-59165.09124644716,1.0
-37535.295463569106,1.0
-39508.845994749005,1.0
-28255.985340737723,2.0
-39464.26358578562,2.0
-56180.248502511546,1.0
-56755.53719388055,2.0
-34317.628377629866,2.0
-54215.633480872246,2.0
-30390.982560129058,1.0
-45024.93380642368,2.0
-52247.80764497373,2.0
-58535.538282911926,1.0
-46041.593192191314,2.0
-41902.178059546335,2.0
-43340.06006477993,1.0
-40644.86849624868,1.0
-37341.51360884956,2.0
-32191.0612085689,2.0
-34679.21763538735,1.0
-43539.03869619511,1.0
-56291.08818156744,2.0
-40913.685589141736,2.0
-37919.04798319389,2.0
-43506.175489326284,1.0
-50179.04905887933,1.0
-32070.03523679269,2.0
-59837.002441493336,2.0
-40903.32437247319,2.0
-31586.129674380754,2.0
-51749.3835039595,2.0
-38953.54325868354,2.0
-32167.13027311274,2.0
-48474.73100894889,2.0
-34146.083503123155,1.0
-36635.17268431918,2.0
-29937.638627016953,1.0
-32581.65247070181,1.0
-27778.749032189608,2.0
-63400.84765761667,1.0
-34232.30202074103,2.0
-28291.919406769055,2.0
-29249.643615254652,2.0
-40671.998501214504,2.0
-63587.267269463795,1.0
-56996.33800954568,1.0
-29459.744652005604,2.0
-31591.273941634106,1.0
-55531.33436919666,1.0
-36388.78220794376,1.0
-28672.750863661226,2.0
-50606.66300796681,2.0
-53038.62065452227,2.0
-38437.3601113464,1.0
-37618.474367697825,2.0
-34325.4129139588,1.0
-54519.95918618521,1.0
-62042.115442758084,1.0
-53363.37630308331,1.0
-55942.61445810576,2.0
-37026.635567457895,1.0
-44175.6243276864,2.0
-46620.49052376393,2.0
-58847.52273230966,2.0
-45035.25550127721,2.0
-56179.94076575343,1.0
-53081.686062275236,2.0
-34405.677680141365,1.0
-29631.237798267524,2.0
-31902.946176660094,1.0
-52403.85097018143,1.0
-47484.75782438003,1.0
-42941.71144137147,2.0
-43129.087762618496,2.0
-57871.680323443805,1.0
-55035.674727462916,1.0
-49083.26313112449,1.0
-50968.29972149138,1.0
-57982.544417895224,2.0
-40195.70832219137,2.0
-55809.074156936105,2.0
-60714.592979118446,1.0
-41123.61559225478,1.0
-60125.32263239134,1.0
-41137.64693800414,1.0
-58655.23461840738,2.0
-40016.04432707903,2.0
-48409.00475769924,2.0
-37695.28050938895,1.0
-51615.025097217374,2.0
-39321.198660625145,2.0
-60334.042024507675,2.0
-33720.57181427698,1.0
-31765.042530825922,1.0
-41141.48527275459,2.0
-49124.46613774805,1.0
-35704.55621423626,1.0
-36446.14594356144,2.0
-39734.493239855954,2.0
-57525.60059460546,1.0
-60663.130954015665,1.0
-36904.22038343265,2.0
-32878.623453222084,2.0
-40280.212752657266,2.0
-53948.15353399399,2.0
-38240.818408858526,2.0
-33108.73595270779,2.0
-36052.158511163194,1.0
-56650.47857928982,2.0
-52468.32906785877,2.0
-41213.51631552882,1.0
-35657.884942602876,1.0
-44828.95005631568,2.0
-29606.04314914992,2.0
-65966.91618269548,1.0
-54894.947990268905,1.0
-35869.12247742945,1.0
-36273.42207935295,1.0
-59412.449585995964,2.0
-44372.003077127,2.0
-61448.30999928792,1.0
-44840.07127845945,2.0
-48535.33281848639,2.0
-42201.085890311326,2.0
-39265.99420019786,2.0
-50547.85668841259,2.0
-47558.94339989732,2.0
-41547.02637949519,2.0
-56252.60630386129,1.0
-55250.93506572713,1.0
-53102.16718578562,1.0
-34770.54573355148,2.0
-37641.55712294707,2.0
-59282.79483826924,1.0
-52040.21566291238,1.0
-29783.521159356467,2.0
-54134.383674167635,2.0
-49998.57954271053,2.0
-31450.248350224414,2.0
-41957.742774891034,1.0
-41753.258465477804,2.0
-64300.792141470214,1.0
-43499.52171961323,1.0
-43069.30918138493,2.0
-63534.77441290281,1.0
-52757.72636667278,2.0
-40595.45909411668,2.0
-37668.78742348961,1.0
-58325.05912579001,1.0
-60380.30987251042,1.0
-56885.50186754615,2.0
-28017.962546848128,2.0
-38575.40015783414,2.0
-30571.16881700982,1.0
-39440.45854836634,2.0
-40578.18499273085,2.0
-29556.394903235585,2.0
-39904.32524740993,2.0
-54566.05427752189,1.0
-53183.91538950607,2.0
-28946.036987549516,2.0
-39798.783899854054,1.0
-34095.25990230359,2.0
-53991.98450506956,2.0
-50294.68230142549,2.0
-50717.60865140511,2.0
-40532.30998375187,2.0
-42963.26552820624,1.0
-41908.14305287863,1.0
-47351.17555953344,1.0
-56808.81333768634,2.0
-39025.9717791864,2.0
-47391.79509967775,1.0
-36211.49965374966,1.0
-41996.97453026156,2.0
-52790.87998306539,1.0
-60279.93425559759,1.0
-37686.56352934158,2.0
-61834.96225059073,1.0
-61928.91559988214,1.0
-43305.92457819282,2.0
-55660.4892793753,1.0
-52060.10658486295,2.0
-41787.87313866277,2.0
-45889.585890569244,2.0
-43232.080473651426,2.0
-65514.43477250773,1.0
-36403.68560609089,2.0
-41892.45574457088,1.0
-41705.767451261374,2.0
-35625.032590175586,2.0
-62494.89642466516,1.0
-39369.98677128871,2.0
-30626.490593212977,2.0
-34369.43998869687,2.0
-62682.24468966034,1.0
-43366.668136423075,2.0
-40094.19162599146,2.0
-42796.8534276889,2.0
-42633.514795174415,2.0
-41340.32508402262,2.0
-42895.46588675992,2.0
-30436.312115782875,1.0
-53728.72771444818,2.0
-39108.04283071989,2.0
-32008.853490035246,1.0
-55832.45792449587,2.0
-58495.43776855381,2.0
-43415.74704166141,2.0
-30229.265304109278,2.0
-40524.77676168972,2.0
-56244.90264431003,2.0
-37124.02794173206,1.0
-43032.37421757333,2.0
-42590.69969634404,2.0
-52038.27046866701,2.0
-43754.03867926332,2.0
-29662.620577816357,2.0
-29104.627650011127,2.0
-49515.04704944146,2.0
-37080.695989685904,2.0
-56176.41232080493,2.0
-46293.99643500223,2.0
-50686.37639157323,2.0
-31171.81642138052,1.0
-38059.63416732845,1.0
-28808.36813781497,2.0
-42938.84569122884,2.0
-36135.631085314184,2.0
-55501.609264214014,2.0
-39818.31190698533,2.0
-57145.841327089074,2.0
-52739.75158207606,2.0
-49110.450701231166,1.0
-38749.96710496751,1.0
-39961.08083496414,1.0
-43542.52808841625,1.0
-30690.976722672796,1.0
-34400.75593433932,2.0
-61458.912993906386,1.0
-30850.262057880187,2.0
-61876.8167985207,1.0
-30525.31606036777,2.0
-42758.36868578042,1.0
-51382.88708553797,2.0
-41481.107600678406,1.0
-45540.906697932965,2.0
-28682.274434027095,2.0
-36143.28845598921,1.0
-40166.017906194946,1.0
-59593.318003486,2.0
-59124.79066006467,1.0
-32940.256122240186,1.0
-38389.221215666796,2.0
-43383.70044333949,1.0
-28969.07601158134,2.0
-37376.64434492395,1.0
-42026.86317948616,1.0
-42691.99409422098,2.0
-58056.71036473548,1.0
-39560.649312729096,1.0
-29039.729456023495,2.0
-36506.61021284285,1.0
-39438.307964399806,1.0
-32715.533433455177,2.0
-57408.03532858206,2.0
-38666.09459586179,1.0
-36935.21247973796,2.0
-29192.239171224057,2.0
-58850.45633120503,1.0
-57389.011882004816,1.0
-32818.9766762294,1.0
-47135.82782036155,2.0
-38002.94974169916,1.0
-30131.700294442744,1.0
-28790.975903217022,2.0
-39739.30106236115,1.0
-31253.97230111337,1.0
-54518.82407220993,2.0
-40125.235517922614,1.0
-40230.8301923767,2.0
-55723.55463495643,2.0
-53821.18909275842,2.0
-53032.22714205933,2.0
-49868.85190441822,2.0
-39377.47318421783,2.0
-58736.513163283395,1.0
-37955.9160181326,1.0
-32587.783082658094,1.0
-34579.178629697366,2.0
-64385.25780332836,1.0
-41868.748850382486,2.0
-43905.9539088595,2.0
-33360.227172101964,2.0
-47775.606286741524,2.0
-30740.46555069858,2.0
-51988.537365390985,2.0
-57645.176767513825,1.0
-52983.13226667304,1.0
-36744.8075153652,2.0
-29480.215347795685,2.0
-46216.524659073766,2.0
-60906.145393239494,1.0
-59593.30972055455,2.0
-38292.54575863433,1.0
-49800.81312851772,2.0
-43340.565569062586,2.0
-55724.90872330865,1.0
-47370.096287269655,2.0
-55260.97009982375,1.0
-28587.278771601577,2.0
-56576.56010017884,2.0
-51159.92332056812,2.0
-28254.68285350588,2.0
-45869.93730389897,2.0
-49502.575521405866,2.0
-41434.975920871744,2.0
-33160.38746420451,1.0
-38723.232642392875,1.0
-29090.14481339496,2.0
-42446.05687791747,2.0
-56759.077685500924,2.0
-58551.662664612115,1.0
-59292.63186251581,1.0
-49571.55376224745,2.0
-55600.99935306517,2.0
-56843.07041222404,2.0
-53364.490363280594,2.0
-38528.164562583894,1.0
-41959.380931424224,1.0
-52830.63824550333,2.0
-29693.702204272784,2.0
-57440.29549050113,2.0
-30496.11731731587,1.0
-47211.116681287844,1.0
-42982.152746266176,2.0
-40842.20092372638,1.0
-33440.85425943435,1.0
-52971.93534113877,1.0
-40244.89545959068,2.0
-43087.027024068535,2.0
-49055.7990263087,2.0
-59757.89151947493,2.0
-41237.97761612486,2.0
-59049.85003082451,2.0
-43573.64619582511,2.0
-34416.123348400724,2.0
-53234.42477760993,2.0
-40932.69019817296,1.0
-40194.666615198366,2.0
-48737.48745111974,2.0
-47546.83768013791,2.0
-29189.552863646735,2.0
-32083.753372091356,2.0
-31179.34618128733,2.0
-30848.278416745656,1.0
-42629.90169430527,2.0
-54904.79188995871,2.0
-34922.87323512319,2.0
-47028.20608047188,1.0
-47618.86282724008,2.0
-52987.44640781105,2.0
-52899.384564315726,2.0
-40707.92690351518,1.0
-31571.381480792945,2.0
-31074.912502929554,2.0
-32371.944238844066,1.0
-37690.10002171217,2.0
-38258.41191642203,2.0
-30152.694642334332,2.0
-34792.9253685615,2.0
-35291.49245717666,2.0
-33020.34589594204,2.0
-50261.461516297844,2.0
-52658.93064003216,2.0
-42140.506953827724,1.0
-49659.85065371989,1.0
-61824.638181372226,1.0
-43511.019122886704,2.0
-57649.46113747636,1.0
-60596.06975598323,1.0
-42014.719988465105,1.0
-35966.694639134395,2.0
-54950.18502022243,2.0
-46004.539168664,2.0
-56315.67931339328,2.0
-61625.43107960376,1.0
-38147.84372945993,2.0
-59943.61437209974,1.0
-54399.66550258217,1.0
-37605.84838426489,1.0
-55178.578857289904,2.0
-28806.26530092214,2.0
-42533.28940282364,1.0
-40193.773772634224,2.0
-39839.12491662291,1.0
-40386.25243272324,2.0
-31717.754646080593,1.0
-32648.273707119697,2.0
-39335.17684893502,2.0
-40386.06525847975,1.0
-29544.836332180672,2.0
-36447.37535214962,1.0
-34405.76181969154,2.0
-47988.95085266424,2.0
-50389.51183343199,1.0
-48425.64840224954,2.0
-50391.682850956204,2.0
-44678.640466397985,2.0
-43931.34463196791,2.0
-34829.599814735135,2.0
-53305.48810843015,1.0
-38525.731410725006,1.0
-61250.88512035807,1.0
-30117.28656190837,2.0
-43768.042369854076,1.0
-52754.580592800194,1.0
-39611.27079482014,1.0
-39243.3274248498,1.0
-45242.45350380234,2.0
-50627.773919350715,1.0
-59439.14571834024,2.0
-58084.149706414835,2.0
-56424.57726182211,2.0
-54683.72662485909,2.0
-59598.51670530869,1.0
-55002.22010126275,1.0
-37208.06244333289,1.0
-43838.66360393797,2.0
-58647.23190305127,1.0
-54515.16444407108,2.0
-57551.51522992665,1.0
-53087.75362471015,2.0
-31695.213283985184,1.0
-37781.35682459061,1.0
-31160.900641989043,1.0
-49753.747125556416,2.0
-28677.002719934524,2.0
-33997.42473945055,1.0
-50966.53921691487,2.0
-30838.033322776024,1.0
-34902.31881013976,1.0
-53881.4335116219,2.0
-50208.42399419821,2.0
-44922.75672818632,2.0
-54920.49918134908,1.0
-28510.89728251662,2.0
-59200.19355724498,1.0
-59299.88124860228,2.0
-38902.83400466087,2.0
-28982.911230839098,2.0
-62876.32933863387,1.0
-36588.281022107156,1.0
-40872.229118069066,1.0
-44144.48791981903,1.0
-29428.041331209533,2.0
-30534.094172348858,2.0
-37741.081434447406,2.0
-59230.12290784493,2.0
-59218.95547857435,1.0
-53232.13254669579,2.0
-56980.93650464398,2.0
-29031.856335431854,2.0
-39883.592925373356,2.0
-38739.98246045457,1.0
-58915.71251668404,2.0
-41881.56620796895,1.0
-30823.50030134384,1.0
-38297.49313515894,2.0
-62905.03652328609,1.0
-48148.60536835538,2.0
-31126.232320019233,1.0
-35380.69440503667,1.0
-37579.500623955704,2.0
-56959.57765254346,1.0
-41537.411984024875,2.0
-47980.01987396904,2.0
-55492.70244929469,1.0
-49942.09278540867,1.0
-54698.41658647131,2.0
-50357.78959498495,1.0
-37107.04053126181,2.0
-47038.96723744778,1.0
-56481.09961962218,2.0
-39987.85310383391,2.0
-52685.3630713737,2.0
-43688.14293334178,2.0
-61537.89694739091,2.0
-55284.17237510334,1.0
-54224.37491608927,2.0
-55377.26726552566,1.0
-51294.28898989476,2.0
-42885.13273584359,1.0
-57301.527216222465,1.0
-29044.500688079148,2.0
-39677.14565531464,1.0
-38623.21120516575,2.0
-29747.95886479488,2.0
-59424.99197506537,2.0
-47926.3752520486,1.0
-41237.060042112964,2.0
-52725.17802843073,2.0
-30250.384578779045,2.0
-41645.47714233478,1.0
-28915.992148493646,2.0
-57051.97373455251,1.0
-54265.406296981004,2.0
-60337.28851231435,1.0
-41251.72004042425,2.0
-48551.78188645802,2.0
-40192.87862619669,2.0
-53566.26273908254,1.0
-33319.7274754226,2.0
-44725.637515956696,1.0
-54539.55813864303,2.0
-58441.3485023245,1.0
-28419.832721652205,2.0
-60091.7774526934,2.0
-38981.09497940104,2.0
-42961.25523983094,2.0
-41156.31858834586,1.0
-40900.84894195269,2.0
-29900.39750420111,2.0
-48797.018269594846,2.0
-47564.46197581071,2.0
-43878.86827819458,1.0
-31152.213585498594,1.0
-40609.19720913761,2.0
-34662.013560810694,2.0
-40429.83324508407,2.0
-28858.968406519816,2.0
-30987.16631771614,2.0
-33887.90352495226,1.0
-51223.1577878601,2.0
-38814.688618070686,1.0
-38308.59874174511,1.0
-45172.956821525135,2.0
-57555.836885207085,1.0
-59166.36361457883,1.0
-42121.981630977214,2.0
-41072.78004820082,2.0
-35817.006357647704,1.0
-28415.605490490347,2.0
-31828.717957264456,1.0
-29688.812217869323,2.0
-58006.33224459841,2.0
-40596.64632192727,1.0
-36765.50180146362,1.0
-55719.24797415512,1.0
-32257.05832498116,2.0
-30125.006621686807,2.0
-36806.69650260543,1.0
-62036.14542376779,1.0
-56823.487515178225,1.0
-61405.29792729284,1.0
-34316.434073144585,1.0
-47722.79586950362,1.0
-33092.318401768185,1.0
-40474.36998299275,1.0
-30713.58467805949,2.0
-34516.35367704232,1.0
-40098.07831333374,2.0
-31493.255996569045,1.0
-37529.1970007483,2.0
-40693.214519940986,1.0
-36175.405046152955,2.0
-31930.2363226789,2.0
-41535.65895098602,2.0
-50464.0963785349,1.0
-58714.64993522006,1.0
-43891.24062212535,1.0
-40693.50182594746,2.0
-53738.39647841393,2.0
-63621.28844244416,1.0
-44887.033484489715,1.0
-40975.057582723035,1.0
-63999.54613432253,1.0
-29854.77901286012,2.0
-58522.53995986053,2.0
-32374.763159154143,1.0
-28882.399689875012,2.0
-59385.73543358408,2.0
-56890.14028116767,1.0
-35792.44480326916,1.0
-55398.47380926729,2.0
-57228.093960842496,2.0
-50853.52156668449,2.0
-60755.95703802002,2.0
-31536.73774465437,2.0
-59961.271753400964,1.0
-41044.25164026344,1.0
-53832.27632230647,2.0
-44118.18972309639,2.0
-30462.3473797138,2.0
-45842.752228329475,1.0
-55244.56648556281,2.0
-64487.72995230707,1.0
-34253.6163909834,1.0
-50599.92226115431,2.0
-61825.100290558505,1.0
-59927.436949386596,1.0
-40438.50956595246,2.0
-65248.91293581569,1.0
-41649.232599482464,1.0
-54285.4333151646,2.0
-41309.543931054286,2.0
-50615.70274057805,2.0
-40535.70899772728,2.0
-51692.5105555106,2.0
-52411.97971502393,2.0
-36600.817332384075,2.0
-38137.81138465155,2.0
-54610.308835699456,1.0
-31121.800784870436,2.0
-31507.445542945323,1.0
-58774.57765269703,1.0
-49066.39662406269,2.0
-34370.02908123143,2.0
-59629.42554156032,1.0
-56064.616903257614,1.0
-45205.63822016366,2.0
-40592.01535877769,1.0
-45888.77751063363,1.0
-47998.12938585986,2.0
-42117.946284759266,2.0
-38264.17186642873,2.0
-58318.32621545391,2.0
-41638.17578872671,2.0
-52354.52282586336,2.0
-39622.740906808714,2.0
-39994.1022362092,2.0
-66004.05586840131,1.0
-39480.25494240537,1.0
-28379.257742966212,2.0
-54590.892035901765,2.0
-32662.933571197747,1.0
-38439.119475323045,2.0
-52109.32825182822,2.0
-48784.663616147074,1.0
-64483.000262761954,1.0
-55362.27264118985,2.0
-38277.932685431544,2.0
-38340.43032849295,1.0
-50224.52194926633,1.0
-43158.12789375806,2.0
-40454.38655870703,1.0
-46323.71741103132,2.0
-58683.14807946134,1.0
-39604.088568361374,1.0
-55599.74894201857,2.0
-58790.48981657927,1.0
-30709.59235888398,2.0
-54434.49602431337,1.0
-33730.68807745022,1.0
