empl_ttl_lc1vs0_iate,empl_x0
-4.948054261668859,41.0
-4.578111859088714,19.0
-3.230183773696281,65.0
1.3276327758599846,58.0
-5.504426802571932,60.0
0.19740218502416718,72.0
-3.7681734953965305,35.0
-4.058591155271899,48.0
-0.6127430727358064,86.0
-1.3866245580209615,68.0
5.684290253260674,95.0
-3.9245604592515027,28.0
-4.249977880810943,72.0
-2.7508514322438367,54.0
-5.343410681848838,35.0
-5.859476615922035,89.0
-3.560316948943589,46.0
3.9605823782354577,100.0
-0.2781985129849933,90.0
1.2274432011773224,77.0
3.8812397465118122,44.0
-3.3427260873530398,56.0
4.9152560967964956,98.0
-4.71026634939384,42.0
-4.215989504466777,63.0
-5.861797327600664,50.0
3.195668435079152,92.0
5.222338304708721,38.0
-2.9020687387710535,36.0
4.280266659497552,103.0
-3.7225476618861912,58.0
-3.486853278044228,70.0
-1.3057265460516698,65.0
-3.2785683578171336,53.0
-3.342427794012711,70.0
1.3763720464244351,78.0
-4.010554469233904,61.0
-2.6537893485242208,94.0
4.728494152405938,71.0
-2.9711600162350447,79.0
-5.293375960119727,45.0
-5.378046175097144,80.0
-2.9478466195738484,60.0
-2.616589569519482,78.0
-1.1791202450774634,64.0
-4.311464470350409,91.0
-0.12053856032070254,106.0
-5.553943871730289,41.0
-2.5097217097954987,71.0
-2.955066446938946,70.0
-3.129404636961479,32.0
1.1985676546152861,62.0
1.93558641024354,68.0
-4.196079625440849,47.0
6.449172312966962,105.0
-3.0829091482839517,25.0
4.891619174263027,47.0
-4.391780743250741,67.0
-3.4463184400290006,62.0
-4.47581358746775,28.0
1.3776060924220008,53.0
-1.9133030567665479,66.0
-6.274316227690827,97.0
-4.837873860188848,79.0
3.386321604051256,105.0
-3.4899290176169884,17.0
1.63337041131164,65.0
-1.4524888182921771,81.0
-3.4897655460277974,78.0
-3.8998745555076644,66.0
5.436816063188527,91.0
3.7496934542546665,71.0
-4.248230258791732,56.0
0.31380723920020004,61.0
-4.149337294975304,37.0
-2.4455956673903776,57.0
-3.5938970168129813,72.0
0.12389493903963,97.0
1.0171740108050566,98.0
6.390183591814025,109.0
-3.450569901201286,48.0
-3.8400120684612906,82.0
-4.406178341738958,50.0
-2.9490994516832165,49.0
-1.9759975006251942,92.0
-3.1223764769021933,54.0
-3.9963374702913472,51.0
1.3313914137511298,87.0
5.8144092617826555,77.0
-0.6622089022793183,85.0
3.849187277029741,71.0
0.09658460201370933,51.0
-4.6117175715266345,84.0
-4.449272870511718,53.0
-2.736970506720067,46.0
7.193584233035986,93.0
-3.8302579895709554,37.0
3.20544308579557,89.0
-2.5526540996384313,47.0
-2.186318953991026,61.0
-1.2875165043921646,83.0
-4.0054989881365115,61.0
-0.09933864261648351,63.0
-4.973522661912383,54.0
-1.5365758327191974,49.0
-3.9842499680379637,36.0
3.976228403146549,50.0
-3.481802111213266,42.0
2.0519123979685157,70.0
1.209600134149532,84.0
3.686375956199354,62.0
-0.7506920493004086,64.0
2.7223543517259374,97.0
3.47577607850244,73.0
2.347982875400124,85.0
-3.835688449799336,40.0
-2.294756710314047,51.0
-5.388084664678197,35.0
-2.5804622695616173,56.0
-5.825823605192124,28.0
-2.945849181596061,65.0
-3.3863182264720795,79.0
5.302877003082863,95.0
1.9493689406136316,75.0
4.7848177038834745,61.0
-3.422833772512836,39.0
2.0196300685915873,65.0
-4.789290297255821,72.0
-3.1225787908962204,41.0
-2.7542017409301556,59.0
-2.1347439539077815,43.0
3.0914216505186207,76.0
-4.795990592082758,55.0
-4.998245575217604,34.0
-4.278209409956684,32.0
-4.092050333249997,70.0
-3.2722100341891887,63.0
2.4438923980872174,42.0
-2.5676675061993346,69.0
-0.39525542153435855,55.0
-2.2361339405144123,92.0
-3.3962974403455943,94.0
4.671032224318577,90.0
-2.583898500732019,91.0
-2.990697211185264,88.0
-2.0414398987498465,94.0
4.806125932089195,76.0
6.748201447424043,102.0
3.7894679019779454,76.0
-3.3856079351713264,76.0
2.075202057958157,53.0
2.5151356119067643,46.0
-1.7045473165222553,99.0
-1.736027195568866,70.0
1.9544020158678403,78.0
-4.195100790939596,61.0
-2.9251161280755014,89.0
-3.9771125514851056,77.0
0.7804339915306638,93.0
-4.196207775703746,15.0
-5.963996222178753,54.0
-2.9154894476629343,40.0
-4.819217837848504,40.0
0.6434907489571391,87.0
-2.2451766695921673,80.0
-5.40333234578869,44.0
-1.8240732902348062,81.0
5.839423864447731,96.0
-3.8809808342433607,48.0
-2.935752513403604,24.0
-3.4082253853417237,50.0
-1.9240905170665115,91.0
-6.525376664134832,49.0
-2.8982356651317174,56.0
-3.768901305765833,98.0
-3.657351657002427,53.0
1.1054301236187065,69.0
-3.9635794062600826,65.0
-0.6575358761725973,42.0
-1.0549530169501642,91.0
-4.859357644660357,51.0
2.695967769142177,54.0
-3.789473198961394,45.0
-5.312958761372919,36.0
-3.001068757194064,39.0
1.8580197523462871,76.0
-3.3267697586820573,62.0
-4.710930827280663,30.0
-5.672662178698555,111.0
3.119279809118429,74.0
1.2334641111728715,52.0
-1.5464767859255493,100.0
0.8846024877090359,55.0
0.5483731527076205,89.0
-3.5872585767655596,58.0
-6.129132733428465,43.0
2.5860555860194645,78.0
-3.0064827361830364,38.0
-5.360154867782068,76.0
-3.275435829628541,70.0
-0.12242576165035746,36.0
-1.8321317005955065,42.0
6.778383269599431,91.0
-3.430757263444404,60.0
0.3988516534721058,65.0
3.7985075210144816,70.0
-0.35320120747916817,52.0
-0.06712805079224937,75.0
-4.69465637484021,63.0
5.4014671529013665,87.0
1.9933471088557306,116.0
2.2576281182160307,80.0
5.3328510216888105,85.0
-3.5999264755149136,73.0
-6.02580791672063,55.0
-4.087424262173296,81.0
-4.456120488328172,71.0
-2.098928599130648,100.0
-4.7293451343931,44.0
-0.8199923672674787,55.0
-3.542253925406978,80.0
-2.0795152595447846,90.0
-3.5123309224653827,92.0
5.42985163057913,110.0
-1.7224151203419693,103.0
6.297568714241242,87.0
5.497706146338965,79.0
3.0398059508032,78.0
-3.2829535308042677,46.0
-4.6963646787342235,45.0
-1.8270437227196439,79.0
-1.3276463083995922,63.0
-5.096880742352143,49.0
-3.1109981298720415,55.0
-3.8806701846481606,44.0
-4.229016315321572,79.0
-5.167740311578169,25.0
-4.617690634643842,71.0
3.61852053702568,103.0
-0.34936895270848556,91.0
-0.33789798830967177,62.0
-1.562689292787315,65.0
-4.150981198349912,42.0
-5.312215122395466,69.0
-4.0104100369286115,61.0
-1.1677762421445999,64.0
2.7536013456969846,61.0
-5.238522494668645,33.0
5.7820500802829775,92.0
-2.9990774924327823,65.0
-1.5436167052238092,24.0
-2.253680882207651,60.0
-5.492204650527715,36.0
-5.338695764190625,64.0
0.40992576299615324,82.0
0.272103813581142,48.0
2.8716747633084747,49.0
-4.618145775944324,89.0
-0.6383058514248776,58.0
1.2733468422469771,54.0
6.077324551980071,85.0
1.4980953252309934,86.0
5.6278964487955445,98.0
-2.4331686039356297,64.0
-1.2111431572426774,59.0
-2.71974968245827,44.0
-3.25652839817716,83.0
-5.498342312152808,61.0
-4.512683429882857,63.0
-1.2148151437657715,66.0
-0.7286531190889631,73.0
-3.8195246641595273,80.0
-5.192844139742523,74.0
-3.908385187422441,91.0
2.4218161281265935,69.0
3.3886111716437974,58.0
-4.397670991452435,86.0
1.937040029338538,50.0
-3.202072738343905,86.0
-3.9989631905078067,12.0
-1.937203117539109,37.0
4.407895465923728,85.0
-3.6213206799207627,61.0
6.50490757232947,96.0
-6.140164103639021,61.0
-3.397623742570224,72.0
2.312671255111637,107.0
0.6156473137367242,74.0
-4.508205524360792,74.0
-5.639502430004038,52.0
-3.5012230893579055,50.0
1.747398623254672,75.0
-6.05360458925263,68.0
-2.011956465865725,100.0
0.6994977974461709,83.0
3.614430014115727,82.0
-4.391876464007556,69.0
-3.5505560028175864,55.0
-5.43002291255682,36.0
-3.050202636778661,43.0
6.860859059223523,111.0
-1.3674241686841095,22.0
2.381263002286357,90.0
-5.6440124312781155,66.0
-3.8127222396058302,27.0
-0.9817240845532982,42.0
1.7797336484081074,64.0
-5.3324492497838945,48.0
-2.6564966269549344,52.0
-5.428848085752703,70.0
-2.75491906747549,47.0
-3.00600139768932,84.0
1.898242702390692,69.0
-1.9563687013520346,83.0
-3.9440501010710864,68.0
1.8049284025555874,73.0
1.3433489028328993,90.0
-4.259617813032691,53.0
-3.550084653640216,97.0
-3.6228194831355234,67.0
-3.116118090076659,56.0
-3.904805121452798,61.0
-0.8751615828624315,52.0
-4.091898712751071,96.0
-2.598807015951532,63.0
3.749472592947343,100.0
-3.7134513464925525,24.0
0.8483982727408987,47.0
3.2305918712099384,69.0
-4.2484042290120625,75.0
-4.06591157167027,59.0
2.773470761133646,58.0
1.8953602894806894,109.0
2.4588556120175236,83.0
-1.5142385898266997,43.0
-0.5583808084974462,74.0
1.5309932795307508,87.0
-5.77137815649188,59.0
-3.89380444054099,77.0
1.2726261861978991,69.0
0.7657928968474039,114.0
4.420137802344582,87.0
-0.20833921090816832,48.0
-3.3979648313726942,69.0
-2.9375737524152665,95.0
-2.313691915140936,77.0
3.4522025232433955,105.0
-3.907929495489743,43.0
0.45903167775348885,81.0
-2.77765069060186,87.0
-3.7929227759504416,41.0
-5.097856488795054,55.0
-5.428756865698442,76.0
-2.779708523699015,71.0
0.8650434400063216,112.0
-1.3470609903713058,78.0
1.2717397511267414,71.0
5.449298550811998,51.0
-4.1057441937885555,78.0
-2.2799147158558646,72.0
-2.4356890442447425,37.0
1.4733173941328142,75.0
-4.410599476829763,70.0
-1.7726505402608712,55.0
-5.344425811761387,74.0
-3.7059000003996307,69.0
3.845983467653297,59.0
-5.629497611626541,61.0
-5.253804065167406,61.0
-2.827327361383268,57.0
-0.47007927100044733,55.0
0.13419640107677666,50.0
1.9924686873941257,77.0
-3.107887949508968,85.0
-2.9392552614380136,62.0
3.513910483094543,100.0
-1.0474647228894427,55.0
-3.3161580064317686,79.0
0.8318671556681245,81.0
-2.4883231285211695,79.0
-2.836182655243464,91.0
-2.495592100483428,49.0
-3.881747748499915,88.0
-4.4609868044244205,60.0
1.4885993862159714,93.0
0.3871114629349366,51.0
-0.9283323616781565,86.0
-2.7475427986454206,76.0
-3.4720384049100517,97.0
7.165042003869438,74.0
-0.14182548375193615,83.0
-4.782358551443862,58.0
5.4904617972008545,94.0
3.3237574702387005,54.0
-3.8533116225894,91.0
5.994489675214531,88.0
-4.705798512424085,92.0
-3.7959424836531843,99.0
3.6281310348992304,94.0
-1.5696255674299642,44.0
-5.052254530003686,76.0
-2.719143221421075,97.0
-2.732141786903701,60.0
-3.3638409835578162,90.0
-3.6408245958348546,56.0
-1.6263164859608958,68.0
-4.524585730301871,50.0
-5.051062862716847,40.0
-3.3979934600027084,39.0
-4.009990335206917,41.0
4.503346306299948,104.0
4.681498620133462,107.0
-0.178536285328331,83.0
-4.431796354834315,31.0
2.691548863099447,70.0
-2.1162114354187995,52.0
0.2888266760580791,56.0
-1.521947889752776,89.0
-2.583617080601151,48.0
-4.5387099717820565,55.0
-2.1474045761101834,86.0
-1.967445884071581,118.0
-1.1046360661382306,103.0
-5.126955936879025,45.0
-4.1414185129873005,30.0
-1.0970368027807986,68.0
-2.649066681806379,53.0
-4.3366027133896035,94.0
-4.2969513523184455,55.0
-2.482744980674674,56.0
-2.1945666035991374,67.0
-2.293724311162114,57.0
5.187010374084466,85.0
-4.079695300872553,54.0
2.4329041790555648,100.0
-4.292889717739166,73.0
-4.616842139614132,54.0
3.4681787631576935,70.0
2.578898393798064,46.0
3.7039160040164725,53.0
-3.780278801189927,68.0
-4.256311078161298,76.0
-6.464689102106622,54.0
2.039158323997919,58.0
-4.385537074471456,46.0
-3.644265007049574,42.0
-3.303239482818933,93.0
-1.870682324025188,87.0
-2.3565598636369844,80.0
-1.763862204513741,89.0
-2.9956929437293,97.0
-3.8930787482781932,42.0
-4.827950781659995,74.0
-5.1243009569213305,54.0
-1.9767936963148445,59.0
-4.1454069838724985,72.0
4.349936090885311,90.0
-3.272371853332306,90.0
5.721475891080037,88.0
6.39292893295946,71.0
1.1921423072844162,98.0
1.539048705091383,69.0
-3.9191634859331215,60.0
-5.04763094193383,43.0
-4.768518833712657,65.0
-3.1279763025301346,44.0
-3.9237546696381704,70.0
0.7026998173411969,53.0
-2.671430749056292,40.0
1.6934921192716477,81.0
3.225705777327759,54.0
-1.7304030225112719,69.0
-4.112629741582362,42.0
-3.741588768969919,82.0
1.5564816217025443,73.0
0.017174327457958327,53.0
1.7865084043889565,69.0
-3.607887499093878,80.0
-4.299352180623878,66.0
-4.963660183051558,24.0
-3.9290132368769037,52.0
1.7641385702599393,68.0
-4.902020921330532,66.0
-2.1690190795704964,76.0
-1.7274639053489964,62.0
2.9074210880405884,53.0
1.2257991417298666,55.0
-4.838452930126771,41.0
-2.7338926437613713,62.0
1.5344541237195228,50.0
-3.1158861668446165,78.0
-4.051497485628115,53.0
-4.676303285157022,51.0
-4.164956267573654,84.0
-4.97259073053099,72.0
-4.60330157887548,74.0
-0.7558592707129583,67.0
-2.4940792212042604,82.0
-4.031645712540168,89.0
3.2933451460579213,94.0
-3.2510272973711993,42.0
-3.2661468875873276,89.0
-2.826754556005829,107.0
0.40106234434740395,62.0
-2.216552392717929,41.0
-1.1364372188384961,57.0
-2.816327122398533,79.0
-2.78883109167267,95.0
-3.9057182993895565,44.0
4.474577271989352,40.0
3.40534350617678,67.0
-3.2871155195634847,52.0
-4.637658769350546,50.0
-4.4271112724197215,83.0
-4.20265405792476,48.0
-3.0814904724970713,53.0
0.2881758014122098,108.0
0.6719255423346691,76.0
-6.568161889442717,66.0
3.4601606511106544,55.0
5.282020500861752,68.0
2.6174073053069526,72.0
-4.036641081268447,82.0
-4.582837895846126,49.0
2.3478792578762073,101.0
1.0865331381424486,86.0
3.496863474794425,104.0
-2.0893506864101488,63.0
-0.16243927690797033,57.0
2.64846132185768,59.0
3.4010712228525155,80.0
-0.04547200251367256,100.0
-3.80992078553577,36.0
-4.9323263910287185,81.0
-5.514590856616369,65.0
-1.7959273190793446,81.0
-2.41617721069741,99.0
2.6892679935071317,101.0
6.052856520440151,96.0
5.268377685239561,88.0
-2.4086291442618633,47.0
-2.5478843843157835,52.0
-3.954108595859961,33.0
1.357244247124426,85.0
-2.979168257618821,54.0
1.1278060212057381,82.0
3.2942345871902647,91.0
-4.582024462815156,91.0
-1.6897827082749757,71.0
1.6589515785164877,45.0
-6.373647269674371,90.0
1.9622659363756714,81.0
-3.8832787097165946,56.0
-1.4285230057525893,87.0
-3.6858937062188564,60.0
6.570548108712626,82.0
4.597736320773852,92.0
0.6963286392553258,84.0
2.498433506603069,86.0
-3.1298083500482434,64.0
-3.344742678192409,89.0
-4.528799661946982,36.0
4.496361032875733,66.0
1.8204775325576117,97.0
6.868244083353314,78.0
-3.3135215966017486,101.0
-2.9758542915930457,52.0
-0.1262482386038284,57.0
1.825375877544806,80.0
-2.0557323475345015,101.0
-4.620388939137838,48.0
0.37260871520707495,56.0
-0.05996062702058058,115.0
4.012743138073272,62.0
3.1016642057424324,58.0
1.7565328173522823,69.0
-0.7324011617215809,95.0
-0.9909784664961091,53.0
-2.319476992690084,68.0
3.784431388732647,77.0
1.0086881187071661,61.0
-3.3018082382553815,80.0
-1.3154411757510225,68.0
-5.49959160026593,47.0
2.827376241167716,75.0
3.091618288378948,74.0
-0.7012388210445643,53.0
-5.415163772243275,51.0
-1.1939734200590362,75.0
-4.490096122337092,46.0
-2.530533331704901,83.0
-2.7813089576165506,63.0
4.526101552720037,63.0
-5.257726061442645,88.0
-1.0879998676815426,43.0
-2.9347539051269522,69.0
-2.0907224166523393,61.0
3.6266866753599123,114.0
-2.7384929561613554,66.0
-2.7312336184240094,51.0
-0.8824166413796637,76.0
-5.257663166660086,48.0
2.227952886094991,74.0
-3.5278245581385717,62.0
-0.4430762504496304,90.0
2.5442679856999173,110.0
-6.004665757045915,69.0
-3.800415545129083,50.0
-3.1115328183205184,62.0
1.5459529010717303,45.0
1.5985059135738493,113.0
1.3543080205909495,60.0
-2.68605012228058,77.0
4.754924624547002,45.0
-0.16081504738744368,67.0
-1.1229224735945462,68.0
-5.283555918558607,86.0
-2.5310567818621337,82.0
3.4491467446243265,86.0
-5.0073556961677195,86.0
0.4929477007014551,66.0
-3.7662759388281044,47.0
1.4379886024903041,78.0
-4.2599297720800084,34.0
-2.2496413650663367,33.0
5.089357546104323,77.0
4.204123124346394,68.0
-0.06430039491045525,45.0
1.2214580701477937,64.0
-5.465210883681552,42.0
-0.17542656148847602,57.0
-4.259540116598308,69.0
-4.509763932313359,35.0
-5.4223542761839,71.0
4.812823358491759,75.0
-4.855095621064352,48.0
0.15841868451744823,98.0
3.100906757121863,57.0
0.2926262502211565,83.0
-4.183149163591842,42.0
-2.693586499229308,90.0
2.3280661252016155,45.0
2.8792836897527248,114.0
-4.226646877101689,81.0
0.5870748677372064,62.0
-0.4163972456516343,84.0
1.889138264303508,91.0
-2.414539023561926,95.0
-4.578230930412071,114.0
-3.512463730766281,54.0
-1.9942837301306084,78.0
-5.274694874512052,74.0
6.094628445687494,92.0
-5.898084529935444,95.0
-2.3018638774314897,74.0
-6.6034429280974285,49.0
5.630116212740459,95.0
3.1496391316589847,48.0
6.295598787187169,108.0
3.096863788161045,49.0
-2.1166968607054075,101.0
-2.8847109576155354,57.0
-4.5191034188833346,38.0
-2.6519265540683605,53.0
-2.671738449703691,75.0
5.677310165785743,99.0
-4.426798242511768,39.0
-3.91277315769401,57.0
-3.2834900855775535,92.0
-1.6908441150195213,49.0
-4.498093332932674,84.0
-3.445839681468159,61.0
-1.4553344418542595,101.0
-4.0506810033792116,77.0
-4.215397800178412,17.0
-4.199465155162877,93.0
1.9724954844297633,80.0
-4.185442356137267,57.0
1.285402876376132,93.0
-0.8697966752399457,77.0
-5.5094072108581855,39.0
1.0486381470348118,62.0
-1.803053167129896,59.0
-2.204360219389142,90.0
-4.060083736358665,32.0
-3.4345651038673846,20.0
1.1533941148629259,100.0
-3.835439418933324,39.0
-1.764126881877653,102.0
2.3473561225208526,84.0
-4.403571085487387,64.0
-4.77592527191818,71.0
-3.922201960081952,55.0
-4.1313556866511085,81.0
-5.103462778387858,59.0
-0.855554354569354,49.0
-2.4253469928092652,59.0
-3.813203861001538,80.0
-3.070399934176888,92.0
-0.03486795811430943,54.0
-1.8632702984078333,42.0
-4.718002002322483,63.0
-4.164315656491606,81.0
-2.5923083224887664,63.0
-2.7805457050187634,79.0
-3.5590655468351553,68.0
-4.279246053847592,65.0
2.459416165362348,62.0
6.933864714430991,111.0
2.244727974509967,67.0
2.725740928959718,104.0
2.6726926767040067,89.0
-4.06447447476577,52.0
3.235083425557784,97.0
2.1753656612516084,91.0
-0.8895874407032909,61.0
5.259121056123862,92.0
-3.3761384954354794,95.0
4.712534739596363,94.0
4.415589188476834,44.0
-1.4522867706837872,90.0
-2.831336150790134,52.0
-3.57459792000618,63.0
-4.552315732934243,49.0
-5.546053014606726,51.0
-2.084474819371826,55.0
-3.098097424318858,76.0
0.4980390937887891,65.0
-3.3545013525588776,84.0
-4.761363216701895,51.0
3.4201506616566135,112.0
-4.167926148788123,80.0
-3.904452404247317,99.0
4.151059745535479,73.0
-2.204601101908631,49.0
-2.4965589568720796,72.0
-2.1369326300855085,69.0
-1.6490824149874799,92.0
2.2665808343634186,94.0
-1.6566229367925231,94.0
0.6856338272390512,74.0
5.958954866039089,62.0
2.6001175017899496,60.0
-3.626460928976835,74.0
-2.855376841873995,96.0
-4.919573395820627,41.0
1.7528354965498827,80.0
-0.15516440721868552,94.0
-3.937604800979748,77.0
-2.9152957606648195,72.0
-2.941278682494433,66.0
5.9951819025697874,100.0
-4.445462478092578,51.0
-3.528671774881948,63.0
0.49295283637209075,81.0
-4.129705187956702,89.0
4.304325027493724,63.0
-4.842494406320793,49.0
1.1631983003406186,58.0
-2.56231027974892,98.0
-4.371613841943724,52.0
-3.601876406765669,51.0
-5.0049652609036075,104.0
2.7749260390238693,56.0
2.2439973857395805,96.0
-5.0477798345646665,69.0
-5.227159698876707,96.0
-4.033441411562128,66.0
-0.9372087955972894,75.0
-3.6783800671651945,44.0
4.781497130965573,94.0
1.291465669963298,52.0
-0.588315151616474,66.0
-4.338142791997398,46.0
-1.9116634071140641,46.0
-1.0140964941236161,76.0
1.1474629439390072,74.0
-4.986262116950782,48.0
-2.4725896384416317,42.0
-2.7761054496162116,90.0
2.1245391423944664,56.0
3.0149245611024043,90.0
-4.200012363309174,78.0
4.684040760599509,97.0
-4.9122509857258105,72.0
-2.738032382830116,47.0
-4.723717262323453,37.0
-3.877702873822643,89.0
-5.233646031980637,63.0
-1.5355212471785347,81.0
2.1381094402700542,112.0
0.03373519699493044,56.0
7.140707962671426,73.0
-0.3395727037041292,85.0
-2.5495572609760764,111.0
4.222735137550789,62.0
-0.8305039704737567,54.0
-3.5382141246021575,69.0
-1.8870128010795093,40.0
-2.46563101695815,48.0
3.393976396318651,44.0
-5.338189854924592,35.0
1.9237414271090283,87.0
-4.768848052246385,71.0
-5.182555763626831,69.0
-3.6364896855678075,63.0
4.515313583733087,95.0
-0.29383034354479065,90.0
-2.597188335683062,56.0
1.1859264297729855,84.0
-2.0344254802457273,39.0
-0.2796613648050035,50.0
-3.808773461643332,55.0
3.4507322022022584,55.0
-2.8487865586625114,26.0
5.195053141572877,48.0
-3.118162084458607,75.0
0.9659271115683143,54.0
-4.146635706475787,54.0
-2.39620574719957,79.0
-3.2090474582149646,51.0
-4.987883393459942,53.0
-4.918922901654716,56.0
-5.205698368591528,27.0
0.6302220833949059,83.0
5.317020161126713,60.0
-4.733038837480167,58.0
-3.392239927397201,65.0
0.9900284908068713,89.0
1.4786786624034436,57.0
-1.5959109427591711,62.0
-5.549805071377704,59.0
-2.8149180644257967,45.0
-2.474467532883889,93.0
-2.681714176917369,55.0
3.1727977439587587,107.0
4.178849378987126,103.0
-4.4272637594065385,69.0
-1.7980862068706809,56.0
-4.69829235918634,66.0
-1.036833233080804,85.0
-3.6679408215960336,46.0
-2.6985009868512195,36.0
-5.110087333780244,79.0
-1.137396236751668,47.0
-4.222975636162368,52.0
-4.14252334098035,105.0
-1.5857807612116277,59.0
-4.8321938879430055,55.0
-2.772590756309741,74.0
0.023547521320716136,70.0
6.061643981241941,96.0
-3.036643842836355,70.0
-3.65982040332739,48.0
-2.940051433162132,73.0
-1.8523727970790147,73.0
2.2888266713869676,104.0
4.236892058501377,103.0
-2.9519893361204277,74.0
-1.6936900874516585,27.0
-5.101399250909944,56.0
-3.716375124053755,81.0
5.326358141127221,78.0
2.5479966680692128,63.0
3.040873551998176,95.0
1.8259739344102883,93.0
-3.465309718507436,79.0
-0.025329566356314892,97.0
-5.012393344373582,37.0
4.378641969443402,54.0
1.609954263738139,72.0
0.611052961685445,91.0
-3.665150800828557,75.0
5.134359202954388,71.0
4.377760788802407,42.0
-4.354843196838144,46.0
5.274377302486443,108.0
3.9332243352260687,46.0
6.2059200732994455,68.0
-3.813619515130979,44.0
2.1361532416704545,68.0
3.3038785577059007,72.0
-3.2368329888208316,76.0
-2.8972359759250725,87.0
3.5418304382233976,67.0
-1.5094748912137341,48.0
-2.54870665606373,44.0
-0.41987172819249174,94.0
-4.110053276803089,22.0
-3.3327474394673615,52.0
-2.992611157644661,87.0
2.056322111350471,90.0
-0.3182059289320449,93.0
-2.870447577731101,48.0
-4.938661338665396,34.0
-0.36220321557425716,102.0
0.7500169374882,58.0
-2.2571754929607573,86.0
4.555288226421181,77.0
-4.928699860598675,42.0
2.6965090066973403,67.0
1.7620558424087647,68.0
-2.93173672281089,90.0
-3.0919302099313515,89.0
0.5583588201189764,60.0
-3.7356263895038566,42.0
-6.655212542053753,63.0
0.7357160119327779,54.0
-3.18645064868861,71.0
1.3286041622186504,79.0
-3.881312523180976,79.0
1.4731654130413205,42.0
-0.7645276353348445,101.0
-5.631874227218446,42.0
-3.3208300377576006,45.0
-3.1493218898440194,71.0
-3.8427721963640025,49.0
-1.768826460344338,47.0
4.083617846626088,95.0
0.9904568670271465,78.0
5.281561065245274,51.0
0.285111814239984,49.0
2.9335533326044665,86.0
2.6422594459892648,67.0
-5.315015336441778,61.0
-1.8951374603832871,46.0
-4.098469621036708,34.0
-3.163159495398601,69.0
-1.3159365168880546,88.0
-3.66228776544186,64.0
-0.9430543278354624,93.0
-1.8634320984711668,59.0
-3.922180911296234,50.0
1.5152438929868872,58.0
-1.8504436054156683,84.0
-4.430422371291685,62.0
4.033017913527991,59.0
-3.328643545639727,71.0
3.8571844535982738,90.0
-1.0869642056656645,54.0
-1.9480934178126688,79.0
-2.402990739524772,69.0
-2.4922555499285703,59.0
6.188500579654237,69.0
-3.6671800431640906,47.0
-3.576786378703322,48.0
-3.184404725449941,79.0
-5.032216082129008,63.0
-5.564928101308001,33.0
-5.789096156401348,42.0
1.057864246831892,78.0
-2.993544186994429,61.0
-2.8151851167112194,78.0
2.7032148231288566,109.0
2.8111796911471396,80.0
-4.270189495303227,65.0
0.7853303116207151,51.0
-2.9052596588680526,79.0
-3.5831539891236774,41.0
-2.6406135594675684,100.0
-2.5787404130824,44.0
5.790011169804853,90.0
-4.195155749669958,69.0
0.7423567168980283,85.0
-1.3188051483578598,41.0
-2.9425232281412566,44.0
-1.8914289265606294,73.0
-4.425609811980419,61.0
-4.083785918014666,83.0
1.9359278603434282,97.0
-1.3641915790213783,58.0
5.730039139788198,102.0
-2.669317415044541,45.0
4.2489000748380885,98.0
-2.920491607662772,60.0
-2.286368162367915,62.0
-2.626022481016757,35.0
-0.0014921717493887598,57.0
-4.620301458999122,38.0
3.9496153477386207,72.0
-3.097352240342386,48.0
-2.197169920827773,88.0
-4.9193975331987865,53.0
-2.050272740386348,94.0
-4.57837732462193,77.0
-3.266650153206836,35.0
2.78158209317433,70.0
-1.2713908164688643,79.0
-3.443093005614631,57.0
-3.1856512044866987,87.0
-4.543885470281109,76.0
-3.28170910744082,62.0
7.289783145410791,97.0
-3.003862290615729,50.0
6.226541330086663,88.0
-3.296077810788482,53.0
-0.9222330739054352,56.0
-2.600453275682445,86.0
-4.796593799140942,70.0
-5.4190079558301365,72.0
-4.7603069281691175,26.0
3.1147707072723896,97.0
3.6141004251715727,111.0
-1.4041545293485573,89.0
0.48718650972664146,54.0
-0.997545831507876,71.0
0.0733479950044087,74.0
-4.196698102993355,76.0
-5.216758000506769,75.0
-4.103434863906529,49.0
-1.8082222518816948,90.0
3.1229748387554244,69.0
-4.981961118859707,74.0
1.255831519395938,73.0
1.1137795085205808,87.0
-2.397750895029304,76.0
-4.834386753841398,43.0
-5.798727270849879,91.0
-3.9768858330842476,59.0
-2.5920778867504515,47.0
2.780424501544593,86.0
4.917592922835414,92.0
-6.153293331538096,43.0
-3.860039330523129,96.0
-3.132468009077958,63.0
0.7155902542130694,98.0
4.068561563806121,90.0
-4.074397056627178,71.0
-2.096643527363712,54.0
-4.632859048231376,24.0
-2.2502133952655012,76.0
-2.5300398987915727,66.0
-2.4699293444410717,55.0
-1.8704779355069163,86.0
-3.6226425968490226,99.0
-1.2000464665831618,64.0
0.030097019400271652,64.0
-0.11840102980952949,95.0
1.2113250294936613,40.0
-0.21340621446883157,64.0
-1.020295791838948,62.0
-2.8312897415884914,93.0
-5.1707534539992395,37.0
0.8301133756234216,101.0
4.70368038933373,101.0
-4.487083992421025,48.0
-4.955493228995909,58.0
-4.957338189952118,47.0
-1.997893903356383,65.0
3.23278600199146,64.0
-5.380478663329779,39.0
-1.3605140782720189,62.0
1.5207922614499356,90.0
2.0142294177177957,53.0
1.2534553763912615,78.0
-2.8673178821035528,88.0
5.4105244058591895,86.0
-1.1939900419156904,76.0
1.0315717132328213,62.0
-3.461183418600194,66.0
3.347623755417092,89.0
2.701397795009934,79.0
-1.6908096195303841,69.0
-4.3418262627146955,77.0
5.166933937322375,93.0
6.446341684757163,65.0
2.5203492266194405,84.0
-0.04299972478866665,89.0
-3.1230758050851133,68.0
-3.9036750078157265,44.0
-0.5599639576111,95.0
2.3809195162142247,107.0
-4.300131243279523,78.0
-2.0539981238875997,36.0
-1.7676036110350846,94.0
1.3284573049666641,79.0
3.5635605215181254,75.0
-2.18993649786662,99.0
-2.36031608598838,59.0
-3.9684775777267935,39.0
-3.886767794135391,93.0
-2.9427757210008796,83.0
-2.1022606099751844,44.0
-2.5977046857418156,64.0
-5.445869916330995,66.0
-0.571972985982273,90.0
1.8416188335355015,51.0
-2.463684454347333,72.0
-3.8535155726767667,101.0
-2.8033181076140052,61.0
-0.10354683436000656,92.0
3.742633763716438,68.0
-2.6814862147170317,95.0
-1.7361944282936044,82.0
-3.3441991495043744,95.0
-4.419681263872567,43.0
1.875849346151295,97.0
1.8551869803488632,103.0
-1.5157329545668632,45.0
4.522220096254094,45.0
-4.31944367803346,54.0
-3.8969432758878098,31.0
-4.2620945785335875,68.0
-3.0678213168830886,86.0
-5.041652183630826,42.0
-4.6764241622984635,41.0
3.1389680531076323,94.0
-2.430394743853609,54.0
-1.7982765804819372,55.0
-1.538095366254404,81.0
-5.232484035686584,48.0
-2.328486192056155,99.0
-3.4136124381246673,32.0
-3.1463370459077975,76.0
-1.4720221119983732,58.0
-5.007633553366876,70.0
-4.113504424676826,56.0
-5.539249271132295,71.0
-4.025652778310239,37.0
-2.554735467175884,56.0
-3.0664365808886607,39.0
-4.530782166055744,40.0
-0.10691394637946194,93.0
-0.2790920492430593,84.0
4.440391354706313,90.0
-4.015421519449094,54.0
2.7371152013381366,71.0
-5.842028509742422,76.0
4.990055866637549,108.0
-2.0138816002038102,92.0
-4.0705415158045675,85.0
2.029411603517957,88.0
-4.045114113552409,56.0
2.8358235050475664,55.0
-0.13358371144345416,83.0
-2.760688546601262,56.0
-5.06886425423534,70.0
5.781717911808048,102.0
6.7365943742748,104.0
4.825234853663787,92.0
2.392573420224453,57.0
-3.2241152363628798,41.0
-4.4200595089451165,74.0
-1.8513106004497195,101.0
5.288707619110385,70.0
-3.8845379541075435,59.0
-1.194998241600984,101.0
-2.372856280766842,70.0
-3.4970349616712664,72.0
-4.9036221291012625,48.0
4.167857902775922,92.0
-4.174327121558783,38.0
-5.521521395542476,69.0
-0.08856295417295246,37.0
-3.8493747926243955,21.0
3.622634781115147,74.0
-2.0379113480479596,62.0
3.222536632813382,62.0
-4.560186820749864,24.0
-2.8691433028900404,34.0
3.1260738940635022,61.0
-4.050637366875423,37.0
-3.278835854562838,74.0
-3.269369628042261,59.0
-1.5682177878100192,99.0
-4.964247388040497,61.0
-2.2344376570718425,64.0
2.9431989094513753,60.0
-3.5283167360164374,79.0
-3.626079727490998,54.0
-1.3774599742582532,71.0
-4.13946447051558,53.0
6.127703465036989,117.0
1.7356707561358817,60.0
-0.7813437182704039,90.0
-2.2148859121230293,59.0
-0.6254174783249302,68.0
-1.2835870220943209,61.0
-3.0947831824796492,72.0
2.4863211733921236,117.0
-1.9465444150827995,19.0
-4.232760906249073,39.0
3.4848563111171575,88.0
-3.1505772366935574,52.0
-1.27444569211821,49.0
-3.6831435674671487,64.0
-5.067568623752255,62.0
-4.07849371713196,68.0
-3.186963127977632,48.0
-3.2160018085207076,77.0
-6.143880873760358,24.0
4.901417215258433,93.0
-3.0077161305713043,59.0
-3.3336530226919194,57.0
-2.9842006037757076,84.0
-5.630414412823128,95.0
-0.45678586293950785,97.0
-1.4151230116117834,70.0
-2.3447040548895806,78.0
4.3984890255479066,100.0
-1.7414237819165577,82.0
-3.4016760545941365,50.0
-3.986005927385985,78.0
-2.2018412114389796,76.0
-5.553430560042114,38.0
-1.5603220858787443,77.0
0.07818434792695084,59.0
-1.8756124328055206,88.0
-3.9800276339263534,40.0
-2.5266480066285553,50.0
1.1184224811841603,86.0
2.7444935842241556,98.0
-2.94022422165702,79.0
-3.510642117286426,41.0
4.6189762400993235,75.0
-2.2949994261746514,105.0
-2.640177429526377,86.0
-4.043676254980746,53.0
-5.5804275685855105,52.0
-4.181963729233158,36.0
0.11804752824095255,65.0
-3.722788300124588,56.0
-4.545756826702351,57.0
-1.845771065281713,47.0
-2.978284817944698,71.0
5.655478648206602,82.0
-3.3355612352336568,51.0
2.148780849951588,58.0
0.8332875925453695,76.0
1.8818640048307675,77.0
-1.1473511436194015,47.0
2.6877539505613064,43.0
-4.857968280045107,76.0
-3.932104588911746,73.0
-3.7011889775140876,49.0
-4.220158016554789,42.0
2.243989752746444,89.0
-2.815730507483094,83.0
-3.318100492626919,61.0
2.306527412829741,105.0
3.3551439918720307,61.0
2.3639312176527993,71.0
-4.598892791882971,27.0
-1.8876590170744394,58.0
-4.4400408128150035,34.0
-2.3694133164991884,52.0
3.9008915141478315,109.0
-2.9271674707306534,69.0
2.390611902664377,78.0
-2.887367347129093,74.0
1.709249760847046,82.0
-2.853217585970153,88.0
3.029929669366239,90.0
6.309520341117112,106.0
-2.485395816925961,78.0
3.2325561094327977,66.0
-3.5571627381364603,40.0
0.3560719180069827,93.0
-2.9678140355063434,61.0
-3.720780723731597,48.0
-2.636648282745572,95.0
-5.588056633906331,24.0
-3.0751274139798954,76.0
2.4273492990095926,86.0
0.39377979673716323,86.0
-3.8790268263665393,40.0
5.466516366540432,88.0
4.778116514240504,88.0
-2.2014995653305016,98.0
-4.095743007583523,59.0
1.7742077776533547,96.0
0.6058693350075162,84.0
-2.9201109591479812,59.0
-2.424245610441031,76.0
3.580836198276925,90.0
-2.5197628173150757,114.0
-2.9756381875827276,77.0
-2.481457209289802,99.0
-0.8518464576469005,80.0
1.247796720374068,43.0
3.7788106772003633,93.0
4.052235256525336,106.0
-2.0306499185892433,103.0
-5.025069962290014,22.0
1.3623331352103727,88.0
-3.9625782043730293,71.0
-4.709949168321487,89.0
2.1870047546763787,66.0
3.0135103560103103,52.0
1.7107720078191657,66.0
6.318344911153695,84.0
-5.734386879114502,54.0
-2.9748524633408113,45.0
2.2703640422123526,50.0
-2.3420771821456747,67.0
1.1683627044763691,81.0
-5.29832342891128,73.0
-3.852334925979342,46.0
-3.6009023748876876,49.0
-2.223218403416128,49.0
3.488375939511939,66.0
-2.603590356165961,68.0
7.23715206424823,118.0
-3.7248527043529527,92.0
0.7676757416822636,107.0
-3.6811195695147685,74.0
-4.892550737193956,49.0
2.220473575861841,79.0
-5.136588228653793,40.0
1.7785778909354248,64.0
-2.4756300706465284,98.0
-1.648672671269586,73.0
-2.6727366142895805,81.0
-2.8170615734509266,64.0
5.682616601007698,65.0
-2.6646574126557163,85.0
-5.871447927026258,41.0
-1.0631066705820695,44.0
1.6255975518356256,78.0
1.2441139297994672,86.0
-3.3275882180955847,53.0
-1.6636665447995345,101.0
-3.9233299118071514,44.0
-5.212629758220103,47.0
2.615535640682343,70.0
2.034075892604029,84.0
-3.9232014054403326,88.0
4.93113549993195,59.0
-5.7062431043117945,74.0
-1.3279153014547156,87.0
2.106126815388721,54.0
1.3665784923034636,42.0
-3.6616431895718167,49.0
-3.8409131008085806,34.0
0.09088866244092886,49.0
-0.5816691455265084,75.0
0.8942430185467067,60.0
-1.948827025541962,94.0
-3.489600690622377,54.0
1.3106928771527335,88.0
4.675467259801545,89.0
-2.6484700646690795,91.0
-0.6194466306509643,70.0
-3.6935368352605495,86.0
-4.18070477327917,40.0
3.6236355703418246,78.0
-3.529558859895569,62.0
-2.991872470662805,41.0
3.0285932737616528,72.0
-1.492824304576982,79.0
6.814569549980611,85.0
-4.152014696605341,25.0
-3.846812776491741,42.0
-0.7703923434222828,63.0
2.0646187664973414,83.0
-2.6514763855756027,45.0
-4.311918392704343,62.0
1.307182833259894,106.0
-6.016854680039382,83.0
-3.2476470724320587,20.0
1.832138069397772,80.0
-3.988053392727669,42.0
-2.8965296695446585,57.0
-5.129242207369835,77.0
-4.667562504171027,67.0
2.4371936825962637,116.0
-5.415671045186813,77.0
-4.821612907797062,59.0
-2.632657398827003,51.0
4.604319337226192,53.0
-4.158771665670834,33.0
3.005715214589063,70.0
6.294937457036351,83.0
6.9798222122985685,101.0
-1.8383581837315255,64.0
0.3222321972016269,54.0
5.648885315117858,97.0
1.8137730566650103,50.0
-6.073554991343153,34.0
-5.068959642590872,65.0
-0.7071136735038572,47.0
-4.907917555361044,55.0
4.470050655365998,89.0
-5.410275301786166,52.0
1.5551967194631442,92.0
-4.911542637293644,35.0
5.9452624098433136,87.0
5.38784291091243,71.0
-5.498939840737319,87.0
-2.695955770977519,83.0
-4.032922696346937,50.0
-3.9471451689018506,37.0
-3.421973941887341,50.0
-1.3103295256396206,60.0
-0.9238046580237993,45.0
-2.9081294826779907,62.0
-4.395747519479347,98.0
-2.951189976094855,91.0
-0.20538643753848662,107.0
-2.345269733556222,85.0
2.5155409448249113,107.0
-4.275332716964682,70.0
5.018130833324445,99.0
4.11469620155891,74.0
0.5854626844343427,66.0
-4.776313613389382,82.0
-4.505389836454728,80.0
-4.388826110793608,64.0
-4.2386207714324655,37.0
-5.32683430202953,40.0
-3.5303635840002565,69.0
-1.245917563776867,74.0
0.17015538398897423,56.0
-2.448933745032982,57.0
4.311486252105927,93.0
-5.236475129800637,18.0
-4.169861028205218,66.0
5.38840667071079,91.0
-0.2841175693195228,51.0
3.0435621526981764,46.0
-4.320763741760165,91.0
-4.131546630867819,80.0
0.6559320009767737,71.0
3.083814734921698,90.0
-0.9543341275380297,88.0
1.7056113018419448,71.0
-3.926910118471585,62.0
0.4777515319623782,42.0
1.1474258323475226,103.0
-3.9452748198130116,57.0
-3.9689889258291227,75.0
-3.513121510529503,33.0
-3.447419774256144,62.0
-1.6510480667562133,74.0
1.3848977515129612,74.0
6.8242694352560935,89.0
-4.015928469589871,68.0
-4.285883300157555,68.0
-3.404002486388034,60.0
1.5294907504345097,71.0
-3.5718136288861317,83.0
-4.379946891841606,60.0
-3.644149495747737,76.0
-0.8497836980465734,49.0
-1.40416149607693,77.0
-2.114177140073354,66.0
-4.887024237589152,51.0
1.6743517080576789,84.0
-4.13017710535335,76.0
-0.7607012366436743,45.0
-0.3816908615349437,79.0
6.989929420468473,102.0
-3.2696116379302804,69.0
3.7864874113350617,97.0
4.948847222854643,52.0
3.5404676183089823,101.0
-2.9980706696333055,58.0
-4.407908981322636,49.0
-2.9426356632170716,78.0
-2.466509793358692,55.0
4.026578907457633,76.0
1.8715224053654453,67.0
6.769712480266819,79.0
-0.20064940777540663,75.0
-4.9224394063421135,47.0
7.111765242266505,95.0
-4.802317920630132,71.0
-5.985449827709564,50.0
-1.4529294966027884,95.0
1.7827789424094114,92.0
-2.6266409291753434,82.0
1.2415141496676347,98.0
-3.091326325152986,57.0
2.378755752628697,53.0
-2.0902861829450323,107.0
-2.052890203691184,99.0
-1.5945619104306283,83.0
2.6046145547378003,42.0
-2.102850108548127,60.0
0.9147464730343868,76.0
-3.5388460089170626,27.0
-4.791440795021872,85.0
-0.37424771718711813,70.0
0.04863337982682259,72.0
-2.7953767853752147,79.0
3.452399289107632,99.0
-2.2718742233801223,60.0
1.7172637235365285,89.0
0.9403984769226583,96.0
0.6130107867918282,60.0
2.741578907443916,79.0
-4.008949022226619,82.0
-5.994005236249432,80.0
-2.3958655065018424,40.0
2.2750114791315665,92.0
-2.525066634574503,79.0
-3.683969914840168,32.0
-3.8903089927928334,34.0
1.7153908555121575,71.0
0.7935788691407288,60.0
-1.215073787406018,55.0
-1.0862551680318722,96.0
0.11828114365294073,105.0
-2.8829029751886868,86.0
-2.436677693424023,45.0
-3.830191705180561,43.0
-1.9636762343642356,36.0
-2.4251918967531716,70.0
5.055440726351175,73.0
-4.460259634686405,86.0
-3.662597817968837,74.0
-3.852624694506087,84.0
-3.0476299151419948,59.0
-1.9728667623359648,59.0
-1.1199832194312425,81.0
-6.586175026750812,28.0
-2.383908782211414,83.0
-3.8421906905264382,72.0
-2.6042843570301715,43.0
2.0251099644893973,111.0
4.596994315144195,69.0
-5.3475043804948275,97.0
-5.830738174500771,92.0
-1.4772861349210868,29.0
1.0063802775635922,95.0
-1.4786302858453118,90.0
-2.6662236372299897,58.0
0.9253581314978505,52.0
7.640940644961546,74.0
2.000728640701417,68.0
-4.340887164768954,65.0
0.28243331402337946,50.0
3.6939255289769264,87.0
2.7403564664179503,55.0
-3.854854044155664,69.0
-2.3605506170067203,107.0
-3.086890559755738,94.0
-4.21267064974513,48.0
-5.148735726725471,39.0
-4.344948473143084,76.0
-4.011547323422569,64.0
-2.7022007501649177,55.0
4.864688835102252,81.0
2.801964558120244,109.0
-3.7164967555766664,84.0
-3.347701246014135,62.0
5.475830046524157,71.0
-2.243961618537539,91.0
-3.6106445407187233,86.0
2.5347925589840288,85.0
-4.807086092926335,61.0
-3.602248057225167,51.0
-2.0973849822469113,92.0
-3.969944855101545,53.0
3.10032367220526,86.0
-3.051494109830104,61.0
-3.3304106558633473,60.0
-3.5020579523582316,62.0
2.2326705926004164,90.0
1.383476976752867,84.0
-2.3762451120306163,55.0
-0.001096914871720145,100.0
-3.1378987269984115,72.0
0.17207112674829883,67.0
-5.69453370800158,51.0
-1.6730134707819404,64.0
2.265961418116869,87.0
-4.6763482629258935,109.0
-4.366900358403528,79.0
-2.9043640730917333,67.0
-2.981221708706071,101.0
3.154721334010196,65.0
1.530474361119089,80.0
3.296571257656134,86.0
-4.219678442608839,86.0
-5.72771119788568,33.0
-0.1515219780985168,43.0
3.2809727284899157,114.0
6.752702809375125,63.0
-1.437196130109828,79.0
-4.296692121574957,36.0
-3.29213510127187,80.0
4.306725972006174,57.0
2.0309797094699813,94.0
-0.32972207658580266,46.0
0.3449182162836837,76.0
-2.6019304687254223,48.0
-5.706861830463788,16.0
-0.39940933622183117,58.0
-1.4566783768978127,60.0
-2.229552096279139,57.0
-3.508162626885937,75.0
5.394415968399968,75.0
-1.7737217054961705,65.0
-1.275051030418196,73.0
-2.8172241352015015,70.0
-2.996611823213188,57.0
-3.1531022167305167,64.0
-4.093053776076381,97.0
-3.588638466712794,54.0
3.8324696203063864,80.0
-4.425072841362608,61.0
-3.2392719169217505,60.0
-3.075738449500667,60.0
-2.328630850727772,36.0
2.915355216744431,95.0
1.1392226235216052,88.0
-6.030005104732746,9.0
-3.491558318935073,47.0
-4.063339090555152,81.0
-5.056621983568476,35.0
1.4836041822019645,62.0
-2.7100046823894326,83.0
2.148751120683586,82.0
-2.0977061750534562,79.0
5.439736695019647,78.0
0.9977450171195055,82.0
5.146415613933694,102.0
-4.061739771733003,87.0
-1.2028073461946935,78.0
0.9309535398800377,49.0
-3.5986814022101496,90.0
-4.654515620020778,22.0
-3.201514847520861,51.0
1.9146086234841935,45.0
-2.9498378013699,44.0
-3.5210990697304267,73.0
0.9318907953762885,51.0
-2.826601909655279,59.0
-3.0075387237114306,61.0
0.26169423749161425,94.0
2.784244918734315,69.0
-2.993899086097283,46.0
-3.05718603860892,63.0
-0.7458921405853844,68.0
2.5212490259619433,64.0
-4.425949233411688,66.0
-3.6878287545334696,103.0
-4.680644792284822,67.0
-0.4753668040666241,59.0
3.385281547204433,73.0
-4.963485789149851,61.0
-5.658221889823019,51.0
-3.5394921839086195,49.0
-2.8978724440738093,52.0
-3.091197183980988,60.0
-0.8340567623291417,82.0
-2.612162905819769,54.0
-3.694954910792679,55.0
6.775314609381645,61.0
-2.8431381529882724,72.0
1.4200437957764824,73.0
7.743418367508234,63.0
-4.246279551184919,65.0
-0.2316511237415737,111.0
-4.68442952190108,85.0
-4.438867847916697,57.0
-0.23073859966578136,84.0
-0.5667947549188428,93.0
-1.397256895214118,91.0
3.2401590240659712,74.0
-4.997442141821087,58.0
-0.26833248678490507,65.0
-0.46514362421536815,75.0
3.018671568028312,91.0
-4.132574793297647,75.0
-2.8541473095612875,76.0
-4.170932963252544,94.0
2.6262379018074005,95.0
-4.603272174707932,69.0
-0.3942046247021831,60.0
1.0316163844936264,66.0
0.2684498504987687,105.0
2.1752487344741276,73.0
-4.167228963624313,42.0
6.46346546796333,61.0
-2.569856258714099,61.0
-1.3640885087134607,75.0
-5.027788848015686,37.0
-3.7990243662060275,59.0
0.7709843028941354,50.0
-3.409772983926359,31.0
0.37366984666867675,69.0
-4.218920977750126,42.0
7.191607123311636,89.0
1.2189880171216099,66.0
1.1113683876744398,69.0
-2.7588730190170034,56.0
-1.8382186692859752,65.0
1.7044709888831302,64.0
6.660627750288707,93.0
0.509057522423142,90.0
4.942205441175976,95.0
-3.978275870376719,71.0
-2.9359574090858667,74.0
-3.4640498499735726,41.0
3.463457725424317,83.0
3.8253110923385254,87.0
0.7834476088186668,84.0
6.062280204027681,98.0
-3.8494794009118496,62.0
-2.7616885164331926,69.0
-3.2301421856577495,44.0
2.2417685933961153,98.0
-3.4638558058330653,73.0
-3.390700485505283,36.0
-4.605533981309242,92.0
2.627650896124147,88.0
2.3690458769469114,103.0
-2.95310078574426,58.0
1.340611680350187,65.0
2.0899116424638144,53.0
-4.144536461628922,66.0
-1.470610304600926,70.0
2.5086614886649876,83.0
3.1893657678037854,62.0
-5.0758179206153375,58.0
-4.8103947708752255,35.0
-4.196657913915843,23.0
-1.8641169565782447,67.0
-5.245748070145681,42.0
-2.1413043629466757,69.0
6.387054395768304,97.0
-4.292699920719142,73.0
-4.593945538201879,48.0
-0.26790457837796433,71.0
5.563813538444175,103.0
-2.7266061796678276,89.0
-4.653925958587808,61.0
-1.5659907477102735,61.0
4.315001247694287,56.0
3.4155340718747365,80.0
2.5346158232198395,69.0
-5.288485207899075,75.0
-3.9923609252335663,74.0
2.3400300922307795,106.0
-2.5921756500039685,64.0
-3.088895291002347,38.0
-2.281510287746916,63.0
-2.68828749782459,74.0
-3.295411332837129,59.0
-3.8384709012725096,79.0
-2.2626995238985623,88.0
5.343843595541765,95.0
3.782830746871533,97.0
-0.7098106385385425,82.0
-4.918089319825927,48.0
-4.365052505793229,53.0
2.157448086697431,54.0
2.56019463883889,47.0
-1.7198892412489895,79.0
-4.928173121899618,58.0
-5.444752952716013,44.0
-4.397000516501436,73.0
4.007323154116683,85.0
-1.4522032679725598,56.0
-1.1787444751365035,96.0
1.3422318285692016,114.0
-0.8018224023108897,63.0
2.3118365379984884,106.0
-1.1259368873588946,98.0
-2.5522321280876556,69.0
4.29878658381906,40.0
1.7678699868763008,53.0
1.2801976346596242,53.0
-4.732781090100033,70.0
-4.399389585257733,51.0
-1.739535174207763,71.0
5.196175366662774,72.0
-0.6824258117752457,92.0
0.45091399244859154,62.0
-3.4737685208899522,38.0
-3.6509665194695984,99.0
5.425823423127264,46.0
-2.28849616873193,76.0
-4.747409602350979,73.0
4.570391669867616,55.0
-3.3864978761777706,75.0
-2.731142016160134,87.0
-2.8205630981712404,35.0
-3.673580477480625,60.0
-3.510655248879568,99.0
1.43996709623143,85.0
1.2420154945489779,89.0
1.1296250235849676,109.0
-2.939197866692772,106.0
-2.7310053251334043,45.0
3.286322867944314,71.0
-0.6913330376405609,85.0
-3.1232871585910624,71.0
2.2993498034772557,58.0
4.432179266542228,67.0
-5.788086301731813,33.0
1.8751938890699344,88.0
-1.4741603856309817,89.0
-1.7130121484740723,102.0
0.12257298057043231,55.0
-5.544527631002612,47.0
-4.080156749501202,100.0
-3.03608828126913,35.0
-2.915803877460892,76.0
-2.1095951795115027,90.0
-3.2310734558070138,89.0
0.47503804881631195,48.0
-3.3122726544603585,44.0
-2.818992047374143,63.0
-0.3598319532290919,56.0
-2.3054015599114015,76.0
-4.364432462615019,62.0
-4.5603748910350435,79.0
1.9736205071965465,97.0
-3.7203792367734967,71.0
-1.286265285017572,56.0
-1.7207008387174774,99.0
-2.1271521947311864,90.0
-4.401960624734984,72.0
-4.122320805001243,30.0
2.2467773516229985,94.0
-3.0662317514289064,83.0
-1.8344825782503285,51.0
2.1189858917207722,105.0
-4.236751680868686,62.0
-4.6140582589488535,54.0
-3.2295921636496203,89.0
-2.7976370294914554,59.0
-2.5368739687689406,95.0
-5.034288171671756,36.0
4.227841366887679,73.0
-1.9305858795447846,31.0
-4.17232113793127,96.0
-4.757425613876036,100.0
-4.292052311718353,94.0
-2.63874744257747,83.0
-2.3498811315337846,63.0
-2.6969041479185565,101.0
-3.1563666555675756,59.0
-4.014565372650742,84.0
-4.5855814160277975,29.0
-2.935165533506556,64.0
5.60285665831094,102.0
0.7156500048842429,60.0
-3.7935064071917948,48.0
-3.0517682669581525,102.0
-3.6104965397882305,101.0
-2.7289388580130147,53.0
-3.4747286844313603,69.0
-4.630413154961438,26.0
-4.041599701839766,67.0
2.849538098236296,52.0
5.253431462972037,56.0
1.396912500877929,40.0
0.9002210796027259,87.0
0.5934550842121215,75.0
-4.023334105440432,51.0
-0.6799978016864343,98.0
-2.9549329624654788,94.0
-0.13678707352810981,96.0
-2.042495408391056,71.0
4.227617464536905,93.0
-2.3221488394225895,75.0
-0.34830815338429977,48.0
-3.891575763649832,56.0
-4.238648914433048,37.0
3.8418673158254197,66.0
4.649042440929142,98.0
-5.4338373146905,105.0
0.8043641281942002,84.0
2.9040050653514444,87.0
-3.527011057996303,54.0
2.363211809938645,64.0
-1.4629381384517939,81.0
6.549798007524709,86.0
1.539873824652023,76.0
-2.127184971618452,46.0
5.872198415297397,107.0
1.6791079236970081,73.0
-2.5049130097935226,52.0
1.0352639689066498,111.0
2.373044839345357,59.0
-5.288651723164071,20.0
-4.809557481983852,64.0
5.915493630798867,71.0
-4.503071324474227,65.0
-2.9341563366376096,96.0
-1.102899885117493,62.0
2.7987606661005264,104.0
3.19783371023392,62.0
-3.9281215745298717,57.0
0.8402676712820982,81.0
0.6660713429740119,81.0
-5.352634615503474,26.0
4.965176341850756,89.0
6.651133741347801,74.0
-4.841584612035511,47.0
3.362179680104398,107.0
-4.217860457006046,36.0
-5.537730564254288,44.0
-3.3110580383717814,30.0
-3.96773312721762,69.0
-2.851354124854301,41.0
-3.903744840760619,51.0
1.1888625929366032,70.0
1.6141398813538546,81.0
-0.7434965233969246,83.0
-1.3983720855485684,56.0
-1.9605646359304916,48.0
-4.840231101019107,39.0
-1.9572677288957343,69.0
-5.124365576633641,46.0
-2.3754914237322815,31.0
-3.9774902416942566,77.0
-2.5142585381294498,82.0
-1.3763849358575988,85.0
2.8636137156414336,90.0
-4.416955365450665,48.0
-3.7963541974895043,64.0
-1.589583979867987,60.0
1.4574144477940298,66.0
-5.975848130511003,55.0
1.8141258159328433,84.0
-3.995069007195954,96.0
-1.652128622297601,76.0
4.69823454383695,66.0
-1.9642859767171486,81.0
3.4445922292235402,92.0
-2.6629536491845083,45.0
-4.41447381772274,44.0
-4.48383041704708,63.0
-4.214038533531778,55.0
-2.166327120098012,49.0
-3.474084147478268,110.0
-0.988555625147597,41.0
-0.6774533628557695,69.0
3.44451935706619,76.0
-3.719411342932995,53.0
-2.490234547183613,46.0
-3.187826446231449,60.0
3.5967685747358376,83.0
2.2856579506097114,92.0
-2.4814255012079283,55.0
-3.557513801256261,104.0
-2.3282971702945634,89.0
-1.910159957976246,69.0
3.1843107123974304,55.0
3.889378723290185,64.0
-3.3063852847406023,48.0
-2.7905728515589976,51.0
-5.414920164323855,53.0
4.147551520615032,72.0
1.992600886972645,57.0
-1.9096742357501513,46.0
1.2531266575916788,71.0
-0.9308932441225206,44.0
0.30403874809624565,81.0
-4.2777780783878825,39.0
-3.388120502244638,23.0
-2.6366035554536804,90.0
-5.285280657753153,101.0
-3.769642722963819,50.0
-3.9816138244604624,39.0
-4.060672423557642,88.0
-5.003646724159236,89.0
-4.491953066094432,51.0
6.1668579677933675,80.0
-3.257237955217796,56.0
-2.391756071085264,77.0
-3.2315289555032454,66.0
-2.422543696644458,57.0
-3.146692861512875,71.0
-1.0394854151137052,78.0
1.76912363355804,111.0
-2.2758626826083397,93.0
-3.992381194475418,78.0
-5.702671941144126,60.0
0.5689151596265027,76.0
-2.2994216388728526,50.0
-3.2610466789478614,58.0
-2.95057790084319,95.0
2.3500758705413327,52.0
-3.3044903283236664,71.0
-4.528849516347323,63.0
1.6524294182873653,87.0
-3.2813591169593637,57.0
-4.112568056358847,56.0
-0.8539883159583818,63.0
-3.216827363750915,91.0
-2.9237465234125577,59.0
-3.8082076460661973,87.0
-3.1786896132019606,67.0
-3.9792605946690482,38.0
4.398082838938592,83.0
3.082789175801318,95.0
0.19021174955660136,70.0
-3.7821164852906333,97.0
-1.3007720995905543,50.0
1.7634541129794195,61.0
6.8116513415470425,96.0
-3.748473902812016,63.0
-1.3276389289427737,94.0
-1.4176493364537643,94.0
-4.358132400590918,84.0
2.136244804888664,106.0
-4.87080438738942,41.0
0.0356735641264585,95.0
1.6989359944191853,68.0
2.915357207269618,89.0
-3.9601557465402952,99.0
-5.697483066043635,46.0
3.9331919860243088,96.0
-3.3977115984458646,50.0
6.489800838645085,106.0
-2.741654589895261,95.0
-1.330314479267906,79.0
-3.3247833269871285,99.0
-1.9266736111844933,65.0
2.8490742884081346,104.0
-2.162117205757431,41.0
5.405902297005195,70.0
-3.176892969956744,79.0
-2.4644790347219074,32.0
3.9347947876629443,108.0
-2.868942812055261,41.0
-5.758303577124261,63.0
-1.7450417088694978,94.0
-1.6074891979629415,65.0
-4.481455055444925,88.0
1.898649424644591,67.0
1.7142396500414259,94.0
2.60599237623679,92.0
-3.9132778282212106,100.0
0.6035931992690187,73.0
5.017894279106943,52.0
2.2615206842189823,103.0
3.954773705763561,82.0
-4.50618965022904,57.0
3.687217331746914,90.0
-6.607388596506066,48.0
-5.1018019906449386,19.0
-3.7162029178863385,41.0
-5.267519657024892,57.0
1.8332464168766012,68.0
3.625213295178004,97.0
4.556091700164398,91.0
-1.9259724283718704,51.0
2.351225815898685,94.0
-3.8230933916210463,35.0
1.5404775731046771,101.0
-4.162977493975957,39.0
7.025438213865375,86.0
0.6294751568586876,46.0
2.706495104648771,107.0
-2.5874842099600683,61.0
-4.576564857273285,84.0
0.8185454471075928,83.0
-4.154446931446477,66.0
2.5579666454421344,86.0
6.713347505122159,97.0
-3.5702283379606192,71.0
-4.198841544315369,44.0
-2.0106422770638437,91.0
2.8574970470831316,93.0
-3.425642657008995,82.0
3.9575561484635275,99.0
-7.111041722087051,49.0
-3.415238446429888,56.0
-2.2534562405327447,85.0
0.8265158097071459,78.0
6.235618489570941,74.0
7.422753576297855,111.0
-0.14401991192666008,74.0
-4.742411967740061,56.0
-5.229184067429556,18.0
-3.564623947574523,73.0
-4.5625370201947515,70.0
1.6316337047467573,90.0
-3.5354862849215913,52.0
-5.811668928979134,38.0
-3.7571464904550442,33.0
-3.70174498155082,75.0
-0.4133203029808916,77.0
-4.7671568327366,103.0
5.371525732311506,81.0
2.2433681671407593,97.0
-2.39501568769464,81.0
-0.20967210743539866,68.0
-1.1157287186213605,107.0
1.111538265878215,84.0
3.3985141709012097,90.0
-4.0290560616761635,45.0
2.4866781745407964,88.0
-1.9634426180379927,49.0
-3.3856138578466375,41.0
0.07140665039291028,73.0
1.4267927639090998,110.0
-3.3488468160688387,76.0
2.3805674925812133,67.0
-3.6146861979695455,82.0
6.284888773674504,74.0
-6.611921218254611,25.0
-2.11819729802081,68.0
-2.741142976882766,49.0
-3.4582981582591983,83.0
-6.727597830226662,66.0
-0.685634585989833,111.0
-2.9120155723016046,90.0
6.199827209262463,101.0
-2.946204020758202,92.0
3.8090836816148363,73.0
1.0904388581591795,87.0
-2.572776016689596,41.0
3.5027869508229985,91.0
-1.840187960077169,74.0
-1.1635041753107251,60.0
-4.3388049732450025,84.0
3.3013828923526325,108.0
-2.5231890681491196,34.0
-2.5797679550728825,92.0
-2.9832199349401964,70.0
1.9906408300980858,107.0
-4.74179607368648,65.0
-0.22213815250582636,73.0
-4.950335022779152,45.0
0.5256776551689657,88.0
-1.9139403119566305,83.0
-3.8342644421630108,34.0
-4.442746199472466,50.0
2.413137194448539,75.0
-5.621136121726995,40.0
2.185908117937459,57.0
-2.8095181873942408,88.0
0.4801582864472236,65.0
-3.9124514875608845,70.0
-5.306479576416392,85.0
-0.03478593700860966,76.0
-2.895603815442875,61.0
1.3006105374202566,110.0
-2.315571722566077,40.0
-3.385824960278075,28.0
-4.09258497504317,62.0
-2.2057002871026627,70.0
4.803586471764283,71.0
2.2197286432821866,53.0
-4.89134790223155,19.0
-5.942747944183408,56.0
-4.4164320847436205,35.0
-3.513419265522365,86.0
-0.5359292890927931,43.0
4.9528453073973875,105.0
-2.8934713112076076,34.0
3.4848034528204637,74.0
2.414838414606587,58.0
-4.764207489054151,78.0
3.2271618390075356,44.0
2.7691365700814785,84.0
-1.5395416935179667,53.0
-4.832599031506935,33.0
-1.654843611678814,66.0
-5.545785191484228,34.0
2.6838594597898044,69.0
-1.7077926984564884,93.0
-4.836486754034606,34.0
7.829417296521066,86.0
0.7488929282967158,95.0
6.17123767797095,96.0
-3.5064439236197855,87.0
-2.8918654385101976,71.0
-0.32651993120142997,73.0
-0.7541093629029234,94.0
5.62375767700266,98.0
4.057894087979059,84.0
2.9355194230113852,55.0
2.986355523518304,63.0
2.7493264392123384,94.0
5.40357667019569,64.0
-4.760415526174168,61.0
6.753952257809122,82.0
-4.0121383138253455,88.0
2.639193903004866,94.0
-1.3329897609641348,97.0
2.3635047658915154,79.0
-5.134624290692189,54.0
-1.4733654496013888,99.0
-3.26110431608067,29.0
3.218986476125871,60.0
2.3825830744789247,79.0
4.5475855977318735,70.0
-3.417545387946795,78.0
-4.179209917767784,83.0
1.640202945018571,105.0
2.568329904789347,76.0
4.168642152127552,106.0
-1.452722280148095,66.0
-2.688467978710321,81.0
-4.82399662506908,80.0
5.546597202196234,46.0
-4.016945678093515,90.0
-5.115920426205432,64.0
3.7294278607055142,90.0
2.334048470515842,65.0
-4.956380242680426,83.0
-4.989444200797878,36.0
-4.194114239143946,33.0
-5.128906618622393,73.0
-4.663085152919754,80.0
4.792352866919196,59.0
3.4694783194871324,81.0
-4.488058950739694,77.0
-2.121859601188758,101.0
-2.1322914708223735,67.0
1.4573621320491128,91.0
-1.4070494348384464,106.0
-0.7758274720053753,91.0
2.5590408378265295,81.0
-1.933145282391608,51.0
-1.4035755138953379,97.0
2.619865533045105,74.0
-2.124809715592194,70.0
-2.1083594961703,99.0
5.147131241550229,75.0
-2.6281169422759616,54.0
-3.377968890511771,47.0
-4.5038982543543,51.0
-4.166301452698261,35.0
-3.166448377329249,49.0
-2.394839592752299,96.0
-2.236329595006463,90.0
-4.731079123106321,44.0
2.293940252634666,70.0
-4.604045287197037,63.0
2.9767716052249042,100.0
1.954723686882227,66.0
-2.5670502913805833,98.0
-2.1074287477661056,65.0
2.655532488904,56.0
4.3498653803150065,96.0
-3.898760539043654,33.0
0.048092423294751274,52.0
4.31654371405361,94.0
-2.7559647851814324,85.0
-2.872684533002216,50.0
-4.351390014850102,42.0
-4.512594479172228,57.0
-3.5259852456250305,63.0
-4.036945153681208,56.0
-1.6113526277662724,35.0
-3.1592904379045463,51.0
-1.814386180831832,91.0
6.309530703845729,100.0
-3.564952991253822,89.0
-3.1941604478561643,54.0
1.9038337157036327,41.0
-4.952349685167615,41.0
-6.125665289768303,31.0
4.042562481124445,78.0
-0.3533778927528619,66.0
-3.8716703896283535,79.0
-4.329369749538178,46.0
4.9447488115343115,89.0
-1.0952339824614716,60.0
-2.6685771984231574,41.0
-0.6560387483250838,91.0
-3.3166481572982156,46.0
3.2271644736640486,60.0
2.7345882345187342,75.0
-2.577369197277741,57.0
1.62075645686458,94.0
-2.7170254055263685,66.0
1.601286228443381,53.0
0.18996087068198597,110.0
