sal_9_lc1vs0_iate,reg_agri
14604.222855989387,30.420569431073343
16079.616100807285,31.72492299534889
14825.567995479241,5.69363914978576
5201.377158654617,17.156511257966585
21034.787789041566,10.425683441718604
6678.253010518829,12.336111894138924
10124.59420540467,13.272856279921823
14547.579720849662,13.272856279921823
7621.9251257278065,21.44874346620925
10938.560990733053,25.447105542939124
-7626.9503287332445,38.426488642538814
17834.569626340344,20.90306101162109
17021.09852064174,25.447105542939124
11501.567155469642,1.132160989646131
15927.887500681569,12.782315118678907
22472.476251307304,8.332942688788997
9170.39122250781,12.190795575052846
-1553.7421135216357,26.302762831609364
5482.390842011303,17.05947641370443
3745.205947594828,30.409884059187547
-5959.504952518336,1.132160989646131
11381.986633182374,23.218144734904
-3174.720565017204,37.68124385002402
21864.91338534279,20.180144970495384
21560.33713773788,26.58932955325777
21910.031690306587,30.420569431073343
-2480.583424573061,12.190795575052846
-6690.461006188957,26.28135983123264
10364.222075229836,25.725153340464843
-5269.9308014985345,13.272856279921823
16500.722567894703,17.05947641370443
17341.191844798836,31.72492299534889
6084.983302038242,17.932562693756196
14874.798803847863,3.927831006064245
13073.969859904199,23.14825227454956
4592.100608854642,21.81703550251781
16067.118553037688,22.092249117524783
14996.558461278415,16.143774716964504
-5493.981369838661,9.518818038309782
13282.413706957244,18.79185971370501
18679.652262102394,25.59892040830825
21383.322865717877,20.28222278472817
12793.952524843946,26.302762831609364
14240.123612740495,20.28222278472817
13597.846100813182,38.426488642538814
16536.69453439193,30.420569431073343
8765.860425876326,16.766249047417915
17302.496039799204,16.12384262285483
11936.976773062373,18.757994207245872
19125.285058552745,21.81703550251781
11743.702278590506,21.83368081202904
8077.346425802844,33.36162869752894
543.001063671225,11.578951027428012
20579.993573892723,11.942906218623804
-9516.815142135158,10.52412367775796
7408.7807716117695,10.52412367775796
-7338.309339158062,13.608850492731817
13779.607264057144,30.409884059187547
15025.244693328976,8.332942688788997
18797.848373685385,20.180144970495384
2816.726565254266,31.72492299534889
6915.25145379109,13.23318471616647
22524.36889315603,25.447105542939124
17405.56963668079,34.4734454458848
-1702.900218182629,17.114253331641656
15350.616403885815,19.70368081017321
1693.5251232992887,12.613632740062826
5289.618106045916,21.81703550251781
9964.215904891887,10.52412367775796
15655.176582056598,26.302762831609364
-7976.259704017433,19.647957347052547
-6528.332709147727,12.613632740062826
18192.43727771492,18.562253210557493
3436.902125555923,12.190795575052846
20757.52314291689,8.320220391373894
18116.36001170434,16.766249047417915
14844.840718117941,8.332942688788997
5904.617780932572,20.28222278472817
5160.210920379753,12.613632740062826
-8393.854103662597,25.59892040830825
18103.105807743053,1.132160989646131
17688.13243557815,5.69363914978576
10115.904345092884,21.61563065615585
16175.758331746943,30.86665725132705
10655.994556523654,29.22739596194833
12734.979635201416,22.32621505968753
12396.515649788565,7.950620098438058
5239.7508028114335,11.642586775623563
-7881.8491217575975,12.789203739932198
9407.949748130903,21.83368081202904
-5894.391762775057,6.687900598978352
5505.874120468472,27.451018475410937
20680.872550816886,13.963866260572992
13322.566466515917,22.092249117524783
14094.67541000489,20.90306101162109
-11745.96179440396,7.950620098438058
14820.127260773981,6.687900598978352
-393.3864181938493,26.58932955325777
8120.395962662996,9.647452638974611
9741.010677434864,3.927831006064245
12359.903522189827,12.336111894138924
19492.12985465266,22.092249117524783
7831.45103536869,29.32505767081869
14393.045282322444,31.72492299534889
6523.021678814862,11.642586775623563
20134.320774194362,35.40501989106287
-4547.0460193745885,5.69363914978576
15430.467885991293,13.963866260572992
217.48138053634057,31.72492299534889
4895.866433907651,19.647957347052547
-3088.2888994067393,29.22739596194833
6937.792913531682,10.425683441718604
-1617.200011570334,11.942906218623804
-333.0088649852901,18.79185971370501
1564.2244910077884,8.320220391373894
9177.379201005837,7.950620098438058
10000.649356652124,10.52412367775796
17859.471006864987,16.64323622189432
11856.16006270864,23.14825227454956
20401.98862392589,29.32505767081869
13476.102265517517,26.58932955325777
13520.250852951274,22.092249117524783
-7155.7438413698555,25.447105542939124
-380.32507382303606,34.4734454458848
-7186.128666816803,18.757994207245872
12354.39075009607,17.05947641370443
3436.472140502165,10.52412367775796
15416.983709231268,16.766249047417915
15504.601456559063,22.092249117524783
13588.227812376786,36.10508609312406
7954.953399667288,15.599548132494943
-2510.0155467323684,12.782315118678907
15565.850940580774,25.25684355246182
13505.081365502607,18.117577938721773
11989.101300779816,11.578951027428012
17223.71635287935,12.789203739932198
15857.874134889149,38.426488642538814
821.2684283432654,30.86665725132705
16788.71886442788,18.562253210557493
7029.394150414842,29.22739596194833
15398.213164842578,4.885271868806392
14656.340650944065,6.687900598978352
-6320.032300310015,12.190795575052846
11568.533637963541,18.757994207245872
14960.509768587195,21.83368081202904
12630.120449230975,4.38846568617879
-5103.521394559011,36.31581069178857
-9561.344883682486,17.156511257966585
-2795.0160819367866,8.795230083567638
10669.036896311194,9.518818038309782
-86.05854053294661,18.562253210557493
-552.6520401922699,36.31581069178857
5654.10767723504,7.950620098438058
15640.997453086518,25.25684355246182
1764.4346725733649,30.420569431073343
13515.250076518085,5.69363914978576
14383.77921962232,30.86665725132705
17437.00268311255,25.25684355246182
5041.838892400852,12.789203739932198
11700.193153213622,10.52412367775796
23280.741481889374,34.4734454458848
13430.89599477342,20.180144970495384
11832.08371153671,22.32621505968753
4524.422889279723,37.68124385002402
10711.313993749132,18.562253210557493
18907.260084590613,26.28135983123264
11059.888286769186,8.795230083567638
-9293.566139075821,7.950620098438058
18029.69371449177,31.83741398327524
13034.27720493322,25.447105542939124
19608.59816303497,12.336111894138924
7658.1800152591295,13.963866260572992
22947.374798509347,24.09174497286721
16679.27882929143,12.336111894138924
14156.201540232893,16.12384262285483
12105.698170827114,35.40501989106287
1669.1324086591305,21.47494878544683
14817.187946731747,16.64323622189432
7462.23912384706,18.79185971370501
11919.04519335207,13.963866260572992
17986.749187151483,18.79185971370501
287.07133789084173,19.647957347052547
15744.346946659021,14.353464935930552
15000.50135425964,38.426488642538814
9495.156494258888,34.4734454458848
7234.658775924992,31.72492299534889
14685.999539185103,9.647452638974611
15375.463941545666,12.336111894138924
21744.997883367,18.79185971370501
-651.2275741682533,13.272856279921823
2333.756382046612,3.927831006064245
12944.802667218459,6.687900598978352
4297.375265861034,11.578951027428012
5222.321113739718,8.332942688788997
16098.681259703053,11.578951027428012
23233.671647870367,27.451018475410937
434.2475134007891,34.4734454458848
8243.31793324601,16.143774716964504
20685.48964905952,21.83368081202904
9409.5750635196,16.12384262285483
5229.729810703478,15.599548132494943
13157.524655087867,36.315810691788556
-9995.582871078695,11.578951027428012
9829.651346115073,17.156511257966585
3693.6646697333736,4.652936998737928
-2212.955881560969,30.409884059187547
5810.540207288163,31.72492299534889
5298.824468442144,26.28135983123264
18150.850441509232,15.578164380055544
-7753.151738823804,26.28135983123264
4105.4469931592075,34.4734454458848
-249.84036909288966,33.36162869752894
-7989.081135572744,12.190795575052846
14154.860880773958,18.117577938721773
21323.347946572692,11.427424278367262
17355.66965447552,6.687900598978352
18228.023564446434,21.56487561270493
14872.168025566896,9.647452638974611
22619.391643294002,21.44874346620925
11042.00927630759,14.353464935930552
12016.14823680133,30.409884059187547
15350.145446961482,10.52412367775796
13157.937649826452,7.950620098438058
-6274.395046715084,26.58932955325777
12244.514072264952,22.092249117524783
-9831.828520581015,18.562253210557493
-7192.003772597095,22.82469145311972
-1414.5831751879814,38.426488642538814
13059.670754200786,33.36162869752894
13346.600972568394,29.32505767081869
7828.778082846199,18.117577938721773
9166.368837582357,5.69363914978576
21407.867679340725,19.70368081017321
13247.472479091964,11.642586775623563
10560.43842761269,11.944636704804305
21072.76107505398,17.114253331641656
19962.968091568975,12.571740219945433
17981.861443667556,17.932562693756196
-360.1479553153372,25.25684355246182
7120.1717560162,11.427424278367262
8931.438036285343,30.86665725132705
12482.040521043627,16.143774716964504
17949.616511576805,16.143774716964504
17820.443749049435,18.117577938721773
16113.887296700592,18.562253210557493
5976.933399379204,26.58932955325777
-1656.1505977601778,21.81703550251781
22610.023881145946,10.52412367775796
-8280.21770225992,11.642586775623563
16292.799555809426,18.757994207245872
6187.934382936895,24.09174497286721
10613.13357147668,12.613632740062826
18424.186005865457,8.320220391373894
21860.66548994531,21.81703550251781
7036.353535324252,12.782315118678907
5178.04571498062,4.652936998737928
-2853.238837765049,36.10508609312406
17563.331659429845,35.40501989106287
11451.165579823684,35.40501989106287
4533.616341222728,20.90306101162109
-11004.797344242757,8.332942688788997
1535.9352675184427,3.927831006064245
-7850.767524243407,10.52412367775796
13736.48851326192,19.70368081017321
12133.75753900989,35.40501989106287
15464.728625236821,13.608850492731817
16763.948225897424,8.795230083567638
17262.439939423683,12.571740219945433
13860.52578068052,22.82469145311972
9868.871516833393,23.148252274549556
10627.121261646029,16.12384262285483
13133.828270818654,1.132160989646131
17262.188332269838,21.56487561270493
15768.403513812438,19.647957347052547
-414.8151481949644,16.766249047417915
-3448.4012194022453,24.09174497286721
18869.497137220864,25.725153340464843
2300.037081516404,23.14825227454956
17035.826809918144,8.320220391373894
10952.634908096057,31.83741398327524
8777.416320915272,20.28222278472817
-2906.4260462033617,20.28222278472817
10789.54805899988,12.613632740062826
-10826.100251662054,16.143774716964504
20829.696190845072,30.86665725132705
15204.564876317427,19.647957347052547
2710.5291953133305,14.353464935930552
3908.7153545663105,11.578951027428012
18104.6730329602,8.320220391373894
18328.036234061656,10.52412367775796
18311.359203430035,22.092249117524783
-510.1527296862396,4.38846568617879
22471.285772821288,26.58932955325777
10046.51486081312,20.180144970495384
1867.2000178677183,21.61563065615585
-2216.483250675463,11.578951027428012
16210.539587915031,3.927831006064245
17142.8283010151,9.647452638974611
15962.94760914981,18.79185971370501
12283.869034375723,26.58932955325777
-10386.782866941261,12.336111894138924
9070.78160738401,30.420569431073343
2214.9775360300077,37.68124385002402
22224.796276200592,21.81703550251781
16594.96713154941,21.83368081202904
5945.757823512638,21.81703550251781
-1484.9828857780685,12.190795575052846
23408.28054443739,16.64323622189432
10912.98518375729,31.72492299534889
20068.00835249149,25.447105542939124
8500.321458222796,21.81703550251781
11062.911109419156,30.86665725132705
4942.054662392535,15.599548132494943
9557.299060601428,21.56487561270493
12621.603246152936,12.336111894138924
4842.710835251897,21.44874346620925
3795.9421059855335,25.59892040830825
16887.391816555883,10.425683441718604
17166.948614681423,22.092249117524783
12048.697952772927,19.70368081017321
14597.46323103264,25.447105542939124
11347.067074989824,13.272856279921823
9628.586464539305,9.518818038309782
14304.629155815728,22.32621505968753
9355.062236441676,20.90306101162109
864.973362262344,25.725153340464843
11430.33139884112,35.40501989106287
5256.085649722174,22.32621505968753
351.16936780637707,9.518818038309782
13738.331569665246,15.599548132494943
14021.74752365177,16.12384262285483
108.6046027250718,25.725153340464843
5281.221926358648,37.68124385002402
-990.3489691866953,22.092249117524783
8203.74814644934,16.64323622189432
5061.621938904591,37.68124385002402
-269.13359044943263,10.52412367775796
18435.005217607508,18.79185971370501
13764.371727412705,31.83741398327524
4151.810229951211,15.599548132494943
3711.5746191191306,25.59892040830825
-3371.9166863995288,16.143774716964504
6423.931394047868,17.932562693756196
18355.350004402702,1.132160989646131
18223.296207429587,33.36162869752894
13314.039721240319,4.885271868806392
-2124.7065923295177,30.86665725132705
18155.071087201348,10.425683441718604
4092.8940672296094,21.44874346620925
11502.470292755454,18.562253210557493
16899.37137296088,38.426488642538814
14284.53884346117,20.28222278472817
16990.237801892235,36.31581069178857
16148.730819267934,10.52412367775796
5504.6041829495425,18.79185971370501
7131.14739085972,11.642586775623563
2724.0911485749034,31.83741398327524
-8149.9154159893815,30.86665725132705
15066.766985324688,37.68124385002402
10033.610369052845,21.47494878544683
9117.344225163844,25.59892040830825
3746.0973859247215,16.64323622189432
18314.207656960214,20.28222278472817
13647.858809651236,11.642586775623563
14968.00143849992,35.40501989106287
13738.085987495682,10.425683441718604
-5640.877385613994,13.963866260572992
21006.04158971194,29.32505767081869
23219.280481715334,21.61563065615585
12448.759878139246,12.571740219945433
7526.261518942707,25.59892040830825
5538.4404363030835,23.14825227454956
2622.2534217268526,10.52412367775796
16370.982386489582,5.69363914978576
9163.729867650809,16.64323622189432
-2665.2655212713444,34.4734454458848
9796.585701974655,17.932562693756196
18682.33337731767,15.578164380055544
7710.7145047828935,9.647452638974611
11796.748558173935,29.32505767081869
10578.455279321643,11.427424278367262
9550.964266645884,12.190795575052846
14473.326273115723,8.332942688788997
15422.368349709704,31.72492299534889
4474.601283684866,36.10508609312406
4050.507804361429,21.81703550251781
10693.026897793185,8.320220391373894
14828.9738997204,4.885271868806392
18455.827435078005,4.885271868806392
-9778.502863425325,21.47494878544683
8920.784465743796,35.40501989106287
18721.600911099293,9.518818038309782
-8239.138058718721,10.52412367775796
-3486.6796979076444,15.578164380055544
16712.05617357998,16.143774716964504
-8161.054337868119,21.56487561270493
17193.0204678759,18.79185971370501
12653.26702935721,6.687900598978352
-4048.2066990717303,17.114253331641656
6065.303826065417,13.272856279921823
17455.675891976673,25.59892040830825
14763.711297840186,29.22739596194833
8803.982199532911,34.4734454458848
17180.51942235444,12.782315118678907
17584.743388925264,11.427424278367262
6959.8657689271895,30.409884059187547
16420.413750026855,11.942906218623804
16742.28189528814,30.86665725132705
12772.073493922495,26.302762831609364
12258.610894275822,17.114253331641656
-6349.150786883246,11.642586775623563
-6716.480227404093,13.963866260572992
8451.959292769316,9.647452638974611
17707.07192787851,29.22739596194833
1.4052440701843807,26.28135983123264
9203.291682441522,29.22739596194833
5020.103256047438,8.795230083567638
10845.30495479229,18.117577938721773
12172.472532805143,22.092249117524783
16924.587221999587,29.22739596194833
9626.550340788204,26.28135983123264
13433.590210739654,7.950620098438058
8257.937062546729,10.425683441718604
15896.166055300962,27.451018475410937
16464.085652211903,22.092249117524783
7478.644777141371,18.117577938721773
16685.04079749343,12.336111894138924
16442.10685688202,17.05947641370443
14770.293529756495,8.332942688788997
13191.279858832437,12.613632740062826
11210.603681378094,18.117577938721773
15843.507108761238,35.40501989106287
-7252.424555737698,33.36162869752894
13299.220770280423,15.599548132494943
-395.4757882980289,18.757994207245872
17364.393888340244,9.518818038309782
19926.926065128162,37.68124385002402
-4793.856312381765,30.409884059187547
-1344.8645845450567,29.22739596194833
-3514.340108920481,7.950620098438058
16492.872204908104,23.218144734904
19799.982091712292,30.409884059187547
20686.123708438954,19.647957347052547
-211.81019952675797,31.83741398327524
19112.854224736646,17.05947641370443
12567.717546392134,36.31581069178857
17796.101419790615,38.426488642538814
10947.970477447758,18.562253210557493
15044.165944043789,8.320220391373894
13208.89555493525,12.613632740062826
13568.1975755005,10.52412367775796
13770.048429340324,21.44874346620925
14736.865498717645,6.687900598978352
16488.903162352355,34.4734454458848
7365.1057406083655,16.64323622189432
12810.564990750048,12.613632740062826
-5471.481966398847,29.32505767081869
14668.787288648422,11.944636704804305
-7905.069928864987,23.14825227454956
-6948.888453280859,18.79185971370501
3340.851806461266,20.180144970495384
5162.599714171531,21.61563065615585
11083.629183011479,18.79185971370501
23068.173373361893,17.932562693756196
16670.60556679353,25.25684355246182
11943.37044935137,22.32621505968753
10221.664497303673,10.52412367775796
4346.093334938293,11.942906218623804
9603.62221669577,4.885271868806392
4048.1443807839805,21.47494878544683
-1183.8453704034318,4.652936998737928
14579.820301924674,11.642586775623563
12734.919663904115,12.571740219945433
18852.923328937224,12.613632740062826
1361.9618044561003,13.23318471616647
6571.199563950999,19.647957347052547
-1265.897073164574,29.32505767081869
17562.1756610942,22.82469145311972
12779.602155679828,37.68124385002402
17971.915018616408,7.950620098438058
15784.577778642117,21.81703550251781
4326.876000003198,17.156511257966585
14679.284722895663,33.36162869752894
11689.086963652368,36.31581069178857
9709.112991503413,26.28135983123264
-2844.6595360522924,6.687900598978352
5437.81092389344,12.336111894138924
22758.912204693133,8.320220391373894
16870.407352202583,10.52412367775796
1034.8348276695242,26.302762831609364
18218.23553726715,12.613632740062826
14899.140110835322,21.44874346620925
19337.384863281135,11.578951027428012
15391.736746678966,21.47494878544683
13411.42699103728,18.79185971370501
14510.873165138148,3.927831006064245
8368.30822965591,21.47494878544683
15850.683806307947,11.942906218623804
16691.750817789427,31.83741398327524
646.8647345924928,36.31581069178857
15258.026892464688,4.652936998737928
11807.56018934319,30.420569431073343
15626.777300216794,19.70368081017321
4945.498721262851,11.578951027428012
10875.732785336644,29.22739596194833
7692.708458766412,31.72492299534889
16780.44944287436,36.10508609312406
11624.341163003708,36.10508609312406
15788.583574556462,25.447105542939124
-5775.671297142013,20.28222278472817
-1754.4856538958315,21.44874346620925
11475.13319476664,21.56487561270493
14839.586486559401,16.12384262285483
16690.347492474477,23.218144734904
13094.835830761938,25.447105542939124
19023.69110525845,12.190795575052846
5711.606140916982,8.320220391373894
4557.254220171865,12.571740219945433
24087.57648859032,18.79185971370501
-2781.9014394560922,31.72492299534889
-10928.281833303201,8.795230083567638
446.72945990643757,10.425683441718604
12460.126935047432,13.23318471616647
15295.767385339652,25.59892040830825
2012.3314426900279,19.70368081017321
4645.803738866372,26.58932955325777
-1690.1245636081344,19.647957347052547
11588.310215651089,22.092249117524783
6517.481602587627,29.22739596194833
-2394.9453725500157,22.092249117524783
-2453.0743229571717,9.647452638974611
9159.675814980868,25.725153340464843
12455.408213317953,31.83741398327524
17276.087088431977,25.447105542939124
21846.30054036073,15.599548132494943
11108.817489727271,26.302762831609364
11150.469114938203,26.58932955325777
3168.7301027341014,22.56870007006657
-6725.144916936873,17.156511257966585
-7647.790297806892,30.86665725132705
5969.916653087675,19.647957347052547
11478.151233939268,26.302762831609364
12698.085613153133,8.332942688788997
3636.3420848352434,19.647957347052547
8576.673002739408,18.79185971370501
4172.437602006871,11.944636704804305
-1126.7629559723064,7.950620098438058
17233.70838499144,13.23318471616647
8807.90859792025,38.426488642538814
2603.1127658801433,7.950620098438058
21969.091201482217,22.32621505968753
3909.350967863271,13.608850492731817
18667.260548002843,19.70368081017321
10803.95521809452,35.40501989106287
15922.592454961472,15.578164380055544
-9318.685439550485,9.518818038309782
-5202.791506878381,36.10508609312406
7377.903547053464,6.687900598978352
-428.345870809746,26.302762831609364
10224.242185958477,13.608850492731817
18743.1567947028,13.23318471616647
16902.862780826894,38.426488642538814
-3320.337108424402,36.31581069178857
3730.88318882815,21.47494878544683
-9287.401259499136,17.932562693756196
10853.118554780069,1.132160989646131
13252.30429099526,35.40501989106287
6830.638104628268,35.40501989106287
-332.57305831263056,12.571740219945433
9253.110929177063,30.86665725132705
13251.553237870896,9.518818038309782
3714.725808958305,34.4734454458848
7514.29938412672,16.12384262285483
-5302.474674647166,12.613632740062826
3706.2291870889576,34.4734454458848
1659.6036845704061,16.766249047417915
8844.566347138878,16.12384262285483
4368.372026369847,30.409884059187547
13478.875071798439,11.944636704804305
-5026.672324345911,21.61563065615585
4323.478802209685,19.647957347052547
16060.987559529805,16.12384262285483
13705.295667754592,21.44874346620925
15718.632184591213,34.4734454458848
-1462.043434939861,15.599548132494943
-2938.0298320876695,4.885271868806392
4635.48490474634,21.47494878544683
15917.059888732556,35.40501989106287
11396.245635462321,19.70368081017321
18241.11253657178,7.950620098438058
13179.587327591125,17.05947641370443
12110.80638577385,18.117577938721773
-8495.121229223347,24.09174497286721
15898.380853743613,25.447105542939124
7547.662143963598,20.28222278472817
14060.932328690104,31.83741398327524
5565.875066360186,18.117577938721773
-3269.909007112019,13.608850492731817
9015.43252759497,9.518818038309782
11395.618254485811,21.47494878544683
14041.003058807219,27.451018475410933
14810.055323862725,13.272856279921823
769.1036179615996,11.944636704804305
18811.995397607046,21.61563065615585
6988.076183369021,22.092249117524783
637.5339872553568,13.272856279921823
23218.349533369463,18.562253210557493
15247.90618468705,3.927831006064245
12948.424898082962,24.09174497286721
730.7029797397977,21.56487561270493
1740.5635640339267,27.451018475410937
3597.0576997115168,29.32505767081869
14484.793516634876,29.22739596194833
-5732.06674089327,35.40501989106287
10247.585204399136,23.14825227454956
9047.787397514236,23.14825227454956
21738.651954431225,13.272856279921823
15051.099093537796,7.950620098438058
-2689.453877638096,27.451018475410937
20776.083847195965,21.83368081202904
3619.866597876713,9.647452638974611
15207.449607408664,33.36162869752894
3411.129242279346,18.562253210557493
15187.42124882024,23.14825227454956
11563.640248429681,22.82469145311972
-7313.833830931999,17.114253331641656
-4082.2647001376145,18.117577938721773
5798.9451167491225,12.782315118678907
3445.745550796887,21.61563065615585
18154.51453363164,31.72492299534889
6000.215887835739,29.22739596194833
17783.612813264015,11.942906218623804
15717.225177178025,38.426488642538814
20895.64901692648,21.47494878544683
-5612.179171713255,35.40501989106287
18368.715922023388,16.143774716964504
8373.780343782848,30.409884059187547
-752.9072541127657,38.426488642538814
7798.118315091578,23.218144734904
17885.37610472792,17.05947641370443
11653.123514311857,5.69363914978576
-542.0713928309438,4.885271868806392
-355.5991132861059,7.950620098438058
14462.887168135292,11.944636704804305
2568.085413370055,4.38846568617879
8453.45225218132,25.447105542939124
2585.0573535414474,15.599548132494943
14507.031607147777,12.789203739932198
17093.170675042547,27.451018475410937
12461.626428634085,30.86665725132705
9549.180285446433,13.272856279921823
23123.789948001813,38.426488642538814
-10107.92379469461,8.320220391373894
20370.830386708178,31.72492299534889
13883.09678736514,16.64323622189432
22224.72924884868,36.31581069178857
-7559.171537070006,13.23318471616647
-3265.2514532531404,11.578951027428012
-7600.1466250948,25.447105542939124
-1934.7365643338221,16.143774716964504
11716.334972657587,12.613632740062826
12935.67827367437,19.647957347052547
18760.17136252523,21.81703550251781
11067.629577332258,7.950620098438058
10642.448248425333,25.59892040830825
-8447.126304468113,19.647957347052547
17662.954147899283,23.14825227454956
15534.921440582812,36.31581069178857
12292.652595347088,16.766249047417915
11264.752038327984,25.447105542939124
14040.687102328013,9.647452638974611
9528.721526579458,3.927831006064245
13423.277425532604,20.90306101162109
10221.845535362274,22.092249117524783
15763.794955442077,17.932562693756196
15305.558150673729,33.36162869752894
2515.8065132491192,12.190795575052846
12719.468788854669,36.10508609312406
5250.002132310768,19.70368081017321
10525.68702605145,21.61563065615585
21705.624068527744,26.58932955325777
4552.038767315586,13.608850492731817
7161.580804972535,4.38846568617879
12932.003499869588,21.44874346620925
14350.290418342149,9.518818038309782
13857.946094319894,22.32621505968753
3665.0768756176485,27.451018475410937
14325.12915295393,21.81703550251781
12874.038824423604,10.52412367775796
4037.3005361340665,35.40501989106287
17082.671665783637,31.83741398327524
19436.19768584338,22.82469145311972
19140.873373874296,16.766249047417915
15880.54565185423,18.117577938721773
14101.15501603859,16.766249047417915
9305.053112957052,11.578951027428012
11008.033712102066,21.61563065615585
17117.6762282189,11.642586775623563
10198.632551953833,4.652936998737928
6624.745395758329,16.143774716964504
10862.459414016379,30.86665725132705
21522.664197855287,13.272856279921823
15801.295881845146,16.12384262285483
8825.650337562369,8.320220391373894
11853.415402121522,12.190795575052846
12850.489766579607,25.59892040830825
11823.78744436248,6.687900598978352
-424.26109364835975,13.23318471616647
-9847.98624420632,18.562253210557493
946.2083631448172,8.795230083567638
589.2207070259583,9.647452638974611
-603.1073037299211,25.25684355246182
10703.221461708143,7.950620098438058
1198.2408653291814,17.156511257966585
-72.56590114566279,8.795230083567638
9444.202827079676,29.32505767081869
-6506.711125961013,17.114253331641656
17347.31450462169,15.578164380055544
-4804.46928223518,37.68124385002402
-7163.527095208569,5.69363914978576
10149.922248378565,17.932562693756196
12460.748009594994,10.425683441718604
15760.054345988461,25.447105542939124
20420.571501483555,1.132160989646131
14357.008099645234,12.190795575052846
16922.88987915493,13.963866260572992
14697.72629188156,24.09174497286721
3302.4632163981187,10.425683441718604
9998.153845988461,18.79185971370501
16772.62565529112,21.47494878544683
-854.0588909937665,15.578164380055544
20003.79958893526,10.425683441718604
12199.865353756146,16.64323622189432
-4804.000615309531,22.092249117524783
7564.651143538223,24.09174497286721
12519.527946514048,5.69363914978576
12946.917950453804,26.302762831609364
7748.3928557407835,11.942906218623804
3126.4746664365184,33.36162869752894
10754.490397301402,30.420569431073343
6330.119942412695,13.23318471616647
-9976.771468539222,9.518818038309782
-287.7958488633676,19.70368081017321
14973.51953636419,21.81703550251781
16348.150590792337,12.336111894138924
15453.630863072152,13.272856279921823
1967.2379616245075,26.28135983123264
8345.862523508546,21.47494878544683
10460.430925427432,22.56870007006657
13048.744996775458,11.642586775623563
15034.45763539121,19.647957347052547
-9052.334089107224,16.64323622189432
14818.164178905667,26.58932955325777
19459.8297098652,17.156511257966585
4720.317135027946,30.86665725132705
15180.108486292955,15.578164380055544
-6901.683115839594,8.795230083567638
16980.574790165218,21.44874346620925
4833.0851694580815,19.647957347052547
15344.542411017526,16.12384262285483
18152.55773514007,3.927831006064245
12514.493670337819,11.642586775623563
17163.934032674457,21.56487561270493
-301.1321017326118,33.36162869752894
941.721022477506,20.90306101162109
14502.594947638643,19.647957347052547
20172.75001666843,29.22739596194833
21757.39979884147,11.642586775623563
10449.736758926683,1.132160989646131
18189.176005939906,12.782315118678907
-3789.537202920951,16.143774716964504
2781.47108708452,17.114253331641656
6207.442786196549,17.932562693756196
14528.092801066123,15.578164380055544
6139.382815596111,12.613632740062826
10327.689078762061,36.10508609312406
3175.424212116087,16.143774716964504
16947.24542692912,37.68124385002402
10537.674005859908,12.571740219945433
13539.273889411072,8.320220391373894
2853.6917367356236,31.72492299534889
-2979.469701283614,7.950620098438058
21435.076247492525,18.757994207245872
-6248.893085483598,12.336111894138924
17989.19373106439,31.72492299534889
9722.230836859757,25.725153340464843
18798.046467554133,9.647452638974611
12828.702890143975,11.642586775623563
19877.957669745043,33.36162869752894
12927.623255700377,8.320220391373894
4117.947687747012,31.83741398327524
4675.4324332078395,27.451018475410937
-11494.150641721455,18.562253210557493
13097.202808114705,36.10508609312406
11815.609055106093,16.143774716964504
-6142.77080136294,21.81703550251781
5461.13634393603,18.757994207245872
14956.841484915327,20.90306101162109
9198.97884303946,25.59892040830825
10052.918209786774,12.336111894138924
-3617.2072404068754,36.31581069178857
20237.14304036454,24.09174497286721
1138.081416755641,17.05947641370443
16084.239112971514,6.687900598978352
22174.603614207947,3.927831006064245
13969.330011114476,21.44874346620925
-6964.681860496716,4.652936998737928
10724.141252185418,23.14825227454956
7166.945490955322,8.332942688788997
3738.459054991062,4.38846568617879
14051.970740384104,30.409884059187547
5529.312964990662,10.425683441718604
18548.81248692605,13.23318471616647
-3343.0542555229363,31.72492299534889
8875.456827906444,21.56487561270493
-6861.889705630139,17.932562693756196
16804.447021998447,4.885271868806392
2936.6189021497903,12.782315118678907
19351.373317494883,5.69363914978576
7199.924140330278,12.571740219945433
11192.484796702065,20.180144970495384
18123.933650503815,12.782315118678907
17320.31278329347,11.578951027428012
13970.514763571828,26.28135983123264
3068.8902386220107,11.427424278367262
-7011.641816957333,37.68124385002402
17625.280659180193,11.942906218623804
11834.852030940237,23.218144734904
4398.918510839462,12.613632740062826
3090.8778885465113,9.647452638974611
5312.000517398939,8.320220391373894
15854.086894649476,16.64323622189432
15407.63471914025,8.795230083567638
12831.956435575605,4.652936998737928
10449.074192233687,17.932562693756196
-2464.5003844918724,16.64323622189432
-4936.881115672011,21.44874346620925
15234.44682946966,4.652936998737928
7944.592641037087,33.36162869752894
22729.050548261417,4.885271868806392
7542.777801591109,11.642586775623563
14137.565163494653,17.05947641370443
8664.812186253359,4.38846568617879
20490.37086969314,24.09174497286721
7791.965121792835,29.32505767081869
20047.294600779493,16.64323622189432
15943.496697247632,23.14825227454956
13242.93257870303,17.156511257966585
21782.383392634656,25.25684355246182
10191.05437583917,31.72492299534889
9025.409605538327,29.22739596194833
-8798.903598978279,19.647957347052547
13636.800189195901,11.578951027428012
16880.97750636766,18.79185971370501
13512.371019295399,25.59892040830825
12061.191609202244,37.68124385002402
1640.0113350456595,34.4734454458848
-3438.0695166790297,14.353464935930552
16539.625711856086,12.613632740062826
7829.814005731258,8.320220391373894
13701.37633502714,20.90306101162109
16900.38269691863,25.447105542939124
-8874.240652719065,13.23318471616647
-1470.1304767601,5.69363914978576
1064.6124506408264,21.47494878544683
3843.7109080475907,30.420569431073343
16335.575774977455,30.409884059187547
10363.942558215715,30.409884059187547
22859.901865731772,22.82469145311972
-3735.2527502042676,18.117577938721773
2531.852684607289,18.562253210557493
4681.102407821458,9.518818038309782
14938.94825016251,16.12384262285483
-6132.502661830671,15.599548132494943
-6063.925581552782,12.782315118678907
16751.56990344962,8.332942688788997
-5757.842406056718,21.61563065615585
-4733.589856242137,18.562253210557493
-9038.31862819193,25.725153340464843
18290.55598864971,13.608850492731817
1832.5386553238723,13.272856279921823
-3370.376740273239,19.70368081017321
15810.694793550756,20.28222278472817
7970.154189085032,19.647957347052547
-5005.293709129789,12.190795575052846
8371.02842997417,22.092249117524783
8551.64574242131,23.148252274549556
6932.711608586613,21.44874346620925
12390.303017722828,3.927831006064245
14162.661660117084,21.44874346620925
14614.405598027082,27.451018475410937
412.34107705913453,4.38846568617879
10114.104028559339,26.302762831609364
14672.613540655693,5.69363914978576
21159.6374222436,15.578164380055544
7899.247882994351,37.68124385002402
5435.384375255437,22.092249117524783
8438.540879642065,12.336111894138924
-7201.349227202486,8.332942688788997
22373.20698035598,10.52412367775796
-973.1305932770349,11.642586775623563
-258.0561356502112,18.757994207245872
17651.41612692595,12.571740219945433
15035.819208872592,26.302762831609364
5998.285466608809,8.320220391373894
13926.0796293726,12.336111894138924
22413.35926949605,36.31581069178857
3659.340143775497,1.132160989646131
10749.526178601513,17.05947641370443
3956.451352234073,11.427424278367262
22249.451342030654,11.942906218623804
2878.7694168462535,13.608850492731817
10944.995908424255,4.652936998737928
14283.115871611008,17.156511257966585
14805.28493840566,23.14825227454956
13819.386631711242,6.687900598978352
11697.009703807009,12.571740219945433
9192.952269993417,5.69363914978576
-2978.864859314558,16.64323622189432
6426.072698975089,17.05947641370443
-10381.208355219442,9.518818038309782
5028.497775284778,18.79185971370501
2798.107200588459,16.12384262285483
-2850.5119658731537,23.218144734904
14320.883441457721,21.61563065615585
10604.640580560801,21.47494878544683
16597.450700024965,5.69363914978576
16354.598734932712,21.61563065615585
10848.446689513157,12.190795575052846
10912.923458678488,17.156511257966585
9484.074891182685,21.83368081202904
6989.617781524944,30.409884059187547
18763.573671403698,18.117577938721773
3574.7253462651797,21.61563065615585
6721.533526214245,21.56487561270493
20804.422606026154,20.180144970495384
-4812.774844743109,17.932562693756196
15158.533956887712,22.092249117524783
-4348.033092351391,13.963866260572992
13320.05992274172,37.68124385002402
6979.880121144636,18.757994207245872
14370.587386721074,20.28222278472817
10934.727686550166,23.218144734904
-10030.868159212736,21.47494878544683
14076.937386222664,14.353464935930552
12216.183985633616,23.14825227454956
14337.421444300104,8.320220391373894
17343.864745306753,25.725153340464843
16855.224559027185,22.56870007006657
21876.287381623137,10.425683441718604
2085.3790550142417,4.652936998737928
12443.957973979577,26.58932955325777
10555.017994882199,19.647957347052547
-1538.8398398278132,11.427424278367262
-987.5356703909893,18.117577938721773
15168.952610200777,18.79185971370501
4680.428125225373,17.114253331641656
14489.405929648658,16.143774716964504
17324.162630180926,30.420569431073343
14294.85429213584,26.302762831609364
17189.188131263407,13.963866260572992
-9721.937027523478,13.963866260572992
15385.305613742752,21.56487561270493
4805.189431214056,20.180144970495384
7828.467242409416,20.180144970495384
13304.568929380184,29.32505767081869
15012.642504488433,16.766249047417915
14369.671941624249,4.38846568617879
13741.220745512444,30.420569431073343
305.90075590016613,4.652936998737928
8265.007243190768,12.789203739932198
-7064.685297727628,21.44874346620925
13722.991100384883,13.23318471616647
-3471.143911284172,30.86665725132705
9906.964474646631,27.451018475410937
5832.470288331646,17.156511257966585
12355.256065228954,30.86665725132705
9559.663186629547,33.36162869752894
18130.263243015223,19.70368081017321
-6021.283881792577,5.69363914978576
16681.39831831113,14.353464935930552
10531.760809216192,34.4734454458848
17224.506896856845,31.72492299534889
14931.643071455415,12.789203739932198
20344.42867283952,17.05947641370443
10482.260218630656,14.353464935930552
-305.75965262263344,18.757994207245872
6860.872543021875,8.320220391373894
12080.01225640543,26.302762831609364
16122.821066984157,21.81703550251781
14787.701648449485,37.68124385002402
20835.59052612426,12.190795575052846
-10878.870706468733,37.68124385002402
15602.35947693085,20.180144970495384
-11535.50052904589,10.52412367775796
13703.39220178009,12.782315118678907
6288.70252525992,22.56870007006657
11395.159456344154,20.90306101162109
19148.193805089646,18.562253210557493
16859.446251579702,36.31581069178857
16284.396568709342,29.32505767081869
269.35071836392035,13.963866260572992
-915.1729633407276,34.4734454458848
9563.726385926737,29.22739596194833
4149.913162731398,26.58932955325777
10094.47294746032,30.420569431073343
9939.283096849973,21.47494878544683
17628.66383355482,22.82469145311972
21745.720116558514,16.12384262285483
13279.647119705289,11.427424278367262
13254.166715814878,12.336111894138924
-3293.39149743452,9.647452638974611
12877.10628268061,35.40501989106287
4374.1871450713425,1.132160989646131
3246.8777322397877,14.353464935930552
9294.00363756852,18.117577938721773
18104.536465240642,12.613632740062826
21586.916947207872,23.14825227454956
15790.685355651502,15.578164380055544
8910.132019516685,21.83368081202904
1902.8927114197113,17.156511257966585
-6677.638199354956,21.83368081202904
18066.16948081422,36.31581069178857
16050.458039691901,36.10508609312406
9255.316520084278,33.36162869752894
6148.55248807673,25.447105542939124
-4475.104175093951,27.451018475410937
17647.18224121464,19.647957347052547
10570.864804830982,6.687900598978352
18580.099378461146,10.425683441718604
7913.344469149724,21.83368081202904
14266.855856221726,18.117577938721773
16460.749482271,1.132160989646131
9179.816912981518,22.56870007006657
15583.608428700427,3.927831006064245
11231.99965142067,21.56487561270493
5635.59798020874,17.932562693756196
6156.4151448883085,12.613632740062826
4452.701865903124,18.79185971370501
4790.147818044351,25.59892040830825
10715.081006734497,21.81703550251781
9690.761917332156,8.332942688788997
17264.30902903279,29.32505767081869
8610.640543572996,20.90306101162109
-3972.917006984857,21.56487561270493
13085.298896669003,11.942906218623804
13997.838123273646,11.578951027428012
16369.802833227413,20.90306101162109
6785.654254521356,14.353464935930552
-1378.0823445136966,18.117577938721773
15237.986913090874,20.28222278472817
10545.124316025967,3.927831006064245
1359.3776997423693,11.427424278367262
1862.0918274528676,21.83368081202904
6777.0178811720025,16.64323622189432
11411.164958417032,16.12384262285483
-6684.61186655472,11.944636704804305
7041.9374457951835,9.647452638974611
2621.1518625253093,30.420569431073343
15381.140427691074,23.218144734904
-1934.520740561829,18.79185971370501
-68.36460553240113,11.944636704804305
7741.006113822538,30.420569431073343
17362.289409481207,15.578164380055544
-4982.6288595251335,14.353464935930552
-10394.511464448584,22.092249117524783
-711.6405226726565,22.32621505968753
6689.042042541735,15.599548132494943
12219.205575563568,17.05947641370443
16151.480805817862,34.4734454458848
9683.056831326227,11.642586775623563
-25.47304202282612,29.22739596194833
14139.305833978933,36.10508609312406
6250.908456308467,9.518818038309782
9615.316186929726,38.426488642538814
3017.70573201994,4.38846568617879
-2253.387459344482,16.64323622189432
7088.768736432678,18.117577938721773
16815.168422951763,10.425683441718604
15178.239238387854,10.425683441718604
14082.591385835243,30.420569431073343
14629.195548433056,12.613632740062826
14504.040996377276,15.599548132494943
13853.871212085038,21.47494878544683
20284.3557668468,29.32505767081869
5789.317789240689,15.599548132494943
-240.18088655693282,10.52412367775796
14169.616062817644,11.578951027428012
13455.136541854532,17.932562693756196
8625.714027740645,10.52412367775796
4159.515130667796,11.944636704804305
-2842.501451538723,19.647957347052547
14587.366763573653,20.180144970495384
10494.015378740583,21.44874346620925
13253.191757983514,19.647957347052547
19926.590102962127,11.578951027428012
1443.7485495792343,20.28222278472817
4229.0664143856775,18.79185971370501
6688.069542305109,23.14825227454956
-6405.964084207668,12.571740219945433
19046.33211020618,21.61563065615585
17264.587073803257,21.44874346620925
19539.54086855895,20.28222278472817
14669.910944957477,22.56870007006657
18512.805650655842,18.79185971370501
18237.089225995096,21.44874346620925
-2135.021218188359,12.789203739932198
11704.196842849218,8.320220391373894
7655.980178289048,11.942906218623804
10325.457311502245,38.426488642538814
18008.858585300306,30.420569431073343
12046.713388579386,37.68124385002402
12868.51212591062,5.69363914978576
14448.667856955519,21.81703550251781
4163.063897299926,8.332942688788997
18383.6001448326,37.68124385002402
17405.42105130674,12.789203739932198
20837.14148189367,17.156511257966585
16293.863527775935,17.932562693756196
12473.319986557783,15.599548132494943
10614.62233837633,11.427424278367262
18129.495581474213,16.143774716964504
10598.57666672345,36.31581069178857
8423.687768561284,8.795230083567638
-5693.3375963713015,9.647452638974611
15361.624040231134,26.302762831609364
564.6782974994476,13.608850492731817
22378.722831460458,22.82469145311972
-5201.3659414151125,13.963866260572992
13577.136312539144,21.61563065615585
15556.00828066997,27.451018475410937
2.744504672580206,1.132160989646131
19273.341861409874,25.447105542939124
-1624.138803111247,35.40501989106287
10008.58186828627,25.725153340464843
11240.46978246815,31.72492299534889
14897.492886504038,38.426488642538814
-4359.872112634287,38.426488642538814
-10210.074478178038,13.608850492731817
-4916.502906595284,38.426488642538814
-876.6273227763504,26.58932955325777
11068.085537015437,8.795230083567638
15231.945877377162,22.32621505968753
6186.57599752938,18.117577938721773
-5516.033252852457,12.336111894138924
15682.315984870824,23.14825227454956
5706.166906287424,11.642586775623563
9639.019037960014,36.31581069178857
15359.293846367334,35.40501989106287
17635.987947759815,25.25684355246182
-4674.758488044638,4.885271868806392
16671.212340728238,14.353464935930552
22643.47036870729,9.647452638974611
6834.334946894548,18.79185971370501
11624.813415149732,21.56487561270493
-1312.9301699505756,30.420569431073343
6184.600625941269,36.31581069178857
522.5779174460231,30.409884059187547
15368.462015250705,36.10508609312406
10065.397589432061,12.782315118678909
-3782.367512936944,13.23318471616647
16979.65547497852,17.05947641370443
15449.43743096502,21.61563065615585
13694.973247700573,20.180144970495384
14833.311809545881,31.72492299534889
19458.462141409633,21.83368081202904
7715.520224410697,1.132160989646131
-2278.47029423201,25.598920408308246
13688.56838176408,14.353464935930552
16628.255676409593,21.56487561270493
13783.727028554293,13.608850492731817
16927.68660405547,16.766249047417915
-8485.774929559,11.642586775623563
1929.4433046779468,31.83741398327524
8678.493668695855,31.72492299534889
8445.29955386117,30.86665725132705
5922.868437213818,17.932562693756196
14524.00826825367,21.44874346620925
16588.292985321266,23.218144734904
-736.221698507668,20.180144970495384
7277.005786489324,16.143774716964504
20863.476949223066,15.599548132494943
-2825.2245889241776,19.70368081017321
14483.08444146598,15.599548132494943
11939.39692968251,26.28135983123264
10990.459114209361,4.885271868806392
15076.996418452025,27.451018475410937
20260.586396895174,4.652936998737928
18243.173685573267,11.942906218623804
8877.495758911917,5.69363914978576
22808.725189046272,3.927831006064245
-5017.633278942641,14.353464935930552
16682.05120361767,11.944636704804305
14661.01221148425,17.156511257966585
13470.780081543942,21.47494878544683
22966.529778965396,22.82469145311972
8305.290862817163,11.944636704804305
10696.295207887935,18.117577938721773
11505.903198369135,38.426488642538814
-3495.4848467191046,38.426488642538814
9276.618779864255,31.72492299534889
13638.004673395983,11.944636704804305
17781.005732690533,5.69363914978576
11272.879119755453,37.68124385002402
23419.120477883,11.642586775623563
7797.464818621464,16.64323622189432
8143.397664066208,18.117577938721773
12562.54727899272,14.353464935930552
11810.954979436914,12.571740219945433
13670.225084104964,22.32621505968753
5169.922616364358,11.642586775623563
-1533.5376628326862,21.56487561270493
14154.129779510322,35.40501989106287
13786.833342480315,23.218144734904
-5391.05092678789,21.47494878544683
13059.234691041212,18.79185971370501
15151.262343450033,22.56870007006657
21534.057243336127,4.38846568617879
15807.127973619026,19.647957347052547
14948.38561177108,21.47494878544683
6413.4810714102005,15.599548132494943
16001.935315596822,21.81703550251781
15274.678765377397,9.518818038309782
13480.65198871705,5.69363914978576
14462.731408034095,35.40501989106287
-8648.720716841744,24.09174497286721
15129.978738609107,21.44874346620925
1271.8434648237385,30.86665725132705
3347.065236399419,11.427424278367262
2872.6998545754177,5.69363914978576
8100.090901593263,18.117577938721773
1189.3952822250785,22.56870007006657
17400.608976741336,25.725153340464843
9804.613435542888,20.90306101162109
15397.424886397013,30.409884059187547
16724.96700826333,22.82469145311972
-139.62123265874015,12.782315118678907
14139.026375909632,4.38846568617879
10009.340595610764,17.05947641370443
1788.6454190890681,18.117577938721773
-2562.7484472377,9.518818038309782
-2313.8573894235806,11.578951027428012
15308.20613324223,12.336111894138924
5951.932509806249,12.571740219945433
12883.58815847893,17.05947641370443
13919.299986218612,16.64323622189432
-2357.2596765702756,13.608850492731817
16123.401893022376,30.409884059187547
-287.0968890422039,31.83741398327524
13668.086742750438,33.36162869752894
4196.216257351477,22.82469145311972
7961.829196005638,19.70368081017321
-1286.307245115997,12.571740219945433
-8181.34218070174,29.22739596194833
8387.281772509305,9.518818038309782
605.4863819663396,22.82469145311972
10850.387880356466,12.190795575052846
5446.775274353268,15.599548132494943
17044.42864114456,8.795230083567638
10263.927906650984,4.652936998737928
15283.430525767395,8.332942688788997
23295.405248612777,8.795230083567638
15552.890550430495,16.12384262285483
-435.3002448110642,16.766249047417915
6995.616388747645,4.652936998737928
19523.76213996848,12.782315118678907
-9780.243483380315,4.38846568617879
-6323.891258902702,14.353464935930552
13321.606342854546,4.652936998737928
16269.694839042913,3.927831006064245
5442.247212142022,13.272856279921823
6348.943338767107,5.69363914978576
13626.072755569861,8.332942688788997
11390.502585907896,23.218144734904
-1280.805523810044,23.218144734904
15698.95967962062,12.789203739932198
12618.444440799592,36.10508609312406
11818.881395332737,9.518818038309782
5281.098467287966,11.942906218623804
1097.057187801422,20.90306101162109
-2408.390514467507,21.47494878544683
-2334.508220820456,21.56487561270493
10896.50036091142,23.218144734904
15627.054766059742,1.132160989646131
3354.630132308386,21.47494878544683
12703.746786492218,20.90306101162109
21644.838030418898,14.353464935930552
395.7180994547616,9.647452638974611
69.7206915262318,18.117577938721773
2242.1694913990937,36.10508609312406
-9177.033130904212,21.61563065615585
21991.61211432581,18.562253210557493
11916.68566361404,23.218144734904
1130.0814303186648,27.451018475410937
7222.2434075606,22.56870007006657
2229.413380397217,20.180144970495384
16151.964423361867,25.725153340464843
16332.46706877429,11.642586775623563
15539.443500699152,16.766249047417915
10532.175733918866,24.09174497286721
-2450.425309164335,25.447105542939124
11900.031659311613,20.180144970495384
-11826.02912301586,11.427424278367262
17079.22546500119,13.272856279921823
3663.603655427335,4.652936998737928
17701.63092131515,15.599548132494943
22310.565317343207,4.885271868806392
-962.0588530874029,22.56870007006657
14045.147791496409,25.59892040830825
1475.86522895882,1.132160989646131
11208.25018900078,3.927831006064245
10747.311515152653,19.70368081017321
14255.626810726979,6.687900598978352
14971.151104260358,18.757994207245872
-10432.801040823091,4.38846568617879
15575.328099152903,9.518818038309782
18294.5730786242,25.447105542939124
8133.991201861552,30.420569431073343
1336.1780701010553,22.56870007006657
2324.9343771037934,16.143774716964504
17698.898089729773,4.652936998737928
7078.8682093095085,25.25684355246182
11949.826490857864,31.72492299534889
20706.125588440704,13.963866260572992
-1156.6978316034133,21.83368081202904
2413.8626697212176,17.932562693756196
13776.155504365968,8.332942688788997
-7754.57870114849,17.932562693756196
22295.641446117348,33.36162869752894
8940.942836945484,22.32621505968753
2307.1497203595136,37.68124385002402
4634.747633142476,16.64323622189432
11957.120637508371,20.90306101162109
10375.987554801439,22.82469145311972
4963.692656996225,12.782315118678907
9831.853424309422,19.647957347052547
7804.562796417916,17.05947641370443
10272.832158128782,34.4734454458848
13476.729022406555,22.56870007006657
3649.358174207518,21.47494878544683
-2816.613261380772,12.190795575052846
8896.446299539952,11.944636704804305
7208.629341463157,38.426488642538814
16805.376850432465,13.23318471616647
16877.43943305982,3.927831006064245
-878.1527765731652,31.72492299534889
15182.652652402676,29.22739596194833
9424.357090682177,25.59892040830825
-1075.7090724939803,12.571740219945433
11674.43521561504,12.782315118678907
-11709.693540605818,17.932562693756196
15808.373199664064,16.766249047417915
19136.434103451134,11.427424278367262
10358.658199759315,5.69363914978576
1817.9850228387822,7.950620098438058
10392.97696322146,23.14825227454956
14983.97892354097,26.58932955325777
6186.807363335124,31.83741398327524
21447.961199789046,26.58932955325777
13001.478626560276,4.652936998737928
3403.844607036059,12.336111894138924
11370.741923512938,30.420569431073343
8550.138701499574,13.23318471616647
22558.273648897026,22.56870007006657
12512.540661383107,16.143774716964504
-615.3926417581933,10.425683441718604
23084.038835177795,10.425683441718604
18022.815331372418,29.32505767081869
8979.204468788024,21.47494878544683
-7222.85314309472,25.59892040830825
21034.25092838797,11.942906218623804
852.3911640738493,20.90306101162109
-13503.759452598339,3.927831006064245
-11474.72078864641,26.58932955325777
13759.589791826238,13.608850492731817
3159.3812306147493,13.272856279921823
-7603.312942951612,6.687900598978352
876.1743907281998,18.757994207245872
21685.30972460036,35.40501989106287
16203.546805841088,36.31581069178857
8347.131866469173,25.725153340464843
15775.198646373858,34.4734454458848
-5556.492920530844,14.353464935930552
14501.29687486586,30.86665725132705
1969.371120913386,25.59892040830825
14975.932236487402,21.47494878544683
-10577.757015523295,4.885271868806392
-5004.215206414068,31.72492299534889
21400.728922096914,19.647957347052547
12280.10468780394,13.608850492731817
15034.348037133284,17.932562693756196
15518.672179109839,20.180144970495384
14683.156440380142,31.72492299534889
13716.404573540138,30.420569431073343
5422.439908282906,25.725153340464843
15839.053160373129,1.132160989646131
15214.926275858183,15.599548132494943
10150.400251041676,33.36162869752894
7525.283901049543,22.32621505968753
14364.81870199864,20.180144970495384
2054.8867515714574,34.4734454458848
14916.400714327216,29.32505767081869
-7127.231715906124,6.687900598978352
-7231.638837315697,5.69363914978576
6063.401946196279,13.963866260572992
14076.744034340843,16.12384262285483
20527.12621554476,25.25684355246182
17191.12506351078,4.652936998737928
17002.721045013666,9.518818038309782
14576.052852913988,16.12384262285483
17585.317769415058,20.180144970495384
6601.565253633901,21.56487561270493
8180.234653893858,11.578951027428012
11860.114447585656,16.64323622189432
-1953.3933490273275,21.83368081202904
22034.934285445033,12.613632740062826
12948.481092579503,10.52412367775796
-8927.251871178381,29.32505767081869
8130.373694319453,15.599548132494943
-3071.7516517252143,1.132160989646131
18000.507779562442,21.61563065615585
14142.097082269906,5.69363914978576
4883.146663213925,17.05947641370443
-1482.0147740466095,6.687900598978352
13877.886612820517,26.28135983123264
910.6211281328706,25.25684355246182
15516.186130934238,29.22739596194833
4448.8841836480005,25.25684355246182
3417.6429665530345,29.32505767081869
12278.042515222582,4.652936998737928
15558.758972189338,29.22739596194833
13479.475461621712,21.83368081202904
13194.635702148196,12.190795575052846
7623.78706348161,31.72492299534889
3221.7182620314843,1.132160989646131
-11506.49783394693,7.950620098438058
13179.505492248134,26.58932955325777
18704.308945945668,21.81703550251781
10582.44056670894,13.272856279921823
5547.719276634697,21.56487561270493
16115.459182956281,17.05947641370443
17615.8796109886,31.83741398327524
10273.604687693467,17.932562693756196
8214.87039952707,29.32505767081869
5488.712518033864,11.642586775623563
12805.315516769111,3.927831006064245
14305.834952610894,30.409884059187547
3250.1928031176117,30.86665725132705
13867.598238223849,25.725153340464843
5704.748164594495,24.09174497286721
11454.460908767935,15.599548132494943
-12217.55374889592,5.69363914978576
14941.423975875381,29.325057670818694
-3198.2614062354787,20.180144970495384
-9397.382452557335,16.64323622189432
-1454.9608005269151,16.12384262285483
15484.69804815141,4.885271868806392
20696.578218669743,12.190795575052846
12325.445033347365,21.47494878544683
14936.314636518246,16.766249047417915
-4775.387841944555,22.56870007006657
1977.6496249165793,21.61563065615585
-11293.719550913956,16.64323622189432
12365.089148642914,20.180144970495384
16143.081958319555,31.83741398327524
-10778.288010406355,17.156511257966585
14039.34557218466,27.451018475410937
23832.381027829375,17.156511257966585
9696.258239438794,29.32505767081869
3460.6257745531702,21.44874346620925
12803.700845647843,12.336111894138924
2340.6851460633075,11.942906218623804
6929.363459151665,16.12384262285483
-974.0694709391947,4.652936998737928
14528.226255621748,36.10508609312406
12709.610486116679,12.613632740062826
9813.3282348149,29.32505767081869
150.95720997339777,7.950620098438058
12061.336326630117,18.117577938721773
7386.668942957545,20.180144970495384
16957.98015343897,38.426488642538814
21588.250690360244,29.32505767081869
9408.566447849316,29.22739596194833
10764.234715446131,30.420569431073343
10271.672995064997,22.32621505968753
-3363.556732436471,16.64323622189432
12536.248386685815,13.608850492731817
2956.066271714606,13.963866260572992
5437.05235070671,13.272856279921823
8412.243146178764,15.599548132494943
570.0488863609448,11.642586775623563
18100.14363296914,11.427424278367262
20011.86368353861,26.28135983123264
16510.158816649353,36.10508609312406
2401.54338494309,16.64323622189432
14495.712540438342,17.05947641370443
12144.377315171168,33.36162869752894
13253.016345558783,26.28135983123264
2054.6417136620594,25.59892040830825
5534.286433271382,25.725153340464843
8533.133718530195,1.132160989646131
4616.063548745591,12.782315118678907
6823.855926306995,12.789203739932198
14192.955547300819,19.647957347052547
9269.800761634884,11.427424278367262
20098.37903002207,1.132160989646131
6282.355942711055,11.944636704804305
7515.645837916383,14.353464935930552
-6489.534743979535,22.32621505968753
20525.9057444022,8.320220391373894
15611.691533417079,25.725153340464843
16090.763851661624,3.927831006064245
12903.975922704873,31.72492299534889
14987.150879105013,16.766249047417915
7556.273402970768,22.82469145311972
21591.339278068182,17.05947641370443
13666.396552683806,4.38846568617879
12151.20182115449,12.789203739932198
12751.009815343172,25.725153340464843
2221.1782032710917,13.23318471616647
-7352.449655104234,19.647957347052547
18826.333306803765,26.28135983123264
19186.782862558804,22.82469145311972
9990.512976527876,26.58932955325777
6076.714091913498,15.599548132494943
13867.334759967569,8.332942688788997
8691.401134609194,31.83741398327524
4586.572983241481,25.25684355246182
-12864.977976030246,11.944636704804305
1733.43623020851,12.336111894138924
20159.574418476717,8.320220391373894
5133.306517043827,11.427424278367262
-2362.6243914105844,20.28222278472817
-1878.2059883781349,18.117577938721773
20589.63014242743,8.795230083567638
11248.849239004494,29.22739596194833
13060.874601929776,7.950620098438058
14650.447003502748,16.64323622189432
17648.85769680288,22.82469145311972
21993.799900180828,31.72492299534889
20096.715132204074,12.190795575052846
11262.421842474072,13.963866260572992
-6049.479883867421,11.578951027428012
647.5495896429334,20.28222278472817
15128.356738125149,16.766249047417915
10089.618001908206,25.59892040830825
-7493.773705330732,17.05947641370443
11597.30394997342,13.272856279921823
16031.978403513134,17.114253331641656
23.88578399317157,15.578164380055544
19092.475107125352,25.447105542939124
13469.901535943656,26.28135983123264
11138.493909635681,30.420569431073343
15701.210190650774,37.68124385002402
1806.4698140360879,26.302762831609364
14514.775113909462,6.687900598978352
14253.758098843584,25.59892040830825
13886.701894801456,21.44874346620925
229.2086408706905,3.927831006064245
5770.670197663754,18.562253210557493
12745.377302273679,13.963866260572992
9456.625620433715,26.302762831609364
14409.15434742673,21.47494878544683
5881.750220672976,25.25684355246182
17930.934592531758,33.36162869752894
4961.476889552366,11.578951027428012
1770.4688825860592,30.420569431073343
21636.218612139368,21.47494878544683
13365.838585903271,25.59892040830825
14147.901754497947,11.427424278367262
13937.028206701896,16.766249047417915
-1384.6825843507022,25.447105542939124
2540.5101946162827,17.114253331641656
-2671.3742513426405,5.69363914978576
15014.465368775684,16.143774716964504
19633.712667035514,21.56487561270493
3888.8378477874076,16.766249047417915
-1737.3472474578653,26.28135983123264
-10330.510192428304,26.58932955325777
6738.202218601296,21.44874346620925
18170.388437417056,12.782315118678907
15322.701906219434,31.83741398327524
-4770.96797822995,36.31581069178857
2411.646996717651,25.725153340464843
6799.753654168964,24.09174497286721
5188.160247074049,8.795230083567638
6534.5984566690495,16.12384262285483
14847.191509546677,22.56870007006657
12336.006727916698,15.578164380055544
11705.24263375056,12.782315118678907
8925.589769275091,24.09174497286721
14848.511096689734,29.32505767081869
-6614.565584844283,38.426488642538814
13576.425053971336,13.963866260572992
7498.939762927539,21.47494878544683
13461.155436511992,21.61563065615585
14160.254928794582,9.518818038309782
9297.222941415139,30.86665725132705
19668.06527570682,23.218144734904
15020.041086283807,10.425683441718604
-2764.9932332110543,29.22739596194833
18415.252082772302,26.302762831609364
15041.36940301097,12.571740219945433
10962.485533512778,13.963866260572992
6639.268380847028,12.782315118678907
-1375.725230298508,26.28135983123264
3958.1742434164953,9.518818038309782
20075.884219795345,22.82469145311972
15786.112098267648,29.32505767081869
16308.033735055033,11.578951027428012
14026.546954998661,35.40501989106287
1851.8825537270377,4.885271868806392
13734.849502793908,11.578951027428012
2733.7774561132633,25.59892040830825
10834.814274929202,38.426488642538814
-8778.160011291797,17.156511257966585
1728.5471456505202,4.38846568617879
-7314.024077701398,12.571740219945433
13647.510186573722,26.28135983123264
7646.984299635456,31.72492299534889
2302.1302190269284,24.09174497286721
15991.065934074944,16.64323622189432
11812.042000260844,5.69363914978576
16410.03713162405,8.332942688788997
2270.4592718860436,12.789203739932198
14360.751443894207,20.180144970495384
18547.23785381897,38.426488642538814
3787.894052033237,12.571740219945433
14007.900493660576,10.425683441718604
14837.53219104591,4.885271868806392
6887.899704128661,12.571740219945433
540.2881535624567,20.28222278472817
9562.237492477552,8.320220391373894
11502.727931083,25.447105542939124
6916.556447555434,26.58932955325777
1126.3490418479314,25.725153340464843
19466.88654357788,11.944636704804305
15698.487793626846,3.927831006064245
14947.936759476026,21.81703550251781
7785.33290384413,25.447105542939124
62.79457743669468,16.143774716964504
16712.716190837033,22.82469145311972
22700.93571766584,4.38846568617879
14756.967463123274,14.353464935930552
9442.878776541358,26.58932955325777
14385.303583139992,36.31581069178857
4278.372016322296,10.52412367775796
9336.389570514177,31.72492299534889
14691.860061342446,26.58932955325777
-10228.406883819505,12.613632740062826
11321.782526978583,20.180144970495384
3695.472291123456,34.4734454458848
-11036.759209551872,17.932562693756196
13686.078475636517,20.28222278472817
8126.891058994938,20.28222278472817
13747.704282925373,26.28135983123264
14579.591743131146,18.117577938721773
6631.571081792987,29.32505767081869
4493.672312753364,17.932562693756196
15197.66631097253,24.09174497286721
2035.6724492671206,20.90306101162109
16808.765230724603,9.518818038309782
6014.350288632332,8.795230083567638
12220.888013486241,22.092249117524783
-675.9215489997373,7.950620098438058
15085.964605484278,23.218144734904
16453.328362477234,20.180144970495384
17988.083706823138,16.766249047417915
1402.2637600075927,15.599548132494943
14285.08665345257,21.47494878544683
6799.868169642859,18.757994207245872
5280.493260001253,12.571740219945433
8449.513531195535,9.647452638974611
1821.986860546373,21.44874346620925
17082.914593939277,7.950620098438058
-10294.851409518596,13.608850492731817
12807.296849720504,14.353464935930552
8742.66271768059,18.117577938721773
23293.57879099957,4.885271868806392
16929.840765478115,15.599548132494943
4655.205736300198,21.56487561270493
16368.517129312102,8.320220391373894
3160.2026267613874,21.47494878544683
12167.108169284673,38.426488642538814
-11129.387797712197,16.766249047417915
4293.886079680233,16.12384262285483
4102.832267609665,20.180144970495384
7820.534242179687,22.82469145311972
10216.067396444063,27.451018475410937
1749.841251292788,10.425683441718604
-10297.584335445681,23.14825227454956
4682.181865043465,24.09174497286721
-6336.430622982904,17.05947641370443
17988.09137048589,4.885271868806392
13781.959228062835,11.642586775623563
14866.255373875765,22.56870007006657
-2704.6565186355447,17.114253331641656
-4148.804249154605,16.143774716964504
5283.640399745803,13.608850492731817
-6835.930357333684,17.156511257966585
17319.637622883656,29.32505767081869
13428.5496704209,23.14825227454956
16118.81076887684,21.81703550251781
-96.66385954657972,8.795230083567638
16744.909935940246,12.789203739932198
12219.443539429854,16.766249047417915
21152.37964624183,12.336111894138924
-1416.8561928554745,29.22739596194833
360.7227638903969,25.25684355246182
11836.383467923119,10.425683441718604
1770.725124652705,15.578164380055544
436.66016251406995,30.409884059187547
13439.24056512364,11.578951027428012
6330.821950208721,30.86665725132705
232.33827721975467,5.69363914978576
-2590.046781410055,1.132160989646131
17154.801049493577,21.44874346620925
17847.676001176344,26.28135983123264
16023.057717885808,37.68124385002402
16099.272828623212,11.642586775623563
14120.898734930877,20.90306101162109
5096.747823563096,12.782315118678907
-9532.93361804164,11.944636704804305
18231.66749922929,21.61563065615585
17521.839879769952,12.336111894138924
6422.586579239456,31.83741398327524
-8349.738460290288,8.332942688788997
14107.491854029471,25.25684355246182
12113.441833831197,18.117577938721773
13215.132731353913,21.44874346620925
-3041.459103786112,38.426488642538814
-4102.631210590316,1.132160989646131
-1718.6164497588666,14.353464935930552
22059.36346922424,3.927831006064245
16508.897288028373,34.4734454458848
2969.153039560989,17.156511257966585
10656.175575921236,23.14825227454956
15037.519740944877,8.320220391373894
10136.23831838857,9.518818038309782
11640.777316741533,20.90306101162109
17313.801487150005,11.944636704804305
16017.71039965394,17.156511257966585
12601.502889067808,31.83741398327524
-7127.036333975312,30.86665725132705
-2730.9000219427526,21.81703550251781
11168.175893767184,24.09174497286721
14365.037635984525,15.578164380055544
12790.67887243157,21.61563065615585
3018.268018910984,31.72492299534889
-1064.3521653452183,12.613632740062826
6415.276717455799,18.79185971370501
21027.494789032073,19.70368081017321
19383.970564540894,26.302762831609364
14227.142536864689,31.83741398327524
-3026.9662684662253,19.647957347052547
8535.034360111025,23.218144734904
13842.640218487442,26.28135983123264
1478.2102040564369,4.652936998737928
6572.890021534298,25.59892040830825
4293.756946285808,36.31581069178857
10986.60400970329,38.426488642538814
7870.138590002807,18.79185971370501
-5252.888177106628,35.40501989106287
-1283.140400389917,31.83741398327524
6566.24931572299,36.10508609312406
22921.582723860418,13.272856279921823
15315.894881638791,30.409884059187547
8859.377818944855,25.25684355246182
-5771.902355051502,36.31581069178857
6634.027348449908,21.44874346620925
2802.4766397574713,37.68124385002402
10007.729077935179,7.950620098438058
14798.446591337623,17.932562693756196
-10310.309517173117,11.942906218623804
16231.044578641504,15.578164380055544
16788.41816339462,18.79185971370501
-5782.407524186454,16.766249047417915
10264.62163884332,15.599548132494943
13093.600512366269,10.425683441718604
16023.510326986878,20.90306101162109
17432.81540133778,31.72492299534889
13224.78293216658,8.320220391373894
4876.665133102013,21.47494878544683
1659.4819004577214,12.571740219945433
4876.001814294503,17.05947641370443
16748.169756760268,22.82469145311972
9651.432449624566,18.562253210557493
-2202.4677437884493,17.05947641370443
7119.040121338511,30.420569431073343
14627.218772289049,29.22739596194833
2315.0293435959056,11.642586775623563
-5418.572126151133,12.336111894138924
15493.179334408676,19.647957347052547
2461.165607004271,21.47494878544683
13260.444619626029,1.132160989646131
9545.728192681947,10.52412367775796
7249.011666507783,1.132160989646131
20808.57830140002,16.766249047417915
18188.542291945607,12.190795575052846
13336.244847546179,12.190795575052846
14882.425387935611,4.38846568617879
14792.257822183758,11.944636704804305
11756.888087476445,8.332942688788997
3917.9020174249463,36.10508609312406
14015.421950129283,11.942906218623804
11061.711244474503,36.31581069178857
8149.315130463874,21.47494878544683
9324.238062003795,21.83368081202904
14259.445188622602,10.425683441718604
15943.671169690979,30.86665725132705
4846.542528347559,22.56870007006657
15879.622055778975,36.10508609312406
5246.462334358919,21.56487561270493
9664.741143388495,11.944636704804305
8627.47869645907,7.950620098438058
17698.756046476417,17.156511257966585
15505.027727873143,29.32505767081869
214.03223827413512,21.47494878544683
14360.566201668284,10.52412367775796
8535.75468707289,26.28135983123264
994.090840298677,16.12384262285483
20373.50753366349,12.782315118678907
20782.540283761788,16.12384262285483
15404.382024037403,30.409884059187547
9639.406902913797,8.332942688788997
11679.658265398051,3.927831006064245
21551.63702652978,17.05947641370443
-6163.705910792967,21.56487561270493
9709.676166309553,31.72492299534889
17358.159426634524,12.782315118678907
19088.200604732476,35.40501989106287
17697.659958314067,30.409884059187547
10714.75492952511,29.22739596194833
10615.115725781716,27.451018475410937
14401.801804477414,8.320220391373894
9801.682176281762,11.642586775623563
16132.886590183272,30.420569431073343
19624.09550685387,21.47494878544683
13836.175878008795,11.944636704804305
-7619.32258825063,17.114253331641656
5043.500665330865,18.562253210557493
12571.01558211916,20.180144970495384
14041.307817225297,35.40501989106287
13642.647109720918,30.409884059187547
14895.280293135294,36.10508609312406
15644.907311203504,22.56870007006657
21021.259403703923,36.10508609312406
21102.540431853133,23.218144734904
-3088.2542849361334,29.22739596194833
-7734.6271764195135,11.578951027428012
1125.8193694529384,10.425683441718604
4411.985329207449,21.47494878544683
4665.603240764165,21.47494878544683
11004.923207249754,4.38846568617879
12867.696579600504,22.32621505968753
13099.65060868355,29.32505767081869
9867.342641708728,10.425683441718604
6962.240136496936,5.69363914978576
-3350.4317060714525,26.58932955325777
12992.839052405616,23.218144734904
5167.388202414924,29.22739596194833
16542.92862393173,20.180144970495384
11664.761514413003,30.86665725132705
-3341.280203146278,13.272856279921823
-6622.098213447638,10.52412367775796
22474.967453797188,13.963866260572992
6989.691094987086,15.578164380055544
-1595.1540383249012,11.942906218623804
10032.277994994125,18.117577938721773
1381.0866697367364,15.599548132494943
6898.682919659458,8.795230083567638
-7465.318099706285,18.79185971370501
4999.361816844092,26.302762831609364
10260.173889952235,8.795230083567638
-6438.969825038957,33.36162869752894
3066.302701341298,20.90306101162109
8377.65309506529,37.68124385002402
5225.445237532951,22.82469145311972
1165.1094705895462,36.10508609312406
14091.820946579777,23.14825227454956
18354.201978995014,23.14825227454956
-10838.369803866615,15.578164380055544
13878.206065326327,24.09174497286721
13431.086973978348,4.885271868806392
12224.94178648397,14.353464935930552
-1510.2772894241107,8.332942688788997
-2441.4997159744744,16.12384262285483
12677.030207421347,23.14825227454956
2606.1362062518806,22.092249117524783
3539.8153615709693,30.86665725132705
13641.3272336741,22.82469145311972
-3477.7761400623967,30.409884059187547
-9462.918596713229,25.447105542939124
21246.678982190726,7.950620098438058
-1655.0089879895345,38.426488642538814
16821.99247865918,30.86665725132705
22054.594460463977,20.90306101162109
13797.364098642936,18.562253210557493
18075.41819703892,26.58932955325777
12527.776459260273,25.725153340464843
14505.129031391025,11.642586775623563
2838.1718555414304,4.885271868806392
226.17195742791318,9.647452638974611
8571.001450043808,37.68124385002402
5772.009259199619,37.68124385002402
15112.517159756757,26.58932955325777
17520.764785846786,11.578951027428012
8706.19861665845,33.36162869752894
18397.078255684177,12.789203739932198
11534.753841560729,21.81703550251781
12390.01956098768,15.599548132494943
15089.562305586665,11.427424278367262
13680.354085462946,21.44874346620925
-1130.4232146689183,11.427424278367262
14560.303151547829,38.426488642538814
15130.351214614308,12.336111894138924
9318.230279523474,16.12384262285483
6293.597382252046,37.68124385002402
22304.23403840508,36.10508609312406
649.4077981040205,7.950620098438058
20295.797491322657,20.180144970495384
9102.693341606067,18.79185971370501
-8780.273901690642,13.963866260572992
13125.089048174304,23.14825227454956
-2981.839146654247,8.332942688788997
9777.359603465007,23.14825227454956
22096.449803195395,11.642586775623563
15857.077085707926,27.451018475410937
10530.598707355473,16.64323622189432
11670.013923208242,30.409884059187547
14400.183310861921,19.647957347052547
6702.6412706828305,23.14825227454956
7484.715606627363,31.83741398327524
-1525.6821373057328,18.79185971370501
15018.590370577687,29.32505767081869
11818.549689097636,27.451018475410937
18012.520302444114,4.885271868806392
-4329.670340868585,11.427424278367262
2667.0058018180735,27.451018475410937
14238.069786931781,8.795230083567638
19315.646789809784,13.272856279921823
15752.334696991764,14.353464935930552
13603.622562538363,12.336111894138924
-1534.9804787777953,19.647957347052547
-3295.4198867067844,36.31581069178857
15837.417140903792,16.64323622189432
8414.805790618633,22.092249117524783
16625.769012733344,24.09174497286721
-2638.194765180883,25.59892040830825
1926.5156568376428,18.117577938721773
8558.862885736811,13.272856279921823
3834.7667781801633,6.687900598978352
7381.901081777649,21.83368081202904
5555.49675486061,8.795230083567638
14423.107449383144,25.59892040830825
12949.861869997727,25.725153340464843
13920.305790507224,3.927831006064245
22464.61987874987,20.180144970495384
15848.320861550399,12.613632740062826
18995.416209502226,20.90306101162109
16882.298187753637,7.950620098438058
16045.773685723925,26.28135983123264
21010.58217083215,13.608850492731817
-10106.528340018602,8.332942688788997
13241.595561709259,17.05947641370443
12866.456656783415,31.83741398327524
14139.099302042938,25.725153340464843
8698.486136274121,13.23318471616647
9101.595248728026,11.944636704804305
5820.848485065028,12.336111894138924
2252.611427580428,4.885271868806392
11835.7301425985,27.451018475410937
18582.811694389173,4.652936998737928
18667.96282423853,8.320220391373894
6438.49446859133,25.725153340464843
10427.465357381412,29.22739596194833
18240.95276909383,15.578164380055544
15496.271505924557,11.944636704804305
167.48910594170093,3.927831006064245
11611.550600055009,25.25684355246182
15122.532046419912,12.571740219945433
1000.7123532753112,21.83368081202904
10997.11513125649,13.608850492731817
13745.91476288989,16.64323622189432
5302.935459792148,22.092249117524783
12634.211727877395,5.69363914978576
7990.821677041159,22.56870007006657
12818.100360236844,23.218144734904
13631.79104869369,17.156511257966585
15662.506694474998,20.90306101162109
-5027.131305895892,29.22739596194833
-40.838944204322615,12.336111894138924
7201.343980586596,1.132160989646131
17304.328507576152,22.56870007006657
11952.285069662312,19.70368081017321
4772.847468900703,15.599548132494943
-10342.861258620389,26.58932955325777
13780.66327798699,29.32505767081869
14020.605289583316,13.608850492731817
10619.596869398607,17.05947641370443
19866.466391839433,21.81703550251781
1091.3948483875297,9.518818038309782
16691.35010106449,16.766249047417915
9807.833272915555,22.092249117524783
914.9289918348904,15.599548132494943
-1119.0853812598357,14.353464935930552
19474.518135485552,19.70368081017321
17514.26733695307,35.40501989106287
-2216.313427096103,3.927831006064245
11060.287654741542,5.69363914978576
-9533.68522825077,26.302762831609364
13887.543201337521,20.28222278472817
6701.948913756263,11.942906218623804
14274.791104201662,22.56870007006657
6629.928941797432,4.652936998737928
-333.0004274251223,24.09174497286721
7017.279590937646,20.28222278472817
-7717.798006534194,21.83368081202904
11290.23548693442,22.32621505968753
12697.521158587942,21.44874346620925
-352.79246488526803,37.68124385002402
12966.333282179816,3.927831006064245
20371.81757552376,20.28222278472817
12888.210484668401,19.70368081017321
9524.398116722934,20.180144970495384
15340.734936277473,30.409884059187547
2042.009862792755,30.86665725132705
1096.7332053497935,22.32621505968753
-28.98351805315997,3.927831006064245
15569.030339002076,21.47494878544683
5880.174097680272,19.70368081017321
-6888.454342730677,16.12384262285483
1227.5787792348679,26.58932955325777
-2711.0372785070376,16.12384262285483
16778.02508054019,1.132160989646131
-3751.4761777525314,24.09174497286721
22755.671135979297,35.40501989106287
18396.038100234728,25.447105542939124
15482.30395316637,22.32621505968753
21283.530472598046,16.143774716964504
2618.5620777755184,29.22739596194833
-2926.689399569111,9.518818038309782
-4608.004631222898,21.61563065615585
9676.111452515983,20.90306101162109
4866.094140174548,22.32621505968753
15878.673082340178,26.302762831609364
1732.4713810227795,8.795230083567638
19513.09076275659,11.427424278367262
-10139.792959015806,17.05947641370443
5959.043788584916,18.117577938721773
-117.29849277619905,11.642586775623563
16039.117264220049,21.81703550251781
13956.253853244332,3.927831006064245
2991.667356745383,16.143774716964504
15087.85482296592,25.725153340464843
702.4405496146519,23.218144734904
-10611.14244868188,4.652936998737928
15531.926418086992,33.36162869752894
16830.698954002713,23.14825227454956
11906.533472443236,16.64323622189432
-1944.2298653750922,22.32621505968753
13453.67469166424,8.795230083567638
-2371.783796825828,36.31581069178857
22518.920510870506,31.72492299534889
11357.645154538366,18.79185971370501
10300.67924004566,31.72492299534889
6013.9062824650955,6.687900598978352
-10047.074843669761,13.23318471616647
-12180.051165280482,11.942906218623804
10456.68809584695,12.613632740062826
16642.553476792025,11.942906218623804
16750.496372114463,21.83368081202904
14962.725685330348,33.36162869752894
18969.655317150264,25.725153340464843
2473.1604551267883,11.942906218623804
15044.609553666145,26.302762831609364
22920.964545246323,11.944636704804305
9573.311816191665,7.950620098438058
15758.271083402698,12.613632740062826
7116.849093303308,1.132160989646131
20851.909740432762,9.647452638974611
-7735.053960622931,26.302762831609364
532.1929136299077,30.86665725132705
10919.508701211036,9.518818038309782
10441.72578042297,31.83741398327524
10487.089093457862,16.766249047417915
3421.4612103194568,5.69363914978576
-1782.7803722445306,30.86665725132705
9326.056539132165,9.518818038309782
352.3279449281572,12.336111894138924
7495.9925641128975,16.766249047417915
14499.276321599922,22.82469145311972
8559.23424694064,6.687900598978352
1934.9501025721777,1.132160989646131
17838.16205453478,38.426488642538814
38.056815799575986,31.83741398327524
12628.174574959965,27.451018475410937
-9706.157311638612,22.32621505968753
22858.717854115162,30.409884059187547
11123.051842292267,30.420569431073343
16266.319006039617,11.427424278367262
16468.214237314143,4.38846568617879
22909.962605485664,31.83741398327524
11294.67111987826,30.86665725132705
14901.595282154012,18.562253210557493
-8270.347439386402,16.12384262285483
15264.402345307866,27.451018475410937
-1628.986107304542,26.58932955325777
3084.6961152103913,4.38846568617879
9605.666147708835,17.932562693756196
-1282.2290079042793,12.190795575052846
6721.075803687545,12.336111894138924
5210.421116976342,23.218144734904
18272.203795776277,12.571740219945433
-2127.745478280357,9.647452638974611
11717.549409700741,13.963866260572992
12688.70524786532,20.90306101162109
10239.357089171774,38.426488642538814
3677.28688212331,19.647957347052547
14218.871795729685,23.218144734904
9478.842474887719,17.932562693756196
23044.03816227839,9.647452638974611
6141.128511726691,11.942906218623804
9551.666658120681,30.420569431073343
18250.246929898087,17.156511257966585
16404.55275308025,29.32505767081869
2344.1610699139896,12.190795575052846
16384.79615973782,6.687900598978352
1722.7558440609243,31.72492299534889
15695.434581182275,20.90306101162109
7389.503087230693,18.117577938721773
14520.74241857948,25.25684355246182
22203.932625471592,25.725153340464843
3959.4941242469845,31.83741398327524
11903.642924027912,17.114253331641656
5003.036073763128,16.766249047417915
10179.8765860212,1.132160989646131
12557.900769241172,24.09174497286721
18824.42606400254,21.61563065615585
12665.28034425041,11.942906218623804
-6905.091544502556,3.927831006064245
1740.8166619585945,26.302762831609364
19050.882891898334,8.320220391373894
15836.105546929079,10.52412367775796
18598.50990819504,23.14825227454956
13350.611389984319,13.272856279921823
3828.8648466980717,13.963866260572992
-7403.550586102658,12.782315118678907
14042.792816502915,21.83368081202904
-5309.489153594743,12.789203739932198
-2537.245904713386,18.117577938721773
17640.39308875751,20.28222278472817
-3962.0801145703917,21.56487561270493
-240.21904828951665,29.32505767081869
9147.40941538987,13.608850492731817
17703.143948985486,5.69363914978576
8689.722069063922,29.22739596194833
17202.451541682884,25.447105542939124
-167.94945336449837,18.757994207245872
8320.971108566395,25.725153340464843
19347.5568158433,21.47494878544683
-12764.672734529871,13.963866260572992
3990.438083432406,31.72492299534889
-8935.442510617439,22.56870007006657
13620.157288404618,12.782315118678907
9407.607863252657,11.642586775623563
6091.457731606195,26.28135983123264
11367.238300933863,16.64323622189432
-7311.152458624175,24.09174497286721
-2.530982824844614,30.420569431073343
-1415.6982927590589,26.28135983123264
-2031.5628750125643,21.61563065615585
-1348.7971865850059,10.425683441718604
-7123.880547048033,14.353464935930552
13873.401667891438,31.83741398327524
-11629.430697271811,16.766249047417915
16624.342546463908,13.963866260572992
-985.4215064253167,16.766249047417915
9345.087982605262,33.36162869752894
-1241.6714887920548,34.4734454458848
15978.253316288065,30.420569431073343
6586.353229298261,30.409884059187547
13705.24276027846,22.56870007006657
-3863.15480373818,13.963866260572992
4830.441001550945,34.4734454458848
-6812.777751586587,21.83368081202904
17132.3561725481,12.336111894138924
15598.093769970756,3.927831006064245
6913.783768208362,19.70368081017321
27.832468740631626,26.58932955325777
-5708.280511278661,9.647452638974611
11430.441229228123,12.782315118678907
7276.043307103791,18.79185971370501
22335.14823354411,16.766249047417915
-6552.171014125153,22.82469145311972
11798.715117523463,17.156511257966585
22329.694720969223,16.766249047417915
-2835.6899123124977,15.599548132494943
-2251.480968096341,13.963866260572992
19271.62106829618,19.70368081017321
19364.187109366107,10.52412367775796
18741.970364516892,9.647452638974611
22124.48193330677,21.81703550251781
15118.103941929432,9.518818038309782
-9135.102328437526,12.782315118678907
-194.94450540067078,14.353464935930552
14873.28205117163,36.10508609312406
11511.467852693784,17.114253331641656
7941.787397719881,27.451018475410937
3620.298518716126,24.09174497286721
13801.83761146276,31.83741398327524
8588.595927011924,25.25684355246182
-1714.9262670890434,16.12384262285483
11081.411683743923,12.571740219945433
11915.526823885353,1.132160989646131
-1775.2317114515038,4.38846568617879
10047.419844275555,13.272856279921823
15949.316025661688,26.302762831609364
-5841.830729825974,25.447105542939124
18402.60221967308,30.409884059187547
14904.880328402898,17.932562693756196
19633.554149610634,4.652936998737928
15364.110775729729,12.789203739932198
15425.026023265205,27.451018475410937
14046.091916513153,37.68124385002402
9390.675037712655,16.64323622189432
11856.346560261252,18.757994207245872
495.8154146169254,16.64323622189432
15795.716766722553,11.642586775623563
-412.4096035007069,12.789203739932198
3428.3491392862848,14.353464935930552
14540.790477649229,30.409884059187547
6919.696667633122,4.885271868806392
-72.15526480650078,30.86665725132705
-2779.8946816587186,38.426488642538814
17073.34911165261,12.336111894138924
7054.690489692754,10.52412367775796
-1376.4095958087023,19.70368081017321
14827.376187604224,19.70368081017321
12027.051310230672,30.409884059187547
16258.824997001755,20.180144970495384
19518.975690406216,31.83741398327524
13904.307541617998,12.789203739932198
20646.358903948945,12.613632740062826
7512.5280015322915,26.302762831609364
12698.34139743065,21.81703550251781
14973.989241930796,18.757994207245872
-9570.61149550162,10.52412367775796
15457.716317733924,36.10508609312406
17304.170716150897,34.4734454458848
1096.6471557810605,25.25684355246182
17403.17736517847,25.59892040830825
21392.911065346507,19.647957347052547
-5910.618983545876,23.218144734904
6138.110804833708,16.143774716964504
19193.930229087473,11.942906218623804
13907.650517899514,4.652936998737928
-4081.8679368850408,19.70368081017321
10537.787779778322,25.59892040830825
12344.895859259363,36.31581069178857
8938.496021512052,21.44874346620925
14841.148870082789,12.613632740062826
-2988.474725645183,25.59892040830825
791.969677228044,22.32621505968753
16787.333763665945,12.782315118678907
2734.062487626481,9.518818038309782
6445.6519822955415,10.52412367775796
-818.4722715489302,10.425683441718604
7448.584705905451,21.83368081202904
