sal_avg_lc2vs0_iate,sect_al
-15864.205970432164,10.07365179352578
-23079.448995073464,16.80156397820652
-29980.72853019381,14.29366380159172
-24688.088857980358,17.60447013640254
-31388.18594660317,16.34262365410707
-20256.994880737388,14.250867743380557
-22349.181533099723,5.584227618370866
-26320.581606197768,10.884169853481596
-20451.587675426446,6.876545722211219
-29148.24776182525,8.022938998903351
-38144.07840543258,14.375711469500713
-34420.334339477435,9.333905091584258
-34014.21011732534,5.108505545983842
-25751.841320138214,13.760349627811008
-19017.88039845295,16.239913412438217
-37529.31505820887,14.081589276478278
-19002.55824331015,11.544087762845813
-35221.07855199044,9.185204750144113
-22080.24682744238,16.317502705010668
-40477.264354066545,17.477112864169058
-32631.565265711703,15.716579181964525
-19029.637836701862,8.994935032749678
-25133.888638097596,5.218827226790301
-35685.88729597315,14.288659287211557
-32132.181345698245,15.692530474215395
-35658.35592889748,7.913015801979398
-32906.85495893863,6.142786405873864
-20027.126965255993,14.147604730552498
-16803.655804456095,16.176601459739913
-37532.458004069325,11.000470633430488
-22628.976207526182,14.05652253986378
-34450.50266845961,8.24275834530662
-23602.634960387208,7.728752120030903
-30033.768250542795,5.019228465525159
-22920.06735976659,11.91035613150846
-31118.17147493957,7.770074417325333
-28262.537217533867,17.951867968058835
-31267.820384304137,5.132740986437116
-27346.60755211533,8.901953679004293
-27840.61733264234,12.325678788631842
-21286.919252975447,14.446609179035548
-35554.09421811896,12.595382164037684
-25175.513159132886,6.06882738323647
-29945.455455607786,13.189723668675953
-39743.946746744026,14.652281510498652
-28561.97126563842,17.368179616295293
-37970.6964729858,14.137774779290114
-20797.493768935372,17.529853879408723
-16587.56025767616,7.863236197357244
-32467.55191772751,11.61972469445422
-16797.45793660828,17.026004518860216
-36442.701887527655,8.363464107554325
-22117.836148699236,10.92354258696166
-31444.208516263105,12.776723628408444
-26732.55288146377,8.236443850825474
-22716.212583011722,5.637380383048353
-40530.33554337651,16.86852506771081
-22488.57718502459,7.825027595307594
-24790.52119555723,11.089981435603669
-30140.401536619498,11.526992970305113
-22918.038176249705,10.466891721204302
-19354.2682377322,17.318579771385657
-36142.39037368832,17.019447742226482
-20393.140922095776,8.62573509918215
-22293.437439738034,15.77053968373836
-31295.0825715786,13.24387872366722
-20101.573967742443,10.315705396356236
-19162.339039629573,17.6982329127732
-19787.295356166607,13.091803613294514
-22906.17410716586,10.106893051838778
-21052.5191761783,15.476978700966145
-38808.083536728314,10.167569709079974
-29810.166558622735,15.355172624534047
-22473.918470213834,10.642562818606049
-33507.677736841695,7.506132412402403
-31829.88030844733,13.371527587668366
-25237.679579268897,5.288124522852412
-23104.06811251522,9.968173814820616
-22081.196016998805,15.312285008133465
-37979.59917015616,6.261874670776804
-34995.76349042947,16.211045561266953
-35589.45086212165,8.84718404554691
-20697.770723661884,16.24149366023247
-32505.44856494393,17.449297299740845
-21932.254878575313,15.616029127852032
-23593.643836757004,10.021375184528209
-16964.106502578437,15.162354302500775
-40543.48017265117,8.811025597714025
-19312.65024649369,6.865292874080373
-27796.377875473594,15.780847019648997
-27500.613598387805,6.907809363309408
-24554.776336625437,9.85794274588126
-32520.850206108233,12.984455320652028
-16824.341648461697,13.12957809832156
-32587.980088671226,10.68108127247229
-33517.881293729515,9.256130945881676
-26051.360891609704,15.26838073125554
-23858.333984706318,14.380460965173572
-18213.954066905673,17.834272153715688
-25018.620571827203,13.274359049494487
-31973.254868333144,14.343044403525958
-35597.448588357314,10.11396574670279
-30801.49160006788,14.806371994198072
-18517.99639929902,17.21851297954508
-19336.999958295182,17.748795909726056
-35771.97619704387,12.947610076035316
-28047.425979226995,10.967254372458076
-26816.526757330066,11.332843106445836
-23052.686903935544,16.736537792248306
-41541.860191256535,5.6584357211377405
-21184.673942052552,17.350311941734546
-31321.409019219547,11.065702270602252
-21758.202718630913,16.363589823842794
-28290.439951831286,14.09629550130206
-31379.829617112973,8.445805723103849
-17740.478161094485,5.489593115303767
-25219.908194808293,17.032084035406463
-22698.61776282266,13.17494122317058
-23497.426577564478,9.877397355686192
-36416.25610045083,16.06961579133698
-28089.38536012769,15.662722613265828
-32292.973612899194,10.773556756960811
-39394.277618404754,6.06622465788692
-27800.134995212567,11.502621173759897
-24117.97214953949,6.763750290345465
-24164.365092577507,13.716173697500553
-41387.434144411345,7.696237899765242
-22229.331040858433,16.945306310445183
-30129.403818756473,7.555962881208051
-23602.031188310528,16.344912550145345
-19842.367498940555,7.741622192503377
-29278.500201664618,10.73691061703012
-32732.504505267436,5.010114345938318
-19273.658504711166,16.152000350189763
-18726.105606477235,5.788602360127483
-27787.11607748128,11.942732374323782
-31757.031939499524,14.218865333470236
-36728.32676921324,17.915057173864337
-44654.11089912647,16.36756479650461
-18697.986172396817,11.831672404627476
-31167.30464712841,6.474082177705779
-19442.441566890473,12.561778864303674
-39858.75207249119,14.251321201074845
-25402.61090019598,5.373978429080278
-29231.153979537186,17.510695096853375
-28908.49115848022,6.396622806480626
-40519.35153550848,7.048540871341307
-19653.81535104702,12.026985779360006
-25598.36630608639,9.421703060613224
-18027.883660542495,9.100467536030864
-37025.31401092086,14.897278045222125
-18331.479572558477,11.194045291398933
-19665.17203717016,14.525992674310316
-42559.25047957989,15.813934721866616
-17812.705321016252,17.07670316746558
-24253.10511009582,13.471244280705209
-24088.1410603907,8.060664661910206
-29746.65807414698,5.339359847951713
-20911.549837833976,16.841691529791873
-21205.737461221564,14.022783303546651
-38413.41338272876,7.578670215628225
-30563.87614973414,9.896728602787976
-17554.950926924597,7.145547408151055
-34304.46579176466,8.961442378326982
-23598.646877815092,16.697692934326405
-37357.060984493444,8.091688267970401
-23786.07286480303,10.633584226175191
-37441.53275477267,17.54340829103388
-29253.647334505702,15.617852219472656
-25974.539422173435,15.414910377114582
-32316.80527833054,13.699424181237502
-21683.76475825447,6.555858440371539
-37214.43664300066,9.422671453174614
-34602.88070396159,13.28679301270122
-23168.017431625474,16.42250076398973
-21328.45391613416,12.541848691127246
-25073.881615903287,17.594870846304246
-30601.33798280394,12.546081237284463
-22358.930546578853,7.718565989157494
-34188.16782354881,5.637687874261407
-17291.56522185392,9.157069695401733
-25834.296744942858,5.161251837639126
-24794.078522268366,7.956321531961459
-18195.18159293482,9.47284411534682
-17328.869973385143,17.878563849234297
-36748.74001598495,6.976062395348452
-28816.127718355285,9.039685806310224
-19039.280325354077,15.223307679321367
-36592.66537880285,5.180108742361491
-37130.54561675689,14.630166105707383
-35748.54504375991,12.36030108665084
-32501.54779703864,17.927202814208496
-31887.030123000695,10.98033438811801
-25226.93569279217,13.403296571682032
-23638.719747154588,14.85152761769627
-38832.42820858671,5.451634883020842
-22084.45835536208,6.149940560275384
-21570.77928100913,13.067007641785136
-31469.93285184954,9.358508651784092
-16926.357318548322,9.160169538803888
-23083.903104272493,13.834422612962
-37431.29219190116,15.372730716760142
-24142.751975698626,12.218630172098443
-16690.67322528664,10.94220904422565
-21969.360259825906,8.226530589068279
-28995.06476366699,17.468622792977598
-23057.162443222212,13.846735189913836
-26329.648204505524,16.997530518117248
-25869.66374554422,11.637797775880315
-22542.011865353765,14.870038527696096
-30503.054467971695,14.830628096652887
-26203.10556731477,8.723376246242276
-40877.115106566765,17.429135364471435
-27355.037119983746,17.966675674966297
-32674.862377746034,14.533397948133183
-33217.924809872566,15.296933153471276
-34690.533563177974,9.500238610101864
-31756.193663896724,8.200087658623433
-34319.58507517743,8.170719399495722
-34699.65862414087,13.686576198423651
-17477.277699699895,11.256496789010075
-31696.072052589032,9.57240719705134
-21364.05490277099,7.551785045641114
-21955.069615738226,10.776449519143087
-27557.185066960483,17.79060618353654
-28729.399092337353,16.151044723936185
-19361.135644009864,15.654436966234377
-32020.018217384135,10.390721058890044
-23840.055069581882,14.152519639609974
-20989.6723995314,8.205249305206635
-24357.04434394459,11.42590297068265
-26315.156063357783,8.687094016639175
-32904.38262366894,8.451453551115325
-28327.448307467395,13.97529368677419
-16741.062737124732,10.543974000371898
-34913.4243953576,14.991314484472229
-31324.465814273106,7.172292348755044
-24643.352065466468,5.185394298153119
-34167.82833060961,12.827225013105105
-26266.789805814442,12.629912878769147
-40553.43342052563,15.113640926373826
-39023.01614091757,13.359994447333298
-36567.2246080028,11.054424113593807
-23045.762129317056,14.55555391815915
-27610.435096710058,8.47744034074803
-25269.50389083322,6.836043756196453
-33901.52563773919,6.772651648050604
-35525.0903915421,8.816122593101671
-19869.85913209709,15.293808094184095
-43880.42596083478,13.30314510960437
-17493.643472272037,5.763542604401958
-26581.108679632496,16.80724845645929
-22466.61351013029,8.281118372446537
-35441.21780563553,13.311851843894017
-32655.39258897854,15.435445527016096
-37242.50323138517,5.588268133387113
-38585.44062505931,7.9058309963719
-19131.326591545007,17.562725291422108
-43380.470754980095,15.036158750857265
-32880.425182940824,14.588157699064825
-40802.24674226691,7.698282682482858
-38771.48167544647,14.325833437319966
-34235.088681362235,5.3475868212048825
-30164.551624088344,5.020126879723268
-37257.14820319899,7.472512069943583
-34096.64847562288,9.46852716186545
-28572.0951926436,9.307648379122936
-20031.70422948277,10.299295303597988
-17498.706842812084,8.255102871000311
-28519.303670002693,12.729262797918818
-40461.72755278963,7.946262159511638
-22179.27617083556,13.037616088987493
-24200.790358936098,9.240625105168888
-33315.88489321414,15.745123453057776
-20152.968965099077,17.373906404588496
-23593.033576900758,8.89643972015821
-28760.50077887935,11.73191880873608
-19935.489083635875,13.39304106703513
-33934.29700068016,8.716025603569289
-23567.84862945768,9.838570453480736
-23697.814544547284,14.642483193440848
-24488.30029777404,10.1372055509543
-20015.435117656012,8.588524143492592
-23286.965548322052,10.375420853736674
-32805.474930274606,13.054038444734532
-31607.855194685333,7.326969524419636
-34124.521260430665,5.902002071191648
-23723.761760995167,14.504591035567383
-23422.412450932483,16.56387543737347
-25040.277629889293,12.608750223399904
-33284.63070269166,8.291574946516953
-20922.173926357038,11.733188628204193
-37974.994194530955,5.969837126146828
-22996.786836439438,15.234334539705838
-25194.30986287372,13.009315238846746
-26495.60847154568,15.771986986528914
-18967.243459742313,8.53800087921903
-32906.52791241365,10.251356970912902
-15595.923276975818,13.461301843135027
-26006.70894938846,15.492415940327826
-19949.88646185769,12.238240620998248
-24149.701223659205,16.548862310988895
-28827.05722709356,9.880223049518737
-37558.16132703054,13.790852536896132
-23615.794395418707,13.137943452290283
-22903.99275995343,13.592070259338731
-23971.32061310987,13.544290489902377
-34951.024234676224,14.955787905470103
-24856.34655788912,5.37755488515449
-30712.495340904294,10.085078468696796
-22083.471784304886,9.22416504574569
-16280.555911134583,16.763853776314466
-38690.193023618616,16.41352546341996
-24820.849393910165,5.780240251413903
-22265.50085643446,17.67048729535145
-39643.53726013872,6.158626247607738
-32386.712739364204,8.705983213943258
-18149.42113489645,14.534189724135228
-34614.62013870834,12.085963253993553
-22935.569703250032,10.549265479377608
-31917.765575666464,9.440513192368789
-17131.56329754962,5.572498635713767
-36592.81123959896,14.487466396793948
-17667.167356143807,14.15806066200794
-27048.647871332203,17.425325068240134
-28336.851488953493,17.233272245330504
-24592.20760826658,5.954327678603788
-19188.704671069718,7.287844295385756
-25142.454828780526,16.15776726208829
-21452.20174168603,7.012754157311551
-15914.020896727834,8.40373759614863
-27092.736382428513,13.904343125777334
-36393.784425947335,11.627310645290365
-34847.00440868997,14.422633320055278
-26545.55701991854,13.291141998380484
-23739.77530190979,17.716579191970265
-22342.753090209582,9.389013799515729
-21275.32834713556,8.699029568014282
-17776.011586303943,16.809950741729974
-32699.23994713073,9.237192746214106
-25787.331841825657,15.574496737817553
-21089.134052159174,10.883252322617029
-36801.13288991453,15.560954980255204
-35213.37167934694,15.402359108837764
-33118.468244608724,8.981068873749724
-29700.44781894699,8.299738964264687
-26215.04794754248,12.17963375758768
-31888.81380557554,7.95366628888021
-25475.70976819115,12.699868364747129
-24141.145470035866,12.340464927413034
-35775.20049015316,8.734655582495309
-18902.993821136508,9.80569046193569
-16498.13648158953,6.72718584487496
-31760.081319548142,13.917608405186302
-24126.41647285673,10.875405396848835
-25498.990501211236,14.34066095218054
-21843.888044807143,15.533336509531487
-27028.79672183872,13.943632387612316
-19560.943119344756,7.896930253022614
-25950.31117585249,8.442215937754664
-24903.76837979076,10.375731282542231
-40442.09411025612,9.07894608077523
-31096.71863844701,7.866379443453667
-33587.2382435644,17.302752829186026
-18177.856802325783,16.07872247791775
-23490.068973538324,13.739328074068322
-26609.487556364526,11.406318710688868
-35306.99695054395,16.72042946678758
-38560.36890862882,9.971823648145332
-25321.207258201546,9.756176049395505
-23043.524286845037,16.035542316971345
-18908.34259162932,10.808743680928805
-35490.4424064608,14.57700167623021
-37977.53488233023,5.5722196918310685
-24447.743496203802,6.892677825259986
-23505.049209230132,11.868232010564686
-28725.56654503194,16.8847073068477
-36703.234259337114,5.559087892522264
-36384.350482469665,6.062642865672176
-25417.081983871296,17.109967601331633
-18544.258397917434,12.682868409997138
-24935.78975201024,15.425812393780742
-19358.18219457545,11.225873200720788
-16426.510832776697,14.269154368915803
-25996.72833180337,8.654778568618694
-36927.85309459378,5.546961584946806
-30611.639949824807,9.744111229762224
-25568.94558702049,16.001480271371605
-34975.042144173014,13.174516715136985
-18758.109270040353,15.337078933327764
-43304.848165847674,12.93440419425266
-36733.58645941966,13.88861600136161
-39748.17998963261,16.841072303580194
-30517.587392638077,13.291938589666191
-26544.745542719662,8.634032370782094
-18989.965225829106,8.313094325587183
-24818.528811764223,6.287221777644307
-22585.015880196923,12.224543799254192
-31550.863171574838,12.151553791330691
-17951.441319244936,10.959323918750492
-34144.85211126547,10.980612094743496
-27017.131212758766,15.35825956414508
-17043.06104528744,5.770663217626692
-34028.11580707253,8.033305245174184
-29824.88655264509,15.69212201863044
-21235.875460348274,15.5371936669632
-22176.502183178305,6.827248481318405
-15904.44685903991,8.68963746267466
-22958.127842095495,5.0368984335106335
-18733.46404638364,6.371566491774527
-32207.338668108023,10.328047612601788
-36009.74527077329,6.032015407734901
-31639.333201395566,17.77471549033204
-25169.201853262282,15.391269129923254
-17778.667904258196,16.905615069935166
-25022.19849397331,7.391380853705748
-32416.170940516015,6.975694954788718
-29447.473777423453,13.489119305936926
-23264.264798890188,9.086586160272253
-35071.65277572242,16.706510992725814
-26695.41692793921,9.934486999217125
-38356.62936951933,9.535081496453962
-25771.744349390792,15.686002596524744
-18148.49067014993,10.87246454322226
-22333.40851996323,15.47557120535532
-23878.402465292398,17.531969251246807
-36709.10323187383,5.373797200154178
-19294.667248390626,11.25073284971856
-18540.288144167203,7.2980559574928
-27078.28149381694,14.878142143560424
-24037.370747841,14.158862652540584
-30892.279915720494,12.852539733726438
-20574.30290901512,8.396578331880935
-25201.827761626504,16.705668349211486
-27192.524957671867,7.069350257090334
-23949.49444181974,14.690080119524856
-35599.96907882358,6.608434053992925
-31764.019001848894,6.855597566066991
-29621.59405036147,15.184801256251452
-23284.37576883393,10.413747497879864
-31843.55922078922,6.920209452728823
-30769.20216643487,12.610991840314613
-32399.530318657944,16.67317054560172
-18372.518807606146,8.744529412745432
-33599.303275693834,13.72528754790815
-21705.979241546498,9.63881193690139
-34867.05946818067,17.849546299344496
-30283.455860642203,7.286075697808693
-43261.47993795763,13.245217156881502
-27860.107649001126,9.18384436078562
-25197.338633762043,15.250860410866752
-22823.397315127004,12.546436673742924
-17606.142662566857,11.40530673477619
-22109.89856912088,9.544043254691776
-17764.925590821793,5.321025633789172
-20662.413122158636,10.77860942885398
-23438.19845436619,8.517895951465828
-22656.497988404994,15.678933189757853
-38704.82620848698,13.175303129911905
-25440.85755852498,9.73230456123871
-21118.264241824643,17.060271966584082
-29144.521505761128,14.86773504758512
-18262.089882403656,16.40113648906578
-35929.8624384044,10.07611896040177
-30066.967270666275,12.036782965718618
-23401.004957723293,10.123295872100677
-18497.271669617312,11.920100579936571
-28273.46220771922,17.533323861317076
-18162.63671732119,6.827216205794011
-40117.49429852633,15.51996766340448
-18328.48944784974,16.223938413491904
-32820.65764115315,12.415488458137494
-16398.4873519588,14.519914119661168
-30742.770082801864,11.242382619461194
-25389.622770196664,5.474133693781111
-25223.66496864149,9.358680476501975
-31947.951263903073,10.560979877665767
-33669.34742476269,5.977725308634364
-34779.40833901757,5.359060283422485
-36526.891716926286,8.06644066567329
-23569.855811048485,9.080248432949128
-32123.124701590936,13.23657411192729
-18103.84014331036,17.347660953422462
-23648.603685584785,11.088225798667246
-24458.11718485281,9.356078470817884
-33883.288565926196,14.169851246537128
-25956.28198016403,16.45252283272726
-37302.68016504716,11.654063807483046
-36028.47024729698,7.971018424436748
-24752.94284550479,8.658031353212948
-31033.34019263919,8.597456890909095
-29808.2541328202,9.740536617298112
-28716.04380670385,16.23666673121955
-24326.23160844118,6.758813491298291
-21559.821383999988,11.741702361239843
-19811.120732761374,16.043213254678953
-21842.824536444463,13.150199373489745
-30265.279178650213,13.606013829620949
-17453.43170576711,13.387421497667535
-34297.64668766115,11.303877385532912
-31646.851013432133,13.901988217035662
-18047.825642867745,11.551539762057017
-33928.35126815824,9.694102363881056
-32050.04782682535,7.209382171595147
-16881.198409055814,11.455141945496996
-25564.539933169635,10.499664004385096
-32103.57112873507,7.566279625035575
-19771.105017235852,14.454005563262529
-31023.949571477606,6.566447529301675
-36319.775518985305,15.73120516583464
-26091.057142215384,6.387723372833878
-21297.597166191747,14.105607240881508
-15210.303348372345,12.1905350199568
-18887.030462180814,17.195597802217513
-24453.81325365517,6.162532722890964
-35355.364274906846,10.941488781372495
-35893.16871320657,8.81044227184977
-18448.461092547295,13.29311768060126
-39920.83146312573,7.618229698855062
-31762.64901740518,10.91456156241197
-40237.4271593794,15.930619411830133
-28791.991657652357,6.544105561021741
-19867.887504621536,14.590898183800956
-16235.121550184478,16.370146199115624
-26600.58521905744,17.64251846071062
-27953.3255848946,7.025760953900288
-28412.754062925498,16.57205523305335
-28764.495358170854,12.689487406334546
-21927.516707522012,6.743426839726102
-41801.46670909636,8.03105879180476
-23210.396232604202,9.904355665053805
-40637.80080053439,10.451243794972122
-16582.711751716804,9.68369952401021
-36630.63956780231,5.834718881574377
-33737.72842194168,16.213043053601858
-22670.476754652384,9.237477686696
-21938.560832725587,13.834926788213314
-37491.35176389892,13.368708204212982
-29097.833312872783,7.358232460053081
-27860.9175104542,6.045881572794934
-21741.354289219074,12.433335645177689
-29283.351689942003,10.57297868396087
-22706.62403303678,11.486355982412109
-37572.44457116661,9.47220073402158
-17337.88764496691,12.36898308338072
-35856.55973708677,9.468360079728484
-18824.357001006076,9.97661278123386
-23339.852071908565,6.023080050734752
-27171.45307069756,12.0223987141501
-19718.277027234475,15.31137658383793
-38525.3838910746,14.727598656218715
-26838.314168458914,12.975391730671776
-38025.29118321724,7.687066514995102
-30138.618929891796,17.272184884996122
-28107.04264644006,16.341915678471743
-22129.658228851356,13.032676844125572
-40687.0519198197,11.245955132455212
-34448.39482182628,10.235551001260829
-36228.346960952156,11.690583689830175
-18738.77369296232,13.124447782047572
-33920.21633211932,15.71435347010464
-36355.85285330191,7.032003815922517
-42139.588575692316,9.957691065603615
-36634.44939577872,15.92920972035949
-19178.5161998645,14.548879350439828
-20835.16500383384,8.268852416888887
-25276.482413051563,6.787381606590779
-28074.689011683524,6.835913943033499
-22184.654015766977,15.677463338735862
-23892.661422286248,16.7387840730049
-16380.013183115816,8.303993275947224
-25547.992544528744,16.137746497918407
-27252.48411252591,8.719510222834366
-37889.389535188326,13.841231062347346
-35716.79744647028,11.613875671071575
-35114.583168742334,16.387233489266766
-23280.69839989029,17.507346888681667
-21167.663750695538,12.570737398209056
-31302.6295527529,10.488013084430374
-32379.960438166294,5.743657055061414
-28277.031637831664,8.676287525187455
-42595.24857305233,11.376550037692375
-41795.25858835491,5.9413148226642924
-19686.442055584786,16.105765244919525
-20667.644634644777,16.174074193415507
-36758.620643141636,17.571246601586804
-23367.753371505023,11.45644136149349
-24303.407789295263,13.362357583719412
-30060.407216552252,14.34942116550416
-18033.406224420367,13.01798733444615
-24372.58120340625,11.454557403011885
-27716.065619779594,9.923583026149604
-36681.55689817557,6.712279111143752
-17947.691747996905,7.3664003663677295
-25189.012253804634,13.919511589630744
-27441.955733462823,10.705841375596629
-17987.84599819153,8.021384325592695
-24575.44916571594,11.633519255295916
-23168.856228127763,13.356747632703762
-27426.545981379415,10.501624528689051
-42729.10941167855,8.775807445477799
-20834.7977463752,10.253370659353514
-29629.381814699584,5.300515950243935
-35828.95791833682,10.603787824745789
-23164.77912840045,17.110141182646665
-19607.980259171647,5.015957895706873
-37268.40171723941,17.678995553406423
-18945.176872014457,5.658339365516173
-23822.06188242852,15.028488903792212
-22864.949915124038,16.53004452853117
-22351.140707802835,16.669354523110474
-39382.720539419744,12.995645977473448
-29647.253913779474,16.494717510357958
-39694.57353046854,16.360575482046038
-32639.44135666156,8.007145657952242
-29518.55554672575,14.202130778416926
-34114.85840298449,17.081169878328033
-27114.675540774573,13.867214253287816
-18762.12308172781,11.799410172681242
-35686.59930634359,16.832187944267723
-38244.75642100142,7.960524184024184
-27312.962237130097,11.56164139596071
-19437.455144827858,7.466078886450246
-19952.648654967496,8.18432182098157
-25460.697350802147,7.229738761701725
-36335.383883937044,12.9507689085365
-41064.180554860126,15.544932677222544
-17662.069466417917,15.091721339432608
-25107.728887324403,7.289580474304889
-27421.785716022143,12.327459779668558
-30528.681694376588,7.352744439751817
-25373.791292887166,14.802179569397923
-17134.798291728086,11.760501153106931
-34517.03950860063,12.453995387932132
-20723.23943486749,11.934951664837165
-25089.329178263255,9.3053322023945
-41308.994557842394,8.471016941475234
-24781.3625360149,14.6417528797075
-30333.001611000866,15.406933035566723
-32317.966988884367,8.35401215772443
-34090.83812517509,5.17966587338408
-22582.823878146257,12.544940490279302
-24908.361315245656,16.877047038768033
-22789.422365551196,13.529883495170925
-37160.65731205658,7.02969835606716
-28228.080722564308,9.37143198453298
-28636.07800674237,6.57335896194304
-28510.870999833685,11.720325873724564
-35612.60998644424,12.90442544391808
-29328.702123380597,6.7720305622957
-26374.500523810013,14.188296513239914
-36396.346831081864,9.8630111886536
-24622.34288408547,17.77648442887443
-36170.721493862395,17.296086130461788
-34827.39192052431,6.45933898121177
-35634.668522159634,10.795951512306711
-33462.92826981176,14.76887814008627
-39887.26318231351,14.429674504452368
-19381.604100957626,15.4311091759341
-30664.34978482691,6.779098849896503
-22698.47993431998,13.355336899256525
-25856.528196895946,15.544364245274473
-17538.840411361278,12.405683207091943
-27127.641768237278,14.494050911194936
-19701.243675240734,15.501541002374772
-21335.11962877374,10.180653402135537
-26252.3669442018,15.139468922172403
-32789.30213101094,15.830585391803677
-23184.918887403823,14.18294707467719
-26541.68701195845,15.914400640238773
-23800.548744121505,6.917361873443037
-19840.55615350826,13.852181431982824
-30347.57040497702,17.51440448640424
-20548.290301788868,12.371826754542893
-18189.192874363784,14.230113767672478
-17729.715417249918,5.218183815901218
-30268.365178554333,9.531809928010684
-20224.083197205815,9.853147081682028
-31822.7704198266,7.512341869966205
-28915.087857612325,6.579077668523539
-37658.84680168717,15.262456392486191
-30634.997536729952,12.661749092232512
-24379.265367022475,8.127240866272196
-26908.043939870957,10.558133866021532
-23382.901504242614,16.199331548234166
-29685.636727359233,7.577976206095704
-20628.292738122786,12.261411718461597
-16995.787002243298,16.34013689405861
-31887.67808899811,6.669118324037648
-39534.52156999067,8.87163715921079
-18065.81997733895,13.892013854162052
-37074.067851128835,8.375244019291094
-33119.33768817183,12.949107698545848
-16999.3624132243,6.106414724955641
-18271.672274050732,8.788527028192426
-29454.605780162266,5.1771964068381
-28344.72225964162,13.836992757067154
-31519.608106509302,8.744995597644818
-20572.50246331128,11.12662018622004
-40142.10340456237,13.986960942343366
-24151.22495262112,16.507818433427893
-37298.27214202427,9.993436804828736
-29622.767737689937,13.623665135805776
-23222.29236822101,9.45947193666928
-25518.186735651325,13.37095737387168
-32719.375219049234,12.10553637844859
-18916.09385552632,6.679032332562537
-19818.17875862393,6.396115150708502
-29834.721436869208,12.884456801456375
-32635.889001693242,15.5188507414792
-35878.62109782304,6.716454968099803
-18843.056712616628,13.753169594280273
-21203.007390661136,15.38157239971138
-39155.70630237989,9.848311067665495
-25817.278782438552,13.173322304314675
-30854.371974286456,6.046645208497733
-21710.629509675426,13.882120917977174
-33962.883403681815,7.843258751471241
-22797.54417734879,14.77339293531134
-28374.90544467837,12.336945945854684
-28199.2164794758,7.59630493136321
-18091.320620001174,10.516208776590544
-23926.819826806874,9.655813544584646
-31594.67591555884,5.806243199829599
-19598.570464477438,13.913048552408297
-31081.91475062297,17.970273342060466
-23007.43775983577,15.499147126478734
-36209.25396059962,9.76803155584716
-22260.152095427955,9.766206082166176
-20201.073469942152,8.14029735300502
-39526.38428312626,8.994489182407815
-32358.86990053701,12.13996296517877
-24038.98035556071,13.340797001207724
-30224.43996453983,6.438356923508625
-24636.930955693737,13.249850445302716
-27597.906014126544,10.976913875720443
-44546.564057694704,12.329276600430047
-23060.12090218522,15.784412113173708
-36908.0440136065,10.683190413114485
-24959.385748148452,11.38222122405256
-36064.01239576409,6.196308144535859
-26021.924159024817,8.026132242387485
-18747.445053431904,6.438376248078197
-24285.7783818664,11.814869371591271
-35843.263733854394,6.2302862615314405
-22952.88532917671,11.159787747731052
-20719.602741329898,15.097011080402694
-41892.487956355006,7.895930921172721
-20018.521849845773,16.62408882388586
-25445.94222812366,16.419108131689395
-27640.32967536078,17.90423412203664
-20989.85535214794,13.081203004952195
-16315.678667928225,10.665482361325706
-31762.76172013089,13.73000818101764
-24821.933252672385,16.979699917539477
-21719.43408510835,14.353858338331856
-34611.91546403951,14.485925863582214
-34623.702984404255,9.299227566435274
-37039.01513384678,12.881787844734578
-40750.28870631155,7.803996693602082
-30116.418819170503,11.974763042201367
-25407.917067153678,10.802300423654268
-35206.47946258455,11.651959026114596
-18537.99140697308,11.398013504103917
-26231.93749268056,8.346779794733802
-18959.043698140824,5.626397588694438
-31115.808109150654,12.044969256152871
-36461.37183796498,16.91551767447946
-39771.01989367428,17.6682473766589
-31580.126265441806,12.271125293893022
-28863.16712920177,17.539296989603613
-25042.842825131615,14.85958769006371
-22131.0336165852,14.2000722610239
-23497.527289056205,17.75884516920725
-22027.24555414774,5.814559480802337
-29147.630561838778,13.615505933296696
-19949.83833324766,6.394072428083456
-21487.30484748011,11.833393611209488
-16691.2944257448,10.457449936509033
-26850.403565812827,8.971051682777519
-38741.5126856966,15.653861768135007
-36117.303444155856,6.575174989558211
-31176.36792333746,17.166910116720242
-36495.710693562156,8.20799614128834
-17270.385384370966,10.935935421224643
-16446.878968539124,5.184028617644549
-32467.637272159423,17.862641372196933
-19296.975031525297,15.725171961545858
-32179.105912789953,14.159150909560545
-32573.14434071765,11.87480080275598
-33651.07359599694,15.250020214797544
-23123.13584572587,11.818237003910127
-25662.914357493875,9.129835102406718
-39872.12766689854,6.5072382239432685
-25056.5034852958,8.861649764203104
-36556.70452304551,6.679558915361788
-18109.347443698432,5.020318510149679
-25725.048802350648,7.524233301314117
-18666.9001981828,14.411406566197453
-21309.26569856132,14.810022232614877
-29157.773960583596,6.120454709469271
-35973.58653782534,11.496752010317184
-19636.92914000929,11.606339387162128
-23316.953401587256,15.635144760457653
-36479.14555216016,13.000149406181958
-33280.41386973278,7.242847869268699
-30969.441239797292,11.42682444408962
-42178.507553551244,10.12249103873948
-20728.1328246743,8.458475267910194
-30821.56174820439,10.909850135507122
-29518.539055986992,16.045750010763037
-31049.62343896227,14.818604134451473
-31039.793859730293,5.096500801531455
-25255.21961239279,12.678460878957129
-17578.7766506773,15.084013904994606
-27234.34561479508,16.39430468127606
-31801.635324798077,9.335016414647075
-40746.77130470479,6.208697271525194
-30013.497198654284,6.030894512343132
-19993.740878567056,14.384812948379745
-21206.161743182172,15.488742321419444
-23479.47090166181,17.69783516271193
-23378.50484591045,17.537257308915734
-15672.53981812955,8.406403806627042
-33463.313213636226,11.494351270585105
-37604.759686124424,9.73603393354214
-18125.514667946933,8.648583763851649
-20920.882924351776,14.949229078083984
-28091.55172272107,5.463800793611474
-37447.28578727484,17.036490045365838
-18508.028734503274,16.557246686607428
-19901.646655324686,15.06859332595026
-30939.078436926116,7.896014334600603
-25823.836234141494,5.441332886477981
-17066.893462843123,12.748778383784186
-35736.96788992213,7.721761079520166
-22455.77501587882,16.774369445298056
-19446.32114789565,9.804738338876133
-23131.630936543766,6.254964205358053
-36632.23226333656,5.587528335713728
-26910.790674808457,13.72752788235558
-28015.235852449558,16.769953495447332
-19173.89041619772,5.06541833998712
-31612.626149488642,7.353853043501361
-24259.393518203517,16.018530203923284
-36955.89341298513,14.161288691260726
-17992.874192827967,16.412483251518488
-41474.99695107936,15.04156447984112
-33277.62575713793,8.222652666879691
-17393.639617220415,14.335335069767645
-39744.67890884891,14.951040332256472
-20945.328247111633,16.98067287490101
-25939.605314914617,6.495120796514636
-34617.1408662564,9.884983830819998
-23173.453721307837,9.711233618305704
-29004.484172974688,13.2489623201782
-19146.631361798693,5.956172775189686
-39852.03978956337,11.760278291819509
-27722.33882791733,12.808099221541534
-26252.752813633717,10.985452443290818
-20327.53207864884,14.780014676844871
-28193.13760412635,7.482824780467962
-32039.88204961417,14.141663162961542
-35817.77199791495,5.708292504836445
-29258.1416111793,12.678717545893228
-27877.601720874143,7.676076792994038
-32447.947804281583,6.237018977293706
-32478.925865666177,11.943865953688142
-36756.947420827186,10.463505872086568
-20662.032736923244,14.440137734381906
-35823.494904963125,5.526354587932059
-19193.22209126515,7.879446356800224
-26736.006743816753,15.19800217109501
-25848.847065579135,11.084235276117717
-27461.032030763876,8.612132319799766
-33511.24704765742,17.77506292510431
-41617.243850677514,8.809346317611396
-34579.91005404314,16.7743697620676
-23341.689240411753,17.11214059703146
-36411.238445192976,14.444147815318164
-26751.934847700224,10.732593087148524
-38682.97999119366,6.131773664519559
-43420.03644446274,14.468801213769371
-22108.148012114973,14.053184760348044
-29712.214048760383,14.788654079277713
-26921.774013477807,12.49770540035022
-18915.134932917623,16.10672453664523
-25860.61313134829,5.703516328206369
-17342.916733871618,16.433018133161998
-31627.7567942195,9.680942337729936
-26811.942885215853,9.45525764053626
-29709.79811313864,8.988084872201544
-40350.86192901482,16.874124903191742
-29242.423812056993,7.102965369181337
-31987.24564156725,7.802832455899919
-22924.820934652857,5.473278603996578
-38167.72606057441,11.880634680392689
-23225.630389915314,6.691355173307981
-28496.18587597757,17.905579593686852
-36846.16688703694,13.383656202718504
-35434.44867631809,6.350466641483447
-35462.355982352645,12.720816382127872
-31049.16963366978,15.32242360552838
-26074.360844739356,12.74771838201598
-38734.228330425554,15.32456807699845
-24652.070379876757,10.241552886291004
-37859.53274022051,6.064772934426721
-33187.94129769641,6.006438557344468
-17784.099968118182,9.188921938778938
-39879.832826649,15.93747825938539
-33946.6314149397,5.348432576908514
-19361.092126482687,13.038935854704828
-29986.291576514363,9.182015721820235
-18956.111327579198,10.562570252737723
-25487.01463456021,7.5799698015587005
-28475.564575170854,9.936971670505637
-16256.002825699476,13.319475853250912
-23440.09054587091,17.87995225034977
-30206.357603297554,17.907000742704533
-40681.74783747912,7.188443088191301
-37134.453611075376,15.779622556823549
-22612.813560652277,11.116307554523967
-39312.0873888207,16.88351991044489
-32910.44494747124,5.439695553361948
-20183.96711769981,16.71635939381865
-23096.343077805624,15.96179404263943
-33526.361669646925,8.694673748514333
-32054.778407254104,6.754440240327115
-31841.53610469676,6.33550698571357
-16663.215138537686,5.419951886723065
-28192.818741638734,17.62734289454835
-28442.294082612938,16.046604995293915
-38667.33545832512,11.21409952437863
-32161.356599517145,14.065617014305335
-21558.61790088036,16.12903507374174
-31443.64421152228,7.91106791365647
-41376.88738529604,12.595685068980757
-33223.91228630688,5.360051209295827
-25146.79621605944,5.405699408862538
-38799.46050518623,11.66708262390774
-21990.18714089757,8.90280290287487
-31514.973451552636,12.503331868463125
-31018.67901046312,6.057385544296639
-31911.576387323643,12.582567414710123
-28733.488004476454,6.040850610501187
-24778.792300894434,10.025334106577937
-33999.66998903391,8.13609925956997
-23944.118490462104,15.421686921699472
-20411.11806307797,10.040522256664865
-34565.71075612836,15.55726676396263
-21141.661696228028,14.687202386483763
-26466.62469471379,14.485809509896376
-23059.741706105917,14.196529899092344
-19128.887740877777,7.860368276028686
-19495.602217804724,8.637763828907023
-28231.078383927845,16.440806154851998
-36138.350882448365,12.94307643159054
-24520.48815238117,6.188992140612411
-32832.68659300995,7.224959859689807
-22828.974186417494,17.178074681879338
-28510.47283597391,12.052754848309323
-39239.33240833558,13.46053886647994
-18102.181111481485,14.644007965955556
-25826.145471586064,6.520369979300652
-26962.21230325788,6.874912092126767
-26719.601918298096,12.426651771955598
-29279.901334401882,15.824989180710324
-18004.278448777994,13.567626833875927
-31527.43231709935,9.693962280334295
-26456.754040660286,5.509376272918733
-26481.512012490297,10.337900970517168
-37059.4356633599,9.726351013098784
-25817.80557923759,5.404095295931644
-31194.8632902796,17.14756114710865
-25546.977464969466,7.67803844841626
-17920.313956019734,14.99616184249668
-24155.269909910465,14.227225782960282
-32889.02325697219,14.58190009560671
-27175.413426901796,8.735585287636308
-25806.33890565714,7.868104963419729
-32283.42176976217,7.803561489440104
-22779.7909912571,14.368857269826831
-17531.146011403518,9.796787127590363
-32532.565138985636,17.547871586922
-31784.273949243085,17.490814163671942
-23993.747102595495,11.894913146673945
-20845.465049506245,9.766879853747998
-18729.628440251858,7.518503781697076
-16764.575412920374,8.918370995139497
-26989.849551715026,13.9439853466677
-34266.110086839835,5.835962992450681
-34656.40089266417,17.12096074406523
-25639.136142778785,16.061241392450462
-29975.179607146467,12.213235409163854
-36560.09906275504,7.268979906078878
-25556.369004031723,16.551686265544188
-23451.227573597662,12.057479344307094
-24035.430575774626,17.520481402940185
-36106.673366977804,11.604158164590464
-20659.697366710014,5.379633141807246
-23575.443750182312,5.484271341092649
-28152.407244870657,17.17038125840032
-32442.687776886247,5.516891071017295
-23441.90871002415,16.91129531651771
-21209.903464050654,9.260415156703893
-29603.932665490443,16.089520067725832
-39257.49199836543,15.462402749403669
-31227.031585445075,13.974410229142958
-35374.599844905526,17.019027772708554
-17724.8088785062,7.325538218243595
-30901.97550325904,13.076636950262936
-27706.19389620253,13.751784386204372
-19153.31843447115,15.687085204123797
-21188.344132142855,17.436902554559026
-31688.109959445297,11.89557220122282
-22767.37878580708,9.517210100294909
-25686.020243083098,16.441991424770208
-37010.577228283495,13.858756389273632
-25474.30377109224,15.143867450514175
-19512.512614500552,15.204567442675412
-37118.15399110031,17.48037188343401
-38646.95979685772,10.322036846577353
-17346.45769431256,6.213846466783192
-16982.49973572987,10.786466894804148
-23567.524051925266,6.093432409036538
-32466.546546136182,14.634628545112792
-21358.84953313719,6.20585919818226
-33458.78015847996,9.67458717387992
-28611.595663136653,12.07970121159915
-30930.224929580494,14.899737899842949
-23887.323064978522,6.209387046060261
-44531.61944691644,8.913822654595961
-29957.090303506724,16.574683919724986
-19108.452622460358,6.881501983500083
-26687.08690492891,14.205922750410576
-37070.08084048215,7.537638945056276
-22258.37876516972,6.310194020086004
-33356.57217794,7.393510169638036
-34671.869822055116,17.284212817258226
-29965.30086833524,5.798181077214376
-20836.947107654923,14.262303148715462
-18663.41399501093,5.4132443788792095
-29048.391009439514,12.146488968238488
-33764.50426628422,11.617237055520082
-22188.552260029857,10.988620924117042
-21266.2019207255,7.93639864446955
-18356.03522497452,15.710887329917282
-24390.08931179869,14.774329207748057
-23152.85672234549,11.61383345142504
-18091.594007024923,15.445677836979817
-16881.105154187102,5.545604643787976
-42730.26391309936,14.608118389592656
-19001.01516897813,7.452044126045084
-17914.905309637397,10.48606323967721
-39633.73383185431,15.197354500887428
-18819.39270063679,8.775433877875393
-28799.59629621238,7.608317457221708
-24305.74327024435,17.871827445296205
-20813.975406942358,12.263135230346144
-17004.36976549897,9.247812271673611
-24616.718539960344,11.918068687291946
-28511.78195197381,16.056116938453386
-19000.445519694367,7.5116348398962
-25988.068438512175,17.851963329462997
-41101.475260380816,13.281971648402504
-27519.268821314647,16.97898101373291
-25120.159070648868,7.099734319177106
-19969.29991488416,10.57159860239238
-27175.574366776364,17.379815880414956
-31439.534428386745,6.325850459869111
-31248.895949809772,8.083887132190945
-18147.570396537358,9.344739470051504
-26169.0913619575,8.833802395709368
-17387.94811452011,5.521387641811767
-18161.20326490917,6.9766972397831
-36108.05734563494,15.687177998981156
-23651.88490154987,8.475622486294121
-19217.715673760566,8.119741775875433
-30144.251639457056,17.609776625610408
-31577.963400687935,6.615901825733484
-26049.49636838674,8.476083477666963
-28214.164315626407,6.853643291895482
-28918.994502538517,16.776258564194542
-42603.204239056824,10.38135038212877
-36758.5678909507,5.711908949192514
-22122.735690842143,12.783826157488743
-21666.51342357528,17.445049894786763
-31238.76366226367,12.06594718667326
-21407.82308743413,15.0978667072665
-23804.06663103447,12.190768486154942
-22708.806657687033,16.912031589067855
-22685.873086798678,17.456035547493386
-30874.068203289055,14.965333851965648
-24931.86328091489,16.387355814695475
-27162.178044365064,7.201723571056519
-28943.806010885302,7.568876984355382
-21933.616055994073,8.286829825631806
-21658.217296184688,14.085746110635911
-18963.5336324145,15.7813561091535
-24310.040986156037,6.694868643904114
-38399.50622329385,12.982551784671806
-31601.821185947258,9.679127365300676
-35033.68645628836,13.94019952644626
-23584.028342968333,6.158510572144247
-17822.244972385823,11.516025395898623
-31501.09916399777,7.143016688394649
-27408.548970965272,7.7861914867429824
-22975.54416468129,16.74725603791144
-23289.058759026728,14.948541222573011
-30719.70849584164,12.693939409651293
-34888.41128622063,11.4162863920011
-23428.91491095018,14.44144778542751
-25694.763834715144,11.896757239230144
-27932.88097010181,10.335969455241951
-22836.8575740362,11.324491176320567
-17968.857113991642,14.41140432012011
-34701.869021036815,7.294363609286825
-38633.51809086103,10.217923925333054
-35627.805434710936,6.56237707573148
-30920.858941740327,6.689563040071696
-22770.30886597575,13.88589482397862
-36876.294652413104,9.018644234591086
-41501.62621720832,17.768872000796264
-28836.28143305806,15.830182411557717
-29048.824946213943,8.642062585651505
-22157.70498335983,14.690874777142112
-20271.47817718527,16.204848027125948
-38501.964964443025,14.426596471421982
-28119.44200813936,12.398521321025571
-29789.833159079404,16.39342702913009
-18565.869995698362,5.1966068128323215
-24494.518365259097,12.402097833422909
-33029.270318943476,12.535241144644122
-30483.038245688924,11.594441264322311
-35104.85422344979,15.677682164054431
-22131.61512191227,6.8923839514801175
-19225.976469664136,10.704524655629488
-41103.49423955637,15.901957701144688
-22766.863634415895,5.24821950897873
-20040.719474891106,7.680182418432358
-25943.69149660143,17.282107992503303
-17635.510871612645,8.522502105900642
-20493.694464452627,14.324453200142468
-21302.531917102515,8.974778203160309
-24655.005337459475,8.893015755466678
-24445.521275572646,6.289240352206152
-19363.855711275235,16.229785009075293
-29146.9236091925,16.94542577923732
-30216.51417168477,5.574526814764604
-21758.253975425352,12.74030759786336
-29735.727530975353,12.38308332058649
-24858.33761228384,7.092257499801947
-35867.37256717606,8.643664866483334
-18262.008368877032,6.609636694725733
-16139.910221788676,9.750803347239
-31605.64780504264,5.468575466923045
-22144.487363767137,11.832457110170273
-38890.71757817064,9.161821578194749
-18612.680771977073,9.414485912030973
-16374.511471455968,12.714586102027756
-26277.173936232415,15.95286105198031
-31433.141106036113,10.241862921146025
-23548.99629357411,10.451771383652575
-26865.181069151055,12.104087752996218
-39839.312839867125,9.528913571270335
-29501.833775544408,7.395038425637269
-23697.08594432381,11.476166340985278
-20845.226223255453,10.885891457827965
-25403.330134209937,7.508580485636597
-34670.67594736368,16.071614403404922
-34016.18128339997,11.33144092402888
-28043.333720777337,13.14653567842771
-26866.089388198066,13.465650980727244
-28787.379508303464,5.10433265612103
-21275.00024281648,16.779648976713656
-19923.38482983766,10.20232931921553
-21013.98779916163,7.408344242570485
-42845.4757215731,6.167833795994397
-30404.88414585812,11.57591012732442
-25022.096726304055,12.26825584008889
-23147.255389948154,13.633405891698542
-31479.921835874822,14.701282844968706
-38977.111490109746,6.025366257355785
-34205.61805452246,9.883329215150235
-39173.53612147295,12.240980899744606
-22297.79166883678,17.629259514375917
-17269.678386231906,15.928636556823095
-35443.961694369806,17.27175598766427
-30218.70849538856,12.94178453191826
-18408.00233018664,6.431987992503921
-36964.87541579312,11.903729680570104
-31340.567834516038,14.62105055484471
-30784.983009381685,6.414598625499725
-31246.73082643765,10.262744697276752
-28678.525370744774,5.508346397727835
-38530.005683884374,12.023016292542156
-40900.6772284109,15.671867013617709
-19934.68819819456,10.575880667839002
-25154.603176991382,10.72007881092786
-32120.56579547027,16.93486673853532
-21219.925530097986,8.217571387032715
-24513.726374020895,12.403776121681242
-25288.799134974342,13.954643418806691
-22277.44468810992,12.734262437781076
-37993.163529961734,10.928420493303992
-23556.84072176269,17.13353264311368
-19014.598734713247,12.828011961584377
-30509.30159729559,16.482899448537395
-20916.327890317374,7.175123024738941
-26302.486299540607,9.48443668064865
-29690.7877872732,10.848288247752649
-24974.848899291967,9.966429449444355
-28577.608955927637,6.416437865771642
-22648.363139077137,14.255564322727244
-35947.248049863876,10.58229710050064
-40969.22673630521,5.932168922339329
-30725.147264633306,9.555874980459006
-35211.5098661215,5.091471561884216
-19797.151662176464,14.002515868528809
-23456.51852072351,15.981371582204616
-34609.76113477477,15.186371297896612
-16539.143103032355,13.375969637671355
-24909.01330628914,16.07422810023439
-39796.81028182036,11.292145055293014
-25363.844812929983,5.400449447583417
-39854.72197593785,7.771140108943079
-28354.78797154609,7.087198985012343
-27147.251310044783,9.218896344200909
-34325.56746528517,7.86805696959796
-38068.3589191129,14.068502883435723
-23391.260452731734,16.421451193415116
-40201.54712659554,16.704025822499055
-18245.34825961903,15.52869165906183
-19267.659345860186,16.707665781541365
-31008.59235693377,17.299055660455792
-35086.440324717056,12.456543120694707
-22413.747356808806,6.908710414747913
-27466.157864919885,13.569666951755956
-18142.294569213456,17.56750989635369
-30407.866959877774,6.149878942285096
-39239.10791007492,16.760011937544505
-22114.174533058525,6.88043153031548
-18265.806180417643,7.678078633778701
-19941.942633597737,14.078983148724635
-16338.234413896895,14.65523721077675
-33802.613467660005,17.031627467289653
-29248.42214641256,12.942975808441089
-32237.48700984419,7.917152851767101
-26394.704773967624,14.5056532842227
-28705.18301717296,9.493850249431397
-39118.759963427176,7.535627160675343
-19045.98417905412,12.76182702821814
-32393.430622614604,5.670323297192934
-39962.07709189638,15.032618628105956
-21612.526741582784,13.39498887671367
-36878.36733928177,16.40251620169111
-18277.981026997786,11.991277150995092
-23741.26152824027,9.62901469376991
-30980.93613575044,9.286011356568874
-21793.226488894474,14.18792453977498
-30315.733236556585,17.355304482172194
-37102.75822280525,9.550551520095102
-27728.502619993425,16.568287494637154
-27446.99404933458,12.325439253306598
-28559.79679406965,10.841763165035854
-36047.33985149229,8.276967796298006
-28954.28267164318,12.3962371861585
-33206.27498563209,7.743798335987861
-28666.541215583402,8.429155694565189
-34543.93916074902,8.642739543836885
-38802.50459005083,17.56610301368896
-32592.717713884565,7.553392419687088
-24172.052703328285,15.448069491498645
-18165.929098888333,10.04027575780584
-26306.12833062684,9.076706096327325
-38861.594794568184,17.612924014528247
-26639.431459698335,9.517715774790927
-22568.115112327956,9.18542409006682
-20336.03369612805,16.096031315397823
-28622.072255650728,11.70792742461602
-31241.557755456997,7.504523156485801
-27985.852347035674,13.7343294214544
-32074.6473514591,9.774513125149522
-22740.277592532857,14.65565556832151
-37386.498707082006,6.161986350102286
-22970.92372931746,16.370633783422562
-36359.76234638688,15.519895981491608
-20654.256975977485,10.24507467983112
-29807.392014850837,17.551985882606054
-20430.041275250453,10.599498159877935
-34519.373422992954,7.3023107951585216
-36466.06113298844,8.934713791764173
-22584.9884676096,16.847368322595763
-36109.16380812746,16.031879836425347
-21119.392390906785,9.36043814773241
-23303.248340207945,9.716337376562716
-19135.06580364199,13.637591444089402
-29897.813668330164,10.82332163901494
-24992.49241387582,8.25073175398335
-21809.93131942232,12.166557971541266
-23905.037387100354,7.776159878141586
-24087.73587149658,7.832872262502441
-22930.732738764018,6.575245014495859
-26988.745752181174,6.445152113643634
-20673.828659045295,11.76493900933616
-33619.163881964276,10.927463913197986
-34831.87920337352,5.266982305925796
-36193.15425625718,8.681992812997276
-22633.065585130593,11.879762584905553
-37102.12738901365,7.310725808525255
-24631.615125692777,10.93985696556136
-24725.135394729114,8.29091021191065
-30082.542598222135,14.807383563632625
-28381.927360809863,17.08307020980581
-31952.39295697597,14.736597984766023
-32252.78577494235,10.459256673818226
-19636.94369936841,14.115254955527623
-25923.308061807526,10.941234052476258
-21213.790162481462,15.462089892180606
-24607.150530999053,13.508752429471691
-32535.531454209016,10.284580429614811
-19164.145319293573,14.264119420309212
-18365.443717999067,11.775426133110892
-33396.39667929041,8.684731422220093
-31974.82892665879,12.95217572444944
-24872.99284391182,16.556162104459514
-21705.33936737678,15.587239870453285
-36655.455482685866,11.398369300277505
-34082.79053540535,15.242186589610752
-29748.92998546323,6.075431455375363
-17928.19216172867,13.560186731963103
-28137.630473366695,15.712016877667637
-18240.777808392835,14.611467976342308
-24521.23062593763,10.687263497435527
-26108.71581056834,8.836226864420663
-31797.54140152628,14.124996531100264
-33811.4705324416,5.384605369991112
-20846.63762175331,15.49121098914438
-21833.138090597855,17.720956587932214
-29600.715155264767,10.350783731980776
-32596.200096288827,16.639406322938907
-23250.14436908534,5.108954965559787
-24560.67442700805,8.858860063632287
-32712.95422116296,10.27656275738236
-30842.71769269159,11.751589480619923
-31481.742257015467,10.930686920067805
-22982.272618532563,12.607708158865467
-20074.373125468614,17.6673239124303
-32678.627103277453,15.639163233434262
-28182.347415535747,15.980169097363742
-31728.88611162998,5.5352333550589705
-24288.60742686874,7.641329143467127
-37032.67685320778,7.167184389120687
-36871.743935291175,5.148810387671826
-33381.02138683128,13.837748363213125
-18378.734470686544,8.990590987235755
-16571.197660645,12.130910748674388
-35678.1088468205,13.129569692283706
-34696.81852027913,13.684037435541716
-23804.059302866655,9.655750386183012
-39395.939580653714,15.669543373197042
-21605.32211785829,7.017804996431384
-20317.247647147306,15.011545837584965
-35859.63593794097,12.367386728425512
-22547.058432206883,6.908535270089499
-22462.492003771033,11.157677577744751
-38686.649521391184,6.441878585353491
-35830.13446822765,9.521730355576691
-21651.562448734003,9.024973196606531
-40929.46222665558,5.191378031702804
-35319.66326051067,6.504435541346263
-31003.576768315896,10.141134794641545
-38015.56669710611,12.619016483419792
-38306.16918117812,11.73645677024084
-31847.507928924013,17.027045193479342
-24394.379670633556,14.982532097610273
-20619.762073009948,12.980127173831669
-19378.640979801232,13.03705986526134
-35002.13169412816,17.858589818650895
-22736.953472074776,14.36843586641401
-25972.09084149875,16.89819386541201
-21326.8985341643,9.056287602274836
-29503.32646469926,16.127393357651584
-18665.653036656022,5.031335061960234
-34255.613999892696,8.54463976600407
-16464.151591779428,7.567681022151605
-36534.15117497419,13.727456940758264
-19639.60748009244,7.870016211183146
-37344.645056837355,8.195446514624619
-24409.051991694858,14.372346365603196
-21885.872439768398,14.464001840158216
-31074.886245366768,12.858336636588287
-22242.976604630578,9.826497609289447
-40467.99511758862,5.820480695634587
-17147.876024988276,8.445112999028996
-28560.45449135761,15.010313170668825
-19315.450269324258,9.428712108038264
-20319.144640086743,17.9632244116047
-19746.77731353127,11.232525366154832
-28108.48714053361,12.613480274348062
-36202.62209705156,14.132082240793958
-31694.60558875487,7.543022282901362
-21087.219660500054,9.092264382439888
-30285.452290192814,13.590574096616852
-34793.98415895442,15.174474060883112
-16321.106207702345,16.50439342907194
-30770.39325677832,6.412893240800759
-29517.117068239844,14.199247595633778
-31608.423507066505,8.872959680750029
-20575.59844035767,5.678197576235669
-35526.24768282539,10.511714870459274
-23914.027196223724,16.843626437062447
-39689.996517340864,16.00725582396445
-32001.879548319695,7.178641355256473
-25938.536280775596,7.282668861797459
-36276.183969150974,12.680307090949965
-17374.898012595288,5.620061591604365
-35435.77551168204,14.381097407911904
-35096.31577924734,5.855607979468687
-21456.250560375796,11.83536038541394
-26612.99738463288,14.034138484213528
-18471.05915876501,8.353937158451346
-36744.14801812808,8.763009328432226
-31821.222001883125,11.000020205668006
-40008.269390066765,8.974362342628423
-20301.02025597752,17.767667076268495
-23331.217004294747,9.197873715437831
-25334.284404966726,14.707402293279118
-31076.34976018812,12.509455175506528
-20349.49446401979,16.692967980178064
-29812.033846247192,17.71083058774901
-26738.929440371285,8.821831600284726
-29978.1357358038,10.739377444477476
-23244.648641960543,13.777147986490382
-34943.729521851186,6.313141128506238
-21575.112439009856,14.079224584664724
-29624.32883918519,13.906055461231183
-34779.5151068436,8.933756962473208
-17843.024177415053,8.34309241786532
-38744.91132458681,16.962740781934073
-33335.53478173065,10.905203353720196
-33381.147138187815,6.253111201777757
-18619.768478873415,7.116706463522394
-29638.034281012835,7.290228206316909
-18755.73686671977,8.47003621754838
-31916.826849840476,8.266723160941194
-18298.671079178843,13.442144545336662
-26677.41057509821,8.54576234647581
-16315.870886913732,5.636008691490757
-25017.89107653708,9.622702701248596
-40511.01112957507,11.305903542717871
-34564.423011684776,17.267539100371543
-16201.692257649513,11.57419961316053
-36078.23543908293,7.161403355297332
-38149.07335197431,15.037787107869235
-23946.656934204955,16.06101623315457
-32139.11402444545,13.283367555736024
-31597.764500930014,7.02762452496453
-22975.12791705908,8.727058709246537
-30161.029388167524,14.460040559146906
-21222.918254026532,14.800775743434771
-18990.695216718945,12.548725947408462
-22299.8424363136,14.072184384779431
-35157.399468337346,9.417439031806811
-25541.81911467886,5.433307128530654
-25444.007729746696,11.778125130800806
-20154.370213957573,7.619671324255277
-39803.41501799409,6.660533756835907
-19878.182584313476,13.429212911555132
-28229.6553310546,16.616635858005452
-29557.273515680994,7.447371521962244
-36037.222056326165,5.638165970431361
-17497.34254462719,7.529388845048111
-29406.446257491905,5.9080822643990905
-39791.169528527374,17.77661629258617
-24747.385153438165,10.63956701203162
-27572.061024032588,7.839003286627229
-18435.363649345454,17.73061656777805
-44433.63968706898,12.109223586136729
-34888.196292473214,17.892936125423176
-37311.89561513465,8.652913140254384
-34985.13903790407,8.843811979380956
-32084.777070382483,9.045985903052994
-39814.73994293386,7.982743817047706
-26806.325287538537,10.782840379528364
-25431.210633681963,10.295994508599096
-31346.50047711045,7.488545835519242
-36343.75583076556,9.98705877885144
-29321.61081984229,7.219649061772011
-39487.123402314995,17.35698240664727
-40474.535999894826,10.186594136422858
-35408.53570994723,5.991397434225933
-34930.43494599238,16.966109613087717
-42252.56617412954,10.54919446559052
-30212.849217448045,5.505998539001653
-30563.36858793864,5.831179487778559
-22255.148086063025,8.947878333058789
-22209.552190215127,12.122813609435854
-36074.087500905924,8.298244865259935
-37760.359168967625,15.288646182989142
-36680.06377326112,15.87738378026436
-23239.281111430166,11.495222106322757
-34098.80507421246,6.222902235132844
-27504.803157944712,13.815047653548248
-24605.499056082164,15.901974767458418
-35492.99403514768,14.040284919430924
-22604.90336982233,10.034546422356753
-17872.033265542883,9.804904279827872
-20725.03538637592,10.869825228184546
-35349.13895399844,16.36704012339127
-29154.509384395715,16.226499833171196
-31651.055875195427,12.578858870547172
-25901.494662261917,13.373230483253764
-28866.858477274087,15.64714806107516
-23453.42586415822,5.396040921986099
-33734.84900473716,13.816336271404747
-29972.484988359334,14.480377942794114
-17813.906296271558,6.539612199840898
-24533.479302199925,17.52836928143948
-35216.61520054814,10.5565182968645
-37552.182021140405,7.198088272648359
-28345.647712991544,17.367918245906935
-35191.330826853475,17.320661865113763
-23249.75888172727,16.004699605313554
-32974.758130550166,14.708309902634324
-40733.98836828961,7.847549442414696
-17786.634250212417,13.251742696762376
-34667.1044900502,6.608180468586918
-23484.48236256854,17.808856493541708
-35006.48627028102,12.211494231594957
-33107.45661395655,10.973852346383136
-23164.497885577814,6.343079283667115
-19626.38834478504,13.973838760338012
-23345.63027108731,16.390829400234836
-30770.270093528216,12.730414997870632
-31576.285260729044,5.230968304100477
-25470.68768433939,5.437518278899174
-18428.137643840695,6.408486070948342
-16740.26668410397,16.3203487779149
-33980.54609921157,13.328197602657722
-31874.62802187925,14.330969312394636
-29176.240624076407,6.074683985177375
-19727.07567957454,17.852042780651846
-33034.62145044634,7.282843410957269
-21677.823257146632,16.67626881201776
-18019.668411330695,15.831837245024529
-23757.201833700303,6.165496385835214
-30203.595305734227,10.42370138285839
-30872.233383033643,16.34533053991638
-20477.25484852666,6.128977963040764
-34757.34975066341,14.054355331106024
-27493.14919831365,6.458255808452327
-25565.710066189687,11.138879705485692
-23527.972624917427,6.460328650629518
-36997.720634698206,15.38294157927397
-34078.390623193154,6.960051284433865
-25288.736038704665,6.042834913679243
-34357.907006393565,12.523797098677624
-27782.60067273427,10.102596771314092
-32407.579398826092,6.480131599899608
-24077.336011988198,8.657875093403002
-38258.500482837066,16.58730835527163
-24179.778612191796,11.435511639878484
-25332.688911517434,7.901674457242028
-31536.13573209342,12.973838864420731
-22058.514459960865,16.905608140250326
-29358.048213248738,12.102555704505365
-34772.63636723249,9.654343225728454
-20026.53996520123,10.744012097678114
-26115.152308624733,13.798863124218032
-18059.297199681594,14.15192937657066
-42292.7719904628,16.022419575108977
-33961.12176709957,13.110239758869731
-37790.16331157159,17.32202362196272
-23268.06534653028,9.037067056774315
-31674.816425829173,5.041397919348195
-18502.15988447225,10.622214349734785
-27609.68788490079,12.97895613701525
-23291.706836133744,14.98889746424422
-17536.89402259662,9.124217959906924
-34792.745594917935,13.927219640273588
-26899.256120411555,12.701454144991333
-41402.05630140497,7.541845389801642
-37012.84333229778,14.100532627564649
-23505.856901637155,5.909376104114599
-40733.530015878125,5.08439824749887
-16744.69367899913,11.94841141157336
-20422.28942668176,8.879778604472747
-39032.62981484998,6.433622854781303
-40182.60205559926,14.703480277650206
-22418.942896348846,7.436191705328046
-29808.5527033834,5.469638881414992
-20841.141766103578,7.520012285003746
-32892.01552028829,17.419346524836115
-17526.132011625195,8.162520985393257
-34464.705948292496,6.778775692553076
-32383.685168909105,8.975323117902908
-18195.203240389812,15.509581558486
-35125.087260882116,7.13218149209756
-27470.01329957952,10.416576877654824
-35025.605475177,15.32802387157835
-36146.512635451174,15.874300053664834
-23446.67339190581,14.56308565730608
-24285.245132081545,9.22006416237834
-21668.541080526615,17.665294565893355
-18573.022939628805,6.344899674488188
-39748.99751301385,13.248029600537771
-37195.5801552224,14.102968386400518
-17389.25155478131,10.68035794071525
-19579.1739669997,17.67716065388813
-21323.773328497893,8.512012064566896
-19868.104179114987,10.143928702237814
-34477.171430417555,12.453300153561694
-35285.210968575695,13.950679045344716
-28366.167456857485,6.970116213233913
-41040.70539968033,12.246747995286372
-24483.70771820395,7.961273405158481
-27576.57178594784,5.04119443622817
-16666.28164018104,11.555561714164147
-23248.682464960613,16.566936536521567
-35056.13150781895,6.831313753249874
-34871.25617882771,11.987269122724234
-20806.582025207572,11.70802838153782
-34818.49085777044,5.607296150556765
-19551.68921226714,10.100053522339756
-27810.490971541272,16.930290264392436
-33269.7256417335,10.6245710545768
-41757.2553107273,7.570721105516955
-28454.176988266743,17.88843146268583
-23937.70532761632,14.835677296947493
-29749.199275746578,10.38932277237057
-27069.44999561496,13.276739070383067
-23812.358284593152,5.261904253031382
-18886.57532224132,7.872208919012992
-24071.16455486595,5.615315548220385
-29174.019972277834,16.377302534323054
-34794.01241295952,10.45612470970338
-24845.84207208245,9.178732622035495
-21920.704230334562,16.191186370356206
-31588.63414071242,7.10133143673166
-32046.29844189487,15.934340410544136
-18464.95102090839,13.28508213589724
-37574.61510759794,17.70563724817309
-24491.774571520556,8.800840919875872
-19529.59969397064,7.36641858328708
-30175.521632404132,10.686466129584186
-22831.96202721243,9.421959950880645
-18397.071056435532,5.215850998883006
-29326.918633607194,5.928385198746725
-20649.01694257732,17.08483135445016
-23495.890328104546,7.72676699274116
-20500.730564605412,10.015692806499182
-19428.449538190587,11.757019757886845
-15922.903143877993,12.266799006983264
-40904.67966991219,13.585489788664178
-19359.59838108944,8.264641176262334
-16257.301174835933,9.766823134219058
-18776.13630520265,15.011493205008534
-23035.584671021334,15.928032142833793
-42358.06946908621,6.520168971047454
-37059.199153978334,14.564464803829413
-17401.272784581095,11.738248912482051
-19129.159611725885,7.71651280403425
-34816.07119423882,11.598942377752415
-21860.416104291526,16.649920708741597
-17243.953253018903,9.810622048652183
-31181.585170628787,10.412263534785282
-31770.053499239002,8.639134444300774
-22816.40959120825,10.313775337625492
-22188.902644007263,9.47682202306892
-23791.21014669103,9.308751975852566
-33285.21368441743,15.818647123859028
-39678.762392838806,15.840472105446018
-30078.90746518557,9.951259104738714
-35415.55786917465,7.13654661963533
-23354.274904409627,8.59085169997375
-27331.106328218426,8.505395900566883
-29984.50209008599,13.18368290016878
-37693.00044500159,6.420809840669671
-28303.93663016938,12.456791340783491
-37139.24709649379,8.909323323212114
-32308.41225447531,12.968742175093134
-22181.278456282387,5.536339481978716
-17265.44162247463,14.53261558862659
-20116.257233960187,7.025686410403335
-31006.881336062244,16.195314593350467
-31964.38611000147,5.312193887530571
-25761.269110876747,16.167332091346605
-25589.998929179343,13.35466753287762
-39916.69916826,9.956209096354762
-39629.23920351948,10.051381904208572
-31289.928911552808,6.59588476383784
-31642.10670166178,17.191223173294638
-35217.87133157415,15.975314182894635
-26023.77106710973,5.0481260708165125
-34557.86133723206,13.132958846264406
-40174.06723826491,12.830632184655364
-28686.397052348217,14.368109046354984
-39875.323556972944,13.855765088321528
-24931.08053160687,17.131440286978407
-35510.106823713424,17.47720043338142
-24189.484174972877,13.576647632859494
-27191.743658419728,14.29934672698405
-25265.663632502266,5.818100272276327
-31504.417039852287,12.444720019423707
-22777.196385887582,17.18562076743074
-38078.06402314671,5.09414144733039
-21133.093901119595,8.045856255632877
-19016.68018597622,5.661838834229306
-23714.68223909806,11.883456499098996
-28523.799081562654,5.183390706581646
-24243.578935762955,15.710528295291995
-20723.92361977417,14.409751902395712
-24162.238097836183,5.233523958379457
-33097.74888356121,10.28800195671689
-38453.20364884213,17.004590524005437
-21798.9005038081,17.39828552423036
-18878.917225765155,14.162936911256208
-24226.562306295873,15.812808694775834
-32790.06039228955,10.42310828929393
-23335.746224063438,5.64641747575415
-20521.494507606887,5.166006524196979
-21674.8060577847,8.346605815553339
-35811.924895125776,8.47572000725796
-32876.73802219553,17.832696933806915
-28874.308324134527,5.073896534541743
-22141.11509939721,17.064071048908588
-26151.88501686789,14.565171699155728
-18209.328257500005,17.527893285807345
-44273.17528984463,8.083573666740161
-38398.42422612129,17.9904385782998
-24306.586206168202,6.300857996738172
-23808.757293796734,15.667037823261875
-36740.84579201091,16.116150862646222
-28824.29791805482,8.159093063618977
-40456.73251405302,7.703129664666436
-27802.91504380131,7.550691100311596
-29186.546255479057,10.041746212343204
-27261.254928490485,6.512339401199847
-24687.943595999026,9.394728895775902
-29504.739239143768,9.835557931326996
-30990.11923531911,6.543160950757901
-25720.612492231594,8.289556712291702
-38887.93250893908,16.27728056837416
-35100.6123861329,9.590338792933888
-36920.42112979157,6.534989502457775
-21326.68625961895,12.555796058997778
-23454.002990553425,5.50541670974241
-37469.14685822815,12.513368631052208
-33619.02550308802,15.594493504141912
-18692.29516213449,8.496935625427088
-33845.07320604456,17.928984135080427
-30832.45083929028,16.560977777752825
-19310.196643864314,9.712192389054003
-30211.73021093703,11.53186200185177
-25264.016917531575,7.926150366003067
-38974.48318465344,13.902276656169825
-28837.890912338073,5.543864567842137
-26289.335101560966,8.529299974785989
-40534.31837502145,6.693301037659083
-29720.897874043054,17.501043556601473
-24422.551362086913,10.538347399801182
-25536.411433023008,12.334520138273914
-37056.56105182643,6.545756244685983
-35235.314607716995,10.900277390932128
-36887.6583307829,8.218620753638442
-16475.576477070997,12.952487728089457
-22522.41910275832,8.643997393809817
-18583.41021280673,14.016809386946433
-23651.144317826514,10.602109432501932
-24841.12903176504,9.05239340606682
-16736.23461283095,12.554084941729894
-23589.867359335258,15.873919075854824
-35308.40814473838,15.025225319345074
-32261.63336432555,17.77200617333093
-18115.46643979505,6.8517933046950725
-24992.47098627506,6.532536473154414
-22065.10494206202,7.1157731945670255
-32678.0152494907,14.754802068114111
-30378.879050302297,11.509841811230476
-30046.446567524286,5.38888092839607
-25152.265451197298,16.778537824593485
-29394.563587734276,12.636284615131828
-28524.227811201272,14.348891255982972
-31608.50307467283,17.314344482205577
-35551.31127164094,6.68933746553034
-22716.176074411735,10.068538809974845
-32492.80967428236,10.81627918610091
-25960.683169161603,13.777087813697726
-24376.434890433324,14.2634506309618
-33639.91457274956,14.882814748447736
-41084.8587955695,16.850412820320436
-21807.478734777575,7.2851313311358545
-37958.60444205893,17.986507281276644
-38264.33462025825,16.237853108692867
-24922.103670426615,16.70412190520193
-36299.72490509394,10.642895443619038
-32157.20886198686,6.713922069167423
-25983.59902082399,15.165477301396388
-28002.450740549935,9.856772136628148
-27742.498316799232,8.14003420052956
-40991.725967182705,8.128107940999238
-21809.038504240747,14.89151724773578
-27981.086030999406,8.359959905051909
-27041.076987555683,6.229014606171376
-20766.907040364877,14.69182023281606
-43754.57933961894,13.82786834283944
-23020.056423572118,9.163437082155282
-18869.62152454524,8.201833131455377
-18791.119870935752,17.60465700688661
-40035.1485468935,6.770721592433672
-25292.251078682697,12.186475546327188
-25098.134577456258,7.545014895436211
-25105.244995649606,14.27509470633452
-25230.816032840543,15.48505867551228
-25242.33300092978,13.284917413458295
-25331.51794444347,11.687592902712762
-21186.55526604073,5.700248803078184
-33323.28420381904,14.229250057399437
-23462.846340739154,12.701533884532148
-18560.50804341428,8.890509350849825
-34555.46250174874,13.744555356363904
-37693.61697098764,14.853702718701577
-28161.307383400548,5.119697209275519
-19030.653070475753,15.048993217201808
-25931.529882899275,6.242704585449712
-34726.21296663546,16.05410792582567
-22418.45676830732,8.648249348759647
-24521.390290271782,16.24623065634789
-26999.024097082518,5.757170996326612
-31893.20399913025,5.725690923184849
-27919.412735952083,16.504263948233984
-17879.31468250421,11.80880629478857
-17004.5905799848,6.690079839474928
-31664.633805896236,13.328804082016994
-23310.0389464842,5.781028331445809
-33525.50763672563,11.259242450893865
-29131.344449753247,8.62032016726041
-31896.16893586107,8.003540294161468
-19573.37900883738,5.7007723710801885
-24954.2871915585,13.44595772940309
-17354.429835774015,7.605476706972097
-26661.669135005657,15.76246990759005
-22094.58589415703,14.931909069009258
-33358.36918324258,17.106484513882826
-24491.281139519433,13.345176708687042
-34451.79832946582,9.957673926959105
-31392.953061162778,14.268396125077125
-32402.380283679715,17.084540863056493
-22331.218807663674,6.374020021572274
-27248.818440698335,6.036408232084335
-30811.85883423149,14.93839434758438
-19725.59149856637,15.345435029045678
-21318.39646352954,8.236077404447968
-37314.02772789981,6.3064726774817865
-19674.91403646876,6.292144411538023
-40885.313901777365,16.176729993845594
-18872.999978907184,16.842283250421293
-31202.285597569527,7.773766238507445
-30400.111143167378,11.581840345102709
-30081.106970083758,10.860410772180796
-30488.464057644735,6.883004123683564
-15490.05698803655,10.20476718600225
-21983.627499766637,17.96236269975445
-27306.171692262044,6.545754697194376
-36053.112605268,11.338667419641157
-39763.92542930714,6.326438377307331
-19479.368247020044,16.922519299938436
-23151.457558948314,7.42099341930048
-29506.931808202033,9.13550285101156
-17986.265321286304,5.614479922242104
-22991.44163555829,8.121747846496703
-28760.109928256203,6.199731465352963
-26336.725412039807,9.36313528538376
-37431.87739558221,15.9366381201685
-25695.720761508204,12.41144875013504
-18383.645228657242,17.627816539019033
-24802.671742554867,5.383559785394674
-28045.064063314647,7.200900538650879
-19579.228036671146,10.358558602206765
-37084.53632937566,9.45022705102491
-24857.233895799192,15.96293770018778
-20221.01350100913,16.938832973751406
-18229.282694979076,8.571782354726444
-41001.87737711928,7.364802740160277
-34556.9489680696,8.485919299450973
-17582.419621592224,10.94798467415298
-31806.168903649814,5.834368312550254
-27301.241367072238,5.622711331392039
-19947.155065584953,17.089380415452858
-16546.17874700238,11.734381023588588
-24877.644786653396,13.545150676712062
-20029.71110687024,16.807819235633943
-32833.318596606594,7.715311988495259
-28613.620609406054,10.13008504293474
-23252.312130356535,9.256383452446965
-36184.59037891701,12.274265579909123
-32844.79638356106,13.713411408735134
-30306.64273571282,13.787563765232116
-29108.946211079383,8.583394831453663
-25016.093078483864,13.903007684835089
-35524.00593887236,16.10541616932519
-24353.45968812287,13.478270715301376
-21194.065038035573,16.6153094727471
-20615.34509428823,8.413887257446001
-43455.12287784708,8.38629648976303
-26080.573377855824,8.046928044165872
-27042.80083313075,7.102058021864289
-20599.67866490389,13.567119367871872
-28742.851704631008,13.596439095783207
-19241.467675369677,7.198428091507925
-30663.040062869055,13.774452933223667
-37126.168605068386,15.44535127636424
-30108.41530814822,8.590201733481456
-23158.83627042056,7.857171540905099
-18046.72132666158,14.404908375664766
-27760.843690800644,15.735029641270394
-37211.872966231895,11.18168664739795
-37038.18567303981,5.202336707178569
-26398.152025829437,10.92391769102655
-30513.31556178299,15.691436843069813
-26408.554212997005,6.4442533253855485
-38308.24666169395,5.178411740578769
-29094.149559233003,8.695866567657996
-35488.98524390468,8.3153355694742
-16554.962112707195,9.6474560782923
-36589.94050293675,13.479098535044091
-33196.59948863571,5.169516288509158
-16383.667269375097,10.7186116972509
-27868.691311743052,16.844232478403
-29615.70566771878,14.641406054287629
-23950.490708154564,15.912839827394514
-19924.547469023433,15.098488219290578
-25209.94754042602,14.845887544716422
-16825.8278421085,14.743444284391147
-25694.85128942706,11.07734164236268
-35169.03768638949,11.167272360860526
-39627.118916492866,17.333822848246804
-37735.91259028026,5.343418708267255
-29091.890913813266,10.94744872617568
-33374.34692226685,15.199686894348476
-36475.552349075166,7.739684491624088
-33829.67365340794,9.471940985069326
-22789.95445286185,17.001049242283877
-28048.57156611415,10.892184533885349
-30857.388760443537,14.92546137272425
-18223.463997349474,15.199732790800743
-35772.76619593957,16.092657195664
-16677.207451037124,9.642993657231896
-26417.454311018988,13.188540739341745
-27234.020430700803,12.48812510061303
-28006.237805882054,11.124225705419772
-20898.15255398293,15.778277855908724
-31577.933279423283,6.2681336996501695
-24836.379488457816,7.415984814066825
-25909.384327515472,5.78193973106467
-30675.92822003206,5.784362835839951
-36570.979312302545,13.747525175030049
-24438.07530966074,9.97089244997132
-39287.30463436893,6.742455596241825
-27298.970235237357,13.6067556562247
-20230.714940671533,17.716465121419688
-35052.70696093602,7.836152250526416
-26838.41079513389,10.473446634060286
-22344.794100960273,15.399882605245988
-27764.796466146974,7.791568145373804
-28303.274179758395,6.826640902570809
-18553.29856578749,15.462770183276788
-18628.261998355716,16.39228715275061
-19983.093434824244,14.12870194034152
-20451.49929150892,5.316143072094002
-25214.72551765063,17.609831617837877
-34603.29664097371,11.79347249066672
-21347.54672186653,10.196017601142144
-30466.408347458393,6.5958223733527
-29276.276429171085,15.473283168526756
-35553.186552471205,7.161294260051095
-31587.11617622616,7.620782760863346
-27444.533755975353,17.01613382432913
-18678.975633894952,8.425859776956498
-18172.241456070795,5.7389434846150165
-19450.19746574514,8.502065998754134
-22291.268242946735,16.155406850438375
-22181.471985415585,14.525970918722132
-18850.798966812905,12.238393664266614
-21444.599529206025,8.202872419506303
-22951.830136142897,5.30754152912425
-20096.186975441946,14.472107290872108
-32874.949847814874,6.205096439565505
-33036.32730268878,13.385845306547616
-27449.360850663445,10.94587900657822
-28225.532310570026,12.012930204679936
-41762.50200157755,6.846462574747063
-26583.59785504487,15.778718593618391
-38527.3781662721,6.497192669975738
-37851.70650733116,6.203791240849373
-28758.056536865595,14.98208889903386
-20572.11960631089,14.9981925637097
-33654.05076140372,16.12313616437403
-27096.412807346493,17.65702875000588
-33514.313614728686,12.069996415033817
-39520.26990484316,6.020589107597363
-21307.941936226638,12.862838920627638
-37024.60915744817,7.560929357892313
-32567.463232558624,7.373527947891795
-26397.556537941935,6.933394921474026
-35151.54748872913,8.690115144818291
-18409.499031561896,11.965559353823204
-27901.012891961334,15.537584540799406
-23728.57585949292,15.391316992135929
-26623.40943935291,12.796747069981768
-23487.02463007455,9.150480078999069
-20096.076730111523,8.985623841107564
-19588.443060769685,14.48489955063572
-24002.525657978706,8.435480145289418
-26198.34251605327,17.064950882312417
-18240.543079235045,7.107396078957383
-23586.12757623356,11.418145327881495
-20699.955004188654,13.464078898420086
-29258.63226377207,17.14192597660341
-32242.868869999784,12.05189887597027
-29126.87905210197,12.79760866541326
-31660.634583535386,6.939106976265298
-26761.05017275331,10.969596675154415
-27525.895733832047,14.02374183300753
-21571.669700776634,6.457715340008013
-33078.6475418585,14.629874419840714
-26260.547410175433,8.749305735391621
-38035.650013492304,13.316338002087097
-18685.946867340732,16.47872174782941
-29077.974309177232,17.21908750254302
-37034.53491377889,15.50411272934544
-25840.57651579725,12.889391204796038
-23759.839453945708,9.132135491831193
-28872.359310484633,13.553674380366614
-34362.38816283197,6.726040835180108
-38689.02647502316,14.18368023368358
-37038.602993034256,12.095895443742736
-35945.387690713615,13.386723858309589
-35440.52420383693,5.154433276020288
-39251.30837296834,9.3662747057776
-33690.02405960333,15.063121259660557
-24292.819097253985,14.913610077480412
-26066.48300008927,13.84829995367328
-35948.238373236876,16.83032768895418
-31816.692341136168,16.548324804578513
-35627.901197024046,8.304270680453877
-33177.11130686807,11.272206096789168
-20311.94109375021,5.81731200134679
-24847.30279628067,6.694255933128519
-18921.6285777199,13.03337994329976
-29231.697585735506,12.435782908872874
-17571.955414536933,10.104170017079245
-21175.23110728828,15.670780215866635
-30321.24245618291,5.539595285705597
-18853.717438598374,11.737662951357912
-21881.036538142427,9.4031741611994
-30836.187594207022,13.632227820164992
-31205.83388692302,9.215514742084547
-27077.96090105723,10.548960365916525
-35273.96156186107,7.275967024027489
-17723.585985623926,11.912354036413763
-37607.080618810636,13.42732642035313
-36376.15656733411,9.534490906299313
-20870.330782898418,8.973802899103333
-17141.485132734986,12.184632650254366
-39669.12522201438,12.541243610675991
-23240.828481820623,7.854024725896436
-25922.86570199395,15.028508464652214
-31212.69658191607,8.936025155194582
-17684.00709687269,16.445968380502507
-17508.269977033928,16.998033669290535
-22511.338008650815,8.228856822519557
-36895.61822257581,7.767344807266601
-38756.82122048196,17.89938240464177
-32210.809419220524,14.725243475005744
-36774.80929746806,5.679540614004391
-17498.891200079473,13.217895468704704
-24446.174450487637,7.5578327936651375
-24860.88323884688,13.579392492076746
-35079.476797720454,15.320734928845642
-28697.848717207875,8.27865222617446
-21772.830736667136,11.143199712529384
-24379.095356201684,6.047340015047625
-44587.242128036174,7.0538492534212685
-29292.332674789614,5.4194967031236
-20215.47735560159,9.510218431539233
-22893.122287112397,5.37227630095246
-21291.930720155342,9.172826396916909
-32956.651121336196,7.200685295811208
-24010.31570289872,10.896573105647164
-28700.506399274476,14.707574773960433
-36002.436221984724,9.325384886665962
-28844.643560679735,16.049454977481755
-33793.99088843771,15.773178900439628
-31461.668398485013,8.266378293893405
-21598.15800026396,13.366418503513184
-32469.525723686784,13.100165656170006
-37482.255044478625,14.422732495965809
-23473.283815393494,12.784596179092556
-30133.887312950756,17.742043926687302
-29089.782134383742,6.9422048396153055
-39369.33667706349,9.115277963735814
-34552.75518060705,16.509510429072442
-31550.689248420058,17.475899267642404
-36734.68807445043,13.01238849247406
-30939.259385603043,7.83663405604643
-30014.462495785545,14.723943682516268
-36564.26727210648,16.79010218924457
-16469.966339060586,8.22536657759272
-25608.050933250335,5.6677852672667175
-24020.547342286132,7.578692379255713
-17847.503205944446,10.16695346829056
-36684.81816601902,11.559312096615615
-31650.277764411992,11.575276121958492
-24104.73429028736,12.157495345727334
-32806.25192687048,9.911376672595392
-18275.71934011613,16.761634755257166
-28450.34585156053,9.838298685372836
-16720.36477159849,9.468549525398814
-39122.01018785131,14.697735593617477
-33563.97789463693,11.35247454297512
-39719.51578242544,15.902300209738923
-24597.457691609183,10.17810198029116
-30664.608471598298,17.83096104713772
-23512.72125848062,11.476141877417566
-32910.644807298595,16.06659577537191
-20727.55191762962,5.459862143171396
-29520.93635025861,14.894154972774928
-33407.83448762901,10.844211863085166
-35709.107273668604,11.832165134308609
-16879.368237886432,12.824335075413249
-38125.70362420261,6.1938577747867365
-22691.664814457974,12.233005494097387
-26252.906027174176,15.837669723604591
-28898.29263675008,8.820551999456217
-25455.066168450074,7.979489657529181
-16657.69877547396,9.104212483305648
-32435.228504618244,9.562997950130658
-29632.109129503,14.16169395425446
-30045.29238748677,11.119463396219388
-17912.228352823484,12.299238007298054
-25985.88517407491,7.940856885659349
-20080.741541226398,14.63820803262769
-25673.675951382473,8.526431423612943
-18039.297306208246,11.056001806866083
-19837.198987977557,16.38948939933692
-21381.49714109364,8.557313149329119
-30782.739853173975,7.041256753479056
-26706.15665793055,17.30459650739406
-26203.56757693054,6.17441022906751
-29278.241244851273,10.4118027092964
-39391.10426416049,17.219083394107308
-39500.9541134297,6.828315725923893
-24764.47320574512,12.066904913284269
-26393.54367167317,7.456969456828713
-24708.75392754618,12.072309507731015
-15960.832021040354,9.86248814895766
-18461.496897762438,10.620400825495768
-19263.48495875371,16.33603886361763
-36708.47701861403,12.082123151213022
-26321.166082010466,6.045237124772969
-25318.998303019922,7.775049322818004
-38295.32292699147,13.87548044449104
-18808.253968902845,16.102454846720015
-18649.419249393224,12.683866196005075
-23255.851867485682,12.75765181261776
-37676.22331503729,10.321747098644863
-39915.84765573304,5.220395661390266
-40972.806390334124,12.353930966227631
-20809.62711564327,7.42222230388041
-33501.058422117276,11.864147768139931
-21957.923944653438,16.3858061471086
-25531.001631131585,8.146900123577167
-18559.557897065588,9.448532777118908
-22534.333486653624,10.498031300526517
-23865.89843360806,16.07908643545739
-21333.72167431457,10.476254879420033
-22518.341958600256,5.679611710247792
-29561.110412496655,10.287605212978306
-22121.49575358148,10.347009318142188
-19962.33002440291,10.940042715788106
-24975.782669262506,10.60685047539106
-29770.06107200046,10.541656448070636
-39377.186273463194,12.484427074700628
-28208.59048554344,12.715737858394483
-27212.961561675016,8.757667363566314
-32205.5182077712,16.419728509198702
-40936.66313083033,7.924139666334268
-30609.948298356976,12.37046772310014
-27698.28551838374,11.372177841576285
-42718.46292091184,13.939233699459551
-18751.345616443643,16.612871024207575
-34732.50344470034,16.225938249995004
-18501.294972918848,7.953036586564078
-18165.9262665135,11.138842961181169
-37227.92831221546,9.53575741704923
-38153.858252037535,13.03569784172147
-20785.91832349647,5.377254267732918
-36549.220714529336,12.830586350953393
-37574.96302309602,16.480530070319755
-32873.31387193691,6.651967189290675
-36625.2291479172,8.18322952830492
-18951.446232022972,5.02397424946511
-41007.72818836305,7.658422689522789
-25794.04087899904,10.216262620276446
-31116.48685108959,8.684780006303143
-26227.8413672394,12.900040149781873
-19024.14649255932,16.378412410167492
-30516.591860104436,8.566772932239026
-32162.45983182329,17.236391193671658
-43820.54591154262,16.44670411873195
-22123.92404478898,12.623585976288547
-29463.340951426115,11.118993304653978
-36602.26515336511,14.73199956347892
-38170.603741793355,5.268745422873232
-23042.454055040747,12.847951342576554
-38237.06556081749,9.767179653449514
-26421.708095931193,15.972715788917736
-33365.18351803435,15.814426662998658
-22779.95984672261,16.887026895906892
-32559.605822881178,10.602975653129704
-24402.5497803119,16.67977979403583
-30045.424992254208,12.312254096507992
-30897.684257358516,16.626326011276944
-22920.955203869285,6.059538264998545
-22214.033939021298,15.36178072774411
-30807.676781627753,9.350634234014388
-20055.435801921078,13.17102335607477
-19315.000082406565,6.332283528363624
-39692.42210194134,5.610383204344948
-31099.20141904854,5.696231365408121
-20630.55608560262,10.97881934691262
-36574.08477419347,7.506237068034969
-37968.46136517363,16.920457770468268
-30572.336253361893,10.90092170199887
-27182.020528505913,12.14679981632747
-29454.697728624215,8.640583423760571
-30340.798283016884,5.069115454714894
-28024.880749116848,7.610215488551208
-24470.52740258583,12.565136547047134
-35994.22646384441,16.712187543335034
-26557.87368782494,5.601326898225308
-32370.275172349342,6.412158529091956
-22866.035259504235,16.58565393989913
-23341.858330409945,17.186813178321504
-40725.557214440494,12.2222345776027
-25571.21195126924,9.156174254089574
-16741.00019962033,9.23497965272276
-33879.89461777255,7.046337162480192
-20551.82314667411,16.477160251419207
-23559.99172650735,10.072708383332769
-31332.402699830793,14.070643865581184
-34572.8759374995,13.950238434317948
-41937.805869653486,17.87512962097653
-34541.076066964684,10.582380695030688
-21909.319951113466,12.662970464354744
-23304.378175617483,17.942397781471925
-35691.90936135823,15.721181154907988
-26048.734697401,17.0809481132901
-27980.71221318941,15.337951116547378
-27815.498751835625,10.619734150275915
-39686.57688745149,16.976691366202694
-24461.405496965468,10.290386472069772
-34113.31996107551,17.43896952550041
-39369.245512310685,6.6419681379474245
-19591.533881658255,17.0125807680914
-34216.62939225018,9.44559650437633
-22827.49266669837,17.12170497551428
