sal_9_lc1vs0_iate,unem_x0
14604.222855989388,23.0
16079.616100807285,16.0
14825.567995479241,4.0
5201.377158654619,8.0
21034.78778904156,22.0
6678.253010518831,20.0
10124.59420540467,2.0
14547.57972084966,20.0
7621.9251257278065,22.0
10938.560990733053,13.0
-7626.9503287332445,11.0
17834.569626340344,21.0
17021.09852064174,7.0
11501.567155469642,15.0
15927.887500681567,23.0
22472.476251307304,14.0
9170.391222507807,7.0
-1553.7421135216355,19.0
5482.390842011305,14.0
3745.205947594829,12.0
-5959.504952518336,22.0
11381.986633182374,24.0
-3174.720565017204,16.0
21864.91338534279,22.0
21560.337137737875,13.0
21910.031690306587,23.0
-2480.583424573063,2.0
-6690.461006188954,23.0
10364.222075229838,21.0
-5269.930801498534,2.0
16500.722567894707,3.0
17341.191844798832,12.0
6084.983302038243,23.0
14874.798803847865,10.0
13073.969859904202,23.0
4592.100608854642,9.0
16067.118553037686,2.0
14996.558461278419,5.0
-5493.981369838662,7.0
13282.413706957246,23.0
18679.652262102394,7.0
21383.322865717877,10.0
12793.952524843946,19.0
14240.1236127405,12.0
13597.84610081318,19.0
16536.69453439193,3.0
8765.860425876326,12.0
17302.496039799204,4.0
11936.976773062375,16.0
19125.285058552745,10.0
11743.702278590508,13.0
8077.346425802847,21.0
543.001063671225,18.0
20579.993573892727,2.0
-9516.815142135156,3.0
7408.780771611771,20.0
-7338.309339158059,24.0
13779.607264057144,20.0
15025.24469332898,1.0
18797.848373685385,21.0
2816.7265652542665,13.0
6915.251453791091,19.0
22524.368893156032,14.0
17405.56963668079,17.0
-1702.900218182629,1.0
15350.616403885815,22.0
1693.5251232992878,8.0
5289.6181060459185,8.0
9964.215904891891,4.0
15655.176582056596,10.0
-7976.259704017433,6.0
-6528.332709147728,23.0
18192.43727771492,1.0
3436.902125555922,18.0
20757.52314291689,14.0
18116.36001170434,8.0
14844.840718117943,19.0
5904.617780932573,16.0
5160.210920379754,19.0
-8393.854103662597,2.0
18103.105807743053,10.0
17688.132435578154,0.0
10115.904345092884,16.0
16175.758331746942,2.0
10655.994556523656,23.0
12734.979635201418,12.0
12396.515649788571,20.0
5239.750802811435,5.0
-7881.849121757597,14.0
9407.949748130904,2.0
-5894.391762775055,14.0
5505.874120468473,12.0
20680.872550816883,11.0
13322.566466515917,20.0
14094.67541000489,10.0
-11745.961794403962,13.0
14820.12726077398,17.0
-393.38641819385066,7.0
8120.3959626629985,10.0
9741.010677434862,2.0
12359.903522189827,17.0
19492.12985465266,2.0
7831.451035368693,9.0
14393.045282322444,12.0
6523.021678814864,12.0
20134.320774194362,13.0
-4547.046019374587,12.0
15430.467885991291,13.0
217.48138053634102,12.0
4895.866433907653,22.0
-3088.2888994067384,11.0
6937.792913531683,18.0
-1617.200011570335,9.0
-333.0088649852903,19.0
1564.2244910077886,17.0
9177.379201005837,11.0
10000.649356652124,12.0
17859.471006864984,10.0
11856.16006270864,23.0
20401.988623925892,10.0
13476.102265517513,21.0
13520.250852951272,14.0
-7155.743841369856,10.0
-380.3250738230356,11.0
-7186.1286668168,2.0
12354.390750096074,23.0
3436.4721405021664,10.0
15416.983709231266,20.0
15504.601456559065,4.0
13588.227812376785,18.0
7954.953399667289,10.0
-2510.0155467323675,21.0
15565.850940580774,18.0
13505.081365502607,11.0
11989.101300779817,12.0
17223.716352879354,3.0
15857.874134889147,14.0
821.268428343267,20.0
16788.718864427876,15.0
7029.394150414842,23.0
15398.21316484258,17.0
14656.340650944065,11.0
-6320.032300310013,4.0
11568.533637963541,24.0
14960.509768587195,2.0
12630.120449230973,3.0
-5103.521394559009,23.0
-9561.344883682485,7.0
-2795.016081936785,21.0
10669.036896311194,1.0
-86.0585405329457,19.0
-552.6520401922699,20.0
5654.10767723504,19.0
15640.997453086518,15.0
1764.4346725733658,13.0
13515.250076518081,14.0
14383.77921962232,10.0
17437.00268311255,17.0
5041.838892400851,15.0
11700.193153213624,22.0
23280.741481889374,1.0
13430.89599477342,18.0
11832.083711536714,8.0
4524.4228892797255,19.0
10711.313993749132,20.0
18907.26008459061,13.0
11059.888286769186,6.0
-9293.56613907582,17.0
18029.69371449177,8.0
13034.27720493322,14.0
19608.598163034967,20.0
7658.18001525913,7.0
22947.374798509347,6.0
16679.27882929143,18.0
14156.201540232893,7.0
12105.698170827116,14.0
1669.1324086591303,17.0
14817.187946731747,15.0
7462.239123847061,21.0
11919.04519335207,23.0
17986.749187151487,6.0
287.07133789084264,20.0
15744.346946659018,0.0
15000.501354259643,14.0
9495.156494258887,17.0
7234.658775924997,21.0
14685.999539185104,15.0
15375.463941545666,14.0
21744.997883367007,0.0
-651.2275741682524,19.0
2333.756382046613,12.0
12944.802667218457,3.0
4297.375265861036,23.0
5222.3211137397175,16.0
16098.681259703053,0.0
23233.671647870367,15.0
434.2475134007891,21.0
8243.317933246013,24.0
20685.48964905952,20.0
9409.575063519602,1.0
5229.7298107034785,24.0
13157.524655087864,21.0
-9995.582871078695,16.0
9829.651346115077,22.0
3693.664669733374,23.0
-2212.955881560968,19.0
5810.540207288163,22.0
5298.824468442144,23.0
18150.850441509236,15.0
-7753.151738823804,22.0
4105.446993159208,0.0
-249.8403690928883,8.0
-7989.081135572742,13.0
14154.860880773958,20.0
21323.347946572692,21.0
17355.66965447552,17.0
18228.023564446434,15.0
14872.168025566896,16.0
22619.391643294002,7.0
11042.009276307588,5.0
12016.148236801331,17.0
15350.145446961482,10.0
13157.93764982645,12.0
-6274.395046715084,5.0
12244.514072264954,0.0
-9831.828520581015,19.0
-7192.003772597094,6.0
-1414.5831751879816,20.0
13059.670754200786,3.0
13346.600972568394,23.0
7828.7780828462,9.0
9166.368837582355,11.0
21407.867679340725,12.0
13247.472479091964,23.0
10560.438427612691,20.0
21072.761075053986,18.0
19962.968091568975,23.0
17981.861443667556,6.0
-360.14795531533537,6.0
7120.171756016199,15.0
8931.438036285344,14.0
12482.04052104363,22.0
17949.61651157681,20.0
17820.443749049435,11.0
16113.887296700592,24.0
5976.933399379204,17.0
-1656.1505977601778,16.0
22610.02388114594,16.0
-8280.217702259924,9.0
16292.799555809426,1.0
6187.934382936898,22.0
10613.13357147668,23.0
18424.186005865457,5.0
21860.665489945313,23.0
7036.353535324255,19.0
5178.045714980618,18.0
-2853.2388377650486,18.0
17563.33165942985,10.0
11451.165579823686,4.0
4533.61634122273,21.0
-11004.797344242757,9.0
1535.9352675184418,13.0
-7850.767524243407,10.0
13736.488513261922,19.0
12133.75753900989,23.0
15464.728625236821,9.0
16763.948225897424,9.0
17262.439939423683,5.0
13860.52578068052,16.0
9868.871516833395,15.0
10627.121261646029,2.0
13133.828270818653,19.0
17262.188332269838,15.0
15768.40351381244,5.0
-414.8151481949635,23.0
-3448.4012194022444,17.0
18869.49713722086,6.0
2300.0370815164056,14.0
17035.826809918144,5.0
10952.634908096057,24.0
8777.41632091527,23.0
-2906.426046203362,15.0
10789.54805899988,17.0
-10826.10025166205,14.0
20829.69619084507,7.0
15204.564876317423,12.0
2710.5291953133315,2.0
3908.7153545663105,18.0
18104.673032960203,7.0
18328.036234061656,19.0
18311.35920343003,11.0
-510.1527296862396,2.0
22471.28577282129,13.0
10046.51486081312,4.0
1867.200017867718,18.0
-2216.483250675463,8.0
16210.539587915031,5.0
17142.828301015095,20.0
15962.94760914981,22.0
12283.869034375723,17.0
-10386.78286694126,3.0
9070.78160738401,20.0
2214.9775360300073,4.0
22224.796276200592,15.0
16594.96713154941,8.0
5945.75782351264,18.0
-1484.9828857780699,2.0
23408.280544437395,5.0
10912.98518375729,14.0
20068.008352491495,24.0
8500.321458222796,9.0
11062.911109419156,20.0
4942.054662392535,23.0
9557.299060601428,11.0
12621.603246152936,4.0
4842.710835251898,17.0
3795.942105985537,15.0
16887.391816555883,24.0
17166.94861468143,11.0
12048.697952772927,3.0
14597.46323103264,24.0
11347.067074989822,14.0
9628.586464539301,15.0
14304.62915581573,15.0
9355.062236441678,6.0
864.9733622623437,12.0
11430.331398841121,16.0
5256.085649722174,15.0
351.16936780637616,18.0
13738.33156966525,6.0
14021.747523651775,14.0
108.60460272507044,11.0
5281.221926358652,4.0
-990.3489691866944,13.0
8203.74814644934,10.0
5061.621938904592,17.0
-269.1335904494322,6.0
18435.00521760751,21.0
13764.371727412707,20.0
4151.810229951212,10.0
3711.5746191191306,1.0
-3371.9166863995288,22.0
6423.931394047866,19.0
18355.35000440271,22.0
18223.29620742959,8.0
13314.039721240319,19.0
-2124.7065923295177,12.0
18155.071087201348,24.0
4092.8940672296085,1.0
11502.470292755454,11.0
16899.371372960883,17.0
14284.53884346117,10.0
16990.23780189223,17.0
16148.730819267934,2.0
5504.604182949544,2.0
7131.14739085972,20.0
2724.091148574904,7.0
-8149.9154159893815,12.0
15066.766985324688,17.0
10033.610369052843,22.0
9117.344225163844,23.0
3746.097385924724,2.0
18314.207656960207,6.0
13647.85880965124,15.0
14968.001438499923,20.0
13738.085987495682,12.0
-5640.877385613994,11.0
21006.041589711942,18.0
23219.280481715334,14.0
12448.759878139244,2.0
7526.261518942709,14.0
5538.440436303083,11.0
2622.253421726854,6.0
16370.982386489584,18.0
9163.729867650809,20.0
-2665.2655212713444,5.0
9796.585701974655,21.0
18682.33337731767,0.0
7710.714504782896,4.0
11796.748558173938,15.0
10578.455279321644,12.0
9550.964266645884,15.0
14473.326273115727,5.0
15422.368349709708,7.0
4474.601283684866,14.0
4050.5078043614303,21.0
10693.026897793181,6.0
14828.973899720397,4.0
18455.827435078005,20.0
-9778.502863425321,10.0
8920.7844657438,21.0
18721.600911099293,9.0
-8239.13805871872,8.0
-3486.6796979076453,7.0
16712.05617357998,8.0
-8161.054337868117,1.0
17193.020467875896,18.0
12653.267029357212,14.0
-4048.206699071731,19.0
6065.303826065416,17.0
17455.675891976673,6.0
14763.711297840186,6.0
8803.982199532915,8.0
17180.51942235444,11.0
17584.743388925264,11.0
6959.865768927191,14.0
16420.413750026855,4.0
16742.281895288146,11.0
12772.073493922497,20.0
12258.610894275822,21.0
-6349.150786883247,2.0
-6716.480227404092,1.0
8451.959292769314,19.0
17707.07192787851,5.0
1.4052440701852902,18.0
9203.291682441522,10.0
5020.103256047443,22.0
10845.304954792291,8.0
12172.472532805143,10.0
16924.587221999587,10.0
9626.550340788206,10.0
13433.590210739654,1.0
8257.937062546729,6.0
15896.166055300964,2.0
16464.0856522119,11.0
7478.644777141372,2.0
16685.04079749343,17.0
16442.10685688202,5.0
14770.293529756495,5.0
13191.279858832437,6.0
11210.603681378096,4.0
15843.507108761241,14.0
-7252.424555737696,5.0
13299.22077028042,20.0
-395.47578829802956,18.0
17364.393888340244,9.0
19926.92606512816,22.0
-4793.856312381765,15.0
-1344.8645845450565,18.0
-3514.340108920479,7.0
16492.8722049081,4.0
19799.982091712292,4.0
20686.123708438947,17.0
-211.81019952675797,4.0
19112.854224736646,1.0
12567.717546392134,21.0
17796.10141979062,2.0
10947.970477447758,2.0
15044.165944043796,16.0
13208.89555493525,8.0
13568.1975755005,5.0
13770.048429340324,3.0
14736.865498717645,16.0
16488.903162352355,16.0
7365.105740608367,3.0
12810.564990750052,10.0
-5471.481966398847,4.0
14668.787288648422,0.0
-7905.069928864987,16.0
-6948.888453280858,15.0
3340.851806461266,9.0
5162.599714171532,9.0
11083.629183011479,10.0
23068.17337336189,7.0
16670.605566793525,21.0
11943.370449351372,9.0
10221.664497303673,3.0
4346.093334938294,9.0
9603.62221669577,15.0
4048.1443807839814,6.0
-1183.84537040343,22.0
14579.820301924672,7.0
12734.919663904117,14.0
18852.923328937224,2.0
1361.9618044561007,16.0
6571.1995639510005,23.0
-1265.8970731645745,15.0
17562.1756610942,15.0
12779.60215567983,22.0
17971.91501861641,18.0
15784.577778642113,21.0
4326.876000003202,2.0
14679.284722895667,2.0
11689.086963652366,6.0
9709.112991503413,3.0
-2844.6595360522933,7.0
5437.810923893441,22.0
22758.912204693137,8.0
16870.407352202583,14.0
1034.8348276695237,11.0
18218.235537267145,3.0
14899.140110835324,4.0
19337.38486328114,13.0
15391.736746678967,15.0
13411.426991037282,24.0
14510.873165138148,24.0
8368.308229655911,6.0
15850.683806307943,6.0
16691.750817789427,2.0
646.8647345924946,0.0
15258.026892464688,24.0
11807.560189343192,1.0
15626.777300216798,8.0
4945.498721262852,1.0
10875.732785336646,8.0
7692.708458766414,21.0
16780.44944287436,7.0
11624.341163003708,6.0
15788.583574556462,23.0
-5775.671297142011,22.0
-1754.4856538958306,5.0
11475.133194766642,2.0
14839.586486559401,20.0
16690.34749247448,23.0
13094.83583076194,3.0
19023.691105258447,4.0
5711.606140916988,5.0
4557.254220171865,12.0
24087.57648859032,13.0
-2781.9014394560927,5.0
-10928.281833303203,13.0
446.7294599064378,0.0
12460.126935047434,13.0
15295.767385339655,11.0
2012.3314426900279,13.0
4645.803738866371,10.0
-1690.124563608135,2.0
11588.310215651089,1.0
6517.481602587628,4.0
-2394.9453725500143,11.0
-2453.074322957172,4.0
9159.675814980868,2.0
12455.408213317955,9.0
17276.087088431977,20.0
21846.300540360735,22.0
11108.817489727273,10.0
11150.469114938202,0.0
3168.730102734103,3.0
-6725.144916936872,4.0
-7647.790297806892,3.0
5969.916653087674,24.0
11478.151233939267,13.0
12698.08561315313,14.0
3636.3420848352416,9.0
8576.673002739413,12.0
4172.437602006874,8.0
-1126.7629559723073,24.0
17233.70838499144,21.0
8807.90859792025,15.0
2603.1127658801424,18.0
21969.091201482213,6.0
3909.3509678632704,1.0
18667.260548002843,23.0
10803.955218094523,18.0
15922.59245496147,3.0
-9318.685439550483,13.0
-5202.791506878379,17.0
7377.903547053465,3.0
-428.3458708097453,23.0
10224.242185958481,10.0
18743.1567947028,8.0
16902.862780826894,9.0
-3320.337108424399,10.0
3730.883188828152,11.0
-9287.401259499133,20.0
10853.118554780069,2.0
13252.304290995258,19.0
6830.6381046282695,3.0
-332.57305831263056,18.0
9253.110929177066,17.0
13251.553237870898,2.0
3714.7258089583056,9.0
7514.29938412672,3.0
-5302.474674647167,23.0
3706.229187088955,3.0
1659.603684570407,21.0
8844.566347138878,16.0
4368.372026369851,6.0
13478.87507179844,13.0
-5026.672324345911,22.0
4323.478802209686,13.0
16060.987559529804,16.0
13705.295667754592,17.0
15718.632184591215,3.0
-1462.0434349398602,13.0
-2938.0298320876695,14.0
4635.484904746342,6.0
15917.059888732558,14.0
11396.245635462321,16.0
18241.112536571785,11.0
13179.587327591127,15.0
12110.806385773849,15.0
-8495.121229223343,9.0
15898.380853743613,5.0
7547.662143963599,6.0
14060.932328690104,6.0
5565.8750663601895,3.0
-3269.9090071120163,2.0
9015.43252759497,21.0
11395.61825448581,22.0
14041.00305880722,18.0
14810.055323862729,8.0
769.1036179615999,12.0
18811.995397607046,6.0
6988.076183369023,2.0
637.5339872553568,5.0
23218.349533369466,3.0
15247.906184687054,24.0
12948.424898082962,18.0
730.7029797397986,21.0
1740.563564033927,1.0
3597.0576997115177,18.0
14484.793516634878,3.0
-5732.0667408932695,21.0
10247.585204399133,8.0
9047.787397514237,5.0
21738.65195443123,19.0
15051.099093537794,3.0
-2689.453877638096,17.0
20776.08384719596,9.0
3619.866597876715,15.0
15207.449607408662,11.0
3411.1292422793445,18.0
15187.421248820243,5.0
11563.640248429678,18.0
-7313.833830931999,15.0
-4082.2647001376135,18.0
5798.9451167491225,19.0
3445.7455507968884,5.0
18154.514533631642,19.0
6000.215887835738,3.0
17783.61281326402,11.0
15717.225177178028,5.0
20895.649016926487,17.0
-5612.179171713255,19.0
18368.715922023388,14.0
8373.780343782848,5.0
-752.9072541127648,20.0
7798.118315091578,5.0
17885.376104727915,22.0
11653.123514311857,20.0
-542.0713928309428,23.0
-355.59911328610406,2.0
14462.887168135288,11.0
2568.085413370057,1.0
8453.452252181321,13.0
2585.057353541447,15.0
14507.031607147776,6.0
17093.170675042544,1.0
12461.626428634087,19.0
9549.180285446433,7.0
23123.789948001813,6.0
-10107.923794694609,15.0
20370.830386708185,1.0
13883.096787365143,9.0
22224.72924884868,17.0
-7559.171537070007,4.0
-3265.2514532531395,14.0
-7600.1466250948,6.0
-1934.7365643338217,14.0
11716.334972657587,0.0
12935.67827367437,10.0
18760.17136252523,10.0
11067.629577332258,1.0
10642.448248425335,11.0
-8447.12630446811,20.0
17662.954147899283,10.0
15534.921440582812,1.0
12292.652595347085,11.0
11264.752038327986,1.0
14040.687102328013,5.0
9528.721526579458,8.0
13423.277425532606,1.0
10221.845535362274,2.0
15763.794955442077,19.0
15305.558150673729,10.0
2515.80651324912,21.0
12719.468788854672,12.0
5250.002132310767,10.0
10525.687026051452,6.0
21705.624068527744,17.0
4552.0387673155865,11.0
7161.5808049725365,2.0
12932.003499869588,4.0
14350.290418342152,1.0
13857.946094319892,24.0
3665.0768756176476,16.0
14325.129152953928,22.0
12874.038824423606,0.0
4037.3005361340693,19.0
17082.671665783644,13.0
19436.197685843385,3.0
19140.873373874296,24.0
15880.54565185423,19.0
14101.155016038592,9.0
9305.053112957054,21.0
11008.033712102066,9.0
17117.6762282189,8.0
10198.632551953833,1.0
6624.745395758327,17.0
10862.459414016379,7.0
21522.664197855287,15.0
15801.295881845148,11.0
8825.650337562369,9.0
11853.41540212152,20.0
12850.489766579609,6.0
11823.78744436248,6.0
-424.26109364835884,15.0
-9847.98624420632,7.0
946.208363144818,11.0
589.2207070259578,4.0
-603.107303729922,24.0
10703.22146170814,20.0
1198.2408653291832,19.0
-72.56590114566325,12.0
9444.202827079678,5.0
-6506.711125961012,14.0
17347.314504621685,12.0
-4804.469282235178,16.0
-7163.52709520857,19.0
10149.922248378567,2.0
12460.748009594992,6.0
15760.054345988461,0.0
20420.571501483562,19.0
14357.00809964523,17.0
16922.88987915493,3.0
14697.72629188156,5.0
3302.4632163981205,22.0
9998.153845988463,6.0
16772.62565529113,19.0
-854.0588909937637,4.0
20003.79958893526,2.0
12199.86535375615,3.0
-4804.00061530953,15.0
7564.651143538222,6.0
12519.527946514048,3.0
12946.917950453802,7.0
7748.392855740785,17.0
3126.474666436522,21.0
10754.490397301402,12.0
6330.119942412697,16.0
-9976.771468539218,10.0
-287.7958488633676,3.0
14973.519536364192,24.0
16348.150590792335,4.0
15453.630863072152,11.0
1967.2379616245075,6.0
8345.862523508542,16.0
10460.430925427434,10.0
13048.74499677546,1.0
15034.45763539121,11.0
-9052.334089107226,17.0
14818.16417890567,13.0
19459.829709865196,0.0
4720.317135027946,1.0
15180.108486292957,2.0
-6901.683115839593,20.0
16980.574790165218,21.0
4833.085169458082,24.0
15344.54241101753,17.0
18152.557735140075,4.0
12514.49367033782,23.0
17163.934032674457,9.0
-301.1321017326118,7.0
941.7210224775056,8.0
14502.594947638643,5.0
20172.75001666843,10.0
21757.399798841474,8.0
10449.736758926683,19.0
18189.176005939913,16.0
-3789.5372029209498,18.0
2781.4710870845206,13.0
6207.4427861965505,0.0
14528.092801066123,9.0
6139.382815596112,20.0
10327.689078762061,23.0
3175.424212116086,19.0
16947.245426929123,15.0
10537.67400585991,16.0
13539.273889411072,14.0
2853.6917367356273,11.0
-2979.4697012836136,2.0
21435.076247492525,8.0
-6248.893085483595,19.0
17989.193731064395,14.0
9722.230836859759,15.0
18798.04646755413,19.0
12828.702890143977,8.0
19877.957669745043,16.0
12927.623255700375,6.0
4117.947687747014,7.0
4675.432433207841,9.0
-11494.150641721453,21.0
13097.20280811471,2.0
11815.609055106095,4.0
-6142.77080136294,24.0
5461.136343936032,17.0
14956.841484915325,4.0
9198.978843039462,22.0
10052.918209786776,3.0
-3617.2072404068745,21.0
20237.14304036454,22.0
1138.08141675564,23.0
16084.239112971516,1.0
22174.603614207954,2.0
13969.330011114478,15.0
-6964.681860496716,21.0
10724.141252185422,4.0
7166.945490955324,8.0
3738.4590549910617,1.0
14051.970740384104,12.0
5529.312964990663,24.0
18548.81248692605,3.0
-3343.054255522936,19.0
8875.456827906444,21.0
-6861.8897056301375,16.0
16804.44702199845,4.0
2936.618902149793,9.0
19351.373317494883,12.0
7199.9241403302785,1.0
11192.484796702065,18.0
18123.933650503815,2.0
17320.31278329347,4.0
13970.514763571831,16.0
3068.890238622012,11.0
-7011.641816957332,22.0
17625.280659180193,16.0
11834.852030940237,8.0
4398.918510839461,19.0
3090.877888546513,16.0
5312.000517398941,1.0
15854.086894649477,5.0
15407.63471914025,0.0
12831.956435575605,5.0
10449.07419223369,20.0
-2464.500384491872,4.0
-4936.881115672011,4.0
15234.44682946966,24.0
7944.592641037087,21.0
22729.050548261417,23.0
7542.777801591109,14.0
14137.565163494653,9.0
8664.812186253359,19.0
20490.370869693135,11.0
7791.965121792837,7.0
20047.294600779493,7.0
15943.496697247634,2.0
13242.932578703034,2.0
21782.38339263466,19.0
10191.05437583917,7.0
9025.409605538327,16.0
-8798.903598978279,14.0
13636.8001891959,21.0
16880.977506367668,16.0
13512.371019295399,23.0
12061.19160920225,1.0
1640.0113350456577,10.0
-3438.0695166790288,13.0
16539.625711856086,1.0
7829.814005731259,6.0
13701.376335027142,20.0
16900.382696918627,14.0
-8874.240652719065,19.0
-1470.1304767601002,10.0
1064.612450640826,6.0
3843.710908047591,16.0
16335.575774977453,3.0
10363.942558215716,21.0
22859.901865731772,6.0
-3735.2527502042676,23.0
2531.85268460729,9.0
4681.102407821458,8.0
14938.94825016251,23.0
-6132.502661830671,12.0
-6063.925581552782,23.0
16751.56990344962,6.0
-5757.842406056717,8.0
-4733.589856242138,22.0
-9038.31862819193,5.0
18290.555988649707,21.0
1832.5386553238727,23.0
-3370.3767402732387,19.0
15810.69479355076,13.0
7970.154189085033,8.0
-5005.293709129789,12.0
8371.02842997417,17.0
8551.64574242131,23.0
6932.711608586615,15.0
12390.303017722828,14.0
14162.661660117083,16.0
14614.405598027082,21.0
412.34107705913556,13.0
10114.104028559335,13.0
14672.613540655697,9.0
21159.6374222436,17.0
7899.247882994351,0.0
5435.384375255441,5.0
8438.540879642067,3.0
-7201.349227202486,18.0
22373.206980355975,17.0
-973.1305932770338,18.0
-258.0561356502103,24.0
17651.41612692595,1.0
15035.81920887259,6.0
5998.285466608811,20.0
13926.079629372602,21.0
22413.35926949605,19.0
3659.3401437754974,22.0
10749.526178601514,14.0
3956.4513522340744,6.0
22249.451342030658,16.0
2878.769416846253,23.0
10944.995908424255,9.0
14283.115871611008,14.0
14805.28493840566,5.0
13819.386631711237,15.0
11697.009703807009,22.0
9192.952269993415,7.0
-2978.8648593145585,21.0
6426.07269897509,1.0
-10381.208355219442,22.0
5028.497775284778,16.0
2798.107200588459,15.0
-2850.511965873154,13.0
14320.883441457721,0.0
10604.640580560803,23.0
16597.450700024965,23.0
16354.598734932712,13.0
10848.446689513159,17.0
10912.923458678491,22.0
9484.074891182685,2.0
6989.617781524944,22.0
18763.573671403698,16.0
3574.7253462651806,5.0
6721.533526214246,15.0
20804.422606026157,5.0
-4812.774844743107,15.0
15158.533956887712,7.0
-4348.033092351392,16.0
13320.059922741722,22.0
6979.880121144637,7.0
14370.587386721078,12.0
10934.727686550166,4.0
-10030.868159212734,10.0
14076.937386222668,20.0
12216.183985633612,22.0
14337.421444300106,4.0
17343.86474530675,22.0
16855.224559027185,4.0
21876.287381623133,16.0
2085.379055014241,3.0
12443.957973979574,22.0
10555.017994882197,12.0
-1538.8398398278114,0.0
-987.5356703909893,11.0
15168.952610200775,20.0
4680.428125225376,9.0
14489.405929648658,6.0
17324.162630180926,21.0
14294.85429213584,1.0
17189.188131263403,1.0
-9721.937027523478,18.0
15385.305613742754,14.0
4805.189431214056,9.0
7828.467242409417,22.0
13304.568929380184,13.0
15012.642504488433,10.0
14369.671941624249,20.0
13741.220745512443,12.0
305.9007559001643,18.0
8265.007243190768,6.0
-7064.6852977276285,17.0
13722.991100384883,10.0
-3471.1439112841713,9.0
9906.964474646631,6.0
5832.470288331647,18.0
12355.256065228954,14.0
9559.66318662955,18.0
18130.263243015226,16.0
-6021.2838817925785,4.0
16681.39831831113,23.0
10531.760809216194,3.0
17224.506896856852,22.0
14931.643071455415,6.0
20344.428672839516,15.0
10482.260218630656,17.0
-305.75965262263344,11.0
6860.872543021873,21.0
12080.012256405433,13.0
16122.821066984157,15.0
14787.701648449483,15.0
20835.590526124255,8.0
-10878.870706468733,10.0
15602.35947693085,23.0
-11535.50052904589,19.0
13703.392201780089,17.0
6288.7025252599215,7.0
11395.159456344156,7.0
19148.19380508965,4.0
16859.446251579706,18.0
16284.396568709344,23.0
269.35071836392035,6.0
-915.172963340728,1.0
9563.726385926737,8.0
4149.9131627314,23.0
10094.472947460315,10.0
9939.283096849973,1.0
17628.663833554823,10.0
21745.720116558507,19.0
13279.647119705289,21.0
13254.166715814878,4.0
-3293.39149743452,3.0
12877.106282680612,12.0
4374.1871450713425,10.0
3246.877732239787,1.0
9294.00363756852,24.0
18104.536465240642,18.0
21586.916947207872,12.0
15790.685355651502,13.0
8910.132019516685,11.0
1902.8927114197122,1.0
-6677.638199354957,11.0
18066.16948081422,13.0
16050.458039691901,11.0
9255.316520084278,10.0
6148.55248807673,11.0
-4475.104175093953,23.0
17647.182241214636,19.0
10570.86480483098,3.0
18580.099378461142,24.0
7913.344469149726,22.0
14266.855856221726,4.0
16460.749482271,10.0
9179.81691298152,8.0
15583.608428700427,15.0
11231.99965142067,6.0
5635.59798020874,12.0
6156.415144888311,9.0
4452.701865903124,20.0
4790.147818044351,21.0
10715.081006734496,16.0
9690.761917332156,17.0
17264.309029032785,19.0
8610.640543572998,14.0
-3972.917006984856,16.0
13085.298896669,12.0
13997.838123273646,6.0
16369.802833227413,21.0
6785.654254521356,15.0
-1378.0823445136957,10.0
15237.986913090872,23.0
10545.124316025967,1.0
1359.3776997423693,8.0
1862.0918274528667,20.0
6777.017881172005,23.0
11411.164958417032,11.0
-6684.611866554718,7.0
7041.9374457951835,4.0
2621.1518625253098,0.0
15381.140427691076,7.0
-1934.5207405618276,20.0
-68.36460553240067,10.0
7741.006113822541,1.0
17362.289409481204,10.0
-4982.628859525132,18.0
-10394.511464448584,21.0
-711.6405226726556,14.0
6689.042042541733,21.0
12219.205575563568,8.0
16151.48080581786,19.0
9683.056831326227,19.0
-25.47304202282521,5.0
14139.305833978937,4.0
6250.908456308467,18.0
9615.316186929726,17.0
3017.70573201994,3.0
-2253.387459344481,6.0
7088.768736432679,3.0
16815.168422951763,5.0
15178.239238387854,11.0
14082.591385835245,13.0
14629.195548433056,12.0
14504.040996377274,8.0
13853.871212085038,23.0
20284.3557668468,3.0
5789.317789240689,3.0
-240.18088655693282,14.0
14169.616062817644,6.0
13455.136541854532,8.0
8625.714027740647,21.0
4159.515130667796,1.0
-2842.501451538721,16.0
14587.366763573655,3.0
10494.015378740583,16.0
13253.191757983517,3.0
19926.590102962127,18.0
1443.7485495792334,15.0
4229.066414385679,8.0
6688.069542305111,14.0
-6405.964084207668,21.0
19046.33211020618,14.0
17264.587073803257,19.0
19539.54086855895,15.0
14669.910944957479,24.0
18512.805650655846,20.0
18237.089225995096,9.0
-2135.021218188359,22.0
11704.196842849218,9.0
7655.980178289046,7.0
10325.457311502245,8.0
18008.858585300306,4.0
12046.713388579385,1.0
12868.51212591062,20.0
14448.667856955519,10.0
4163.063897299926,13.0
18383.600144832606,19.0
17405.421051306745,23.0
20837.14148189367,9.0
16293.863527775935,21.0
12473.319986557783,23.0
10614.622338376328,11.0
18129.495581474213,14.0
10598.57666672345,6.0
8423.687768561284,24.0
-5693.337596371301,0.0
15361.624040231136,6.0
564.6782974994467,24.0
22378.722831460458,12.0
-5201.3659414151125,6.0
13577.136312539144,7.0
15556.008280669972,16.0
2.7445046725792963,5.0
19273.34186140987,19.0
-1624.1388031112467,10.0
10008.581868286272,22.0
11240.469782468148,22.0
14897.49288650404,0.0
-4359.872112634285,4.0
-10210.074478178036,11.0
-4916.502906595286,0.0
-876.6273227763504,16.0
11068.085537015435,14.0
15231.945877377157,12.0
6186.575997529381,0.0
-5516.033252852455,19.0
15682.315984870824,12.0
5706.166906287428,7.0
9639.019037960014,8.0
15359.293846367336,21.0
17635.987947759822,14.0
-4674.758488044638,6.0
16671.212340728238,3.0
22643.47036870729,19.0
6834.334946894547,23.0
11624.813415149736,15.0
-1312.9301699505759,18.0
6184.600625941271,9.0
522.577917446024,23.0
15368.462015250705,19.0
10065.397589432061,18.0
-3782.367512936942,17.0
16979.655474978525,19.0
15449.43743096502,6.0
13694.973247700571,11.0
14833.311809545881,2.0
19458.462141409633,6.0
7715.520224410695,18.0
-2278.470294232008,22.0
13688.56838176408,10.0
16628.255676409593,19.0
13783.727028554295,17.0
16927.686604055467,24.0
-8485.774929558998,2.0
1929.4433046779477,6.0
8678.493668695855,13.0
8445.299553861172,18.0
5922.868437213818,18.0
14524.00826825367,14.0
16588.29298532127,19.0
-736.221698507667,0.0
7277.005786489325,22.0
20863.476949223063,16.0
-2825.2245889241776,0.0
14483.08444146598,16.0
11939.396929682513,23.0
10990.45911420936,4.0
15076.996418452025,17.0
20260.586396895174,1.0
18243.173685573263,15.0
8877.495758911915,7.0
22808.725189046276,17.0
-5017.63327894264,20.0
16682.05120361767,0.0
14661.012211484249,8.0
13470.780081543948,3.0
22966.5297789654,6.0
8305.29086281716,8.0
10696.295207887935,10.0
11505.903198369135,8.0
-3495.4848467191036,14.0
9276.618779864253,12.0
13638.004673395977,10.0
17781.005732690533,13.0
11272.879119755453,17.0
23419.120477883,20.0
7797.464818621462,5.0
8143.397664066209,5.0
12562.547278992719,9.0
11810.954979436912,2.0
13670.225084104964,5.0
5169.92261636436,12.0
-1533.5376628326858,1.0
14154.129779510324,24.0
13786.833342480313,2.0
-5391.05092678789,23.0
13059.234691041207,7.0
15151.262343450035,0.0
21534.057243336127,18.0
15807.127973619026,4.0
14948.385611771078,21.0
6413.4810714102005,0.0
16001.935315596824,12.0
15274.678765377395,22.0
13480.65198871705,20.0
14462.731408034095,10.0
-8648.720716841744,15.0
15129.978738609108,7.0
1271.843464823739,18.0
3347.0652363994195,9.0
2872.6998545754177,5.0
8100.090901593265,3.0
1189.3952822250822,24.0
17400.60897674134,1.0
9804.613435542886,15.0
15397.424886397017,8.0
16724.96700826333,16.0
-139.62123265874015,10.0
14139.026375909632,22.0
10009.340595610765,8.0
1788.6454190890706,10.0
-2562.7484472376987,3.0
-2313.8573894235806,5.0
15308.20613324223,22.0
5951.932509806249,22.0
12883.588158478928,6.0
13919.29998621861,16.0
-2357.2596765702765,1.0
16123.401893022376,18.0
-287.0968890422041,16.0
13668.08674275044,5.0
4196.216257351479,15.0
7961.829196005638,0.0
-1286.3072451159978,5.0
-8181.34218070174,6.0
8387.281772509305,7.0
605.4863819663424,8.0
10850.387880356466,23.0
5446.775274353269,9.0
17044.42864114456,5.0
10263.927906650986,14.0
15283.430525767399,1.0
23295.405248612777,22.0
15552.890550430493,6.0
-435.3002448110642,10.0
6995.616388747643,11.0
19523.762139968483,12.0
-9780.243483380315,19.0
-6323.891258902702,3.0
13321.606342854546,13.0
16269.694839042915,16.0
5442.247212142026,15.0
6348.943338767107,18.0
13626.072755569861,11.0
11390.502585907898,19.0
-1280.8055238100449,7.0
15698.95967962062,2.0
12618.44444079959,10.0
11818.881395332737,1.0
5281.098467287966,11.0
1097.057187801422,20.0
-2408.3905144675073,20.0
-2334.508220820456,5.0
10896.500360911425,0.0
15627.054766059742,9.0
3354.630132308385,2.0
12703.746786492218,6.0
21644.83803041889,23.0
395.7180994547616,20.0
69.72069152623408,24.0
2242.1694913990955,14.0
-9177.033130904214,0.0
21991.61211432581,1.0
11916.685663614044,16.0
1130.0814303186667,24.0
7222.2434075606025,0.0
2229.4133803972168,21.0
16151.964423361867,10.0
16332.46706877429,20.0
15539.443500699152,19.0
10532.17573391887,17.0
-2450.4253091643345,18.0
11900.031659311613,13.0
-11826.029123015858,1.0
17079.22546500119,3.0
3663.6036554273337,3.0
17701.63092131515,13.0
22310.56531734321,2.0
-962.058853087402,11.0
14045.147791496409,17.0
1475.8652289588172,22.0
11208.250189000782,8.0
10747.31151515265,15.0
14255.626810726983,16.0
14971.15110426036,11.0
-10432.801040823091,17.0
15575.328099152903,13.0
18294.573078624195,8.0
8133.991201861554,12.0
1336.178070101057,16.0
2324.9343771037934,23.0
17698.898089729773,20.0
7078.868209309512,5.0
11949.826490857864,17.0
20706.125588440704,22.0
-1156.6978316034124,9.0
2413.8626697212176,9.0
13776.155504365966,20.0
-7754.578701148488,9.0
22295.641446117348,18.0
8940.942836945484,23.0
2307.1497203595136,15.0
4634.747633142477,19.0
11957.120637508373,7.0
10375.987554801442,24.0
4963.692656996225,13.0
9831.85342430942,14.0
7804.562796417918,1.0
10272.832158128782,7.0
13476.729022406562,17.0
3649.358174207518,4.0
-2816.6132613807717,19.0
8896.446299539952,5.0
7208.629341463156,10.0
16805.37685043247,3.0
16877.439433059815,15.0
-878.1527765731657,24.0
15182.652652402676,1.0
9424.357090682179,11.0
-1075.70907249398,19.0
11674.435215615038,17.0
-11709.69354060582,0.0
15808.373199664065,21.0
19136.43410345113,19.0
10358.658199759317,19.0
1817.9850228387854,18.0
10392.97696322146,9.0
14983.978923540973,5.0
6186.807363335125,12.0
21447.961199789042,5.0
13001.478626560276,23.0
3403.8446070360624,12.0
11370.74192351294,20.0
8550.138701499574,17.0
22558.273648897026,7.0
12512.540661383104,4.0
-615.3926417581933,1.0
23084.0388351778,8.0
18022.81533137242,15.0
8979.204468788026,14.0
-7222.853143094719,12.0
21034.250928387966,15.0
852.3911640738498,23.0
-13503.759452598337,5.0
-11474.72078864641,13.0
13759.589791826238,17.0
3159.381230614749,16.0
-7603.3129429516075,5.0
876.1743907282016,14.0
21685.309724600353,22.0
16203.546805841088,22.0
8347.131866469173,18.0
15775.198646373861,6.0
-5556.492920530843,22.0
14501.29687486586,4.0
1969.371120913386,14.0
14975.932236487404,6.0
-10577.757015523293,20.0
-5004.215206414068,17.0
21400.728922096914,7.0
12280.104687803941,2.0
15034.34803713328,15.0
15518.672179109833,22.0
14683.156440380142,7.0
13716.404573540136,14.0
5422.439908282907,15.0
15839.053160373125,12.0
15214.926275858183,4.0
10150.400251041676,19.0
7525.283901049541,9.0
14364.81870199864,12.0
2054.8867515714583,2.0
14916.400714327217,22.0
-7127.231715906123,1.0
-7231.638837315695,21.0
6063.40194619628,22.0
14076.744034340845,13.0
20527.12621554476,8.0
17191.12506351078,18.0
17002.721045013666,20.0
14576.052852913988,23.0
17585.317769415065,18.0
6601.565253633902,13.0
8180.23465389386,21.0
11860.114447585656,13.0
-1953.3933490273284,22.0
22034.934285445037,20.0
12948.481092579503,23.0
-8927.251871178381,17.0
8130.373694319453,16.0
-3071.7516517252143,22.0
18000.507779562446,6.0
14142.097082269906,3.0
4883.146663213925,13.0
-1482.0147740466102,4.0
13877.88661282052,0.0
910.6211281328715,4.0
15516.18613093424,1.0
4448.884183647999,19.0
3417.642966553033,1.0
12278.04251522258,10.0
15558.758972189338,23.0
13479.475461621714,19.0
13194.635702148196,15.0
7623.787063481612,6.0
3221.718262031488,17.0
-11506.49783394693,10.0
13179.505492248134,10.0
18704.30894594567,18.0
10582.440566708938,3.0
5547.719276634698,3.0
16115.459182956281,20.0
17615.879610988603,18.0
10273.604687693467,19.0
8214.87039952707,11.0
5488.712518033867,4.0
12805.315516769111,3.0
14305.834952610896,10.0
3250.1928031176103,20.0
13867.598238223849,15.0
5704.748164594497,23.0
11454.460908767927,24.0
-12217.55374889592,16.0
14941.423975875383,9.0
-3198.26140623548,10.0
-9397.382452557335,22.0
-1454.9608005269142,17.0
15484.69804815141,21.0
20696.578218669743,5.0
12325.445033347365,7.0
14936.314636518242,4.0
-4775.387841944554,8.0
1977.6496249165803,19.0
-11293.719550913955,22.0
12365.089148642915,22.0
16143.081958319557,0.0
-10778.288010406353,8.0
14039.345572184664,20.0
23832.381027829375,6.0
9696.258239438797,21.0
3460.62577455317,15.0
12803.700845647842,1.0
2340.6851460633084,14.0
6929.363459151666,11.0
-974.0694709391943,8.0
14528.226255621748,3.0
12709.610486116679,11.0
9813.3282348149,1.0
150.95720997339504,23.0
12061.336326630122,16.0
7386.668942957548,4.0
16957.98015343897,10.0
21588.250690360244,1.0
9408.566447849318,7.0
10764.234715446131,16.0
10271.672995064995,18.0
-3363.55673243647,4.0
12536.248386685815,7.0
2956.0662717146074,2.0
5437.052350706709,20.0
8412.243146178767,8.0
570.0488863609485,14.0
18100.14363296914,11.0
20011.86368353861,6.0
16510.15881664936,24.0
2401.5433849430906,7.0
14495.71254043834,9.0
12144.377315171168,23.0
13253.016345558783,20.0
2054.641713662059,6.0
5534.286433271385,17.0
8533.133718530193,12.0
4616.063548745592,13.0
6823.855926306995,11.0
14192.955547300819,7.0
9269.800761634884,16.0
20098.37903002207,9.0
6282.355942711053,17.0
7515.645837916383,20.0
-6489.534743979534,11.0
20525.9057444022,21.0
15611.691533417079,11.0
16090.763851661624,23.0
12903.97592270487,18.0
14987.150879105013,6.0
7556.273402970768,19.0
21591.339278068182,24.0
13666.396552683806,5.0
12151.201821154493,13.0
12751.009815343168,5.0
2221.178203271091,9.0
-7352.449655104234,9.0
18826.333306803757,5.0
19186.782862558797,7.0
9990.512976527874,8.0
6076.714091913498,10.0
13867.334759967565,19.0
8691.401134609196,3.0
4586.572983241484,16.0
-12864.977976030243,16.0
1733.4362302085126,24.0
20159.574418476717,8.0
5133.306517043828,21.0
-2362.6243914105826,1.0
-1878.2059883781346,15.0
20589.63014242743,7.0
11248.849239004496,2.0
13060.874601929776,3.0
14650.447003502752,6.0
17648.85769680288,17.0
21993.79990018083,4.0
20096.715132204077,14.0
11262.42184247407,6.0
-6049.47988386742,2.0
647.5495896429338,2.0
15128.35673812515,11.0
10089.618001908206,16.0
-7493.773705330733,5.0
11597.30394997342,8.0
16031.978403513134,5.0
23.88578399317157,4.0
19092.475107125345,11.0
13469.901535943656,10.0
11138.49390963568,6.0
15701.210190650778,16.0
1806.4698140360906,15.0
14514.775113909462,2.0
14253.758098843584,7.0
13886.701894801457,19.0
229.2086408706905,15.0
5770.670197663756,3.0
12745.377302273675,12.0
9456.62562043372,10.0
14409.154347426731,3.0
5881.750220672975,18.0
17930.934592531754,23.0
4961.476889552365,15.0
1770.4688825860585,13.0
21636.218612139368,0.0
13365.838585903273,17.0
14147.901754497943,5.0
13937.028206701896,16.0
-1384.6825843507004,17.0
2540.510194616284,15.0
-2671.37425134264,5.0
15014.465368775684,14.0
19633.712667035517,20.0
3888.8378477874094,13.0
-1737.3472474578657,5.0
-10330.510192428304,18.0
6738.2022186013,17.0
18170.388437417056,24.0
15322.70190621943,9.0
-4770.967978229951,23.0
2411.6469967176517,21.0
6799.753654168964,22.0
5188.160247074051,14.0
6534.598456669052,17.0
14847.19150954668,18.0
12336.006727916698,10.0
11705.242633750564,20.0
8925.589769275091,3.0
14848.51109668973,8.0
-6614.565584844285,20.0
13576.42505397134,24.0
7498.939762927538,20.0
13461.155436511992,3.0
14160.254928794584,4.0
9297.22294141514,22.0
19668.06527570682,20.0
15020.041086283807,22.0
-2764.993233211054,1.0
18415.252082772306,16.0
15041.369403010967,5.0
10962.48553351278,16.0
6639.26838084703,2.0
-1375.725230298507,11.0
3958.174243416496,20.0
20075.884219795335,24.0
15786.112098267648,6.0
16308.033735055033,4.0
14026.546954998663,14.0
1851.88255372704,21.0
13734.849502793908,15.0
2733.7774561132655,8.0
10834.814274929206,20.0
-8778.160011291797,6.0
1728.5471456505206,2.0
-7314.024077701397,16.0
13647.510186573722,19.0
7646.984299635458,8.0
2302.13021902693,17.0
15991.065934074946,17.0
11812.042000260844,17.0
16410.03713162405,12.0
2270.4592718860445,23.0
14360.751443894209,18.0
18547.237853818966,9.0
3787.894052033238,15.0
14007.900493660572,10.0
14837.532191045906,17.0
6887.899704128663,6.0
540.2881535624576,2.0
9562.237492477554,23.0
11502.727931082998,14.0
6916.556447555435,11.0
1126.3490418479316,8.0
19466.88654357788,21.0
15698.487793626846,8.0
14947.936759476026,7.0
7785.33290384413,5.0
62.79457743669491,14.0
16712.716190837033,18.0
22700.935717665845,17.0
14756.96746312327,19.0
9442.878776541362,11.0
14385.30358313999,11.0
4278.372016322297,6.0
9336.389570514175,18.0
14691.860061342448,16.0
-10228.406883819509,13.0
11321.782526978583,23.0
3695.4722911234558,18.0
-11036.759209551874,2.0
13686.078475636517,21.0
8126.891058994936,7.0
13747.704282925371,2.0
14579.59174313115,16.0
6631.57108179299,13.0
4493.672312753364,10.0
15197.666310972532,7.0
2035.6724492671183,3.0
16808.765230724606,10.0
6014.350288632331,12.0
12220.888013486241,17.0
-675.9215489997382,2.0
15085.964605484278,21.0
16453.328362477234,11.0
17988.083706823138,23.0
1402.2637600075918,1.0
14285.086653452572,5.0
6799.868169642861,12.0
5280.493260001253,2.0
8449.513531195535,13.0
1821.986860546374,23.0
17082.91459393928,6.0
-10294.851409518595,2.0
12807.296849720504,18.0
8742.66271768059,7.0
23293.57879099957,15.0
16929.840765478115,5.0
4655.205736300202,20.0
16368.517129312102,8.0
3160.2026267613865,16.0
12167.108169284675,22.0
-11129.387797712196,10.0
4293.886079680235,17.0
4102.832267609666,19.0
7820.534242179687,13.0
10216.067396444063,22.0
1749.8412512927862,9.0
-10297.584335445681,18.0
4682.181865043466,15.0
-6336.430622982903,22.0
17988.09137048589,22.0
13781.959228062839,9.0
14866.255373875765,20.0
-2704.656518635544,11.0
-4148.804249154603,4.0
5283.640399745798,21.0
-6835.930357333684,9.0
17319.63762288366,15.0
13428.5496704209,14.0
16118.810768876838,6.0
-96.66385954658017,8.0
16744.909935940246,23.0
12219.443539429856,20.0
21152.37964624183,8.0
-1416.8561928554736,12.0
360.7227638903969,13.0
11836.383467923119,14.0
1770.7251246527067,8.0
436.6601625140704,11.0
13439.24056512364,3.0
6330.821950208721,13.0
232.33827721975467,21.0
-2590.046781410054,13.0
17154.801049493573,17.0
17847.676001176347,18.0
16023.057717885811,23.0
16099.272828623212,1.0
14120.898734930877,12.0
5096.747823563097,4.0
-9532.93361804164,3.0
18231.66749922929,19.0
17521.839879769952,21.0
6422.586579239457,3.0
-8349.738460290286,5.0
14107.491854029471,3.0
12113.441833831197,7.0
13215.132731353917,6.0
-3041.459103786111,23.0
-4102.631210590317,1.0
-1718.616449758868,5.0
22059.36346922424,13.0
16508.897288028373,1.0
2969.1530395609893,6.0
10656.175575921236,23.0
15037.519740944877,17.0
10136.238318388572,8.0
11640.777316741533,15.0
17313.80148715,1.0
16017.710399653937,15.0
12601.502889067808,11.0
-7127.036333975311,4.0
-2730.9000219427535,4.0
11168.175893767186,7.0
14365.037635984529,7.0
12790.67887243157,12.0
3018.2680189109888,24.0
-1064.3521653452162,18.0
6415.276717455802,9.0
21027.494789032073,14.0
19383.970564540894,17.0
14227.142536864687,6.0
-3026.9662684662258,22.0
8535.034360111025,2.0
13842.64021848745,8.0
1478.2102040564378,4.0
6572.8900215343,20.0
4293.75694628581,13.0
10986.604009703287,3.0
7870.138590002809,10.0
-5252.888177106625,24.0
-1283.1404003899179,12.0
6566.2493157229965,8.0
22921.582723860418,12.0
15315.894881638793,8.0
8859.377818944857,3.0
-5771.902355051502,6.0
6634.027348449911,6.0
2802.4766397574717,23.0
10007.72907793518,23.0
14798.446591337623,1.0
-10310.309517173115,16.0
16231.044578641506,10.0
16788.418163394625,9.0
-5782.407524186454,17.0
10264.621638843324,1.0
13093.600512366269,17.0
16023.510326986876,9.0
17432.815401337783,2.0
13224.78293216658,3.0
4876.665133102013,7.0
1659.4819004577218,17.0
4876.001814294503,4.0
16748.169756760268,4.0
9651.432449624564,22.0
-2202.4677437884484,5.0
7119.040121338512,5.0
14627.218772289049,2.0
2315.0293435959065,22.0
-5418.57212615113,16.0
15493.179334408676,23.0
2461.165607004271,9.0
13260.444619626025,20.0
9545.728192681947,10.0
7249.011666507783,5.0
20808.578301400023,14.0
18188.542291945603,13.0
13336.244847546179,18.0
14882.42538793561,18.0
14792.257822183758,9.0
11756.888087476444,14.0
3917.9020174249463,23.0
14015.421950129283,23.0
11061.711244474507,1.0
8149.315130463876,24.0
9324.238062003795,19.0
14259.445188622602,7.0
15943.67116969098,2.0
4846.542528347562,12.0
15879.622055778975,9.0
5246.462334358918,14.0
9664.741143388495,3.0
8627.478696459068,1.0
17698.756046476417,0.0
15505.027727873145,20.0
214.03223827413785,1.0
14360.566201668284,16.0
8535.75468707289,4.0
994.0908402986779,5.0
20373.50753366349,13.0
20782.540283761788,16.0
15404.382024037404,6.0
9639.4069029138,18.0
11679.658265398048,21.0
21551.63702652978,13.0
-6163.705910792965,16.0
9709.676166309553,13.0
17358.159426634524,14.0
19088.200604732472,6.0
17697.659958314067,0.0
10714.754929525112,21.0
10615.115725781716,20.0
14401.801804477414,10.0
9801.682176281762,3.0
16132.886590183274,2.0
19624.095506853875,14.0
13836.175878008795,19.0
-7619.32258825063,0.0
5043.500665330866,8.0
12571.015582119162,4.0
14041.307817225299,0.0
13642.647109720918,8.0
14895.280293135294,9.0
15644.907311203504,8.0
21021.259403703923,22.0
21102.540431853133,13.0
-3088.254284936133,17.0
-7734.627176419512,11.0
1125.8193694529386,20.0
4411.985329207449,6.0
4665.603240764167,13.0
11004.923207249756,22.0
12867.696579600508,22.0
13099.650608683554,5.0
9867.342641708728,7.0
6962.240136496938,16.0
-3350.431706071452,10.0
12992.839052405618,21.0
5167.388202414926,13.0
16542.92862393173,8.0
11664.761514413005,23.0
-3341.280203146277,8.0
-6622.098213447637,11.0
22474.967453797188,3.0
6989.691094987088,5.0
-1595.1540383248994,9.0
10032.277994994125,13.0
1381.0866697367367,5.0
6898.682919659461,9.0
-7465.318099706283,16.0
4999.361816844091,1.0
10260.173889952235,18.0
-6438.969825038958,7.0
3066.302701341298,17.0
8377.653095065294,16.0
5225.445237532951,6.0
1165.1094705895466,7.0
14091.820946579777,18.0
18354.201978995017,3.0
-10838.369803866617,7.0
13878.206065326327,21.0
13431.086973978348,19.0
12224.941786483972,20.0
-1510.2772894241111,12.0
-2441.4997159744753,5.0
12677.030207421345,9.0
2606.136206251881,8.0
3539.81536157097,8.0
13641.3272336741,15.0
-3477.776140062396,20.0
-9462.918596713225,20.0
21246.678982190722,1.0
-1655.0089879895322,12.0
16821.99247865918,17.0
22054.594460463977,20.0
13797.364098642936,18.0
18075.41819703892,23.0
12527.776459260273,20.0
14505.129031391027,12.0
2838.171855541431,2.0
226.17195742791273,16.0
8571.001450043805,19.0
5772.00925919962,16.0
15112.517159756757,18.0
17520.764785846786,19.0
8706.198616658452,18.0
18397.078255684177,2.0
11534.753841560729,23.0
12390.01956098768,8.0
15089.56230558667,9.0
13680.354085462943,10.0
-1130.423214668917,8.0
14560.303151547829,24.0
15130.35121461431,7.0
9318.230279523475,14.0
6293.597382252051,4.0
22304.23403840508,24.0
649.4077981040214,12.0
20295.797491322657,2.0
9102.69334160607,19.0
-8780.27390169064,17.0
13125.089048174304,8.0
-2981.8391466542475,8.0
9777.359603465009,21.0
22096.4498031954,17.0
15857.077085707928,9.0
10530.598707355473,15.0
11670.013923208244,16.0
14400.183310861923,1.0
6702.641270682831,24.0
7484.715606627363,15.0
-1525.6821373057332,14.0
15018.590370577687,15.0
11818.549689097636,18.0
18012.520302444114,16.0
-4329.670340868585,9.0
2667.005801818074,20.0
14238.069786931777,10.0
19315.646789809784,8.0
15752.334696991764,2.0
13603.622562538369,3.0
-1534.9804787777953,10.0
-3295.4198867067844,19.0
15837.417140903792,17.0
8414.805790618633,0.0
16625.769012733344,18.0
-2638.1947651808796,14.0
1926.5156568376433,6.0
8558.86288573681,17.0
3834.766778180163,8.0
7381.90108177765,23.0
5555.496754860611,15.0
14423.107449383144,9.0
12949.861869997727,18.0
13920.305790507222,8.0
22464.61987874987,4.0
15848.320861550399,7.0
18995.41620950223,15.0
16882.298187753633,13.0
16045.773685723925,5.0
21010.582170832145,22.0
-10106.528340018604,13.0
13241.59556170926,15.0
12866.456656783417,4.0
14139.099302042936,17.0
8698.48613627412,7.0
9101.595248728026,18.0
5820.848485065031,15.0
2252.6114275804275,3.0
11835.7301425985,15.0
18582.811694389173,18.0
18667.96282423853,10.0
6438.49446859133,21.0
10427.46535738141,14.0
18240.95276909383,12.0
15496.271505924562,7.0
167.48910594170047,15.0
11611.550600055007,23.0
15122.532046419914,5.0
1000.7123532753094,0.0
10997.11513125649,18.0
13745.914762889886,5.0
5302.93545979215,6.0
12634.211727877395,2.0
7990.821677041161,8.0
12818.100360236846,1.0
13631.791048693687,3.0
15662.506694474998,20.0
-5027.131305895891,21.0
-40.838944204322615,23.0
7201.343980586596,9.0
17304.328507576152,11.0
11952.285069662314,12.0
4772.847468900702,11.0
-10342.861258620387,20.0
13780.663277986992,8.0
14020.605289583316,12.0
10619.596869398605,11.0
19866.466391839436,21.0
1091.3948483875297,12.0
16691.35010106449,8.0
9807.833272915559,11.0
914.9289918348932,12.0
-1119.0853812598336,2.0
19474.518135485552,2.0
17514.267336953075,6.0
-2216.3134270961013,14.0
11060.287654741544,22.0
-9533.68522825077,2.0
13887.543201337521,0.0
6701.948913756261,5.0
14274.791104201664,4.0
6629.928941797432,1.0
-333.0004274251228,4.0
7017.279590937649,9.0
-7717.798006534193,16.0
11290.235486934418,12.0
12697.521158587948,21.0
-352.79246488526803,7.0
12966.333282179818,16.0
20371.817575523757,16.0
12888.210484668403,0.0
9524.398116722936,14.0
15340.734936277473,5.0
2042.0098627927557,16.0
1096.7332053497926,13.0
-28.983518053160424,10.0
15569.030339002078,6.0
5880.174097680271,14.0
-6888.454342730678,12.0
1227.5787792348683,6.0
-2711.037278507035,1.0
16778.02508054019,4.0
-3751.476177752531,3.0
22755.671135979297,5.0
18396.038100234728,15.0
15482.30395316637,22.0
21283.530472598046,23.0
2618.562077775522,13.0
-2926.689399569112,8.0
-4608.004631222897,21.0
9676.111452515983,9.0
4866.0941401745495,13.0
15878.67308234018,1.0
1732.4713810227804,1.0
19513.090762756594,7.0
-10139.792959015804,20.0
5959.043788584916,15.0
-117.29849277619996,11.0
16039.117264220049,0.0
13956.253853244329,1.0
2991.6673567453836,6.0
15087.854822965919,8.0
702.4405496146528,12.0
-10611.142448681876,1.0
15531.926418086994,22.0
16830.698954002717,18.0
11906.533472443236,4.0
-1944.2298653750913,5.0
13453.67469166424,9.0
-2371.783796825829,13.0
22518.920510870506,2.0
11357.645154538368,14.0
10300.679240045663,4.0
6013.906282465097,10.0
-10047.074843669761,14.0
-12180.051165280482,1.0
10456.688095846952,3.0
16642.553476792025,18.0
16750.496372114463,19.0
14962.725685330348,22.0
18969.655317150264,11.0
2473.1604551267865,10.0
15044.609553666143,14.0
22920.96454524633,14.0
9573.311816191665,8.0
15758.271083402702,12.0
7116.849093303308,0.0
20851.90974043276,14.0
-7735.0539606229295,9.0
532.1929136299068,5.0
10919.508701211038,11.0
10441.72578042297,7.0
10487.089093457864,1.0
3421.461210319455,24.0
-1782.7803722445306,20.0
9326.056539132165,15.0
352.3279449281581,21.0
7495.992564112898,20.0
14499.27632159992,13.0
8559.23424694064,23.0
1934.9501025721777,4.0
17838.16205453478,3.0
38.05681579957613,0.0
12628.174574959965,11.0
-9706.157311638612,11.0
22858.717854115155,13.0
11123.051842292269,21.0
16266.319006039615,10.0
16468.21423731414,11.0
22909.962605485664,12.0
11294.671119878263,0.0
14901.595282154014,8.0
-8270.347439386402,8.0
15264.402345307866,4.0
-1628.9861073045422,14.0
3084.6961152103922,7.0
9605.666147708836,1.0
-1282.229007904279,5.0
6721.075803687546,13.0
5210.421116976344,5.0
18272.203795776277,3.0
-2127.745478280358,10.0
11717.549409700743,10.0
12688.705247865317,3.0
10239.357089171775,22.0
3677.2868821233114,10.0
14218.871795729687,10.0
9478.842474887722,3.0
23044.03816227839,1.0
6141.128511726689,13.0
9551.666658120681,20.0
18250.24692989809,5.0
16404.55275308025,6.0
2344.1610699139915,23.0
16384.796159737823,19.0
1722.7558440609241,4.0
15695.434581182277,14.0
7389.503087230694,16.0
14520.742418579483,11.0
22203.932625471596,9.0
3959.4941242469868,20.0
11903.64292402791,0.0
5003.036073763128,2.0
10179.8765860212,17.0
12557.900769241172,23.0
18824.426064002535,9.0
12665.28034425041,17.0
-6905.091544502558,7.0
1740.8166619585963,23.0
19050.88289189833,18.0
15836.10554692908,1.0
18598.509908195043,13.0
13350.611389984322,20.0
3828.864846698073,13.0
-7403.550586102656,7.0
14042.792816502915,4.0
-5309.489153594742,12.0
-2537.245904713385,4.0
17640.39308875751,22.0
-3962.08011457039,22.0
-240.21904828951756,17.0
9147.409415389868,9.0
17703.14394898549,14.0
8689.72206906392,22.0
17202.451541682887,15.0
-167.94945336449928,4.0
8320.971108566397,4.0
19347.556815843305,11.0
-12764.672734529871,8.0
3990.4380834324065,14.0
-8935.442510617442,19.0
13620.157288404618,19.0
9407.607863252659,13.0
6091.457731606194,2.0
11367.238300933861,8.0
-7311.152458624176,3.0
-2.530982824842795,16.0
-1415.6982927590589,20.0
-2031.5628750125643,9.0
-1348.797186585005,1.0
-7123.880547048032,14.0
13873.401667891438,11.0
-11629.430697271813,12.0
16624.342546463908,7.0
-985.4215064253176,8.0
9345.087982605264,6.0
-1241.6714887920552,9.0
15978.253316288065,21.0
6586.353229298262,2.0
13705.24276027846,20.0
-3863.1548037381804,12.0
4830.4410015509475,21.0
-6812.777751586588,7.0
17132.356172548098,7.0
15598.093769970754,23.0
6913.783768208364,6.0
27.832468740632237,12.0
-5708.28051127866,1.0
11430.44122922812,21.0
7276.043307103794,1.0
22335.14823354411,16.0
-6552.171014125153,14.0
11798.715117523465,5.0
22329.694720969226,3.0
-2835.6899123124977,8.0
-2251.4809680963435,1.0
19271.621068296183,6.0
19364.18710936611,18.0
18741.970364516892,9.0
22124.48193330677,16.0
15118.103941929434,8.0
-9135.102328437528,10.0
-194.94450540066987,2.0
14873.282051171633,6.0
11511.467852693786,12.0
7941.7873977198815,4.0
3620.2985187161266,11.0
13801.837611462757,4.0
8588.595927011924,0.0
-1714.9262670890444,9.0
11081.411683743923,13.0
11915.526823885348,8.0
-1775.2317114515035,5.0
10047.419844275555,11.0
15949.316025661688,15.0
-5841.830729825974,3.0
18402.602219673077,5.0
14904.880328402898,23.0
19633.554149610634,22.0
15364.110775729729,20.0
15425.026023265205,3.0
14046.091916513155,11.0
9390.675037712655,6.0
11856.346560261254,6.0
495.81541461692586,14.0
15795.716766722555,7.0
-412.4096035007051,13.0
3428.349139286285,16.0
14540.790477649229,2.0
6919.696667633122,1.0
-72.15526480650078,10.0
-2779.8946816587154,9.0
17073.34911165261,17.0
7054.690489692755,17.0
-1376.4095958087019,14.0
14827.376187604224,5.0
12027.051310230676,10.0
16258.824997001759,21.0
19518.975690406216,17.0
13904.307541617995,12.0
20646.358903948945,14.0
7512.528001532292,19.0
12698.34139743065,19.0
14973.989241930796,20.0
-9570.611495501618,6.0
15457.716317733928,21.0
17304.170716150893,22.0
1096.64715578106,23.0
17403.17736517847,5.0
21392.911065346507,4.0
-5910.618983545875,20.0
6138.110804833705,17.0
19193.930229087473,11.0
13907.650517899518,3.0
-4081.867936885041,12.0
10537.787779778324,23.0
12344.895859259363,20.0
8938.496021512052,22.0
14841.148870082789,24.0
-2988.474725645181,2.0
791.9696772280445,0.0
16787.333763665945,4.0
2734.062487626482,11.0
6445.651982295542,20.0
-818.4722715489324,10.0
7448.584705905451,5.0
