empl_ttl_lc1vs0_iate,unem_x0
-4.948054261668859,23.0
-4.578111859088714,16.0
-3.230183773696281,4.0
1.3276327758599846,8.0
-5.504426802571932,22.0
0.19740218502416718,20.0
-3.7681734953965305,2.0
-4.058591155271899,20.0
-0.6127430727358064,22.0
-1.3866245580209615,13.0
5.684290253260674,11.0
-3.9245604592515027,21.0
-4.249977880810943,7.0
-2.7508514322438367,15.0
-5.343410681848838,23.0
-5.859476615922035,14.0
-3.560316948943589,7.0
3.9605823782354577,19.0
-0.2781985129849933,14.0
1.2274432011773224,12.0
3.8812397465118122,22.0
-3.3427260873530398,24.0
4.9152560967964956,16.0
-4.71026634939384,22.0
-4.215989504466777,13.0
-5.861797327600664,23.0
3.195668435079152,2.0
5.222338304708721,23.0
-2.9020687387710535,21.0
4.280266659497552,2.0
-3.7225476618861912,3.0
-3.486853278044228,12.0
-1.3057265460516698,23.0
-3.2785683578171336,10.0
-3.342427794012711,23.0
1.3763720464244351,9.0
-4.010554469233904,2.0
-2.6537893485242208,5.0
4.728494152405938,7.0
-2.9711600162350447,23.0
-5.293375960119727,7.0
-5.378046175097144,10.0
-2.9478466195738484,19.0
-2.616589569519482,12.0
-1.1791202450774634,19.0
-4.311464470350409,3.0
-0.12053856032070254,12.0
-5.553943871730289,4.0
-2.5097217097954987,16.0
-2.955066446938946,10.0
-3.129404636961479,13.0
1.1985676546152861,21.0
1.93558641024354,18.0
-4.196079625440849,2.0
6.449172312966962,3.0
-3.0829091482839517,20.0
4.891619174263027,24.0
-4.391780743250741,20.0
-3.4463184400290006,1.0
-4.47581358746775,21.0
1.3776060924220008,13.0
-1.9133030567665479,19.0
-6.274316227690827,14.0
-4.837873860188848,17.0
3.386321604051256,1.0
-3.4899290176169884,22.0
1.63337041131164,8.0
-1.4524888182921771,8.0
-3.4897655460277974,4.0
-3.8998745555076644,10.0
5.436816063188527,6.0
3.7496934542546665,23.0
-4.248230258791732,1.0
0.31380723920020004,18.0
-4.149337294975304,14.0
-2.4455956673903776,8.0
-3.5938970168129813,19.0
0.12389493903963,16.0
1.0171740108050566,19.0
6.390183591814025,2.0
-3.450569901201286,10.0
-3.8400120684612906,0.0
-4.406178341738958,16.0
-2.9490994516832165,2.0
-1.9759975006251942,23.0
-3.1223764769021933,12.0
-3.9963374702913472,20.0
1.3313914137511298,5.0
5.8144092617826555,14.0
-0.6622089022793183,2.0
3.849187277029741,14.0
0.09658460201370933,12.0
-4.6117175715266345,11.0
-4.449272870511718,20.0
-2.736970506720067,10.0
7.193584233035986,13.0
-3.8302579895709554,17.0
3.20544308579557,7.0
-2.5526540996384313,10.0
-2.186318953991026,2.0
-1.2875165043921646,17.0
-4.0054989881365115,2.0
-0.09933864261648351,9.0
-4.973522661912383,12.0
-1.5365758327191974,12.0
-3.9842499680379637,13.0
3.976228403146549,12.0
-3.481802111213266,13.0
2.0519123979685157,12.0
1.209600134149532,22.0
3.686375956199354,11.0
-0.7506920493004086,18.0
2.7223543517259374,9.0
3.47577607850244,19.0
2.347982875400124,17.0
-3.835688449799336,11.0
-2.294756710314047,12.0
-5.388084664678197,10.0
-2.5804622695616173,23.0
-5.825823605192124,10.0
-2.945849181596061,21.0
-3.3863182264720795,14.0
5.302877003082863,10.0
1.9493689406136316,11.0
4.7848177038834745,2.0
-3.422833772512836,23.0
2.0196300685915873,10.0
-4.789290297255821,20.0
-3.1225787908962204,4.0
-2.7542017409301556,18.0
-2.1347439539077815,10.0
3.0914216505186207,21.0
-4.795990592082758,18.0
-4.998245575217604,11.0
-4.278209409956684,12.0
-4.092050333249997,3.0
-3.2722100341891887,14.0
2.4438923980872174,20.0
-2.5676675061993346,15.0
-0.39525542153435855,23.0
-2.2361339405144123,17.0
-3.3962974403455943,11.0
4.671032224318577,4.0
-2.583898500732019,24.0
-2.990697211185264,2.0
-2.0414398987498465,3.0
4.806125932089195,23.0
6.748201447424043,7.0
3.7894679019779454,21.0
-3.3856079351713264,1.0
2.075202057958157,19.0
2.5151356119067643,20.0
-1.7045473165222553,19.0
-1.736027195568866,15.0
1.9544020158678403,13.0
-4.195100790939596,14.0
-2.9251161280755014,10.0
-3.9771125514851056,17.0
0.7804339915306638,15.0
-4.196207775703746,22.0
-5.963996222178753,1.0
-2.9154894476629343,18.0
-4.819217837848504,8.0
0.6434907489571391,19.0
-2.2451766695921673,20.0
-5.40333234578869,13.0
-1.8240732902348062,6.0
5.839423864447731,17.0
-3.8809808342433607,8.0
-2.935752513403604,14.0
-3.4082253853417237,20.0
-1.9240905170665115,7.0
-6.525376664134832,6.0
-2.8982356651317174,18.0
-3.768901305765833,7.0
-3.657351657002427,14.0
1.1054301236187065,17.0
-3.9635794062600826,15.0
-0.6575358761725973,21.0
-1.0549530169501642,23.0
-4.859357644660357,6.0
2.695967769142177,20.0
-3.789473198961394,0.0
-5.312958761372919,14.0
-3.001068757194064,17.0
1.8580197523462871,21.0
-3.3267697586820573,15.0
-4.710930827280663,14.0
-5.672662178698555,0.0
3.119279809118429,19.0
1.2334641111728715,12.0
-1.5464767859255493,3.0
0.8846024877090359,23.0
0.5483731527076205,16.0
-3.5872585767655596,0.0
-6.129132733428465,15.0
2.5860555860194645,21.0
-3.0064827361830364,24.0
-5.360154867782068,20.0
-3.275435829628541,1.0
-0.12242576165035746,24.0
-1.8321317005955065,21.0
6.778383269599431,16.0
-3.430757263444404,22.0
0.3988516534721058,23.0
3.7985075210144816,19.0
-0.35320120747916817,22.0
-0.06712805079224937,23.0
-4.69465637484021,15.0
5.4014671529013665,22.0
1.9933471088557306,0.0
2.2576281182160307,8.0
5.3328510216888105,13.0
-3.5999264755149136,20.0
-6.02580791672063,21.0
-4.087424262173296,17.0
-4.456120488328172,15.0
-2.098928599130648,16.0
-4.7293451343931,7.0
-0.8199923672674787,5.0
-3.542253925406978,17.0
-2.0795152595447846,10.0
-3.5123309224653827,12.0
5.42985163057913,5.0
-1.7224151203419693,0.0
6.297568714241242,19.0
5.497706146338965,6.0
3.0398059508032,20.0
-3.2829535308042677,3.0
-4.6963646787342235,23.0
-1.8270437227196439,9.0
-1.3276463083995922,11.0
-5.096880742352143,12.0
-3.1109981298720415,23.0
-3.8806701846481606,20.0
-4.229016315321572,18.0
-5.167740311578169,23.0
-4.617690634643842,6.0
3.61852053702568,6.0
-0.34936895270848556,15.0
-0.33789798830967177,14.0
-1.562689292787315,22.0
-4.150981198349912,20.0
-5.312215122395466,11.0
-4.0104100369286115,24.0
-1.1677762421445999,17.0
2.7536013456969846,16.0
-5.238522494668645,16.0
5.7820500802829775,9.0
-2.9990774924327823,1.0
-1.5436167052238092,22.0
-2.253680882207651,23.0
-5.492204650527715,5.0
-5.338695764190625,23.0
0.40992576299615324,19.0
0.272103813581142,18.0
2.8716747633084747,18.0
-4.618145775944324,10.0
-0.6383058514248776,4.0
1.2733468422469771,21.0
6.077324551980071,9.0
1.4980953252309934,13.0
5.6278964487955445,10.0
-2.4331686039356297,19.0
-1.2111431572426774,23.0
-2.71974968245827,9.0
-3.25652839817716,9.0
-5.498342312152808,5.0
-4.512683429882857,16.0
-1.2148151437657715,15.0
-0.7286531190889631,2.0
-3.8195246641595273,19.0
-5.192844139742523,15.0
-3.908385187422441,5.0
2.4218161281265935,23.0
3.3886111716437974,17.0
-4.397670991452435,6.0
1.937040029338538,14.0
-3.202072738343905,5.0
-3.9989631905078067,24.0
-1.937203117539109,23.0
4.407895465923728,15.0
-3.6213206799207627,17.0
6.50490757232947,14.0
-6.140164103639021,7.0
-3.397623742570224,12.0
2.312671255111637,2.0
0.6156473137367242,18.0
-4.508205524360792,7.0
-5.639502430004038,19.0
-3.5012230893579055,11.0
1.747398623254672,2.0
-6.05360458925263,13.0
-2.011956465865725,4.0
0.6994977974461709,18.0
3.614430014115727,8.0
-4.391876464007556,5.0
-3.5505560028175864,20.0
-5.43002291255682,22.0
-3.050202636778661,17.0
6.860859059223523,3.0
-1.3674241686841095,20.0
2.381263002286357,4.0
-5.6440124312781155,15.0
-3.8127222396058302,8.0
-0.9817240845532982,18.0
1.7797336484081074,2.0
-5.3324492497838945,5.0
-2.6564966269549344,14.0
-5.428848085752703,24.0
-2.75491906747549,9.0
-3.00600139768932,20.0
1.898242702390692,23.0
-1.9563687013520346,11.0
-3.9440501010710864,4.0
1.8049284025555874,17.0
1.3433489028328993,15.0
-4.259617813032691,24.0
-3.550084653640216,11.0
-3.6228194831355234,3.0
-3.116118090076659,24.0
-3.904805121452798,14.0
-0.8751615828624315,15.0
-4.091898712751071,15.0
-2.598807015951532,6.0
3.749472592947343,12.0
-3.7134513464925525,16.0
0.8483982727408987,15.0
3.2305918712099384,18.0
-4.2484042290120625,6.0
-4.06591157167027,14.0
2.773470761133646,11.0
1.8953602894806894,4.0
2.4588556120175236,13.0
-1.5142385898266997,10.0
-0.5583808084974462,17.0
1.5309932795307508,6.0
-5.77137815649188,21.0
-3.89380444054099,20.0
1.2726261861978991,10.0
0.7657928968474039,1.0
4.420137802344582,22.0
-0.20833921090816832,19.0
-3.3979648313726942,22.0
-2.9375737524152665,8.0
-2.313691915140936,19.0
3.4522025232433955,12.0
-3.907929495489743,24.0
0.45903167775348885,1.0
-2.77765069060186,11.0
-3.7929227759504416,17.0
-5.097856488795054,10.0
-5.428756865698442,17.0
-2.779708523699015,2.0
0.8650434400063216,2.0
-1.3470609903713058,20.0
1.2717397511267414,7.0
5.449298550811998,12.0
-4.1057441937885555,17.0
-2.2799147158558646,22.0
-2.4356890442447425,23.0
1.4733173941328142,2.0
-4.410599476829763,6.0
-1.7726505402608712,15.0
-5.344425811761387,20.0
-3.7059000003996307,12.0
3.845983467653297,11.0
-5.629497611626541,18.0
-5.253804065167406,14.0
-2.827327361383268,2.0
-0.47007927100044733,14.0
0.13419640107677666,11.0
1.9924686873941257,6.0
-3.107887949508968,18.0
-2.9392552614380136,20.0
3.513910483094543,5.0
-1.0474647228894427,21.0
-3.3161580064317686,0.0
0.8318671556681245,4.0
-2.4883231285211695,15.0
-2.836182655243464,12.0
-2.495592100483428,15.0
-3.881747748499915,5.0
-4.4609868044244205,7.0
1.4885993862159714,14.0
0.3871114629349366,21.0
-0.9283323616781565,6.0
-2.7475427986454206,4.0
-3.4720384049100517,20.0
7.165042003869438,10.0
-0.14182548375193615,21.0
-4.782358551443862,9.0
5.4904617972008545,8.0
3.3237574702387005,7.0
-3.8533116225894,8.0
5.994489675214531,1.0
-4.705798512424085,18.0
-3.7959424836531843,14.0
3.6281310348992304,19.0
-1.5696255674299642,17.0
-5.052254530003686,6.0
-2.719143221421075,6.0
-2.732141786903701,8.0
-3.3638409835578162,11.0
-3.6408245958348546,11.0
-1.6263164859608958,14.0
-4.524585730301871,4.0
-5.051062862716847,11.0
-3.3979934600027084,20.0
-4.009990335206917,21.0
4.503346306299948,2.0
4.681498620133462,1.0
-0.178536285328331,19.0
-4.431796354834315,5.0
2.691548863099447,18.0
-2.1162114354187995,10.0
0.2888266760580791,22.0
-1.521947889752776,8.0
-2.583617080601151,10.0
-4.5387099717820565,10.0
-2.1474045761101834,10.0
-1.967445884071581,1.0
-1.1046360661382306,6.0
-5.126955936879025,2.0
-4.1414185129873005,11.0
-1.0970368027807986,2.0
-2.649066681806379,17.0
-4.3366027133896035,5.0
-4.2969513523184455,5.0
-2.482744980674674,6.0
-2.1945666035991374,4.0
-2.293724311162114,14.0
5.187010374084466,5.0
-4.079695300872553,20.0
2.4329041790555648,18.0
-4.292889717739166,9.0
-4.616842139614132,22.0
3.4681787631576935,15.0
2.578898393798064,18.0
3.7039160040164725,7.0
-3.780278801189927,4.0
-4.256311078161298,4.0
-6.464689102106622,17.0
2.039158323997919,4.0
-4.385537074471456,1.0
-3.644265007049574,21.0
-3.303239482818933,2.0
-1.870682324025188,2.0
-2.3565598636369844,16.0
-1.763862204513741,8.0
-2.9956929437293,5.0
-3.8930787482781932,3.0
-4.827950781659995,16.0
-5.1243009569213305,16.0
-1.9767936963148445,3.0
-4.1454069838724985,10.0
4.349936090885311,4.0
-3.272371853332306,0.0
5.721475891080037,16.0
6.39292893295946,15.0
1.1921423072844162,9.0
1.539048705091383,9.0
-3.9191634859331215,10.0
-5.04763094193383,7.0
-4.768518833712657,21.0
-3.1279763025301346,9.0
-3.9237546696381704,3.0
0.7026998173411969,9.0
-2.671430749056292,15.0
1.6934921192716477,6.0
3.225705777327759,22.0
-1.7304030225112719,7.0
-4.112629741582362,14.0
-3.741588768969919,2.0
1.5564816217025443,16.0
0.017174327457958327,23.0
1.7865084043889565,15.0
-3.607887499093878,15.0
-4.299352180623878,22.0
-4.963660183051558,18.0
-3.9290132368769037,21.0
1.7641385702599393,2.0
-4.902020921330532,2.0
-2.1690190795704964,6.0
-1.7274639053489964,3.0
2.9074210880405884,7.0
1.2257991417298666,22.0
-4.838452930126771,8.0
-2.7338926437613713,14.0
1.5344541237195228,11.0
-3.1158861668446165,3.0
-4.051497485628115,4.0
-4.676303285157022,13.0
-4.164956267573654,15.0
-4.97259073053099,24.0
-4.60330157887548,24.0
-0.7558592707129583,6.0
-2.4940792212042604,6.0
-4.031645712540168,2.0
3.2933451460579213,0.0
-3.2510272973711993,24.0
-3.2661468875873276,1.0
-2.826754556005829,8.0
0.40106234434740395,1.0
-2.216552392717929,8.0
-1.1364372188384961,21.0
-2.816327122398533,7.0
-2.78883109167267,6.0
-3.9057182993895565,23.0
4.474577271989352,22.0
3.40534350617678,5.0
-3.2871155195634847,2.0
-4.637658769350546,20.0
-4.4271112724197215,23.0
-4.20265405792476,3.0
-3.0814904724970713,4.0
0.2881758014122098,5.0
0.6719255423346691,12.0
-6.568161889442717,13.0
3.4601606511106544,5.0
5.282020500861752,13.0
2.6174073053069526,0.0
-4.036641081268447,13.0
-4.582837895846126,11.0
2.3478792578762073,13.0
1.0865331381424486,10.0
3.496863474794425,2.0
-2.0893506864101488,1.0
-0.16243927690797033,4.0
2.64846132185768,11.0
3.4010712228525155,4.0
-0.04547200251367256,2.0
-3.80992078553577,9.0
-4.9323263910287185,20.0
-5.514590856616369,22.0
-1.7959273190793446,10.0
-2.41617721069741,0.0
2.6892679935071317,3.0
6.052856520440151,4.0
5.268377685239561,3.0
-2.4086291442618633,24.0
-2.5478843843157835,13.0
-3.954108595859961,14.0
1.357244247124426,9.0
-2.979168257618821,12.0
1.1278060212057381,8.0
3.2942345871902647,24.0
-4.582024462815156,21.0
-1.6897827082749757,15.0
1.6589515785164877,18.0
-6.373647269674371,6.0
1.9622659363756714,1.0
-3.8832787097165946,23.0
-1.4285230057525893,18.0
-3.6858937062188564,3.0
6.570548108712626,13.0
4.597736320773852,17.0
0.6963286392553258,3.0
2.498433506603069,23.0
-3.1298083500482434,10.0
-3.344742678192409,8.0
-4.528799661946982,9.0
4.496361032875733,10.0
1.8204775325576117,11.0
6.868244083353314,20.0
-3.3135215966017486,2.0
-2.9758542915930457,19.0
-0.1262482386038284,3.0
1.825375877544806,18.0
-2.0557323475345015,17.0
-4.620388939137838,2.0
0.37260871520707495,9.0
-0.05996062702058058,3.0
4.012743138073272,23.0
3.1016642057424324,3.0
1.7565328173522823,21.0
-0.7324011617215809,16.0
-0.9909784664961091,6.0
-2.319476992690084,13.0
3.784431388732647,22.0
1.0086881187071661,13.0
-3.3018082382553815,16.0
-1.3154411757510225,17.0
-5.49959160026593,3.0
2.827376241167716,13.0
3.091618288378948,14.0
-0.7012388210445643,6.0
-5.415163772243275,14.0
-1.1939734200590362,16.0
-4.490096122337092,11.0
-2.530533331704901,15.0
-2.7813089576165506,15.0
4.526101552720037,9.0
-5.257726061442645,5.0
-1.0879998676815426,6.0
-2.9347539051269522,6.0
-2.0907224166523393,3.0
3.6266866753599123,2.0
-2.7384929561613554,21.0
-2.7312336184240094,22.0
-0.8824166413796637,18.0
-5.257663166660086,8.0
2.227952886094991,12.0
-3.5278245581385717,6.0
-0.4430762504496304,2.0
2.5442679856999173,5.0
-6.004665757045915,3.0
-3.800415545129083,24.0
-3.1115328183205184,18.0
1.5459529010717303,21.0
1.5985059135738493,1.0
1.3543080205909495,18.0
-2.68605012228058,3.0
4.754924624547002,21.0
-0.16081504738744368,8.0
-1.1229224735945462,5.0
-5.283555918558607,19.0
-2.5310567818621337,3.0
3.4491467446243265,17.0
-5.0073556961677195,9.0
0.4929477007014551,15.0
-3.7662759388281044,11.0
1.4379886024903041,18.0
-4.2599297720800084,5.0
-2.2496413650663367,18.0
5.089357546104323,15.0
4.204123124346394,18.0
-0.06430039491045525,19.0
1.2214580701477937,5.0
-5.465210883681552,19.0
-0.17542656148847602,3.0
-4.259540116598308,11.0
-4.509763932313359,5.0
-5.4223542761839,17.0
4.812823358491759,19.0
-4.855095621064352,14.0
0.15841868451744823,5.0
3.100906757121863,20.0
0.2926262502211565,5.0
-4.183149163591842,22.0
-2.693586499229308,20.0
2.3280661252016155,23.0
2.8792836897527248,2.0
-4.226646877101689,11.0
0.5870748677372064,1.0
-0.4163972456516343,13.0
1.889138264303508,15.0
-2.414539023561926,6.0
-4.578230930412071,1.0
-3.512463730766281,19.0
-1.9942837301306084,7.0
-5.274694874512052,6.0
6.094628445687494,15.0
-5.898084529935444,1.0
-2.3018638774314897,9.0
-6.6034429280974285,17.0
5.630116212740459,4.0
3.1496391316589847,14.0
6.295598787187169,6.0
3.096863788161045,14.0
-2.1166968607054075,0.0
-2.8847109576155354,10.0
-4.5191034188833346,10.0
-2.6519265540683605,1.0
-2.671738449703691,11.0
5.677310165785743,20.0
-4.426798242511768,10.0
-3.91277315769401,1.0
-3.2834900855775535,11.0
-1.6908441150195213,1.0
-4.498093332932674,5.0
-3.445839681468159,8.0
-1.4553344418542595,1.0
-4.0506810033792116,2.0
-4.215397800178412,19.0
-4.199465155162877,10.0
1.9724954844297633,21.0
-4.185442356137267,12.0
1.285402876376132,10.0
-0.8697966752399457,6.0
-5.5094072108581855,17.0
1.0486381470348118,11.0
-1.803053167129896,2.0
-2.204360219389142,4.0
-4.060083736358665,1.0
-3.4345651038673846,24.0
1.1533941148629259,16.0
-3.835439418933324,22.0
-1.764126881877653,0.0
2.3473561225208526,19.0
-4.403571085487387,13.0
-4.77592527191818,3.0
-3.922201960081952,24.0
-4.1313556866511085,19.0
-5.103462778387858,9.0
-0.855554354569354,21.0
-2.4253469928092652,9.0
-3.813203861001538,8.0
-3.070399934176888,1.0
-0.03486795811430943,17.0
-1.8632702984078333,7.0
-4.718002002322483,15.0
-4.164315656491606,11.0
-2.5923083224887664,9.0
-2.7805457050187634,20.0
-3.5590655468351553,6.0
-4.279246053847592,6.0
2.459416165362348,15.0
6.933864714430991,7.0
2.244727974509967,11.0
2.725740928959718,4.0
2.6726926767040067,24.0
-4.06447447476577,20.0
3.235083425557784,19.0
2.1753656612516084,12.0
-0.8895874407032909,5.0
5.259121056123862,14.0
-3.3761384954354794,12.0
4.712534739596363,16.0
4.415589188476834,19.0
-1.4522867706837872,2.0
-2.831336150790134,6.0
-3.57459792000618,0.0
-4.552315732934243,19.0
-5.546053014606726,17.0
-2.084474819371826,3.0
-3.098097424318858,5.0
0.4980390937887891,22.0
-3.3545013525588776,6.0
-4.761363216701895,19.0
3.4201506616566135,4.0
-4.167926148788123,2.0
-3.904452404247317,3.0
4.151059745535479,15.0
-2.204601101908631,6.0
-2.4965589568720796,3.0
-2.1369326300855085,7.0
-1.6490824149874799,17.0
2.2665808343634186,21.0
-1.6566229367925231,12.0
0.6856338272390512,16.0
5.958954866039089,10.0
2.6001175017899496,3.0
-3.626460928976835,24.0
-2.855376841873995,4.0
-4.919573395820627,11.0
1.7528354965498827,6.0
-0.15516440721868552,16.0
-3.937604800979748,10.0
-2.9152957606648195,1.0
-2.941278682494433,11.0
5.9951819025697874,17.0
-4.445462478092578,13.0
-3.528671774881948,0.0
0.49295283637209075,1.0
-4.129705187956702,2.0
4.304325027493724,20.0
-4.842494406320793,21.0
1.1631983003406186,24.0
-2.56231027974892,17.0
-4.371613841943724,4.0
-3.601876406765669,23.0
-5.0049652609036075,9.0
2.7749260390238693,7.0
2.2439973857395805,8.0
-5.0477798345646665,5.0
-5.227159698876707,10.0
-4.033441411562128,8.0
-0.9372087955972894,19.0
-3.6783800671651945,16.0
4.781497130965573,18.0
1.291465669963298,13.0
-0.588315151616474,0.0
-4.338142791997398,9.0
-1.9116634071140641,20.0
-1.0140964941236161,23.0
1.1474629439390072,19.0
-4.986262116950782,15.0
-2.4725896384416317,16.0
-2.7761054496162116,14.0
2.1245391423944664,11.0
3.0149245611024043,2.0
-4.200012363309174,8.0
4.684040760599509,19.0
-4.9122509857258105,14.0
-2.738032382830116,15.0
-4.723717262323453,19.0
-3.877702873822643,8.0
-5.233646031980637,16.0
-1.5355212471785347,6.0
2.1381094402700542,7.0
0.03373519699493044,9.0
7.140707962671426,21.0
-0.3395727037041292,2.0
-2.5495572609760764,4.0
4.222735137550789,24.0
-0.8305039704737567,17.0
-3.5382141246021575,4.0
-1.8870128010795093,22.0
-2.46563101695815,3.0
3.393976396318651,21.0
-5.338189854924592,22.0
1.9237414271090283,23.0
-4.768848052246385,1.0
-5.182555763626831,2.0
-3.6364896855678075,15.0
4.515313583733087,21.0
-0.29383034354479065,4.0
-2.597188335683062,8.0
1.1859264297729855,1.0
-2.0344254802457273,12.0
-0.2796613648050035,24.0
-3.808773461643332,3.0
3.4507322022022584,19.0
-2.8487865586625114,21.0
5.195053141572877,16.0
-3.118162084458607,4.0
0.9659271115683143,9.0
-4.146635706475787,12.0
-2.39620574719957,1.0
-3.2090474582149646,18.0
-4.987883393459942,2.0
-4.918922901654716,4.0
-5.205698368591528,16.0
0.6302220833949059,11.0
5.317020161126713,22.0
-4.733038837480167,16.0
-3.392239927397201,8.0
0.9900284908068713,19.0
1.4786786624034436,16.0
-1.5959109427591711,1.0
-5.549805071377704,5.0
-2.8149180644257967,0.0
-2.474467532883889,5.0
-2.681714176917369,20.0
3.1727977439587587,4.0
4.178849378987126,4.0
-4.4272637594065385,24.0
-1.7980862068706809,21.0
-4.69829235918634,23.0
-1.036833233080804,14.0
-3.6679408215960336,9.0
-2.6985009868512195,19.0
-5.110087333780244,11.0
-1.137396236751668,7.0
-4.222975636162368,7.0
-4.14252334098035,2.0
-1.5857807612116277,2.0
-4.8321938879430055,19.0
-2.772590756309741,7.0
0.023547521320716136,16.0
6.061643981241941,14.0
-3.036643842836355,21.0
-3.65982040332739,16.0
-2.940051433162132,23.0
-1.8523727970790147,1.0
2.2888266713869676,10.0
4.236892058501377,13.0
-2.9519893361204277,1.0
-1.6936900874516585,6.0
-5.101399250909944,20.0
-3.716375124053755,14.0
5.326358141127221,19.0
2.5479966680692128,10.0
3.040873551998176,6.0
1.8259739344102883,16.0
-3.465309718507436,3.0
-0.025329566356314892,21.0
-5.012393344373582,6.0
4.378641969443402,23.0
1.609954263738139,9.0
0.611052961685445,8.0
-3.665150800828557,23.0
5.134359202954388,12.0
4.377760788802407,23.0
-4.354843196838144,6.0
5.274377302486443,8.0
3.9332243352260687,22.0
6.2059200732994455,5.0
-3.813619515130979,21.0
2.1361532416704545,23.0
3.3038785577059007,19.0
-3.2368329888208316,13.0
-2.8972359759250725,8.0
3.5418304382233976,12.0
-1.5094748912137341,17.0
-2.54870665606373,23.0
-0.41987172819249174,15.0
-4.110053276803089,14.0
-3.3327474394673615,16.0
-2.992611157644661,21.0
2.056322111350471,13.0
-0.3182059289320449,13.0
-2.870447577731101,9.0
-4.938661338665396,17.0
-0.36220321557425716,0.0
0.7500169374882,5.0
-2.2571754929607573,3.0
4.555288226421181,18.0
-4.928699860598675,17.0
2.6965090066973403,18.0
1.7620558424087647,24.0
-2.93173672281089,1.0
-3.0919302099313515,6.0
0.5583588201189764,20.0
-3.7356263895038566,21.0
-6.655212542053753,19.0
0.7357160119327779,22.0
-3.18645064868861,14.0
1.3286041622186504,6.0
-3.881312523180976,16.0
1.4731654130413205,23.0
-0.7645276353348445,9.0
-5.631874227218446,14.0
-3.3208300377576006,5.0
-3.1493218898440194,15.0
-3.8427721963640025,22.0
-1.768826460344338,7.0
4.083617846626088,21.0
0.9904568670271465,1.0
5.281561065245274,22.0
0.285111814239984,16.0
2.9335533326044665,15.0
2.6422594459892648,13.0
-5.315015336441778,0.0
-1.8951374603832871,23.0
-4.098469621036708,23.0
-3.163159495398601,13.0
-1.3159365168880546,17.0
-3.66228776544186,22.0
-0.9430543278354624,2.0
-1.8634320984711668,22.0
-3.922180911296234,16.0
1.5152438929868872,5.0
-1.8504436054156683,15.0
-4.430422371291685,5.0
4.033017913527991,15.0
-3.328643545639727,7.0
3.8571844535982738,16.0
-1.0869642056656645,22.0
-1.9480934178126688,7.0
-2.402990739524772,12.0
-2.4922555499285703,4.0
6.188500579654237,10.0
-3.6671800431640906,20.0
-3.576786378703322,22.0
-3.184404725449941,4.0
-5.032216082129008,22.0
-5.564928101308001,4.0
-5.789096156401348,16.0
1.057864246831892,3.0
-2.993544186994429,22.0
-2.8151851167112194,12.0
2.7032148231288566,0.0
2.8111796911471396,11.0
-4.270189495303227,20.0
0.7853303116207151,9.0
-2.9052596588680526,6.0
-3.5831539891236774,21.0
-2.6406135594675684,1.0
-2.5787404130824,1.0
5.790011169804853,18.0
-4.195155749669958,14.0
0.7423567168980283,9.0
-1.3188051483578598,22.0
-2.9425232281412566,13.0
-1.8914289265606294,10.0
-4.425609811980419,20.0
-4.083785918014666,12.0
1.9359278603434282,18.0
-1.3641915790213783,6.0
5.730039139788198,17.0
-2.669317415044541,10.0
4.2489000748380885,9.0
-2.920491607662772,6.0
-2.286368162367915,18.0
-2.626022481016757,14.0
-0.0014921717493887598,18.0
-4.620301458999122,16.0
3.9496153477386207,4.0
-3.097352240342386,23.0
-2.197169920827773,3.0
-4.9193975331987865,22.0
-2.050272740386348,6.0
-4.57837732462193,15.0
-3.266650153206836,17.0
2.78158209317433,11.0
-1.2713908164688643,21.0
-3.443093005614631,13.0
-3.1856512044866987,15.0
-4.543885470281109,15.0
-3.28170910744082,8.0
7.289783145410791,10.0
-3.003862290615729,23.0
6.226541330086663,19.0
-3.296077810788482,17.0
-0.9222330739054352,7.0
-2.600453275682445,7.0
-4.796593799140942,4.0
-5.4190079558301365,18.0
-4.7603069281691175,23.0
3.1147707072723896,6.0
3.6141004251715727,1.0
-1.4041545293485573,8.0
0.48718650972664146,23.0
-0.997545831507876,10.0
0.0733479950044087,1.0
-4.196698102993355,10.0
-5.216758000506769,19.0
-4.103434863906529,21.0
-1.8082222518816948,4.0
3.1229748387554244,3.0
-4.981961118859707,12.0
1.255831519395938,10.0
1.1137795085205808,1.0
-2.397750895029304,24.0
-4.834386753841398,18.0
-5.798727270849879,12.0
-3.9768858330842476,13.0
-2.5920778867504515,11.0
2.780424501544593,1.0
4.917592922835414,11.0
-6.153293331538096,13.0
-3.860039330523129,11.0
-3.132468009077958,10.0
0.7155902542130694,11.0
4.068561563806121,23.0
-4.074397056627178,19.0
-2.096643527363712,3.0
-4.632859048231376,24.0
-2.2502133952655012,22.0
-2.5300398987915727,4.0
-2.4699293444410717,10.0
-1.8704779355069163,8.0
-3.6226425968490226,15.0
-1.2000464665831618,6.0
0.030097019400271652,12.0
-0.11840102980952949,9.0
1.2113250294936613,20.0
-0.21340621446883157,21.0
-1.020295791838948,16.0
-2.8312897415884914,17.0
-5.1707534539992395,19.0
0.8301133756234216,14.0
4.70368038933373,16.0
-4.487083992421025,12.0
-4.955493228995909,6.0
-4.957338189952118,21.0
-1.997893903356383,15.0
3.23278600199146,10.0
-5.380478663329779,23.0
-1.3605140782720189,1.0
1.5207922614499356,8.0
2.0142294177177957,20.0
1.2534553763912615,23.0
-2.8673178821035528,11.0
5.4105244058591895,7.0
-1.1939900419156904,4.0
1.0315717132328213,0.0
-3.461183418600194,7.0
3.347623755417092,20.0
2.701397795009934,10.0
-1.6908096195303841,1.0
-4.3418262627146955,10.0
5.166933937322375,18.0
6.446341684757163,21.0
2.5203492266194405,14.0
-0.04299972478866665,21.0
-3.1230758050851133,8.0
-3.9036750078157265,19.0
-0.5599639576111,19.0
2.3809195162142247,5.0
-4.300131243279523,4.0
-2.0539981238875997,18.0
-1.7676036110350846,17.0
1.3284573049666641,3.0
3.5635605215181254,6.0
-2.18993649786662,3.0
-2.36031608598838,5.0
-3.9684775777267935,11.0
-3.886767794135391,13.0
-2.9427757210008796,12.0
-2.1022606099751844,8.0
-2.5977046857418156,23.0
-5.445869916330995,3.0
-0.571972985982273,3.0
1.8416188335355015,14.0
-2.463684454347333,6.0
-3.8535155726767667,8.0
-2.8033181076140052,21.0
-0.10354683436000656,1.0
3.742633763716438,16.0
-2.6814862147170317,3.0
-1.7361944282936044,16.0
-3.3441991495043744,3.0
-4.419681263872567,18.0
1.875849346151295,15.0
1.8551869803488632,8.0
-1.5157329545668632,14.0
4.522220096254094,21.0
-4.31944367803346,14.0
-3.8969432758878098,19.0
-4.2620945785335875,15.0
-3.0678213168830886,24.0
-5.041652183630826,20.0
-4.6764241622984635,9.0
3.1389680531076323,22.0
-2.430394743853609,9.0
-1.7982765804819372,7.0
-1.538095366254404,8.0
-5.232484035686584,4.0
-2.328486192056155,1.0
-3.4136124381246673,20.0
-3.1463370459077975,10.0
-1.4720221119983732,13.0
-5.007633553366876,19.0
-4.113504424676826,23.0
-5.539249271132295,9.0
-4.025652778310239,21.0
-2.554735467175884,23.0
-3.0664365808886607,11.0
-4.530782166055744,14.0
-0.10691394637946194,6.0
-0.2790920492430593,24.0
4.440391354706313,0.0
-4.015421519449094,6.0
2.7371152013381366,24.0
-5.842028509742422,12.0
4.990055866637549,6.0
-2.0138816002038102,7.0
-4.0705415158045675,16.0
2.029411603517957,5.0
-4.045114113552409,19.0
2.8358235050475664,10.0
-0.13358371144345416,22.0
-2.760688546601262,22.0
-5.06886425423534,0.0
5.781717911808048,4.0
6.7365943742748,11.0
4.825234853663787,0.0
2.392573420224453,16.0
-3.2241152363628798,14.0
-4.4200595089451165,12.0
-1.8513106004497195,0.0
5.288707619110385,19.0
-3.8845379541075435,12.0
-1.194998241600984,7.0
-2.372856280766842,8.0
-3.4970349616712664,21.0
-4.9036221291012625,14.0
4.167857902775922,6.0
-4.174327121558783,3.0
-5.521521395542476,19.0
-0.08856295417295246,23.0
-3.8493747926243955,15.0
3.622634781115147,18.0
-2.0379113480479596,9.0
3.222536632813382,23.0
-4.560186820749864,19.0
-2.8691433028900404,18.0
3.1260738940635022,17.0
-4.050637366875423,19.0
-3.278835854562838,6.0
-3.269369628042261,11.0
-1.5682177878100192,2.0
-4.964247388040497,6.0
-2.2344376570718425,18.0
2.9431989094513753,22.0
-3.5283167360164374,10.0
-3.626079727490998,19.0
-1.3774599742582532,17.0
-4.13946447051558,24.0
6.127703465036989,2.0
1.7356707561358817,6.0
-0.7813437182704039,13.0
-2.2148859121230293,18.0
-0.6254174783249302,18.0
-1.2835870220943209,14.0
-3.0947831824796492,19.0
2.4863211733921236,0.0
-1.9465444150827995,22.0
-4.232760906249073,16.0
3.4848563111171575,0.0
-3.1505772366935574,16.0
-1.27444569211821,23.0
-3.6831435674671487,4.0
-5.067568623752255,17.0
-4.07849371713196,1.0
-3.186963127977632,15.0
-3.2160018085207076,7.0
-6.143880873760358,17.0
4.901417215258433,20.0
-3.0077161305713043,0.0
-3.3336530226919194,8.0
-2.9842006037757076,3.0
-5.630414412823128,6.0
-0.45678586293950785,8.0
-1.4151230116117834,10.0
-2.3447040548895806,8.0
4.3984890255479066,14.0
-1.7414237819165577,12.0
-3.4016760545941365,10.0
-3.986005927385985,13.0
-2.2018412114389796,17.0
-5.553430560042114,20.0
-1.5603220858787443,5.0
0.07818434792695084,5.0
-1.8756124328055206,9.0
-3.9800276339263534,2.0
-2.5266480066285553,5.0
1.1184224811841603,12.0
2.7444935842241556,1.0
-2.94022422165702,24.0
-3.510642117286426,2.0
4.6189762400993235,23.0
-2.2949994261746514,7.0
-2.640177429526377,0.0
-4.043676254980746,18.0
-5.5804275685855105,4.0
-4.181963729233158,21.0
0.11804752824095255,0.0
-3.722788300124588,12.0
-4.545756826702351,22.0
-1.845771065281713,20.0
-2.978284817944698,10.0
5.655478648206602,15.0
-3.3355612352336568,7.0
2.148780849951588,18.0
0.8332875925453695,9.0
1.8818640048307675,5.0
-1.1473511436194015,3.0
2.6877539505613064,24.0
-4.857968280045107,1.0
-3.932104588911746,15.0
-3.7011889775140876,8.0
-4.220158016554789,16.0
2.243989752746444,10.0
-2.815730507483094,22.0
-3.318100492626919,8.0
2.306527412829741,10.0
3.3551439918720307,3.0
2.3639312176527993,5.0
-4.598892791882971,22.0
-1.8876590170744394,22.0
-4.4400408128150035,6.0
-2.3694133164991884,16.0
3.9008915141478315,1.0
-2.9271674707306534,18.0
2.390611902664377,16.0
-2.887367347129093,5.0
1.709249760847046,15.0
-2.853217585970153,0.0
3.029929669366239,5.0
6.309520341117112,6.0
-2.485395816925961,7.0
3.2325561094327977,8.0
-3.5571627381364603,23.0
0.3560719180069827,9.0
-2.9678140355063434,5.0
-3.720780723731597,14.0
-2.636648282745572,1.0
-5.588056633906331,22.0
-3.0751274139798954,6.0
2.4273492990095926,10.0
0.39377979673716323,11.0
-3.8790268263665393,12.0
5.466516366540432,19.0
4.778116514240504,3.0
-2.2014995653305016,13.0
-4.095743007583523,16.0
1.7742077776533547,15.0
0.6058693350075162,18.0
-2.9201109591479812,11.0
-2.424245610441031,19.0
3.580836198276925,7.0
-2.5197628173150757,2.0
-2.9756381875827276,10.0
-2.481457209289802,1.0
-0.8518464576469005,11.0
1.247796720374068,20.0
3.7788106772003633,20.0
4.052235256525336,5.0
-2.0306499185892433,0.0
-5.025069962290014,9.0
1.3623331352103727,2.0
-3.9625782043730293,6.0
-4.709949168321487,23.0
2.1870047546763787,20.0
3.0135103560103103,24.0
1.7107720078191657,14.0
6.318344911153695,0.0
-5.734386879114502,1.0
-2.9748524633408113,16.0
2.2703640422123526,24.0
-2.3420771821456747,0.0
1.1683627044763691,21.0
-5.29832342891128,10.0
-3.852334925979342,20.0
-3.6009023748876876,19.0
-2.223218403416128,17.0
3.488375939511939,18.0
-2.603590356165961,13.0
7.23715206424823,1.0
-3.7248527043529527,3.0
0.7676757416822636,3.0
-3.6811195695147685,13.0
-4.892550737193956,2.0
2.220473575861841,11.0
-5.136588228653793,17.0
1.7785778909354248,22.0
-2.4756300706465284,8.0
-1.648672671269586,15.0
-2.6727366142895805,16.0
-2.8170615734509266,11.0
5.682616601007698,17.0
-2.6646574126557163,13.0
-5.871447927026258,8.0
-1.0631066705820695,12.0
1.6255975518356256,16.0
1.2441139297994672,23.0
-3.3275882180955847,20.0
-1.6636665447995345,5.0
-3.9233299118071514,17.0
-5.212629758220103,22.0
2.615535640682343,9.0
2.034075892604029,9.0
-3.9232014054403326,20.0
4.93113549993195,9.0
-5.7062431043117945,18.0
-1.3279153014547156,23.0
2.106126815388721,15.0
1.3665784923034636,19.0
-3.6616431895718167,7.0
-3.8409131008085806,24.0
0.09088866244092886,13.0
-0.5816691455265084,14.0
0.8942430185467067,1.0
-1.948827025541962,7.0
-3.489600690622377,17.0
1.3106928771527335,4.0
4.675467259801545,19.0
-2.6484700646690795,5.0
-0.6194466306509643,10.0
-3.6935368352605495,3.0
-4.18070477327917,15.0
3.6236355703418246,24.0
-3.529558859895569,1.0
-2.991872470662805,11.0
3.0285932737616528,19.0
-1.492824304576982,17.0
6.814569549980611,0.0
-4.152014696605341,21.0
-3.846812776491741,19.0
-0.7703923434222828,19.0
2.0646187664973414,18.0
-2.6514763855756027,9.0
-4.311918392704343,5.0
1.307182833259894,12.0
-6.016854680039382,5.0
-3.2476470724320587,23.0
1.832138069397772,12.0
-3.988053392727669,20.0
-2.8965296695446585,17.0
-5.129242207369835,7.0
-4.667562504171027,4.0
2.4371936825962637,1.0
-5.415671045186813,8.0
-4.821612907797062,15.0
-2.632657398827003,14.0
4.604319337226192,12.0
-4.158771665670834,15.0
3.005715214589063,23.0
6.294937457036351,5.0
6.9798222122985685,13.0
-1.8383581837315255,17.0
0.3222321972016269,16.0
5.648885315117858,5.0
1.8137730566650103,14.0
-6.073554991343153,22.0
-5.068959642590872,22.0
-0.7071136735038572,18.0
-4.907917555361044,6.0
4.470050655365998,22.0
-5.410275301786166,4.0
1.5551967194631442,14.0
-4.911542637293644,6.0
5.9452624098433136,20.0
5.38784291091243,17.0
-5.498939840737319,7.0
-2.695955770977519,2.0
-4.032922696346937,15.0
-3.9471451689018506,22.0
-3.421973941887341,7.0
-1.3103295256396206,14.0
-0.9238046580237993,15.0
-2.9081294826779907,12.0
-4.395747519479347,4.0
-2.951189976094855,19.0
-0.20538643753848662,9.0
-2.345269733556222,12.0
2.5155409448249113,2.0
-4.275332716964682,22.0
5.018130833324445,1.0
4.11469620155891,21.0
0.5854626844343427,22.0
-4.776313613389382,13.0
-4.505389836454728,8.0
-4.388826110793608,18.0
-4.2386207714324655,20.0
-5.32683430202953,23.0
-3.5303635840002565,18.0
-1.245917563776867,13.0
0.17015538398897423,21.0
-2.448933745032982,13.0
4.311486252105927,22.0
-5.236475129800637,20.0
-4.169861028205218,23.0
5.38840667071079,17.0
-0.2841175693195228,16.0
3.0435621526981764,22.0
-4.320763741760165,6.0
-4.131546630867819,3.0
0.6559320009767737,13.0
3.083814734921698,4.0
-0.9543341275380297,0.0
1.7056113018419448,4.0
-3.926910118471585,1.0
0.4777515319623782,19.0
1.1474258323475226,1.0
-3.9452748198130116,10.0
-3.9689889258291227,23.0
-3.513121510529503,19.0
-3.447419774256144,15.0
-1.6510480667562133,6.0
1.3848977515129612,17.0
6.8242694352560935,10.0
-4.015928469589871,10.0
-4.285883300157555,18.0
-3.404002486388034,3.0
1.5294907504345097,3.0
-3.5718136288861317,20.0
-4.379946891841606,18.0
-3.644149495747737,19.0
-0.8497836980465734,11.0
-1.40416149607693,4.0
-2.114177140073354,3.0
-4.887024237589152,10.0
1.6743517080576789,20.0
-4.13017710535335,15.0
-0.7607012366436743,23.0
-0.3816908615349437,24.0
6.989929420468473,16.0
-3.2696116379302804,9.0
3.7864874113350617,10.0
4.948847222854643,22.0
3.5404676183089823,17.0
-2.9980706696333055,21.0
-4.407908981322636,5.0
-2.9426356632170716,7.0
-2.466509793358692,4.0
4.026578907457633,8.0
1.8715224053654453,19.0
6.769712480266819,22.0
-0.20064940777540663,22.0
-4.9224394063421135,0.0
7.111765242266505,8.0
-4.802317920630132,20.0
-5.985449827709564,6.0
-1.4529294966027884,21.0
1.7827789424094114,15.0
-2.6266409291753434,1.0
1.2415141496676347,14.0
-3.091326325152986,11.0
2.378755752628697,8.0
-2.0902861829450323,3.0
-2.052890203691184,11.0
-1.5945619104306283,1.0
2.6046145547378003,23.0
-2.102850108548127,16.0
0.9147464730343868,4.0
-3.5388460089170626,10.0
-4.791440795021872,1.0
-0.37424771718711813,7.0
0.04863337982682259,16.0
-2.7953767853752147,18.0
3.452399289107632,4.0
-2.2718742233801223,7.0
1.7172637235365285,2.0
0.9403984769226583,20.0
0.6130107867918282,8.0
2.741578907443916,14.0
-4.008949022226619,11.0
-5.994005236249432,6.0
-2.3958655065018424,24.0
2.2750114791315665,7.0
-2.525066634574503,9.0
-3.683969914840168,23.0
-3.8903089927928334,20.0
1.7153908555121575,6.0
0.7935788691407288,17.0
-1.215073787406018,12.0
-1.0862551680318722,13.0
0.11828114365294073,11.0
-2.8829029751886868,7.0
-2.436677693424023,16.0
-3.830191705180561,9.0
-1.9636762343642356,17.0
-2.4251918967531716,20.0
5.055440726351175,11.0
-4.460259634686405,21.0
-3.662597817968837,11.0
-3.852624694506087,23.0
-3.0476299151419948,18.0
-1.9728667623359648,6.0
-1.1199832194312425,19.0
-6.586175026750812,24.0
-2.383908782211414,5.0
-3.8421906905264382,13.0
-2.6042843570301715,5.0
2.0251099644893973,9.0
4.596994315144195,9.0
-5.3475043804948275,5.0
-5.830738174500771,7.0
-1.4772861349210868,8.0
1.0063802775635922,10.0
-1.4786302858453118,19.0
-2.6662236372299897,3.0
0.9253581314978505,16.0
7.640940644961546,16.0
2.000728640701417,24.0
-4.340887164768954,8.0
0.28243331402337946,21.0
3.6939255289769264,1.0
2.7403564664179503,15.0
-3.854854044155664,7.0
-2.3605506170067203,2.0
-3.086890559755738,3.0
-4.21267064974513,6.0
-5.148735726725471,17.0
-4.344948473143084,4.0
-4.011547323422569,14.0
-2.7022007501649177,6.0
4.864688835102252,2.0
2.801964558120244,2.0
-3.7164967555766664,11.0
-3.347701246014135,16.0
5.475830046524157,5.0
-2.243961618537539,8.0
-3.6106445407187233,5.0
2.5347925589840288,4.0
-4.807086092926335,11.0
-3.602248057225167,10.0
-2.0973849822469113,6.0
-3.969944855101545,16.0
3.10032367220526,15.0
-3.051494109830104,2.0
-3.3304106558633473,7.0
-3.5020579523582316,19.0
2.2326705926004164,15.0
1.383476976752867,3.0
-2.3762451120306163,12.0
-0.001096914871720145,10.0
-3.1378987269984115,3.0
0.17207112674829883,18.0
-5.69453370800158,23.0
-1.6730134707819404,15.0
2.265961418116869,13.0
-4.6763482629258935,0.0
-4.366900358403528,17.0
-2.9043640730917333,5.0
-2.981221708706071,16.0
3.154721334010196,17.0
1.530474361119089,15.0
3.296571257656134,5.0
-4.219678442608839,14.0
-5.72771119788568,20.0
-0.1515219780985168,13.0
3.2809727284899157,5.0
6.752702809375125,18.0
-1.437196130109828,17.0
-4.296692121574957,24.0
-3.29213510127187,9.0
4.306725972006174,23.0
2.0309797094699813,21.0
-0.32972207658580266,22.0
0.3449182162836837,14.0
-2.6019304687254223,17.0
-5.706861830463788,18.0
-0.39940933622183117,10.0
-1.4566783768978127,20.0
-2.229552096279139,3.0
-3.508162626885937,8.0
5.394415968399968,20.0
-1.7737217054961705,24.0
-1.275051030418196,20.0
-2.8172241352015015,3.0
-2.996611823213188,4.0
-3.1531022167305167,22.0
-4.093053776076381,20.0
-3.588638466712794,22.0
3.8324696203063864,1.0
-4.425072841362608,16.0
-3.2392719169217505,5.0
-3.075738449500667,16.0
-2.328630850727772,2.0
2.915355216744431,11.0
1.1392226235216052,20.0
-6.030005104732746,24.0
-3.491558318935073,6.0
-4.063339090555152,4.0
-5.056621983568476,14.0
1.4836041822019645,21.0
-2.7100046823894326,15.0
2.148751120683586,8.0
-2.0977061750534562,20.0
5.439736695019647,6.0
0.9977450171195055,2.0
5.146415613933694,16.0
-4.061739771733003,19.0
-1.2028073461946935,8.0
0.9309535398800377,17.0
-3.5986814022101496,17.0
-4.654515620020778,17.0
-3.201514847520861,12.0
1.9146086234841935,23.0
-2.9498378013699,18.0
-3.5210990697304267,9.0
0.9318907953762885,15.0
-2.826601909655279,10.0
-3.0075387237114306,17.0
0.26169423749161425,6.0
2.784244918734315,2.0
-2.993899086097283,23.0
-3.05718603860892,14.0
-0.7458921405853844,11.0
2.5212490259619433,8.0
-4.425949233411688,21.0
-3.6878287545334696,8.0
-4.680644792284822,7.0
-0.4753668040666241,5.0
3.385281547204433,14.0
-4.963485789149851,18.0
-5.658221889823019,17.0
-3.5394921839086195,19.0
-2.8978724440738093,11.0
-3.091197183980988,11.0
-0.8340567623291417,6.0
-2.612162905819769,18.0
-3.694954910792679,16.0
6.775314609381645,13.0
-2.8431381529882724,23.0
1.4200437957764824,18.0
7.743418367508234,2.0
-4.246279551184919,21.0
-0.2316511237415737,7.0
-4.68442952190108,2.0
-4.438867847916697,16.0
-0.23073859966578136,13.0
-0.5667947549188428,10.0
-1.397256895214118,7.0
3.2401590240659712,3.0
-4.997442141821087,10.0
-0.26833248678490507,12.0
-0.46514362421536815,17.0
3.018671568028312,2.0
-4.132574793297647,21.0
-2.8541473095612875,11.0
-4.170932963252544,23.0
2.6262379018074005,1.0
-4.603272174707932,5.0
-0.3942046247021831,12.0
1.0316163844936264,2.0
0.2684498504987687,13.0
2.1752487344741276,23.0
-4.167228963624313,6.0
6.46346546796333,2.0
-2.569856258714099,18.0
-1.3640885087134607,7.0
-5.027788848015686,15.0
-3.7990243662060275,5.0
0.7709843028941354,20.0
-3.409772983926359,8.0
0.37366984666867675,16.0
-4.218920977750126,22.0
7.191607123311636,10.0
1.2189880171216099,17.0
1.1113683876744398,19.0
-2.7588730190170034,13.0
-1.8382186692859752,22.0
1.7044709888831302,9.0
6.660627750288707,18.0
0.509057522423142,15.0
4.942205441175976,22.0
-3.978275870376719,22.0
-2.9359574090858667,9.0
-3.4640498499735726,20.0
3.463457725424317,11.0
3.8253110923385254,4.0
0.7834476088186668,21.0
6.062280204027681,9.0
-3.8494794009118496,15.0
-2.7616885164331926,14.0
-3.2301421856577495,6.0
2.2417685933961153,8.0
-3.4638558058330653,23.0
-3.390700485505283,20.0
-4.605533981309242,8.0
2.627650896124147,12.0
2.3690458769469114,13.0
-2.95310078574426,14.0
1.340611680350187,8.0
2.0899116424638144,11.0
-4.144536461628922,3.0
-1.470610304600926,13.0
2.5086614886649876,21.0
3.1893657678037854,13.0
-5.0758179206153375,17.0
-4.8103947708752255,18.0
-4.196657913915843,23.0
-1.8641169565782447,1.0
-5.245748070145681,12.0
-2.1413043629466757,4.0
6.387054395768304,3.0
-4.292699920719142,19.0
-4.593945538201879,21.0
-0.26790457837796433,3.0
5.563813538444175,5.0
-2.7266061796678276,3.0
-4.653925958587808,7.0
-1.5659907477102735,6.0
4.315001247694287,23.0
3.4155340718747365,1.0
2.5346158232198395,5.0
-5.288485207899075,13.0
-3.9923609252335663,1.0
2.3400300922307795,6.0
-2.5921756500039685,23.0
-3.088895291002347,17.0
-2.281510287746916,8.0
-2.68828749782459,15.0
-3.295411332837129,1.0
-3.8384709012725096,15.0
-2.2626995238985623,11.0
5.343843595541765,4.0
3.782830746871533,4.0
-0.7098106385385425,7.0
-4.918089319825927,7.0
-4.365052505793229,12.0
2.157448086697431,24.0
2.56019463883889,18.0
-1.7198892412489895,9.0
-4.928173121899618,14.0
-5.444752952716013,17.0
-4.397000516501436,6.0
4.007323154116683,22.0
-1.4522032679725598,2.0
-1.1787444751365035,8.0
1.3422318285692016,4.0
-0.8018224023108897,20.0
2.3118365379984884,13.0
-1.1259368873588946,3.0
-2.5522321280876556,10.0
4.29878658381906,24.0
1.7678699868763008,12.0
1.2801976346596242,8.0
-4.732781090100033,12.0
-4.399389585257733,8.0
-1.739535174207763,3.0
5.196175366662774,6.0
-0.6824258117752457,6.0
0.45091399244859154,23.0
-3.4737685208899522,23.0
-3.6509665194695984,1.0
5.425823423127264,16.0
-2.28849616873193,10.0
-4.747409602350979,9.0
4.570391669867616,17.0
-3.3864978761777706,1.0
-2.731142016160134,17.0
-2.8205630981712404,9.0
-3.673580477480625,2.0
-3.510655248879568,3.0
1.43996709623143,7.0
1.2420154945489779,17.0
1.1296250235849676,4.0
-2.939197866692772,4.0
-2.7310053251334043,22.0
3.286322867944314,5.0
-0.6913330376405609,5.0
-3.1232871585910624,2.0
2.2993498034772557,22.0
4.432179266542228,16.0
-5.788086301731813,23.0
1.8751938890699344,9.0
-1.4741603856309817,20.0
-1.7130121484740723,10.0
0.12257298057043231,5.0
-5.544527631002612,14.0
-4.080156749501202,13.0
-3.03608828126913,18.0
-2.915803877460892,18.0
-2.1095951795115027,9.0
-3.2310734558070138,14.0
0.47503804881631195,23.0
-3.3122726544603585,23.0
-2.818992047374143,1.0
-0.3598319532290919,24.0
-2.3054015599114015,19.0
-4.364432462615019,7.0
-4.5603748910350435,2.0
1.9736205071965465,12.0
-3.7203792367734967,9.0
-1.286265285017572,14.0
-1.7207008387174774,3.0
-2.1271521947311864,1.0
-4.401960624734984,0.0
-4.122320805001243,20.0
2.2467773516229985,1.0
-3.0662317514289064,16.0
-1.8344825782503285,4.0
2.1189858917207722,5.0
-4.236751680868686,13.0
-4.6140582589488535,16.0
-3.2295921636496203,6.0
-2.7976370294914554,18.0
-2.5368739687689406,21.0
-5.034288171671756,13.0
4.227841366887679,16.0
-1.9305858795447846,13.0
-4.17232113793127,14.0
-4.757425613876036,6.0
-4.292052311718353,0.0
-2.63874744257747,21.0
-2.3498811315337846,20.0
-2.6969041479185565,10.0
-3.1563666555675756,3.0
-4.014565372650742,2.0
-4.5855814160277975,14.0
-2.935165533506556,19.0
5.60285665831094,0.0
0.7156500048842429,8.0
-3.7935064071917948,4.0
-3.0517682669581525,0.0
-3.6104965397882305,8.0
-2.7289388580130147,9.0
-3.4747286844313603,8.0
-4.630413154961438,22.0
-4.041599701839766,13.0
2.849538098236296,17.0
5.253431462972037,11.0
1.396912500877929,20.0
0.9002210796027259,6.0
0.5934550842121215,13.0
-4.023334105440432,22.0
-0.6799978016864343,22.0
-2.9549329624654788,5.0
-0.13678707352810981,7.0
-2.042495408391056,16.0
4.227617464536905,10.0
-2.3221488394225895,21.0
-0.34830815338429977,13.0
-3.891575763649832,8.0
-4.238648914433048,23.0
3.8418673158254197,8.0
4.649042440929142,11.0
-5.4338373146905,3.0
0.8043641281942002,5.0
2.9040050653514444,9.0
-3.527011057996303,13.0
2.363211809938645,5.0
-1.4629381384517939,9.0
6.549798007524709,16.0
1.539873824652023,1.0
-2.127184971618452,18.0
5.872198415297397,7.0
1.6791079236970081,17.0
-2.5049130097935226,16.0
1.0352639689066498,6.0
2.373044839345357,7.0
-5.288651723164071,18.0
-4.809557481983852,3.0
5.915493630798867,7.0
-4.503071324474227,21.0
-2.9341563366376096,19.0
-1.102899885117493,20.0
2.7987606661005264,12.0
3.19783371023392,5.0
-3.9281215745298717,9.0
0.8402676712820982,8.0
0.6660713429740119,8.0
-5.352634615503474,15.0
4.965176341850756,20.0
6.651133741347801,20.0
-4.841584612035511,1.0
3.362179680104398,12.0
-4.217860457006046,17.0
-5.537730564254288,20.0
-3.3110580383717814,18.0
-3.96773312721762,23.0
-2.851354124854301,20.0
-3.903744840760619,12.0
1.1888625929366032,2.0
1.6141398813538546,16.0
-0.7434965233969246,19.0
-1.3983720855485684,16.0
-1.9605646359304916,18.0
-4.840231101019107,19.0
-1.9572677288957343,18.0
-5.124365576633641,2.0
-2.3754914237322815,23.0
-3.9774902416942566,8.0
-2.5142585381294498,9.0
-1.3763849358575988,10.0
2.8636137156414336,8.0
-4.416955365450665,24.0
-3.7963541974895043,7.0
-1.589583979867987,14.0
1.4574144477940298,4.0
-5.975848130511003,24.0
1.8141258159328433,12.0
-3.995069007195954,2.0
-1.652128622297601,19.0
4.69823454383695,17.0
-1.9642859767171486,8.0
3.4445922292235402,8.0
-2.6629536491845083,21.0
-4.41447381772274,17.0
-4.48383041704708,9.0
-4.214038533531778,15.0
-2.166327120098012,16.0
-3.474084147478268,1.0
-0.988555625147597,24.0
-0.6774533628557695,15.0
3.44451935706619,14.0
-3.719411342932995,15.0
-2.490234547183613,18.0
-3.187826446231449,16.0
3.5967685747358376,9.0
2.2856579506097114,20.0
-2.4814255012079283,10.0
-3.557513801256261,8.0
-2.3282971702945634,2.0
-1.910159957976246,3.0
3.1843107123974304,10.0
3.889378723290185,19.0
-3.3063852847406023,17.0
-2.7905728515589976,0.0
-5.414920164323855,18.0
4.147551520615032,14.0
1.992600886972645,6.0
-1.9096742357501513,17.0
1.2531266575916788,8.0
-0.9308932441225206,23.0
0.30403874809624565,15.0
-4.2777780783878825,9.0
-3.388120502244638,18.0
-2.6366035554536804,8.0
-5.285280657753153,4.0
-3.769642722963819,7.0
-3.9816138244604624,15.0
-4.060672423557642,13.0
-5.003646724159236,5.0
-4.491953066094432,22.0
6.1668579677933675,13.0
-3.257237955217796,15.0
-2.391756071085264,4.0
-3.2315289555032454,17.0
-2.422543696644458,7.0
-3.146692861512875,18.0
-1.0394854151137052,15.0
1.76912363355804,3.0
-2.2758626826083397,15.0
-3.992381194475418,18.0
-5.702671941144126,10.0
0.5689151596265027,21.0
-2.2994216388728526,14.0
-3.2610466789478614,12.0
-2.95057790084319,7.0
2.3500758705413327,15.0
-3.3044903283236664,23.0
-4.528849516347323,5.0
1.6524294182873653,0.0
-3.2813591169593637,18.0
-4.112568056358847,5.0
-0.8539883159583818,6.0
-3.216827363750915,2.0
-2.9237465234125577,8.0
-3.8082076460661973,1.0
-3.1786896132019606,3.0
-3.9792605946690482,20.0
4.398082838938592,21.0
3.082789175801318,23.0
0.19021174955660136,9.0
-3.7821164852906333,11.0
-1.3007720995905543,12.0
1.7634541129794195,11.0
6.8116513415470425,20.0
-3.748473902812016,8.0
-1.3276389289427737,12.0
-1.4176493364537643,11.0
-4.358132400590918,21.0
2.136244804888664,12.0
-4.87080438738942,8.0
0.0356735641264585,11.0
1.6989359944191853,12.0
2.915357207269618,2.0
-3.9601557465402952,2.0
-5.697483066043635,6.0
3.9331919860243088,14.0
-3.3977115984458646,22.0
6.489800838645085,2.0
-2.741654589895261,0.0
-1.330314479267906,5.0
-3.3247833269871285,4.0
-1.9266736111844933,1.0
2.8490742884081346,4.0
-2.162117205757431,9.0
5.405902297005195,16.0
-3.176892969956744,12.0
-2.4644790347219074,21.0
3.9347947876629443,7.0
-2.868942812055261,16.0
-5.758303577124261,16.0
-1.7450417088694978,0.0
-1.6074891979629415,14.0
-4.481455055444925,5.0
1.898649424644591,16.0
1.7142396500414259,13.0
2.60599237623679,10.0
-3.9132778282212106,6.0
0.6035931992690187,14.0
5.017894279106943,12.0
2.2615206842189823,6.0
3.954773705763561,1.0
-4.50618965022904,4.0
3.687217331746914,3.0
-6.607388596506066,5.0
-5.1018019906449386,15.0
-3.7162029178863385,22.0
-5.267519657024892,23.0
1.8332464168766012,13.0
3.625213295178004,8.0
4.556091700164398,21.0
-1.9259724283718704,9.0
2.351225815898685,13.0
-3.8230933916210463,1.0
1.5404775731046771,1.0
-4.162977493975957,7.0
7.025438213865375,20.0
0.6294751568586876,15.0
2.706495104648771,11.0
-2.5874842099600683,0.0
-4.576564857273285,1.0
0.8185454471075928,6.0
-4.154446931446477,8.0
2.5579666454421344,12.0
6.713347505122159,1.0
-3.5702283379606192,22.0
-4.198841544315369,18.0
-2.0106422770638437,4.0
2.8574970470831316,5.0
-3.425642657008995,9.0
3.9575561484635275,13.0
-7.111041722087051,2.0
-3.415238446429888,14.0
-2.2534562405327447,4.0
0.8265158097071459,10.0
6.235618489570941,14.0
7.422753576297855,1.0
-0.14401991192666008,3.0
-4.742411967740061,18.0
-5.229184067429556,19.0
-3.564623947574523,22.0
-4.5625370201947515,11.0
1.6316337047467573,10.0
-3.5354862849215913,14.0
-5.811668928979134,14.0
-3.7571464904550442,8.0
-3.70174498155082,12.0
-0.4133203029808916,0.0
-4.7671568327366,14.0
5.371525732311506,9.0
2.2433681671407593,5.0
-2.39501568769464,11.0
-0.20967210743539866,7.0
-1.1157287186213605,1.0
1.111538265878215,24.0
3.3985141709012097,20.0
-4.0290560616761635,15.0
2.4866781745407964,21.0
-1.9634426180379927,20.0
-3.3856138578466375,13.0
0.07140665039291028,23.0
1.4267927639090998,4.0
-3.3488468160688387,3.0
2.3805674925812133,0.0
-3.6146861979695455,11.0
6.284888773674504,11.0
-6.611921218254611,13.0
-2.11819729802081,21.0
-2.741142976882766,10.0
-3.4582981582591983,11.0
-6.727597830226662,12.0
-0.685634585989833,0.0
-2.9120155723016046,8.0
6.199827209262463,8.0
-2.946204020758202,4.0
3.8090836816148363,14.0
1.0904388581591795,7.0
-2.572776016689596,1.0
3.5027869508229985,5.0
-1.840187960077169,13.0
-1.1635041753107251,5.0
-4.3388049732450025,3.0
3.3013828923526325,10.0
-2.5231890681491196,10.0
-2.5797679550728825,3.0
-2.9832199349401964,22.0
1.9906408300980858,10.0
-4.74179607368648,10.0
-0.22213815250582636,3.0
-4.950335022779152,1.0
0.5256776551689657,13.0
-1.9139403119566305,20.0
-3.8342644421630108,5.0
-4.442746199472466,6.0
2.413137194448539,23.0
-5.621136121726995,19.0
2.185908117937459,4.0
-2.8095181873942408,14.0
0.4801582864472236,16.0
-3.9124514875608845,11.0
-5.306479576416392,9.0
-0.03478593700860966,20.0
-2.895603815442875,0.0
1.3006105374202566,2.0
-2.315571722566077,17.0
-3.385824960278075,23.0
-4.09258497504317,9.0
-2.2057002871026627,17.0
4.803586471764283,7.0
2.2197286432821866,23.0
-4.89134790223155,18.0
-5.942747944183408,1.0
-4.4164320847436205,13.0
-3.513419265522365,20.0
-0.5359292890927931,13.0
4.9528453073973875,7.0
-2.8934713112076076,4.0
3.4848034528204637,12.0
2.414838414606587,4.0
-4.764207489054151,22.0
3.2271618390075356,22.0
2.7691365700814785,17.0
-1.5395416935179667,9.0
-4.832599031506935,14.0
-1.654843611678814,22.0
-5.545785191484228,15.0
2.6838594597898044,4.0
-1.7077926984564884,4.0
-4.836486754034606,11.0
7.829417296521066,8.0
0.7488929282967158,14.0
6.17123767797095,19.0
-3.5064439236197855,19.0
-2.8918654385101976,13.0
-0.32651993120142997,2.0
-0.7541093629029234,8.0
5.62375767700266,3.0
4.057894087979059,16.0
2.9355194230113852,20.0
2.986355523518304,9.0
2.7493264392123384,1.0
5.40357667019569,14.0
-4.760415526174168,11.0
6.753952257809122,12.0
-4.0121383138253455,7.0
2.639193903004866,8.0
-1.3329897609641348,6.0
2.3635047658915154,9.0
-5.134624290692189,21.0
-1.4733654496013888,2.0
-3.26110431608067,20.0
3.218986476125871,12.0
2.3825830744789247,21.0
4.5475855977318735,7.0
-3.417545387946795,7.0
-4.179209917767784,23.0
1.640202945018571,6.0
2.568329904789347,12.0
4.168642152127552,1.0
-1.452722280148095,21.0
-2.688467978710321,1.0
-4.82399662506908,16.0
5.546597202196234,14.0
-4.016945678093515,5.0
-5.115920426205432,3.0
3.7294278607055142,8.0
2.334048470515842,1.0
-4.956380242680426,6.0
-4.989444200797878,18.0
-4.194114239143946,9.0
-5.128906618622393,16.0
-4.663085152919754,8.0
4.792352866919196,10.0
3.4694783194871324,2.0
-4.488058950739694,6.0
-2.121859601188758,12.0
-2.1322914708223735,4.0
1.4573621320491128,11.0
-1.4070494348384464,4.0
-0.7758274720053753,0.0
2.5590408378265295,9.0
-1.933145282391608,13.0
-1.4035755138953379,8.0
2.619865533045105,5.0
-2.124809715592194,11.0
-2.1083594961703,15.0
5.147131241550229,3.0
-2.6281169422759616,5.0
-3.377968890511771,23.0
-4.5038982543543,22.0
-4.166301452698261,20.0
-3.166448377329249,3.0
-2.394839592752299,11.0
-2.236329595006463,6.0
-4.731079123106321,6.0
2.293940252634666,14.0
-4.604045287197037,7.0
2.9767716052249042,13.0
1.954723686882227,16.0
-2.5670502913805833,2.0
-2.1074287477661056,1.0
2.655532488904,10.0
4.3498653803150065,9.0
-3.898760539043654,17.0
0.048092423294751274,17.0
4.31654371405361,14.0
-2.7559647851814324,5.0
-2.872684533002216,10.0
-4.351390014850102,21.0
-4.512594479172228,17.0
-3.5259852456250305,12.0
-4.036945153681208,14.0
-1.6113526277662724,19.0
-3.1592904379045463,19.0
-1.814386180831832,20.0
6.309530703845729,6.0
-3.564952991253822,21.0
-3.1941604478561643,22.0
1.9038337157036327,23.0
-4.952349685167615,5.0
-6.125665289768303,4.0
4.042562481124445,20.0
-0.3533778927528619,17.0
-3.8716703896283535,11.0
-4.329369749538178,3.0
4.9447488115343115,12.0
-1.0952339824614716,23.0
-2.6685771984231574,20.0
-0.6560387483250838,22.0
-3.3166481572982156,24.0
3.2271644736640486,2.0
2.7345882345187342,0.0
-2.577369197277741,4.0
1.62075645686458,11.0
-2.7170254055263685,20.0
1.601286228443381,10.0
0.18996087068198597,5.0
