sal_5_lc2vs0_iate,empl_x0
-28715.249686179264,41.0
-41565.501973125996,19.0
-45772.818142885895,65.0
-38092.49604391926,58.0
-51264.53570445512,60.0
-31427.586397243245,72.0
-36321.626581250726,35.0
-42925.453129004156,48.0
-31801.108059058468,86.0
-48508.64573304874,68.0
-55624.60451616281,95.0
-55007.17634090209,28.0
-54994.699906349895,72.0
-42397.75749511925,54.0
-33971.06470117067,35.0
-57449.96176534514,89.0
-30471.792955020854,46.0
-53774.37312790059,100.0
-34413.43164460671,90.0
-56979.30476848637,77.0
-54862.498398136726,44.0
-32576.349227631345,56.0
-38390.6195125575,98.0
-58376.53989406924,42.0
-54424.272960833405,63.0
-56812.901297699864,50.0
-49155.88018186944,92.0
-31572.91769448224,38.0
-29560.64817528914,36.0
-55984.47487845683,103.0
-40860.47167776922,58.0
-56830.632379196046,70.0
-41598.787718314146,65.0
-48573.57234004096,53.0
-38769.7440509272,70.0
-46115.905968485546,78.0
-47968.37160784687,61.0
-50631.544597811204,94.0
-40771.60620038542,71.0
-47538.03513272312,79.0
-35389.99247527305,45.0
-57539.13597286692,80.0
-42903.002437973424,60.0
-52052.518781298415,78.0
-62298.25660100421,64.0
-47785.32682037818,91.0
-60560.801472904,106.0
-35776.19187495491,41.0
-28610.462477439338,71.0
-55915.250933526826,70.0
-30129.517317308568,32.0
-62057.930504667485,62.0
-36999.9345642201,68.0
-52017.118172786984,47.0
-41302.55900192101,105.0
-38780.59998374518,25.0
-58994.0473697041,47.0
-36280.97437566454,67.0
-41931.338440805936,62.0
-47371.27750761547,28.0
-35760.5629610708,53.0
-30304.7843919838,66.0
-59684.60426132793,97.0
-32283.378069454506,79.0
-37197.107334372784,105.0
-51444.74602776311,17.0
-30302.800736185134,65.0
-32305.166432921542,81.0
-32455.52418078969,78.0
-39599.358166024,66.0
-33856.77366023425,91.0
-57827.23328703434,71.0
-51422.9465144251,56.0
-33738.8754441185,61.0
-54932.46906915153,37.0
-54766.726933848535,57.0
-41413.195456283865,72.0
-34091.34259616437,97.0
-32469.271067910955,98.0
-54927.490690077604,109.0
-57389.9204764816,48.0
-55877.35000863322,82.0
-36792.01156735611,50.0
-55398.932277917804,49.0
-38943.12351971055,92.0
-39864.1106716816,54.0
-28596.413759058592,51.0
-60550.80640833221,87.0
-31374.760551440566,77.0
-50126.200210622774,85.0
-41096.69278549947,71.0
-37432.63442104671,51.0
-52491.99341423507,84.0
-29221.398805773173,53.0
-51986.86123558467,46.0
-50665.76135500007,93.0
-43611.50446925066,37.0
-38960.76703097949,89.0
-30182.19197143699,47.0
-44002.68352953189,61.0
-52296.89761674215,83.0
-56545.452278572375,61.0
-51659.57263205855,63.0
-34912.845481867014,54.0
-30394.99154671422,49.0
-55210.79585532325,36.0
-45314.943382418394,50.0
-45701.52394466547,42.0
-34701.91175948195,70.0
-60672.94457311327,84.0
-37952.1105548299,62.0
-50374.743327411474,64.0
-31704.672284749588,97.0
-42327.19908077008,73.0
-50366.3321242972,85.0
-31251.270175556772,40.0
-42793.2846417296,51.0
-38974.24598413349,35.0
-40406.4167087445,56.0
-59001.31917561738,28.0
-48211.94549755275,65.0
-53256.96902039189,79.0
-55153.56546992408,95.0
-40238.99570437491,75.0
-37624.2904469934,61.0
-42274.67087459547,39.0
-62164.259194059734,65.0
-39667.33855062847,72.0
-52014.77129809445,41.0
-42663.7279547773,59.0
-32640.73627842037,43.0
-43238.18087518902,76.0
-54252.24993675223,55.0
-33334.59829274801,34.0
-31823.39801214051,32.0
-43780.51205337726,70.0
-52248.53102550645,63.0
-55057.42840722152,42.0
-62651.83054914286,69.0
-30761.444930302412,55.0
-51274.14789678805,92.0
-28788.66817941276,94.0
-60119.619066311585,90.0
-41640.102321285536,91.0
-53467.22610338757,88.0
-50730.84308675654,94.0
-60527.72596346497,76.0
-31904.362523116746,102.0
-41503.91135932377,76.0
-32551.883297933127,76.0
-58923.56160052892,53.0
-31215.84115139151,46.0
-34697.748225772535,99.0
-62323.205092380085,70.0
-31216.21464160476,78.0
-39129.47066695505,61.0
-40820.98250950207,89.0
-46323.33266134393,77.0
-32417.749412483645,93.0
-36459.745936535925,15.0
-59821.21013647442,54.0
-52378.09714171653,40.0
-30694.714537425953,40.0
-54697.9185427256,87.0
-41171.5748840202,80.0
-57986.42254048781,44.0
-42980.22223180061,81.0
-59316.621832837845,96.0
-50086.66028685759,48.0
-43659.32483401623,24.0
-52447.27530406219,50.0
-34224.785418814914,91.0
-59490.235588855765,49.0
-54685.61951294278,56.0
-42209.24786724504,98.0
-36439.21384011111,53.0
-38420.18315601151,69.0
-50287.10396309862,65.0
-33538.64605089207,42.0
-54922.14816032328,91.0
-28771.83868331985,51.0
-41566.31556162753,54.0
-41729.36190838968,45.0
-30303.19001635342,36.0
-30971.535278098527,39.0
-61640.082234842936,76.0
-43706.60639052616,62.0
-31312.143512975563,30.0
-58777.999383823204,111.0
-59396.82876592381,74.0
-58605.386121267016,52.0
-54173.93622781098,100.0
-48203.087990308086,55.0
-36706.41293495585,89.0
-41252.97428597145,58.0
-59607.627381410275,43.0
-34228.46577858093,78.0
-36090.85972234757,38.0
-51286.32346384805,76.0
-29133.95607240176,70.0
-35772.79230682518,36.0
-58661.88934686985,42.0
-37835.46915149411,91.0
-28589.386403471286,60.0
-34945.52606602938,65.0
-45919.37433973939,70.0
-36935.29135171294,52.0
-36554.641972582176,75.0
-41802.934438511395,63.0
-35318.392965279134,87.0
-45999.32955195254,116.0
-42435.530973341825,80.0
-59748.96309965047,85.0
-45665.31358212522,73.0
-52460.170736522996,55.0
-51859.328809365135,81.0
-55584.94084572646,71.0
-53132.5203526928,100.0
-56358.439667228195,44.0
-51135.052190049486,55.0
-28482.677985806436,80.0
-50821.59223354857,90.0
-35380.60770382152,92.0
-33013.08221780132,110.0
-50183.74091684386,103.0
-43205.57509736745,87.0
-31612.74166475369,79.0
-46704.817711159296,78.0
-41128.92407936568,46.0
-37531.557321233915,45.0
-42429.73100793613,79.0
-43691.548086423696,63.0
-50601.82931032199,49.0
-45935.04049140933,55.0
-29397.008904208185,44.0
-57343.20286396248,79.0
-51738.066968725136,25.0
-40702.56896795514,71.0
-53151.73381818073,103.0
-39053.330592124854,91.0
-60802.72070355086,62.0
-54263.14238906717,65.0
-57446.85014037153,42.0
-37373.10408515264,69.0
-44766.04315102435,61.0
-43017.294075881364,64.0
-51423.391964083894,61.0
-55091.652510234344,33.0
-32015.384040561094,92.0
-63067.97220150839,65.0
-30165.021752562974,24.0
-45912.93807434887,60.0
-37297.45991755476,36.0
-59644.76009299832,64.0
-48355.985403433966,82.0
-59991.604978890835,48.0
-57282.54457584223,49.0
-30181.415629577557,89.0
-60647.179740427324,58.0
-50684.91417180546,54.0
-58311.41424339509,85.0
-55829.14887766866,86.0
-52540.70581406061,98.0
-49873.17072216084,64.0
-55452.761735022206,59.0
-53720.306714589475,44.0
-46053.34056726598,83.0
-33465.08709001107,61.0
-28640.639015597193,63.0
-40979.839103662074,66.0
-58761.55175783551,73.0
-37635.01504533409,80.0
-40445.14199574791,74.0
-56010.16579163025,91.0
-31371.930982226473,69.0
-39124.43705699159,58.0
-47561.61514914324,86.0
-30805.77045990318,50.0
-55044.671722635874,86.0
-40328.820057502526,12.0
-42607.31823389546,37.0
-39224.513650440786,85.0
-35137.02375118504,61.0
-36393.2565500581,96.0
-54237.66706017105,61.0
-49732.246937498494,72.0
-52571.790250361984,107.0
-34133.02854636857,74.0
-38342.94759502422,74.0
-39793.675739769,52.0
-54171.79131030961,50.0
-35186.123182125484,75.0
-59041.65023301141,68.0
-37383.6398892759,100.0
-36567.176838289386,83.0
-43423.63358862846,82.0
-29488.608618845297,69.0
-51786.956434447624,55.0
-28728.021933360607,36.0
-44026.75767679905,43.0
-32310.802899377093,111.0
-41383.61880264395,22.0
-40783.699530575796,90.0
-59604.95862828419,66.0
-42211.67720078374,27.0
-36491.59824294337,42.0
-35541.4186364126,64.0
-55644.27422154047,48.0
-42164.90732020772,52.0
-48644.24264766915,70.0
-37035.66293959229,47.0
-29520.778104798494,84.0
-60175.80177226868,69.0
-40467.35927284875,83.0
-35694.25849234307,68.0
-62535.5720954726,73.0
-55810.863722586655,90.0
-29325.890709384163,53.0
-58109.17368147272,97.0
-39350.13019037228,67.0
-53335.49326033819,56.0
-29183.764188705376,61.0
-58296.14480818971,52.0
-30173.239978544316,96.0
-44573.750430446555,63.0
-44590.831254360586,100.0
-39354.374449837094,24.0
-30920.918674212055,47.0
-40902.81547857896,69.0
-33722.02366983725,75.0
-28854.573966013377,59.0
-48790.76135267955,58.0
-60781.19616872599,109.0
-52932.13723819623,83.0
-43769.29207097237,43.0
-41164.99230156542,74.0
-33156.33508692235,87.0
-37313.19816950017,59.0
-29603.666016667157,77.0
-55182.83919534911,69.0
-38453.14354407356,114.0
-35437.71948990795,87.0
-52922.93532643164,48.0
-57302.37074731577,69.0
-57058.1761482939,95.0
-50129.63850371418,77.0
-42082.858450893786,105.0
-54230.424815575636,43.0
-37387.5785147757,81.0
-42078.48440957941,87.0
-56017.179490187526,41.0
-32836.279766912296,55.0
-28102.446351187577,76.0
-52988.10257254015,71.0
-34396.28496183982,112.0
-42145.32242601464,78.0
-32948.94718686836,71.0
-41277.73494444862,51.0
-31640.075481812393,78.0
-43250.48640211301,72.0
-42544.2053776624,37.0
-62501.94591845115,75.0
-47980.293647263454,70.0
-53438.377904608744,55.0
-29290.476062290163,74.0
-40546.710595450146,69.0
-38466.564150677725,59.0
-58702.82115932193,61.0
-58480.359484814835,61.0
-43224.349006520664,57.0
-36467.44082863019,55.0
-31234.721557889618,50.0
-57692.2191531752,77.0
-58933.429036826215,85.0
-43052.079457583815,62.0
-36144.89034667432,100.0
-42214.54912260525,55.0
-55598.19026179947,79.0
-60489.820082307764,81.0
-43678.24247446908,79.0
-31059.280225307033,91.0
-41466.58461700556,49.0
-30396.022349913856,88.0
-28635.090241840837,60.0
-38522.59997101303,93.0
-59679.207332003585,51.0
-52001.59498246189,86.0
-43279.97668571702,76.0
-55735.579058566946,97.0
-32517.952751827776,74.0
-60948.49754062819,83.0
-57910.79032323444,58.0
-60047.05667860758,94.0
-44375.274649755076,54.0
-41835.65035885676,91.0
-32099.662672253802,88.0
-40572.73983736985,92.0
-34874.36897592294,99.0
-47894.74336803074,94.0
-30640.564736759134,44.0
-55694.536859183136,76.0
-46928.419750739704,97.0
-29451.477646693093,60.0
-53387.2926030589,90.0
-49018.378567729254,56.0
-34647.489120397804,68.0
-36416.55378650219,50.0
-28602.9699040159,40.0
-40356.53827605245,39.0
-32861.938960056556,41.0
-51773.38234393599,104.0
-52914.134541173975,107.0
-46610.17439979459,83.0
-42091.33639710627,31.0
-30901.25374034355,70.0
-42254.26043688933,52.0
-54559.34706519151,56.0
-48434.18888204609,89.0
-41089.78652528752,48.0
-57994.8030801893,55.0
-45271.04561853029,86.0
-59000.9831840099,118.0
-44551.60134630702,103.0
-30699.25701478583,45.0
-40867.407607107816,30.0
-42890.84254643809,68.0
-56053.220023682836,53.0
-29172.57395128511,94.0
-30911.275691296134,55.0
-46553.30568968046,56.0
-43091.51009126988,67.0
-52589.693619141544,57.0
-33073.934661387924,85.0
-40211.809132907656,54.0
-46709.67457756543,100.0
-41235.67204959024,73.0
-57446.30800250353,54.0
-44978.97043082993,70.0
-42441.752534044244,46.0
-39111.03979245308,53.0
-51023.83075267968,68.0
-49158.68133972831,76.0
-53444.653703814554,54.0
-31211.562510322357,58.0
-57197.768549515924,46.0
-37638.24378512871,42.0
-56827.72270338197,93.0
-51702.140276086866,87.0
-61536.27535225736,80.0
-47661.78979147467,89.0
-41538.310929720974,97.0
-38724.72872240059,42.0
-28345.34405806085,74.0
-35423.81633280586,54.0
-29489.681943211075,59.0
-32283.70054510024,72.0
-36648.90407969007,90.0
-40183.8112355442,90.0
-54739.494656630384,88.0
-40804.43216133442,71.0
-30865.740233437988,98.0
-49137.749478269776,69.0
-30770.339913421016,60.0
-57221.720096307996,43.0
-48374.752544266186,65.0
-39472.80878213661,44.0
-30113.647786057816,70.0
-43678.16888717668,53.0
-30492.88979396741,40.0
-62394.962290977186,81.0
-32844.58450105405,54.0
-53778.402417827136,69.0
-29416.97331835586,42.0
-51640.03909077295,82.0
-38100.54585587649,73.0
-38716.86419690672,53.0
-47432.51331535808,69.0
-52590.75514640646,80.0
-55283.71172597821,66.0
-57588.0175394682,24.0
-40835.42107034304,52.0
-56230.997156075886,68.0
-32108.687433816194,66.0
-41665.96768080083,76.0
-37091.895350255145,62.0
-55393.85574817416,53.0
-39768.27373576281,55.0
-59654.66018840205,41.0
-54862.47144879312,62.0
-35904.919956558624,50.0
-53188.78302240845,78.0
-52179.4785917725,53.0
-47839.017962302605,51.0
-39661.335889040995,84.0
-36504.93909631015,72.0
-34944.140136400194,74.0
-33154.1693532854,67.0
-52792.358715127586,82.0
-29592.551486973047,89.0
-53809.291029792395,94.0
-55000.27688989549,42.0
-29516.09798359116,89.0
-55981.95600651821,107.0
-50112.936006178934,62.0
-29259.307018205007,41.0
-45002.17922186604,57.0
-54754.7027833786,79.0
-34389.54761327584,95.0
-49723.4364518629,44.0
-52768.1673290622,40.0
-42425.58400365441,67.0
-37570.21938458024,52.0
-28472.308416532305,50.0
-30114.880036727518,83.0
-40323.382812038064,48.0
-57457.67453208958,53.0
-59261.76396676236,108.0
-31544.546256429414,76.0
-59340.20684653721,66.0
-46655.08680652478,55.0
-59855.99484700586,68.0
-43940.46728764572,72.0
-33448.758327223804,82.0
-28547.11184444002,49.0
-40628.025873931634,101.0
-40179.49948740159,86.0
-40004.44462582783,104.0
-48605.05193896657,63.0
-32800.47844276104,57.0
-61458.453405281085,59.0
-37926.99866039834,80.0
-59312.741641132416,100.0
-30095.31346054504,36.0
-57081.62389825001,81.0
-53924.9432359274,65.0
-39714.152946588096,81.0
-39060.71759872597,99.0
-58091.29109448372,101.0
-46598.44641888968,96.0
-41357.419881096386,88.0
-38398.87458567514,47.0
-51214.274847945955,52.0
-38786.03791666984,33.0
-59321.10533866542,85.0
-29570.952444463488,54.0
-55278.103360590016,82.0
-32423.41376551493,91.0
-36423.93983286583,91.0
-45907.26079526348,71.0
-31291.632667714024,45.0
-60198.0404570026,90.0
-40463.4296919785,81.0
-59170.14352073849,56.0
-50604.24959689607,87.0
-44454.15328465456,60.0
-37169.72063225992,82.0
-61624.87148928823,92.0
-55297.115788342126,84.0
-56503.249175971345,86.0
-29661.295179314064,64.0
-57106.71227553868,89.0
-56878.68832367925,36.0
-62571.09028741787,66.0
-56824.61751413417,97.0
-32566.676156568567,78.0
-33087.65492750659,101.0
-41098.876448567375,52.0
-46416.10675486471,57.0
-34942.599213359346,80.0
-42136.37532263064,101.0
-29012.460816509825,48.0
-39411.25071214297,56.0
-40957.55190465215,115.0
-57931.4702327622,62.0
-61133.07143552332,58.0
-56754.897573112146,69.0
-34126.7644634205,95.0
-33723.452751928635,53.0
-52684.48111925079,68.0
-45743.34077222516,77.0
-42614.01679202673,61.0
-62348.68389286651,80.0
-61345.427192399635,68.0
-32775.02734496645,47.0
-34644.232331499,75.0
-56913.95208181525,74.0
-40279.273188156534,53.0
-40308.25656392217,51.0
-50900.757932889945,75.0
-29745.72295111011,46.0
-43208.85033972497,83.0
-43809.04564549462,63.0
-55601.23466366978,63.0
-28562.791957960697,88.0
-43297.016569565436,43.0
-47598.614053236524,69.0
-29651.55145734052,61.0
-35573.98099352649,114.0
-42278.20123251068,66.0
-46459.70596401504,51.0
-61886.60003349921,76.0
-35385.3304859285,48.0
-42261.630529210066,74.0
-56073.20737384665,62.0
-35270.43753358656,90.0
-32460.12463225674,110.0
-58329.696420916334,69.0
-30617.744754724474,50.0
-42660.842742513356,62.0
-35435.11761487975,45.0
-32998.252789785976,113.0
-58870.24593319164,60.0
-51848.76994035659,77.0
-57414.95878929569,45.0
-47305.49116749143,67.0
-42089.0953975831,68.0
-55194.44434965281,86.0
-46491.523419242614,82.0
-30868.435195398994,86.0
-59230.89631572662,86.0
-56816.90861544682,66.0
-45936.89347850513,47.0
-29588.14626187977,78.0
-33122.61379781825,34.0
-41891.34139270513,33.0
-57241.86872776688,77.0
-60133.12793348129,68.0
-30941.96741835524,45.0
-38298.63214125368,64.0
-45031.07741807825,42.0
-43397.4289647315,57.0
-42228.12389730721,69.0
-29314.08739513091,35.0
-55655.827195942155,71.0
-34376.63965992061,75.0
-40606.59001563627,48.0
-59826.695383703816,98.0
-39496.92660681013,57.0
-45716.90820735856,83.0
-52742.22828010362,42.0
-51881.19746850149,90.0
-37831.014154565535,45.0
-38020.94621695271,114.0
-37580.57730498747,81.0
-58794.90444650003,62.0
-47451.81512729968,84.0
-41770.478032521496,91.0
-46278.75026657763,95.0
-58291.966797193396,114.0
-47262.2242161892,54.0
-44256.194867907914,78.0
-57903.44619185269,74.0
-38280.594791170275,92.0
-59422.31138797691,95.0
-54857.44537705304,74.0
-56003.39030603291,49.0
-51332.153843423446,95.0
-60777.235708852844,48.0
-31415.223924911697,108.0
-45730.64164606569,49.0
-40036.08581669844,101.0
-45114.4542843823,57.0
-30122.887076611783,38.0
-45178.81104498865,53.0
-33757.78722655882,75.0
-33700.9849804248,99.0
-41095.35207475719,39.0
-54689.02754297521,57.0
-39457.97726596416,92.0
-44567.62244716339,49.0
-36914.39809055797,84.0
-35011.368470435744,61.0
-53385.72789583863,101.0
-34876.738905298465,77.0
-30655.33798489353,17.0
-29867.49536737391,93.0
-52104.693431448126,80.0
-34682.2095932011,57.0
-54070.98478063929,93.0
-49395.54527148279,77.0
-60099.912775303485,39.0
-43845.32770523433,62.0
-40656.28438322012,59.0
-46687.10991851188,90.0
-39894.49989854714,32.0
-49314.688127778354,20.0
-31195.148221065818,100.0
-29055.13214266577,39.0
-52862.599872880724,102.0
-59393.538316733386,84.0
-30459.958614468356,64.0
-58158.16200888911,71.0
-54455.54264037472,55.0
-28132.514864401997,81.0
-31163.95477265943,59.0
-43714.69913804914,49.0
-45993.05718947068,59.0
-46755.33933842634,80.0
-32791.070628040936,92.0
-57489.66640325301,54.0
-42284.26966539348,42.0
-57751.524699713664,63.0
-50986.28904637742,81.0
-38496.39904388263,63.0
-40086.35243170708,79.0
-54428.811015913714,68.0
-29801.022876045045,65.0
-31213.482376492735,62.0
-45941.11600332495,111.0
-51617.386375781614,67.0
-55590.84243464353,104.0
-31379.391608533664,89.0
-38738.03472557543,52.0
-61140.48238111929,97.0
-38647.62468337738,91.0
-43856.84364589879,61.0
-35628.290294684266,92.0
-52543.06059409767,95.0
-37094.95714940418,94.0
-41676.931625074736,44.0
-46944.84741815773,90.0
-30055.926715542595,52.0
-41027.86296014085,63.0
-50079.776211411474,49.0
-31848.89825187334,51.0
-52286.541703258925,55.0
-40570.06607990937,76.0
-57524.15774742741,65.0
-41211.9297907047,84.0
-33262.86617186158,51.0
-59255.3123572071,112.0
-54904.80673709672,80.0
-41626.57440455166,99.0
-48027.33854809937,73.0
-42495.74152248328,49.0
-44293.91420560164,72.0
-63136.40417358857,69.0
-37863.55387913956,92.0
-59784.522197168066,94.0
-44364.71598920447,94.0
-58695.71432177104,74.0
-40152.7479599348,62.0
-33643.26433914254,60.0
-41529.60729493818,74.0
-57764.258900834575,96.0
-40063.10147741955,41.0
-31061.252274238363,80.0
-60311.01127834336,94.0
-32428.56126342717,77.0
-41411.46207904068,72.0
-46290.91424731545,66.0
-34554.43641083324,100.0
-28181.581083253626,51.0
-52919.598128372534,63.0
-37694.942090621225,81.0
-35633.601543700075,89.0
-54163.35228722531,63.0
-56327.62741445499,49.0
-56603.248297797145,58.0
-61695.849133878044,98.0
-50953.1331665301,52.0
-42128.9172384798,51.0
-56928.92212958916,104.0
-32104.69309751664,56.0
-37586.596702971416,96.0
-29586.452068087816,69.0
-53789.90213767088,96.0
-57213.47849218124,66.0
-60597.1544794691,75.0
-53010.54438498499,44.0
-43405.737443548394,94.0
-40655.86590436487,52.0
-34790.530833523495,66.0
-37243.27297861662,46.0
-35850.49701573914,46.0
-41389.8575835389,76.0
-30373.147772494667,74.0
-37250.49397954746,48.0
-29000.068278536288,42.0
-41597.22148764268,90.0
-60189.69767609934,56.0
-55489.17293580669,90.0
-52124.606513647486,78.0
-56528.86127177223,97.0
-29087.917159182984,72.0
-28843.05147751742,47.0
-53924.504476558395,37.0
-29849.73331100489,89.0
-50563.38290537672,63.0
-54504.16078027396,81.0
-50600.31834238082,112.0
-36420.646679111116,56.0
-40192.467695807616,73.0
-62633.94716439306,85.0
-41949.03096969674,111.0
-56327.286304475245,62.0
-29222.059340936117,54.0
-41057.52525292468,69.0
-30364.784644981948,40.0
-36793.098364106525,48.0
-47977.75221551909,44.0
-57851.48644218047,35.0
-32186.714110750665,87.0
-38111.937912450514,71.0
-58437.21122217857,69.0
-53095.59691229256,63.0
-52769.648712329494,95.0
-59515.12103572427,90.0
-34696.557817763256,56.0
-43169.098698826434,84.0
-49197.21741432236,39.0
-53016.21038241127,50.0
-50448.9782941251,55.0
-41373.45292150728,55.0
-30116.751723636276,26.0
-43545.49912575201,48.0
-51005.864111116876,75.0
-61182.944383224894,54.0
-45463.6518478011,54.0
-34683.30413386809,79.0
-35865.29092028302,51.0
-40894.848424005744,53.0
-39160.98465412491,56.0
-28666.921177091066,27.0
-52707.953657615304,83.0
-56028.5742264172,60.0
-30649.15190284695,58.0
-37306.653806091366,65.0
-40962.56531427613,89.0
-59297.43225146085,57.0
-30981.202626034163,62.0
-34733.24213834224,59.0
-53355.56396390566,45.0
-40925.071702328736,93.0
-29666.13173000049,55.0
-54144.05789355775,107.0
-34736.071551001085,103.0
-33422.242274194716,69.0
-39632.696065426135,56.0
-58222.24505050633,66.0
-43926.07951457608,85.0
-47955.387336906424,46.0
-31957.436445183164,36.0
-51312.65571756703,79.0
-41967.481148913736,47.0
-56339.75393070998,52.0
-29584.319346140823,105.0
-59704.52708303984,59.0
-53890.674562661006,55.0
-30044.089432774574,74.0
-60998.17499908895,70.0
-32379.304546408843,96.0
-42881.040397029996,70.0
-56801.04251753871,48.0
-39465.41482008598,73.0
-49290.87062931832,73.0
-31261.053190312363,104.0
-60048.60366686444,103.0
-46711.457251840286,74.0
-44330.86231181479,27.0
-35258.10951588306,56.0
-44448.72148802291,81.0
-51194.4850547089,78.0
-53381.310509580064,63.0
-51610.46220065801,95.0
-39566.74162832049,93.0
-52076.43678097206,79.0
-49394.925360135334,97.0
-57475.5622617165,37.0
-34811.152774574046,54.0
-57069.9394562371,72.0
-30556.612785546306,91.0
-46602.96495676141,75.0
-40822.64442115769,71.0
-40302.587742435964,42.0
-55496.392829345845,46.0
-60673.72611993522,108.0
-52368.28312667586,46.0
-36973.69644955909,68.0
-55779.41123524647,44.0
-41361.314962524084,68.0
-57607.957178291465,72.0
-62330.08579784867,76.0
-38999.61262179143,87.0
-44630.997926779644,67.0
-39783.371318995356,48.0
-30137.881528279075,44.0
-37879.07915036447,94.0
-31505.795690998686,22.0
-51474.15481921501,52.0
-43648.31640147758,87.0
-43117.75040256385,90.0
-60972.111146908894,93.0
-46767.49739782015,48.0
-48518.24833265154,34.0
-32715.27200027633,102.0
-58670.6085299209,58.0
-37995.45828715647,86.0
-40757.37161570125,77.0
-57146.689624757695,42.0
-55047.096697255925,67.0
-56591.1000094904,68.0
-53243.052550053864,90.0
-44774.867277395526,89.0
-61316.69459749998,60.0
-41876.65774107484,42.0
-59694.307005920506,63.0
-51053.52829651395,54.0
-29263.216641459367,71.0
-62147.515336233046,79.0
-56452.31534291728,79.0
-31288.258172117607,42.0
-50648.850768977514,101.0
-34015.60604774245,42.0
-41443.19506393776,45.0
-43905.267875929,71.0
-29607.009075047736,49.0
-41144.74306419524,47.0
-44612.4504411819,95.0
-63327.56559056968,78.0
-55675.67747754898,51.0
-36957.650159676385,49.0
-60998.94131029574,86.0
-50296.63926617308,67.0
-35109.70719122664,61.0
-36145.37021157051,46.0
-53675.57322811529,34.0
-51434.15130721681,69.0
-52032.28914270199,88.0
-29814.718586259103,64.0
-50818.21355016026,93.0
-40096.331550601055,59.0
-59684.00691924699,50.0
-48750.39751880299,58.0
-36820.725052440066,84.0
-48632.07238982694,62.0
-60885.55718390632,59.0
-54188.47839516563,71.0
-35765.316317452,90.0
-61437.05968409229,54.0
-39549.712829560245,79.0
-53930.05493462998,69.0
-50414.55621730928,59.0
-48863.22117807697,69.0
-44262.26770409985,47.0
-41054.656856096415,48.0
-54218.75220803839,79.0
-41821.255672233856,63.0
-34684.8195291131,33.0
-55248.125903759734,42.0
-32617.744711068524,78.0
-46663.892518670706,61.0
-41076.201551169004,78.0
-32216.486633662207,109.0
-30077.18979270423,80.0
-47749.53354992129,65.0
-60318.85143148237,51.0
-41619.731288322415,79.0
-54017.64295740878,41.0
-41642.08847682504,100.0
-52201.54611312559,44.0
-56986.98501494509,90.0
-30401.580993431307,69.0
-37899.14210268888,85.0
-43880.79439051768,41.0
-47847.64418360652,44.0
-51970.819901541996,73.0
-29974.40445428997,61.0
-54136.1004955194,83.0
-39525.1697086324,97.0
-44620.079797467515,58.0
-57764.06540848039,102.0
-42677.738971785475,45.0
-43525.687136654655,98.0
-42790.2895974976,60.0
-29749.903136275047,62.0
-42547.869623778475,35.0
-55220.760282175615,57.0
-43871.3351871872,38.0
-37868.30495576351,72.0
-53456.75359537686,48.0
-33366.03381046423,88.0
-29357.38768363239,53.0
-55038.68055934127,94.0
-52916.04293296448,77.0
-41694.029263026954,35.0
-34745.25905415698,70.0
-29132.89157954266,79.0
-29734.83568613965,57.0
-44312.32180593303,87.0
-55001.68149841634,76.0
-56631.11934437495,62.0
-38835.84957966708,97.0
-47415.480418878695,50.0
-54771.44103876273,88.0
-45229.854434295405,53.0
-41941.724742676044,56.0
-40213.42462544196,86.0
-58233.926915467746,70.0
-34532.925327425735,72.0
-40569.70204217987,26.0
-43026.87485766543,97.0
-47813.10832983931,111.0
-41930.63422733403,89.0
-33225.31035405608,54.0
-50416.68131683417,71.0
-61389.233316300466,74.0
-52150.08964299034,76.0
-57910.869588645015,75.0
-30584.77339087687,49.0
-52271.37755365566,90.0
-41820.2433432948,69.0
-29763.65368091547,74.0
-32187.933404216048,73.0
-50658.569394129256,87.0
-37416.78930498458,76.0
-43128.224557383,43.0
-59594.52586530019,91.0
-40536.548753588184,59.0
-33748.16583940909,47.0
-57001.55147638193,86.0
-57921.965568468004,92.0
-29194.354847583214,43.0
-29233.0941249408,96.0
-41089.10855675669,63.0
-51515.744350004796,98.0
-35726.5683012862,90.0
-55617.922899304875,71.0
-45179.24933312709,54.0
-52583.51013381921,24.0
-40987.0632310973,76.0
-62057.24582342803,66.0
-51023.417170484056,55.0
-29245.180382453647,86.0
-42272.3721533256,99.0
-54456.114402048195,64.0
-35389.681282716716,64.0
-53984.218501884665,95.0
-52581.316177011875,40.0
-47253.05070474727,64.0
-33367.59400298639,62.0
-29900.09900756424,93.0
-49597.80915013062,37.0
-54768.8289321431,101.0
-36447.22847971148,101.0
-35950.02780735349,48.0
-31589.065758773813,58.0
-38766.65400398582,47.0
-39733.905611522525,65.0
-31905.231416335595,64.0
-29163.573941335006,39.0
-60668.24775782879,62.0
-32656.354922438935,90.0
-31697.37927449724,53.0
-61805.224440487276,78.0
-31549.37191656978,88.0
-42277.77784816994,86.0
-41611.535454414385,76.0
-31088.775240082596,62.0
-29245.93317601909,66.0
-35319.681160190026,89.0
-48562.484330278676,79.0
-31672.591743038258,69.0
-41367.91286004792,77.0
-60369.05867978756,93.0
-41537.56480516103,65.0
-35386.27948603262,84.0
-30785.939814909725,89.0
-45221.36432506031,68.0
-49200.80920559433,44.0
-51055.8589144166,95.0
-30620.405658507192,107.0
-43372.84456490308,78.0
-30247.81032886587,36.0
-28924.899696685075,94.0
-60108.11868255535,79.0
-38807.04147371728,75.0
-30851.48332842812,99.0
-52046.76531137673,59.0
-51553.41513447026,39.0
-42298.1252140938,93.0
-45868.12747939474,83.0
-48869.524339863114,44.0
-62280.7598350419,64.0
-58488.761351243695,66.0
-31559.829534007422,90.0
-34215.65000373769,51.0
-52532.22777423326,72.0
-36582.28286688502,101.0
-39503.14480578536,61.0
-35115.07671017847,92.0
-39179.17974717554,68.0
-53024.58539419375,95.0
-35569.344967484474,82.0
-43644.19892859454,95.0
-46040.273108116315,43.0
-32059.60020823023,97.0
-32245.71503801788,103.0
-31201.44674977704,45.0
-40315.19836458099,45.0
-58698.07837175218,54.0
-49920.3839778783,31.0
-57654.1508295092,68.0
-36795.9828895201,86.0
-29584.80396036679,42.0
-49105.06469918503,41.0
-40569.231686463914,94.0
-41377.043932080356,54.0
-40231.969826823784,55.0
-52971.989777934505,81.0
-55124.831914349954,48.0
-42045.23069450957,99.0
-42579.87961352844,32.0
-45992.46701242446,76.0
-38680.32544637358,58.0
-29643.591054123237,70.0
-55769.96442077708,56.0
-57362.47880164897,71.0
-56304.64348376705,37.0
-47912.56430505367,56.0
-39011.203326688505,39.0
-56727.68085821571,40.0
-60209.342620712756,93.0
-42412.419237874245,84.0
-42708.76951614703,90.0
-39272.43982627842,54.0
-30955.19521026487,71.0
-59307.13432979164,76.0
-40316.362080531304,108.0
-52411.022603219404,92.0
-29308.022445942956,85.0
-36770.20619401553,88.0
-53139.86859475405,56.0
-43811.52237189647,55.0
-52068.106116431416,83.0
-39506.33781305887,56.0
-30999.05831336232,70.0
-61004.68457808794,102.0
-36686.566833299556,104.0
-31687.775616595627,92.0
-38178.13047120473,57.0
-31288.456103134922,41.0
-36233.5019454439,74.0
-35773.08351771296,101.0
-40420.82729711768,70.0
-39699.23031612138,59.0
-31268.502443932433,101.0
-49562.54232924474,70.0
-48419.341465054895,72.0
-36030.2079659531,48.0
-44807.16033557776,92.0
-41005.219386034325,38.0
-55504.659866563255,69.0
-30998.659739124116,37.0
-29669.52033338069,21.0
-45363.06713181412,74.0
-37300.77937350594,62.0
-58058.388217516156,62.0
-34362.178611817064,24.0
-29321.68007999806,34.0
-40874.18273698776,61.0
-51901.146943581,37.0
-40091.278602790364,74.0
-43844.84882143567,59.0
-62489.320654304625,99.0
-46845.33417109934,61.0
-40236.864808481616,64.0
-34473.00472759743,60.0
-39987.17413494027,79.0
-56245.43522158974,54.0
-54646.3542242245,71.0
-47396.9857321825,53.0
-42158.900530364735,117.0
-42514.23084787621,60.0
-31729.14620402445,90.0
-35203.83850581872,59.0
-34193.44647024131,68.0
-62556.43931411216,61.0
-51094.04808663062,72.0
-36051.279554161774,117.0
-39644.71103390339,19.0
-51041.43511216197,39.0
-58729.481234509214,88.0
-53551.52462045691,52.0
-62197.63287063796,49.0
-37215.966085314765,64.0
-29373.768383950784,62.0
-57399.657317092206,68.0
-49071.00648892233,48.0
-29338.771620861167,77.0
-57925.60904601771,24.0
-52311.60689273075,93.0
-51758.85775944436,59.0
-51745.91050350884,57.0
-46639.33070719963,84.0
-59039.28092107875,95.0
-59722.30976873651,97.0
-30777.14028487853,70.0
-42496.188113392345,78.0
-46275.1708530278,100.0
-37704.66024783343,82.0
-41636.557712572605,50.0
-41425.5343381327,78.0
-39840.178943808656,76.0
-58737.642456254296,38.0
-41385.22034710329,77.0
-31186.05684766532,59.0
-52061.603521853074,88.0
-37548.50601609924,40.0
-44583.56644369973,50.0
-47296.77910335446,86.0
-35374.7943575871,98.0
-45791.527765877916,79.0
-40057.272801785104,41.0
-56307.709746622386,75.0
-60531.38471731423,105.0
-52381.75230363052,86.0
-57022.71355570786,53.0
-33531.66901940086,52.0
-41235.2796659522,36.0
-52162.974251154956,65.0
-29436.67301549578,56.0
-41100.48854886579,57.0
-61458.517119996664,47.0
-40305.085652600945,71.0
-57459.915011431905,82.0
-46036.22146028139,51.0
-40219.478523112804,58.0
-49266.311208365,76.0
-62189.81370909834,77.0
-42041.1939693359,47.0
-61522.06399563824,43.0
-30210.470442803835,76.0
-31561.440241310374,73.0
-49241.277785318875,49.0
-55709.97334062161,42.0
-35219.14022147293,89.0
-45757.5780411696,83.0
-30367.200819784073,61.0
-47944.476673732104,105.0
-59638.89922284424,61.0
-33621.62683636875,71.0
-29846.657901689057,27.0
-35424.40639524794,58.0
-29725.62733280629,34.0
-54182.66874760904,52.0
-42268.32691035008,109.0
-52588.13920842696,69.0
-37813.02828283538,78.0
-50767.62495229544,74.0
-61209.9924656283,82.0
-29842.497931189122,88.0
-48727.29210298142,90.0
-58542.43811884987,106.0
-38706.414028661195,78.0
-57917.45174922446,66.0
-30150.434409518897,40.0
-35726.92271270026,93.0
-52857.37567547529,61.0
-35002.87600286318,48.0
-52640.10656091311,95.0
-59116.17118451595,24.0
-47535.73952090656,76.0
-39420.12606581372,86.0
-41627.64632372814,86.0
-57151.143686732474,40.0
-42252.85853050815,88.0
-49414.602656353214,88.0
-48301.33882444839,98.0
-55485.242774825696,59.0
-61058.10961656264,96.0
-47639.95809236797,84.0
-42335.87249277187,59.0
-29902.725079706852,76.0
-41919.40796666323,90.0
-60336.3078945012,114.0
-49048.06046863522,77.0
-38572.88293040612,99.0
-32065.125221700404,80.0
-41239.608393829214,43.0
-50165.72105703132,93.0
-39711.482770905364,106.0
-53908.163145950486,103.0
-39524.929004921185,22.0
-60186.02426768148,88.0
-40664.03598900186,71.0
-58566.874543515565,89.0
-31738.30748064712,66.0
-53704.884221874076,52.0
-30719.679086572636,66.0
-51395.55807150886,84.0
-58217.13625548634,54.0
-38255.08920026915,45.0
-56765.73807929585,50.0
-36843.457604282485,67.0
-33585.677855846734,81.0
-32233.637531972116,73.0
-45467.183524577486,46.0
-42564.225396179434,49.0
-40789.94061463781,49.0
-38871.164754898666,66.0
-40601.43068328343,68.0
-36225.54439537666,118.0
-42021.84290380059,92.0
-31362.817538307852,107.0
-53757.2951191154,74.0
-55978.40455694611,49.0
-56862.67320382087,79.0
-40063.35641238677,40.0
-55981.858464460514,64.0
-41504.477971161454,98.0
-40987.74134414744,73.0
-46737.177189919035,81.0
-47660.37302297595,64.0
-50265.37390338516,65.0
-52636.10052729878,85.0
-31356.148658293827,41.0
-44653.57691016414,44.0
-30891.635158336052,78.0
-36081.8048560647,86.0
-53619.505404989584,53.0
-30214.242335636794,101.0
-30828.111512477197,44.0
-52218.94368311294,47.0
-52715.89577396012,70.0
-39937.81660185727,84.0
-34112.237007335745,88.0
-55952.01724629617,59.0
-57096.88107289443,74.0
-49265.532376889845,87.0
-31583.057150561657,54.0
-42712.084604357595,42.0
-29816.144221450802,49.0
-42056.91508188858,34.0
-38794.089327362155,49.0
-49924.83269626697,75.0
-57243.59128691105,60.0
-33708.61301749386,94.0
-37689.425403301495,54.0
-40530.88790876564,88.0
-50604.63447977421,89.0
-38415.66759989895,91.0
-35344.210931564725,70.0
-54859.99222347245,86.0
-52453.20985209994,40.0
-49392.13132719101,78.0
-40518.92993321744,62.0
-34219.882231230986,41.0
-52459.49240656309,72.0
-49539.18935391265,79.0
-49655.33394269955,85.0
-42045.41265656989,25.0
-58578.59733245424,42.0
-58059.332981907515,63.0
-54096.37900573219,83.0
-29982.842636670222,45.0
-28752.020145993753,62.0
-58618.69307465442,106.0
-57141.97678243273,83.0
-42693.27231780207,20.0
-59467.68128867977,80.0
-35736.34161109259,42.0
-35509.82054131948,57.0
-59093.350057082476,77.0
-38090.39378171017,67.0
-36401.62792400352,116.0
-59599.05086261355,77.0
-56213.05041112994,59.0
-37937.32160745573,51.0
-60268.61720376936,53.0
-57704.47131936121,33.0
-48828.097570764294,70.0
-56700.5830743223,83.0
-56885.23615504148,101.0
-52472.35898863684,64.0
-38642.84126672268,54.0
-32259.40758530033,97.0
-33064.441160469345,50.0
-54905.45606333716,34.0
-37713.45372222166,65.0
-39533.54753265526,47.0
-34549.41838162772,55.0
-42622.849614998115,89.0
-31966.740152790444,52.0
-48455.66376433669,92.0
-29141.924907560206,35.0
-55535.77710605778,87.0
-30596.43161764732,71.0
-58654.19222357379,87.0
-42374.95580824753,83.0
-40034.06605471938,50.0
-52302.38412967715,37.0
-40118.61775976044,50.0
-61421.75114303615,60.0
-29679.73781151704,45.0
-49627.46222594495,62.0
-30111.846691244602,98.0
-34415.55162781255,91.0
-30892.887076567637,107.0
-50373.1782173848,85.0
-58104.49247962507,107.0
-53428.76133708261,70.0
-32714.34378285068,99.0
-46644.60545969542,74.0
-54314.467503312924,66.0
-28705.871214765986,82.0
-51420.17383556676,80.0
-46379.776515261205,64.0
-51726.89201003376,37.0
-35255.12759785849,40.0
-55938.22072876702,69.0
-42664.00638300962,74.0
-62873.48899960519,56.0
-50681.49044118356,57.0
-41465.92503809114,93.0
-57739.61290443259,18.0
-29188.007949540566,66.0
-54846.175260341,91.0
-52320.0399451518,51.0
-36377.40495924617,46.0
-42368.722651867225,91.0
-28972.200401830392,80.0
-55583.67042896211,71.0
-51612.655806426206,90.0
-61685.318998782306,88.0
-31372.59934825606,71.0
-39932.2844045466,62.0
-39134.49906390335,42.0
-53491.64464409799,103.0
-33083.21843242501,57.0
-52612.05265517038,75.0
-46438.131710562375,33.0
-45617.57632093104,62.0
-41472.29353623536,74.0
-58477.809721671976,74.0
-35506.839865563044,89.0
-49570.07729630763,68.0
-57519.7486474311,68.0
-30278.948690405956,60.0
-60032.33114110405,71.0
-56619.65356870987,83.0
-54206.096390759754,60.0
-33065.903200208544,76.0
-43400.23467113671,49.0
-30282.712735857625,77.0
-52862.28853024931,66.0
-30357.760555020235,51.0
-38951.63576825712,84.0
-28985.5232248415,76.0
-41924.48391343907,45.0
-59504.79495952296,79.0
-54286.96745074185,102.0
-28111.269098335615,69.0
-58724.11592066991,97.0
-56432.377216287074,52.0
-35539.07661192346,101.0
-54662.12616047523,58.0
-48346.079257397585,49.0
-39265.54878576844,78.0
-50722.223947982624,55.0
-35659.017586775895,76.0
-32430.661826319894,67.0
-36689.68980589737,79.0
-57128.8117687149,75.0
-42532.91375400286,47.0
-39455.91827823336,95.0
-34290.486793755335,71.0
-59230.59817125826,50.0
-32423.77877790974,95.0
-40656.17263953876,92.0
-45298.355833474954,82.0
-59286.65295612572,98.0
-29505.3829961577,57.0
-49067.845994713985,53.0
-61712.72379537267,107.0
-42257.7984708914,99.0
-47231.17631419325,83.0
-32078.936121700677,42.0
-62159.41121205181,60.0
-58671.80618530589,76.0
-57969.84372798723,27.0
-56821.72218184022,85.0
-46743.359508437985,70.0
-62488.44648067764,72.0
-45268.132142269074,79.0
-35867.68420154464,99.0
-50595.93295267414,60.0
-56336.397850292466,89.0
-42947.01738760698,96.0
-62659.45685747971,60.0
-60498.853539202086,79.0
-54242.227573686585,82.0
-56841.04151341929,80.0
-62708.001583891695,40.0
-48928.191682164426,92.0
-52405.323259754005,79.0
-39550.70935320569,32.0
-39973.500657068165,34.0
-57422.852871768206,71.0
-59266.05867536025,60.0
-55938.68156386116,55.0
-40194.895721451714,96.0
-56314.525716636184,105.0
-49114.056430633456,86.0
-41101.70682660311,45.0
-58164.21079905757,43.0
-40329.62036776368,36.0
-29727.901702574047,70.0
-31888.875605037654,73.0
-57444.30353274237,86.0
-51450.19758490958,74.0
-51898.16228469835,84.0
-44703.75599701388,59.0
-51582.89983287122,59.0
-40266.79388440767,81.0
-55087.43886915549,28.0
-52875.71870421564,83.0
-28156.564369008378,72.0
-43458.20967703137,43.0
-55506.79492812023,111.0
-57787.945252008074,69.0
-51527.162627253514,97.0
-54226.06865866533,92.0
-41196.63584999315,29.0
-50638.13239515631,95.0
-60083.95134382243,90.0
-29667.419773927144,58.0
-57524.29410850193,52.0
-38160.9793953841,74.0
-54436.96137486001,68.0
-52513.26458903866,65.0
-36972.782111923436,50.0
-34187.59583928603,87.0
-36312.09078609204,55.0
-53660.16257914746,69.0
-54469.3928963272,107.0
-40029.062238714934,94.0
-29473.42965840496,48.0
-29131.022166541487,39.0
-57180.76766514544,76.0
-49674.50892231896,64.0
-44990.705038127475,55.0
-32690.297432588,81.0
-51633.856356517186,109.0
-37742.054957110624,84.0
-29949.53164254356,62.0
-37285.24123503088,71.0
-49285.16835429672,91.0
-52313.96765124603,86.0
-30585.796065785245,85.0
-55073.75026493544,61.0
-46888.68930847782,51.0
-43651.12452581017,92.0
-40876.926140780284,53.0
-61059.29845458915,86.0
-51925.12159119486,61.0
-41773.12309757062,60.0
-55790.87734520764,62.0
-40929.4746469885,90.0
-57353.8333466989,84.0
-41781.63722105272,55.0
-61280.29208940523,100.0
-42487.01449299901,72.0
-39086.24652866543,67.0
-53520.55781077707,51.0
-37658.53448283365,64.0
-41990.41606775231,87.0
-59031.72651963469,109.0
-33318.468241854855,79.0
-45180.69342381551,67.0
-28780.223505773676,101.0
-61541.34606221926,65.0
-55478.97261015832,80.0
-58827.207388948234,86.0
-38303.832749051006,86.0
-48908.679893806155,33.0
-30302.294049129898,43.0
-38515.53150087764,114.0
-36360.92894969092,63.0
-29443.430752527333,79.0
-55959.160669201796,36.0
-46806.95523574122,80.0
-61761.633763406084,57.0
-56892.14860045104,94.0
-34458.41682695714,46.0
-61752.02735095301,76.0
-29469.838554659025,48.0
-35710.844393296036,16.0
-61414.505609897475,58.0
-59870.99751684924,60.0
-38225.135352198995,57.0
-48593.880072750544,75.0
-33939.461629606274,75.0
-54108.6824207088,65.0
-28700.406003289238,73.0
-52820.53857867163,70.0
-52346.51950833483,57.0
-33038.274030447465,64.0
-58422.191723373406,97.0
-45185.998844079964,54.0
-55179.897788985276,80.0
-58208.1466096559,61.0
-41945.63199087682,60.0
-41887.66205052371,60.0
-35623.55352545903,36.0
-31010.66565913743,95.0
-60871.59146791799,88.0
-56980.66715398822,9.0
-29800.703817350666,47.0
-29713.29150252128,81.0
-35495.517272133395,35.0
-31516.029515350652,62.0
-56569.042975407516,83.0
-56781.24169264745,82.0
-48863.68222147987,79.0
-58701.70229881717,78.0
-37975.36339825685,82.0
-39644.20001474135,102.0
-28429.56795409717,87.0
-40514.21565338118,78.0
-56474.64481958516,49.0
-56558.80584241317,90.0
-34818.10044988874,22.0
-54410.22997539576,51.0
-30962.577525828456,45.0
-45895.0648271956,44.0
-52442.45395089264,73.0
-57597.70163312569,51.0
-47114.39898891245,59.0
-42822.9617468755,61.0
-43137.77365382754,94.0
-40475.96581674024,69.0
-38382.28748716248,46.0
-32661.492835899076,63.0
-34549.39083345425,68.0
-43872.78792173446,64.0
-56077.967253831244,66.0
-41457.5062650842,103.0
-38623.48608259596,67.0
-43705.95052344293,59.0
-49910.053657115,73.0
-31803.263093945672,61.0
-58616.77071711121,51.0
-41508.62268454426,49.0
-31896.99133200329,52.0
-52465.48589362459,60.0
-39687.47674718845,82.0
-33030.657062167076,54.0
-49370.89618309857,55.0
-34330.04686179388,61.0
-37711.631200903015,72.0
-30197.8797115009,73.0
-33055.40664948437,63.0
-27722.77283695978,65.0
-59238.56067391296,111.0
-34678.00469284496,85.0
-28455.752881536937,57.0
-29641.952107041667,84.0
-41484.33588853627,93.0
-61727.51897501034,91.0
-56993.39921075445,74.0
-29296.741577864228,58.0
-31727.132551363058,65.0
-54174.32944145518,75.0
-36569.828696677505,91.0
-28960.25649856343,75.0
-51313.863311795474,76.0
-53308.34660712641,94.0
-38498.633682621345,95.0
-38181.084160492304,69.0
-34832.58332955383,60.0
-54626.81740682342,66.0
-59370.94811384833,105.0
-53778.86552880432,73.0
-55851.620194048446,42.0
-37449.26032641003,61.0
-45051.502310419346,61.0
-47563.07364532482,75.0
-59197.323346204794,37.0
-45259.72708759004,59.0
-56131.21988485874,50.0
-53505.294844367796,31.0
-33967.460789575336,69.0
-29994.269080098828,42.0
-32519.26586166968,89.0
-51849.193695558875,66.0
-48526.794748547036,69.0
-44084.73907385234,56.0
-44253.494690174164,65.0
-57159.01303804481,64.0
-56090.91832773853,93.0
-48903.768440413,90.0
-51659.48670936117,95.0
-57783.898609977434,71.0
-40790.52365288875,74.0
-55678.671372281795,41.0
-61679.818229311946,83.0
-40717.513746171215,87.0
-58416.05988510112,84.0
-41010.97361916203,98.0
-58154.66036058776,62.0
-40775.73415811878,69.0
-49287.68532354671,44.0
-37564.53543630279,98.0
-52372.7059766566,73.0
-39953.05203458512,36.0
-59275.72095205807,92.0
-34454.54331489257,88.0
-32017.62712291124,103.0
-42169.8480307312,58.0
-48901.66102529942,65.0
-36142.20819160451,53.0
-36703.48534646241,66.0
-41120.87625083918,70.0
-56932.981884716544,83.0
-60479.76359392516,62.0
-37505.47405152706,58.0
-33174.31972583356,35.0
-40967.644132085945,23.0
-54179.95043122415,67.0
-38611.82681946577,42.0
-33526.71873988515,69.0
-36303.39616951271,97.0
-56299.160782967185,73.0
-52735.87150195455,48.0
-41328.88066096725,71.0
-35768.97620234336,103.0
-45772.91297261302,89.0
-29622.930650887953,61.0
-63393.185761923385,61.0
-55884.01464236085,56.0
-36395.36491624238,80.0
-36447.046461894344,69.0
-57994.99759978166,75.0
-45310.606767467296,74.0
-61393.23596986411,106.0
-45939.57845788115,64.0
-49507.48455128053,38.0
-43646.9558163361,63.0
-39629.75886712236,74.0
-51209.96899570359,59.0
-48669.69149596317,79.0
-42715.70651125787,88.0
-57034.15254003959,95.0
-56622.44280195325,97.0
-52846.784059506295,82.0
-34945.47934206042,48.0
-38204.178010878066,53.0
-59983.06693991051,54.0
-52440.62537882224,47.0
-29961.12568637998,79.0
-54047.46827172514,58.0
-50702.53061003283,44.0
-31749.183699309888,73.0
-42331.418663130884,85.0
-42969.513707285354,56.0
-62377.97526494076,96.0
-43975.07517182754,114.0
-44641.73725319968,63.0
-63397.49026337787,106.0
-52992.44128261437,98.0
-41657.29435282497,69.0
-38620.66087590611,40.0
-59056.41165174172,53.0
-60645.65915578508,53.0
-57191.09869429098,70.0
-28578.99920050169,51.0
-39807.66891978335,71.0
-30915.6468104463,72.0
-40819.93745519985,92.0
-41975.58852465365,62.0
-30195.438813046436,38.0
-40583.98689902217,99.0
-54970.474236751426,46.0
-53284.0305427384,76.0
-29052.811632699853,73.0
-40202.98816196844,55.0
-34340.399308179854,75.0
-54395.44844239485,87.0
-50460.57313052089,35.0
-51292.02757730002,60.0
-41360.26155393215,99.0
-42909.738505375644,85.0
-41230.85280761114,89.0
-47010.499210090726,109.0
-57344.64587295827,106.0
-39781.7587813501,45.0
-48285.8047440517,71.0
-36030.31795467672,85.0
-43280.872709591786,71.0
-52851.93006848426,58.0
-60546.28686928901,67.0
-38525.31017735563,33.0
-60874.68845712126,88.0
-59685.83125481417,89.0
-43946.7004322061,102.0
-54818.86172774584,55.0
-52558.51418505717,47.0
-42216.22308948603,100.0
-46871.76085407192,35.0
-44256.031445995526,76.0
-60934.64816248491,90.0
-36987.27066118424,89.0
-42316.20462659051,48.0
-42739.82685155883,44.0
-36127.85757377071,63.0
-60254.92789904529,56.0
-40555.48914774968,76.0
-30769.987141751008,62.0
-34883.83643672157,79.0
-63321.90591105755,97.0
-44452.89946111849,71.0
-41384.01596009228,56.0
-43831.07033576999,99.0
-44047.842749633564,90.0
-41557.746526056035,72.0
-43776.97093220787,30.0
-29956.43786605903,94.0
-53770.09557219874,83.0
-40103.837489535304,51.0
-31859.052660075093,105.0
-55217.693686877945,62.0
-57395.226355707186,54.0
-44382.31643006757,89.0
-30185.88834876056,59.0
-41737.399626753904,95.0
-56257.70823496052,36.0
-37623.233476302456,73.0
-44125.78531839805,31.0
-43190.83136560116,96.0
-52622.18573521791,100.0
-44199.53643452158,94.0
-29976.193974081776,83.0
-29840.599099797637,63.0
-50414.83627012036,101.0
-37939.592758637424,59.0
-56403.00907874231,84.0
-47262.490708259545,29.0
-51549.65813362272,64.0
-31890.288372466493,102.0
-38072.128807046895,60.0
-29152.508184274924,48.0
-43930.482316728936,102.0
-36385.99546978964,101.0
-55144.23926449487,53.0
-40773.14968440366,69.0
-57264.366816578884,26.0
-53272.3335312927,67.0
-49931.74407487305,52.0
-39175.20753713819,56.0
-40685.378850143796,40.0
-42860.379671799834,87.0
-30434.49701415377,75.0
-34696.51179047788,51.0
-59312.553298978244,98.0
-31210.324541623617,94.0
-59082.11121171504,96.0
-30949.857921915198,71.0
-42843.21947217722,93.0
-51827.876525312946,75.0
-41807.023652039345,48.0
-46352.630780531945,56.0
-29224.045983179367,37.0
-36493.571483190084,66.0
-40234.69837458523,98.0
-58290.86267331365,105.0
-59345.04361731181,84.0
-33253.26891730063,87.0
-39503.82549765149,54.0
-44188.00093126175,64.0
-29528.857638186593,81.0
-37547.12885915215,86.0
-43135.55462759407,76.0
-44060.50137013892,46.0
-59265.89025548476,107.0
-38911.94873438522,73.0
-29582.9013547044,52.0
-36574.54722948087,111.0
-39940.71317849915,59.0
-32971.616866471515,20.0
-57815.08880632388,64.0
-38878.43991890066,71.0
-37169.61655215818,65.0
-29373.880428017117,96.0
-57083.85539860446,62.0
-56679.619697786744,104.0
-32532.825217110025,62.0
-48169.63282078235,57.0
-37742.85097683099,81.0
-29574.211947977623,81.0
-29392.387187444718,26.0
-40057.17983120828,89.0
-31719.98066252352,74.0
-54163.982257665964,47.0
-40085.25403929296,107.0
-40973.08604898819,36.0
-56006.49314402793,44.0
-54129.49730446889,30.0
-53106.69199513423,69.0
-50924.99343144096,41.0
-40033.21787165826,51.0
-58815.404671195916,70.0
-37918.53923965659,81.0
-32675.032067649507,83.0
-35497.33342519594,56.0
-62478.45112403702,48.0
-43017.43523916401,39.0
-45336.128007656545,69.0
-33398.83360569902,46.0
-48444.072155643895,31.0
-30860.74289654377,77.0
-52661.33509862522,82.0
-57085.080768907465,85.0
-52781.2442157866,90.0
-37320.09717333394,48.0
-29714.258421617953,64.0
-46691.15190590665,60.0
-61288.590804042986,66.0
-60176.788660864404,55.0
-38194.40098542538,84.0
-49978.59972392838,96.0
-44615.64519659169,76.0
-56613.24156587117,66.0
-48617.79008295959,81.0
-55117.44253915157,92.0
-29233.383507239243,45.0
-55960.64557385379,44.0
-51961.74719355879,63.0
-28728.673082177356,55.0
-46402.6362208519,49.0
-50294.66036614921,110.0
-42516.09912236755,41.0
-33357.79379767422,69.0
-38778.96700361961,76.0
-29143.421439464775,53.0
-43339.750059418206,46.0
-56909.96353792495,60.0
-58778.85089911904,83.0
-59828.4945162416,92.0
-50447.18988199593,55.0
-55566.81693288636,104.0
-57135.06345597857,89.0
-53830.84917302694,69.0
-39092.26940109313,55.0
-42715.91166863482,64.0
-52765.358811495615,48.0
-29895.551474044987,51.0
-57340.4129212533,53.0
-31104.99990040362,72.0
-47289.78076938917,57.0
-44434.121354929775,46.0
-41127.25746301149,71.0
-33780.93037474953,44.0
-52329.32675685668,81.0
-41384.3939149004,39.0
-44275.04868549997,23.0
-50138.1206048176,90.0
-59175.49302509498,101.0
-42130.4892171209,50.0
-59244.57206388917,39.0
-44365.221986783166,88.0
-34449.45853757682,89.0
-53182.57293877832,51.0
-41240.38762753627,80.0
-41181.63299121449,56.0
-50086.88826835389,77.0
-48576.16632570292,66.0
-29286.990210570166,57.0
-32095.513423824148,71.0
-31462.460417598628,78.0
-31299.05042603035,111.0
-43692.19695660685,93.0
-54875.360012140474,78.0
-34742.658859684685,60.0
-47362.01970797154,76.0
-48421.2706390057,50.0
-53776.97775669016,58.0
-53219.69583835767,95.0
-41282.26832308626,52.0
-31702.767285238435,71.0
-31185.356022335855,63.0
-32999.539165223105,87.0
-37843.95665076518,57.0
-39028.110093101015,56.0
-30473.040922546163,63.0
-35013.25552539939,91.0
-36014.86377427481,59.0
-33078.6795728847,87.0
-51077.855884867015,67.0
-52813.59679375629,38.0
-43020.76462392545,83.0
-49636.31599009033,95.0
-60575.31541069346,70.0
-44105.81349176277,97.0
-56907.205479018376,50.0
-60382.82500712511,61.0
-42198.30196366274,96.0
-36348.50964123038,63.0
-54730.72861900462,94.0
-47317.03856172051,94.0
-56296.87044298792,84.0
-62153.29392579639,106.0
-38959.264991235825,41.0
-58650.69816814485,95.0
-54418.10973807719,68.0
-37628.98439087761,89.0
-54724.312119588256,99.0
-28799.385608470835,46.0
-42754.2197040239,96.0
-41156.78077005063,50.0
-39939.45009189927,106.0
-40955.90826449811,95.0
-32031.02782849835,79.0
-33274.12934540623,99.0
-40404.08936041591,65.0
-39767.797697225236,104.0
-30070.27305776073,41.0
-37385.38528223608,70.0
-34846.94852593758,79.0
-48863.888376092815,32.0
-51682.85298024947,108.0
-49343.67360170525,41.0
-50644.71693607979,63.0
-45486.92027320921,94.0
-45096.58356678589,65.0
-35084.95115921611,88.0
-53727.95311880349,67.0
-37879.9485990472,94.0
-60158.454578785655,92.0
-30129.812378237628,100.0
-43434.45003429799,73.0
-53487.17717373997,52.0
-38589.00164172119,103.0
-39001.78916400777,82.0
-46201.39285947945,57.0
-51103.11499321899,90.0
-59278.36939061902,48.0
-58305.600389106854,19.0
-56506.74888720718,41.0
-54624.905915591386,57.0
-60665.86072647243,68.0
-54390.09583161253,97.0
-37585.4515998804,91.0
-44495.34437759528,51.0
-57782.20222914622,94.0
-54658.13288951614,35.0
-56981.710268641466,101.0
-53206.067924941985,39.0
-32194.733947135755,86.0
-37902.046056138075,46.0
-31166.41880050207,107.0
-50612.11840665337,61.0
-28770.085343291983,84.0
-33410.10497560445,83.0
-51977.735086730085,66.0
-31305.427660810943,86.0
-35011.97437751153,97.0
-53957.05124054791,71.0
-50843.81137233964,44.0
-46185.62263326021,91.0
-54840.335500581474,93.0
-28671.186162313614,82.0
-59504.465825384614,99.0
-59161.38393015706,49.0
-39722.9454115712,56.0
-29648.88341943158,85.0
-62068.63568165149,78.0
-37142.52857422694,74.0
-41236.11298809099,111.0
-44958.91546870668,74.0
-29182.978637670072,56.0
-30627.459748896097,18.0
-38441.77505278176,73.0
-58951.04930391947,70.0
-58422.233238507004,90.0
-53475.948720249944,52.0
-57600.06228792769,38.0
-29461.499226704338,33.0
-40818.51839591947,75.0
-38524.27405021604,77.0
-58084.20605087817,103.0
-42908.29869897949,81.0
-30835.426034518256,97.0
-39242.05357880025,81.0
-63112.952499062485,68.0
-49511.8867304446,107.0
-30818.12899702848,84.0
-35995.959557503535,90.0
-38574.318921870516,45.0
-56230.54601044147,88.0
-42915.165202585325,49.0
-48317.28209190221,41.0
-54217.37614131134,73.0
-49776.436766071085,110.0
-55313.62910242584,76.0
-51528.31471132692,67.0
-37747.94089053967,82.0
-47835.39598060088,74.0
-56999.34039943933,25.0
-40823.71322923198,68.0
-52994.402351691926,49.0
-44670.36609435076,83.0
-60832.73347432324,66.0
-55068.01724361955,111.0
-54204.05274199892,90.0
-55278.9092160853,101.0
-52199.77126983291,92.0
-43282.655837582424,73.0
-57151.52928340089,87.0
-29425.160144683465,41.0
-39639.69894974354,91.0
-39924.652738045654,74.0
-30416.667080287985,60.0
-58692.9889923358,84.0
-47955.350017805235,108.0
-42275.02026766316,34.0
-53188.05219816875,92.0
-30495.574185548256,70.0
-41836.25363368055,107.0
-29264.23078129135,65.0
-55802.23614383933,73.0
-54613.53674276069,45.0
-59040.12174666197,88.0
-42282.39667427459,83.0
-48798.357888608356,34.0
-40897.392132635374,50.0
-52896.93699965885,75.0
-33208.95743210541,40.0
-45584.89911619453,57.0
-54383.40698558647,88.0
-57449.813147091496,65.0
-28654.12118644128,70.0
-59665.30966587055,85.0
-40024.10103688209,76.0
-44331.14090343436,61.0
-41368.81954907361,110.0
-42245.29463444229,40.0
-30226.139530805984,28.0
-49365.537013544206,62.0
-49068.071664955714,70.0
-44116.37343125183,71.0
-31628.50195614911,53.0
-41263.13973685945,19.0
-34397.51404292319,56.0
-41065.45473423803,35.0
-29179.19530932856,86.0
-31060.582607107008,43.0
-34250.38333671122,105.0
-52188.93214458476,34.0
-39499.53161443522,74.0
-38706.50184684921,58.0
-45620.68043423475,78.0
-58241.20690999697,44.0
-60336.59720173341,84.0
-42919.98748476329,53.0
-41857.99800562882,33.0
-35784.57063145627,66.0
-28891.16338133973,34.0
-32237.093544130366,69.0
-29952.297494244143,93.0
-57597.154366274044,34.0
-40795.60281702591,86.0
-37020.596567680055,95.0
-56383.71788063627,96.0
-32045.190139106453,87.0
-30464.783265314243,71.0
-36896.980444472465,73.0
-59566.51414001359,94.0
-58098.08827523407,98.0
-61506.81154721483,84.0
-35010.15697607804,55.0
-48030.6062438013,63.0
-32983.36514969595,94.0
-40564.67710963323,64.0
-31033.040821530183,61.0
-35398.93995716454,82.0
-40865.977412133696,88.0
-31217.189708079914,94.0
-38751.56905662269,97.0
-41075.35648289655,79.0
-36646.207592498846,54.0
-32190.366379933017,99.0
-42563.956332048896,29.0
-50434.02473488571,60.0
-59496.813072881,79.0
-44821.51174857962,70.0
-41463.521249237456,78.0
-53568.56993976995,83.0
-63089.431607881575,105.0
-44852.409748507096,76.0
-40373.50663875377,106.0
-60381.69633974518,66.0
-29924.897741531662,81.0
-57822.45623912534,80.0
-33022.312916778385,46.0
-29174.337663550068,90.0
-58069.25389008259,64.0
-57262.2978402876,90.0
-35716.180267921925,65.0
-55567.71002104962,83.0
-56397.43903892131,36.0
-51402.41882738852,33.0
-60073.25123458503,73.0
-31587.87877228351,80.0
-60041.75512811161,59.0
-40940.73007463966,81.0
-54205.46655055652,77.0
-45337.51204946394,101.0
-30543.381358653467,67.0
-46105.62463589427,91.0
-55501.963984049435,106.0
-60399.91509451319,91.0
-33573.9834795069,81.0
-51201.14349545696,51.0
-59410.528842921194,97.0
-59766.39126644319,74.0
-41363.95100972903,70.0
-61132.373064368876,99.0
-42200.939070093795,75.0
-54147.51751237285,54.0
-41925.066781110116,47.0
-51042.738571701775,51.0
-41433.19881311373,35.0
-52028.71474359253,49.0
-52950.67835385174,96.0
-37624.87013363673,90.0
-38988.37641309812,44.0
-54116.430464023484,70.0
-30638.19573275492,63.0
-31996.877330106978,100.0
-58919.247813138994,66.0
-49930.85274069968,98.0
-34819.959496162846,65.0
-59957.58185978781,56.0
-57169.4909896662,96.0
-45919.61345156429,33.0
-40380.058196391736,52.0
-46145.28922669968,94.0
-48809.35935409396,85.0
-42970.111671689316,50.0
-38549.30315600005,42.0
-58453.22365809095,57.0
-42910.76846225556,63.0
-52795.37325276164,56.0
-40448.42697028199,35.0
-41102.760164928026,51.0
-61917.73730629347,91.0
-39346.8809357006,100.0
-28822.040574015507,89.0
-55054.11381184082,54.0
-32665.361121208123,41.0
-39071.453856129374,41.0
-52221.220703424035,31.0
-49569.723309229325,78.0
-60927.51132419624,66.0
-55898.45714459131,79.0
-38694.954523830296,46.0
-38403.10481587438,89.0
-50758.11112552163,60.0
-44126.2599529962,41.0
-40630.60791763402,91.0
-47700.84974498679,46.0
-59857.95952517346,60.0
-39634.88266987542,75.0
-55140.63764816214,57.0
-58831.2726513151,94.0
-30966.766788608882,66.0
-54719.46060372405,53.0
-33750.605268990344,110.0
