sal_4_lc2vs0_iate,school
-28535.172231885124,10.0
-40917.13740829805,10.0
-44591.066538154744,10.0
-37923.12325229703,10.0
-51122.46640613159,12.0
-31548.459746523833,10.0
-35663.34597895253,8.0
-41972.841910345756,10.0
-31427.028690725285,10.0
-47156.29780902894,9.0
-54747.63659342422,10.0
-55038.99336016357,10.0
-54676.773585503404,9.0
-41367.01032443427,8.0
-34213.711539315605,10.0
-61488.227276058344,12.0
-29835.02617894834,9.0
-52789.09592102513,10.0
-34254.5289345223,10.0
-57814.8754599909,12.0
-54910.79622200837,9.0
-31963.19833393193,9.0
-37411.57875055263,9.0
-57925.49012985357,12.0
-54445.00756092029,12.0
-56474.11990844553,12.0
-49035.35483489944,10.0
-30829.68078277779,9.0
-29248.39098124716,9.0
-56089.873288503746,10.0
-40173.4286178182,10.0
-56430.909560445056,12.0
-40281.273832859704,8.0
-47538.301047931134,9.0
-37994.677269861175,10.0
-44579.27798464421,10.0
-47370.97961319996,10.0
-49756.54464235258,10.0
-40560.257978838854,10.0
-46776.61427297699,8.0
-35096.53042632254,12.0
-58279.07053511053,12.0
-41475.553856966886,9.0
-51821.782680530145,9.0
-63527.46621359194,12.0
-47050.90368055856,12.0
-62965.798903149,12.0
-35743.08555459799,12.0
-27933.039364145487,9.0
-55568.480484376945,12.0
-29626.25440066765,9.0
-61826.126812041504,10.0
-36678.13369771808,9.0
-51612.365846686036,12.0
-41050.47917236137,9.0
-38133.06453706531,9.0
-58446.575793066884,10.0
-36131.054846936604,10.0
-41079.624503326355,10.0
-46824.461613743304,12.0
-35125.53409752616,10.0
-30016.070425212944,8.0
-60934.601831358275,12.0
-32243.323666887605,12.0
-36876.48912131248,8.0
-51599.339548852164,10.0
-29916.092198996696,10.0
-31970.34772429963,8.0
-32521.265106282655,8.0
-38920.67581527283,10.0
-33593.03679674781,9.0
-57369.13056636481,10.0
-51254.08875562181,10.0
-33874.16264491021,10.0
-54466.702262307095,12.0
-54601.56889291966,10.0
-40427.252974417665,10.0
-33988.67115430745,10.0
-32363.92825775478,12.0
-53189.278347801366,10.0
-57505.9649915076,10.0
-55961.07438819202,12.0
-36353.19063530809,10.0
-55594.107470133655,10.0
-38160.66499509002,8.0
-39092.374468980226,9.0
-28534.603771417736,10.0
-60926.40695925029,10.0
-30738.42412338712,9.0
-48997.06673777303,9.0
-40713.32395594462,10.0
-37210.78627016464,10.0
-52433.29962782524,12.0
-29320.038910881693,10.0
-51791.5460728734,10.0
-50230.975775071565,9.0
-42693.88824078468,12.0
-38615.83513788745,9.0
-30022.800948624666,9.0
-42956.62765621567,10.0
-52069.05993804087,10.0
-56333.08041192281,12.0
-50973.19001020843,10.0
-34403.00363538356,10.0
-30147.256336978742,9.0
-55105.99917987408,12.0
-44740.03760529991,9.0
-44405.796231023225,10.0
-34495.09343315278,10.0
-60510.80691041208,10.0
-37244.6329700426,8.0
-50608.64811265613,10.0
-31278.50302803552,10.0
-42846.378521179475,10.0
-49900.26956038434,9.0
-30605.389100503497,10.0
-42267.64861220922,10.0
-38293.84723407638,10.0
-39567.00256931692,9.0
-59132.953086621885,12.0
-47652.302453896904,9.0
-52737.90910842185,10.0
-54539.748600258696,10.0
-39592.86305086875,10.0
-36679.84396837143,9.0
-41479.18819514195,10.0
-62363.97154500743,10.0
-38963.50305885414,10.0
-51307.31477944532,9.0
-41741.937320104815,10.0
-32127.69152689042,8.0
-42862.79872587646,10.0
-53523.43898259451,9.0
-33155.63837534923,10.0
-31502.316635537383,9.0
-43116.268793757656,12.0
-51894.69658671366,10.0
-54066.25659779493,10.0
-66169.62615278058,12.0
-30571.587325682936,10.0
-50221.05911029658,10.0
-28886.299628872915,10.0
-60593.527525074605,10.0
-40460.13686175663,10.0
-52726.84573317277,10.0
-50187.986304867234,9.0
-59895.47052639881,10.0
-31738.523201671156,8.0
-41094.45103142685,9.0
-32118.25124426702,9.0
-59085.26770958087,9.0
-30956.04418235428,9.0
-34100.03941729772,9.0
-64887.58002938191,12.0
-30960.380689244383,9.0
-38485.33502545621,10.0
-39573.032669027736,10.0
-45288.03513481606,12.0
-32232.355950032194,10.0
-36328.99415484973,9.0
-60482.99602936612,12.0
-51486.07576989959,9.0
-30331.52966882947,10.0
-54369.75193280236,10.0
-40118.62707780929,9.0
-57523.83718289361,12.0
-41848.92973092002,9.0
-59711.87582219261,10.0
-49893.99182852618,10.0
-42797.16262538865,10.0
-52060.89388195357,12.0
-33710.85623278428,9.0
-59816.85404447254,12.0
-53757.32936499022,10.0
-41816.05622310469,12.0
-35816.87992944504,8.0
-39266.79251192016,10.0
-49297.21476884415,10.0
-33641.50217870868,12.0
-55827.31762543899,12.0
-28605.831991951687,12.0
-40710.180563701055,9.0
-41110.2597004748,10.0
-30012.819068776967,12.0
-30276.391073048435,8.0
-61483.686583960836,10.0
-42760.02570570512,10.0
-31309.141736012356,12.0
-59549.15731334065,12.0
-60118.35862073146,10.0
-58876.76906393777,10.0
-53988.98561552647,10.0
-47223.128177076724,10.0
-36485.41602627235,12.0
-40646.42647417623,10.0
-59990.14643566707,12.0
-33869.78497207764,9.0
-35627.261242961875,9.0
-50811.54223499362,12.0
-29070.073781446234,8.0
-35622.94630124509,10.0
-58950.81596646356,12.0
-38086.13955222813,8.0
-28425.532809097658,10.0
-34706.59910768832,10.0
-44869.062670988205,9.0
-37210.38638192392,10.0
-36587.99859285549,12.0
-41361.31359069426,12.0
-34288.630532931005,9.0
-45679.355916130495,10.0
-41851.02808862491,9.0
-59658.88013916985,10.0
-45152.72716114298,10.0
-52063.3899929525,12.0
-51331.60963144906,12.0
-55181.45432125153,10.0
-52864.65167117927,9.0
-56091.993109613584,12.0
-51835.59054714459,12.0
-28235.960698799245,9.0
-50987.21153247397,8.0
-34975.40352107449,10.0
-32478.123862206565,9.0
-49798.300409143194,9.0
-42710.22468257176,9.0
-31294.40648494302,9.0
-46434.48020741414,10.0
-40413.84751722927,10.0
-36942.14067456237,10.0
-41363.2227326766,10.0
-42536.79634076993,8.0
-50409.60418314176,12.0
-45183.105572911736,8.0
-29132.814913842572,10.0
-57990.8356464785,12.0
-51624.70993922517,12.0
-39937.58946447844,12.0
-53232.498875165635,10.0
-39261.42256739462,12.0
-63150.16858501912,12.0
-55834.077908552936,12.0
-57874.15158136292,10.0
-37214.22383429842,12.0
-43517.02713668889,10.0
-41698.53357755949,9.0
-50335.132412806925,10.0
-55071.67319994114,12.0
-31585.738840208418,9.0
-66421.01963403425,12.0
-29634.115386412253,8.0
-44568.68537159427,9.0
-37055.35915852231,12.0
-59756.36272764155,12.0
-49473.346040696895,12.0
-59766.212767496516,9.0
-55948.31425099386,10.0
-30002.97379113662,12.0
-61911.70429718904,12.0
-50933.40689802843,10.0
-57946.632170094366,10.0
-57509.82221693675,12.0
-52507.563013300765,8.0
-49035.54197742554,8.0
-55723.4553019367,12.0
-53300.26926503271,10.0
-45096.297017909696,12.0
-33708.98897800076,12.0
-28688.511832080207,12.0
-40887.94732272588,12.0
-60919.67033478833,12.0
-37089.70601456078,10.0
-39754.83840451921,12.0
-56333.811017564105,10.0
-31425.563067690102,10.0
-38561.77565239916,9.0
-46484.80524746062,12.0
-30496.6794022759,10.0
-54295.448122589805,10.0
-39243.204952692424,10.0
-41912.40075051287,8.0
-39578.63390694774,9.0
-34542.50138378643,9.0
-36098.47568701264,9.0
-54083.13725661805,12.0
-48437.009320098434,10.0
-52594.97066535624,10.0
-34118.9047829395,12.0
-38115.68375394152,12.0
-39836.95263878905,12.0
-53617.0298572395,10.0
-35244.05384292837,9.0
-59035.94976436113,12.0
-36787.852733326756,9.0
-37143.222089195624,10.0
-42928.82016891398,9.0
-29752.821338650567,12.0
-51327.93634802129,10.0
-28810.37134689627,10.0
-43047.7064484915,10.0
-32030.400174812254,8.0
-40670.613201389,9.0
-40899.49827943066,10.0
-60394.500516387445,12.0
-41369.79787205122,10.0
-35911.248042547,10.0
-35322.95214743943,10.0
-56050.76600575438,12.0
-40805.93838859428,9.0
-48341.07457495759,12.0
-36179.22730856229,8.0
-29059.059687249868,9.0
-60095.422450001366,10.0
-39100.15430451167,9.0
-35657.137009334925,12.0
-62146.74502085656,10.0
-55952.34349971492,9.0
-29751.501087818582,12.0
-58744.40953537137,10.0
-38738.931012872694,10.0
-52580.86217211095,9.0
-28879.049845184825,10.0
-59043.75172870707,12.0
-30116.762767217246,10.0
-43853.57175281983,10.0
-43708.92196592066,9.0
-38616.771451599874,10.0
-30853.173260118077,10.0
-40478.72052190179,9.0
-33782.40756190102,12.0
-28630.13626033401,10.0
-48209.89870082562,9.0
-60120.692053628925,10.0
-52853.67406294877,10.0
-42608.548460627295,10.0
-40132.15396453894,8.0
-33260.76639463841,10.0
-37111.684888297874,12.0
-29273.629251860257,10.0
-55667.51416082788,8.0
-38332.422265876434,10.0
-35681.313923131,8.0
-53287.88588846786,12.0
-57475.77139868676,10.0
-57015.52803808499,10.0
-49055.349933538775,9.0
-41385.69875800921,9.0
-53772.62222248055,10.0
-36820.07464685822,10.0
-40940.79612836364,10.0
-55960.07578136187,10.0
-32683.239722810562,10.0
-27948.76085311513,10.0
-53070.61288267889,8.0
-34309.63540569359,12.0
-41181.72661141938,8.0
-32950.63555006507,10.0
-40245.13889530317,8.0
-31192.418132771832,10.0
-41616.64765040414,8.0
-41377.991059488195,10.0
-62848.08221257478,10.0
-47564.35614752073,12.0
-53037.76222915432,10.0
-29221.379892955112,10.0
-39724.22087896541,10.0
-38898.11163767874,10.0
-58562.52168560731,12.0
-58941.70125389714,12.0
-42284.06263325778,10.0
-35668.67947284247,10.0
-31041.814877568584,10.0
-58991.124468811264,10.0
-58792.37008313186,10.0
-41631.87234752899,10.0
-35842.24458258529,9.0
-41891.20881339818,12.0
-55053.82243716665,10.0
-60856.310409157864,10.0
-42444.646914026285,9.0
-30858.999614536886,9.0
-40318.98443840466,9.0
-30427.41492617264,10.0
-28362.601981205757,10.0
-38221.106611493684,10.0
-58809.651445625794,8.0
-50902.60561134422,9.0
-42357.84281070084,10.0
-55941.81876476228,10.0
-31997.45378963175,8.0
-64717.775798823306,12.0
-58418.27833236144,10.0
-60186.80733633152,10.0
-44153.13753509203,10.0
-41493.17158879239,12.0
-31536.572089153633,8.0
-40207.02432968165,12.0
-35152.5747837781,12.0
-47104.32441971736,10.0
-30034.751165496906,8.0
-55211.196384902374,10.0
-46095.368004237214,10.0
-28670.01015339695,9.0
-53183.122377655105,12.0
-48298.51038375472,10.0
-34384.298121460015,9.0
-35822.524511895936,10.0
-28274.041867765485,10.0
-39312.273377397505,9.0
-32147.284935649455,9.0
-51719.6901932483,9.0
-52291.506564701886,10.0
-47045.10772020415,12.0
-41500.18906537585,12.0
-30449.616737931377,9.0
-40790.737782247284,8.0
-55372.401530079704,9.0
-47897.81614284977,9.0
-40196.692081173256,9.0
-58199.186892409685,10.0
-43626.6108160818,9.0
-64852.15794137567,12.0
-43239.854811957586,9.0
-30771.367948461855,10.0
-40220.55441207775,10.0
-42035.87686069045,8.0
-54918.544845770935,10.0
-29331.5023792748,12.0
-30962.16798448716,10.0
-45472.80038095263,10.0
-42086.56693456104,10.0
-52169.226814523354,9.0
-32202.674248717827,9.0
-39747.840776445024,10.0
-46308.34551685513,9.0
-40766.398813288666,12.0
-57487.57568615262,12.0
-44727.46955267918,10.0
-41796.34834726095,10.0
-39339.79657122983,8.0
-49997.07216152003,10.0
-48647.70324227595,12.0
-53421.01427070689,12.0
-30689.350941197034,9.0
-57097.458756617256,10.0
-36717.554931769904,9.0
-56809.28160539322,12.0
-50471.15113186186,9.0
-65588.94855758359,12.0
-46299.29299840157,10.0
-41078.60256529815,10.0
-38105.022469697076,9.0
-28613.250185756388,10.0
-35146.773751651155,12.0
-28721.651630359753,9.0
-32271.239598336742,12.0
-36060.11748819488,9.0
-39309.45234783266,10.0
-53831.87563498974,10.0
-40615.41401548039,8.0
-30698.272334627312,10.0
-49241.33368467829,8.0
-31064.68273936795,10.0
-57535.78636081418,12.0
-47594.077514432625,12.0
-38794.78284640705,8.0
-29947.967832286617,9.0
-42520.54971670527,10.0
-29854.64821933341,8.0
-62698.622779388155,10.0
-32717.700337279734,8.0
-53436.6263718675,10.0
-29365.608552057467,10.0
-50946.422372937945,12.0
-37881.05370094672,10.0
-38111.11323008292,10.0
-46722.59082088963,10.0
-51984.277372865356,10.0
-54568.45925915553,10.0
-57717.83778825218,10.0
-39945.0629654374,10.0
-56807.851113351775,9.0
-32137.509010287336,10.0
-40699.0171055528,8.0
-36849.174575105935,12.0
-55332.952238391896,10.0
-39448.24856524209,10.0
-59800.991346707946,12.0
-54557.30044329127,10.0
-35242.83100672737,10.0
-52280.21038523967,10.0
-51829.712850313124,9.0
-47116.12057754614,12.0
-39028.307233391926,12.0
-36307.604741173185,12.0
-34893.25375602408,10.0
-33098.39388350959,12.0
-52183.6207694436,10.0
-28988.898335099955,10.0
-53212.342949814134,10.0
-54901.239852431696,9.0
-29164.163041354015,9.0
-56286.772903909514,9.0
-49598.9257116534,10.0
-28892.802663737446,8.0
-43628.14690999287,8.0
-54553.07179641238,10.0
-33884.71558184476,10.0
-48863.66434795727,10.0
-52005.03666425255,10.0
-41460.30138183577,8.0
-37070.29592194788,8.0
-28711.169988075122,10.0
-30360.198253250826,12.0
-39308.44660634728,10.0
-57712.23600236485,10.0
-60058.76483438263,10.0
-31799.5124815367,10.0
-62331.813693029995,12.0
-45823.01017171881,10.0
-59774.96850267016,10.0
-43099.716794692584,10.0
-33291.27782207086,10.0
-28499.851373391553,10.0
-40897.07425523356,10.0
-40172.03506180154,10.0
-40015.98173833554,10.0
-47907.52593417477,9.0
-32716.277149684593,12.0
-61261.371744855656,10.0
-38002.41674988871,9.0
-62830.193547909126,12.0
-29506.396531326187,8.0
-56748.96390894838,10.0
-53536.81806650363,12.0
-38506.81162606761,9.0
-38222.82627786738,10.0
-57405.94880417225,10.0
-46117.88355154743,8.0
-40411.00761223331,9.0
-37545.72872296213,9.0
-50515.015275958096,9.0
-38128.71034140256,9.0
-59976.45420734243,10.0
-29262.044264820557,8.0
-55852.046634874816,10.0
-32480.51651642647,8.0
-36192.93889363139,12.0
-44403.12058051227,10.0
-31197.762121936034,10.0
-62063.308838370554,12.0
-40516.126074079104,10.0
-58772.467988085526,10.0
-49904.414633028886,10.0
-43771.477355601746,10.0
-36845.88041425131,8.0
-60487.57586180043,10.0
-55917.77462329353,10.0
-55640.713722816305,9.0
-29557.161124087303,9.0
-57065.26384130893,10.0
-56765.49964031542,10.0
-61834.86299539058,10.0
-57576.44302303785,12.0
-31966.425249709766,9.0
-32942.11581700925,10.0
-40323.58856844129,10.0
-45273.34172707086,9.0
-35368.39135171345,10.0
-40925.76794247952,10.0
-28527.049415250636,10.0
-39324.884731839935,10.0
-41624.73911768063,12.0
-57696.494999761904,10.0
-60560.709094805774,10.0
-56823.996478265515,8.0
-34334.56611511267,12.0
-33397.73604929031,8.0
-51950.926484518015,10.0
-45372.90987949469,10.0
-41836.28545614419,10.0
-66754.32520706099,12.0
-61628.71139676675,12.0
-32807.20513454085,10.0
-34480.78745244909,9.0
-57080.23812685479,10.0
-39202.8170559337,8.0
-39571.20544829304,12.0
-49951.74715893161,10.0
-30100.897331118096,12.0
-42057.185474076396,9.0
-42837.70416045057,10.0
-54681.56922762553,9.0
-28090.114799035477,10.0
-42438.24568964615,8.0
-46620.35105472108,9.0
-29052.424224641756,8.0
-35627.274760681925,10.0
-41134.717188035385,10.0
-45378.4942773013,10.0
-63720.2747959584,12.0
-35007.60829939198,10.0
-41959.64259845807,12.0
-55995.379205297286,10.0
-35433.31423987117,10.0
-32026.961080713736,9.0
-59030.414250988135,12.0
-30871.27543819473,12.0
-41850.49012454605,10.0
-35252.65253508008,10.0
-33026.0229346932,10.0
-57860.475265143774,10.0
-51588.98782797577,10.0
-56133.56409062912,10.0
-46607.95643280929,12.0
-42246.28931822904,12.0
-55305.42599865718,12.0
-45711.319835665985,10.0
-30436.363863147686,9.0
-59666.09940353943,12.0
-56781.54611615409,10.0
-44916.84962866889,10.0
-29132.409432293694,10.0
-32733.50978027629,12.0
-41098.148410894515,9.0
-56783.78760087561,9.0
-60057.86041468923,10.0
-31052.95925177839,10.0
-38443.89840878986,10.0
-44127.94465102104,12.0
-42911.036133727845,12.0
-41419.393744259505,12.0
-29106.22405748845,10.0
-55731.201596053405,12.0
-33608.81315313812,8.0
-40430.228867026526,12.0
-60659.99867226393,12.0
-39256.36548232785,9.0
-44953.17902763747,10.0
-51611.296904861825,12.0
-50870.170881214624,10.0
-37424.328441442914,9.0
-38298.3460027535,10.0
-36911.408098941,10.0
-58340.68807913855,10.0
-46406.864408561916,9.0
-41502.94615896529,10.0
-45419.93444037286,10.0
-58613.06985604121,10.0
-45579.77116677533,10.0
-42585.04648918447,10.0
-57929.95280642412,12.0
-37792.39691360261,9.0
-59902.01130103544,12.0
-54271.682978326906,10.0
-55497.476642475885,12.0
-50535.7328337169,9.0
-60688.62589284798,10.0
-31040.397400852336,8.0
-45508.92177870663,10.0
-39018.881217586095,10.0
-44203.68643556159,9.0
-29691.292598434768,12.0
-44008.42203291494,10.0
-33287.60472631467,8.0
-32967.59774247206,9.0
-40421.732620960356,12.0
-54897.46457328409,9.0
-38833.752770412095,10.0
-43647.919497808245,8.0
-36670.798252378605,10.0
-34567.65830814112,9.0
-53276.09164873191,10.0
-34804.33933590587,10.0
-30827.050123173613,12.0
-29515.31480022581,10.0
-53167.28250266496,9.0
-34163.77394796619,10.0
-55047.747109941,8.0
-48206.215612920685,9.0
-60543.959393054305,12.0
-44262.472225223944,12.0
-39541.509233,9.0
-45715.96007187407,9.0
-39371.98798803873,9.0
-48833.2697146181,9.0
-31441.568748933078,10.0
-29054.487653280376,10.0
-52390.44158919977,9.0
-58766.746718955925,10.0
-30724.266882042462,12.0
-57957.177951819205,10.0
-54120.93851099038,10.0
-28188.677550842076,10.0
-31015.834896338776,10.0
-43046.268378235414,12.0
-44986.985033066565,10.0
-46209.08130254185,12.0
-32616.161265825125,8.0
-59080.79207690769,12.0
-41339.41637510259,9.0
-59338.8196924409,12.0
-50805.45244329069,10.0
-37538.799590859824,9.0
-39240.828772275476,9.0
-53768.770796770244,10.0
-29564.363220100684,9.0
-30756.167013902603,10.0
-45211.822321090265,8.0
-51453.60499934022,9.0
-55730.206515369326,10.0
-31205.77265538768,9.0
-38234.07018270826,9.0
-61964.851024824064,10.0
-39035.578252136474,10.0
-43003.053304546236,12.0
-35071.02790208635,8.0
-52179.15843695841,10.0
-36491.66896047375,9.0
-41100.998417717696,10.0
-45617.50231887592,10.0
-29789.226573494205,10.0
-40176.858533117396,10.0
-49357.41011101158,12.0
-32132.129103157175,10.0
-52164.552698283434,10.0
-39758.11400243606,10.0
-57547.2505172751,9.0
-40056.45787754892,10.0
-33129.922608410096,12.0
-59146.191740507944,10.0
-55247.541283629835,12.0
-40827.94504393356,12.0
-47742.69170446771,9.0
-41340.33893400002,10.0
-43087.38310594586,9.0
-66693.7241081594,12.0
-36991.45915306553,8.0
-59023.81799357471,9.0
-43130.72309171863,8.0
-59066.92867614147,10.0
-39723.24306388935,9.0
-33649.711816955445,9.0
-40673.69891657977,10.0
-57454.45457641613,10.0
-39222.700395838896,10.0
-30742.829678510217,10.0
-61899.21663081972,12.0
-32326.37128924476,10.0
-40765.65134872066,9.0
-45361.62962285125,10.0
-33923.53670809613,9.0
-28047.464504426294,10.0
-52771.15439446875,10.0
-37588.161609522664,10.0
-35400.191072407804,10.0
-53802.770064116965,10.0
-56005.31633970587,10.0
-56628.24064432485,10.0
-65937.22242174787,12.0
-50553.780829238014,10.0
-41187.527740827245,10.0
-57129.79672056569,10.0
-31662.643744453293,8.0
-38330.882325154045,10.0
-29701.471715379714,12.0
-53697.87015939421,12.0
-57667.54510913365,12.0
-64536.48333512666,12.0
-52843.850005469954,10.0
-43873.48163787616,10.0
-39788.81865165914,10.0
-34610.16306661579,10.0
-37055.215120992776,12.0
-35121.2793790231,8.0
-41504.14588902125,12.0
-30397.509411954386,10.0
-36590.028888495166,10.0
-28797.950073554464,10.0
-40473.14649092505,10.0
-59072.642438097275,9.0
-55308.6964097288,8.0
-51581.88109542182,12.0
-56156.29855930393,10.0
-29126.381327774558,12.0
-28326.786295507376,9.0
-53809.67576789792,10.0
-29927.993448280125,10.0
-50125.11572522418,12.0
-53912.94884272649,10.0
-49565.83916804489,10.0
-36489.34195287035,10.0
-39378.792615728824,8.0
-63415.77725781505,12.0
-41259.97320711833,10.0
-55328.86433042123,9.0
-28521.471680090435,8.0
-40442.90928968838,10.0
-29851.054640893766,8.0
-36491.464715732654,8.0
-47023.83562335508,8.0
-57750.12235928091,12.0
-31932.166235589848,9.0
-37954.48402148099,10.0
-59271.61004140001,12.0
-52054.62870221777,10.0
-52738.14232135086,9.0
-60775.308582353144,12.0
-34205.18219204592,8.0
-42817.418628549785,12.0
-48791.22191885917,9.0
-53746.12630026258,9.0
-49520.188447657565,10.0
-40761.37839747332,9.0
-29685.056347261758,9.0
-43207.71324597807,9.0
-49905.57074006627,10.0
-60440.11771259841,10.0
-44736.63758432375,12.0
-34496.10667665215,9.0
-35423.7280918607,9.0
-40322.55473485871,12.0
-38607.9045932509,12.0
-28351.537933573432,10.0
-52935.258349485724,10.0
-54967.66643405836,9.0
-30825.55986595193,12.0
-36946.21316537159,9.0
-41016.20587232733,12.0
-58925.57068636118,9.0
-30711.414896888884,8.0
-34520.99224297088,10.0
-52763.52229949029,9.0
-39751.300301494586,10.0
-29443.182211270716,9.0
-53933.78487802371,10.0
-34026.38319985832,9.0
-33221.68861930636,10.0
-38501.25156334514,9.0
-57929.347229177394,12.0
-42608.80130176373,9.0
-46655.067595083514,10.0
-31591.7039459969,9.0
-50791.20763045893,12.0
-41007.791753130696,8.0
-56608.9048042159,12.0
-29573.959906382897,10.0
-62125.09546580825,12.0
-53637.8852900255,12.0
-29889.263507954096,8.0
-60956.21042175582,12.0
-31906.88212367711,9.0
-41407.15688390669,9.0
-56674.97019284264,10.0
-38324.56034192968,9.0
-48009.02052330325,10.0
-30806.431266707794,9.0
-59790.876145124275,10.0
-45993.29713138003,10.0
-42875.381000908696,9.0
-35242.74240254852,10.0
-43565.70515933245,12.0
-50973.42437425755,8.0
-53069.33592083698,10.0
-51676.59865255718,8.0
-40141.43675278137,10.0
-51268.8258240456,10.0
-49579.0941158978,12.0
-57451.1777304482,12.0
-34880.19431130287,8.0
-56806.54002695554,10.0
-30572.202026606697,10.0
-46027.728963820235,10.0
-40102.22153987351,9.0
-39900.02880623512,10.0
-55936.888824580325,10.0
-59895.14509299759,10.0
-52004.271159066266,10.0
-36194.8269335697,9.0
-55884.803976198105,12.0
-41134.33667401174,10.0
-57358.07821010312,10.0
-66589.86258003957,12.0
-38018.54269682866,10.0
-44122.88897974139,10.0
-39948.49425974961,12.0
-29734.282905642256,9.0
-37805.52341259136,12.0
-31344.473512957928,10.0
-50371.83403945181,10.0
-42913.72791507003,10.0
-43139.149022151294,12.0
-63708.5205732694,12.0
-45462.074870282464,9.0
-47979.20976549415,12.0
-32781.63488001181,12.0
-58227.38533312991,10.0
-37223.0455435467,9.0
-41033.53724917484,10.0
-59087.09559694251,12.0
-55049.58552158259,9.0
-56050.86908409381,10.0
-53417.3595493302,10.0
-43527.40716040362,10.0
-61726.18389199911,10.0
-41066.49817503077,10.0
-60249.066375769544,12.0
-50694.45935269697,10.0
-28913.930481647414,9.0
-61917.5529004297,10.0
-56508.92793311396,12.0
-31384.000843259455,10.0
-49382.29901327976,10.0
-33679.49149698698,10.0
-40584.10710385835,10.0
-42952.072714728754,10.0
-29368.52256907103,10.0
-40497.20638063621,8.0
-45004.620436792284,10.0
-63749.41894736567,10.0
-55451.335700705,10.0
-36763.30518653858,10.0
-62143.98207738358,10.0
-49111.33514451137,10.0
-35073.3571679875,10.0
-36107.152847197896,12.0
-53296.75696810777,10.0
-50594.369276065525,10.0
-51169.656182125866,9.0
-29170.486462491215,8.0
-50124.50848581146,9.0
-40186.13912483021,12.0
-59683.01488054427,10.0
-48726.97955482462,10.0
-36239.74377038711,8.0
-48169.46410640242,12.0
-60613.17791902918,10.0
-53218.47652114906,10.0
-35407.326580309455,10.0
-61820.220820175426,12.0
-38312.296500735836,8.0
-53675.759828375885,9.0
-49176.71126097244,9.0
-48289.101507587526,9.0
-43528.00165888277,10.0
-40071.586001930846,10.0
-53502.8657349594,10.0
-41187.41275253931,12.0
-34315.27379824595,10.0
-55108.768216922275,12.0
-32401.405341896825,10.0
-45892.8201646768,9.0
-40016.82900854436,10.0
-32121.29838480807,8.0
-30126.25746951987,10.0
-47341.19887549723,10.0
-59652.908557681745,9.0
-40883.07871709214,10.0
-53562.82486496627,10.0
-40797.10518829076,10.0
-52154.88909742265,9.0
-56494.39288834846,10.0
-30635.92596386939,12.0
-37537.738726762735,10.0
-42483.91335403557,9.0
-46840.35462607346,9.0
-51372.96063499979,9.0
-30212.9150995467,10.0
-53770.18993324916,10.0
-39207.89877704154,10.0
-43271.91660490073,8.0
-56832.790340842956,9.0
-41797.69031310962,8.0
-43436.30348373722,10.0
-41627.975848878465,10.0
-29490.946863693993,8.0
-41534.49649598968,10.0
-54632.5021373582,10.0
-43145.06778374457,12.0
-37389.25682007543,10.0
-53400.66315258683,9.0
-33697.0429346541,12.0
-29397.23229068704,12.0
-54978.035525148596,10.0
-52572.02585152576,12.0
-40908.837039041915,10.0
-34230.3305029181,9.0
-28747.965254364943,8.0
-29118.42527523047,9.0
-43140.91705125939,10.0
-54253.705576167806,10.0
-56581.3799046943,12.0
-38387.30635387071,8.0
-46949.59852746104,10.0
-54677.52702455186,9.0
-44338.69243448746,10.0
-40603.722995725475,9.0
-39624.70047897477,9.0
-58321.749566218314,10.0
-34301.04533182493,12.0
-39691.04533718995,10.0
-43040.68673215159,10.0
-46971.13915120141,10.0
-41059.37118159945,8.0
-33353.71701788576,10.0
-49696.546236014794,9.0
-63556.711527498264,12.0
-51728.365448903656,10.0
-59503.56174445803,12.0
-30423.752202230295,10.0
-51693.04876111327,9.0
-41679.446490208255,10.0
-29606.190419605184,10.0
-32259.173206321677,12.0
-51494.108544855815,10.0
-36678.56099110478,9.0
-42086.97547198186,12.0
-60625.61531934881,12.0
-40051.23710588505,10.0
-33054.67463180513,9.0
-57322.127637479454,10.0
-56766.658514033465,10.0
-29071.108683862898,12.0
-28770.926827660187,10.0
-39860.875332527256,10.0
-52199.13451661343,10.0
-35008.16148813577,8.0
-55170.904359859414,10.0
-44344.42780296483,8.0
-52212.948830848734,10.0
-39613.57204307239,9.0
-65573.93970132215,12.0
-50351.84453178096,10.0
-28476.08382035247,9.0
-41606.758703882224,12.0
-55023.971247912996,12.0
-35263.15808399294,10.0
-54091.80937999707,10.0
-52088.74385773166,10.0
-46453.18853366092,10.0
-32832.37314588807,12.0
-29790.749992889498,9.0
-48937.4090137796,10.0
-55360.63848707782,10.0
-36232.148473503294,8.0
-35390.468963087675,10.0
-31706.139607587513,10.0
-38799.54538799832,12.0
-38939.408550195934,9.0
-31963.53610980649,9.0
-29071.4192523096,10.0
-64084.24394799633,12.0
-32414.42955923161,9.0
-31235.9965840315,9.0
-63788.99480641638,10.0
-31308.069315378023,10.0
-41680.25725838177,10.0
-40735.937571399714,9.0
-31003.117307725784,10.0
-28723.971179181346,10.0
-35849.61218264835,10.0
-48547.60370423877,9.0
-31051.41631183147,9.0
-41074.69622101877,12.0
-60567.95506137071,10.0
-41004.94423199204,9.0
-35142.679668421086,10.0
-30866.351650262848,10.0
-43628.36556161013,10.0
-48569.71313991489,10.0
-50163.64949427806,9.0
-30040.550115686314,9.0
-42327.26610778708,12.0
-29390.905309324487,8.0
-28290.951430671077,8.0
-60416.55015037476,10.0
-38602.826096073964,9.0
-30519.285471669235,9.0
-51373.2589014687,10.0
-50632.892674123425,10.0
-41617.8111659268,12.0
-44032.75655150156,10.0
-48365.866874982545,8.0
-66088.66583739489,12.0
-57990.61968026153,12.0
-31998.90634134002,12.0
-34165.8427891133,10.0
-51559.75110926488,10.0
-36488.65788185494,10.0
-38795.03077163709,9.0
-35189.94019028687,10.0
-38546.47752297194,9.0
-52840.23817090309,9.0
-35426.59946165163,12.0
-42740.15559588053,12.0
-44798.18211332823,12.0
-32487.730569816664,10.0
-32383.986409960773,12.0
-30890.31393049795,8.0
-40096.597404247266,8.0
-58644.59079386272,10.0
-49226.195786191995,10.0
-58063.88835224559,10.0
-36128.492881804166,10.0
-29969.61721953236,12.0
-48111.37600233019,12.0
-40238.367889913,10.0
-40524.30241368813,9.0
-39178.484582920195,9.0
-52526.386276556936,9.0
-54802.40638569446,12.0
-41036.07971424003,10.0
-41505.13620397159,10.0
-44776.91460872506,10.0
-37987.6108656052,8.0
-29663.007386385303,12.0
-55095.43112753051,10.0
-58111.576680993814,12.0
-55935.99453098654,10.0
-47116.35914893783,10.0
-38227.21974730133,9.0
-56748.47121915908,10.0
-61826.95973524574,12.0
-42683.416691732826,12.0
-42256.26067010145,10.0
-38399.10077596635,10.0
-30871.53096159923,10.0
-59808.55279087974,12.0
-41143.746522241505,10.0
-52444.405509288015,9.0
-29369.361272336555,12.0
-36908.25449696995,10.0
-52917.17515338877,10.0
-43265.46186272423,10.0
-52432.35471042461,12.0
-38443.59925270147,9.0
-30991.7386135266,10.0
-59755.906116895945,10.0
-36628.67121080963,8.0
-30819.97433528889,9.0
-37605.464458047354,10.0
-30748.062045552833,10.0
-35979.87027769514,10.0
-35262.66255591435,9.0
-40403.69176661961,8.0
-39017.44406222797,10.0
-31030.10682747073,8.0
-48806.45155735726,9.0
-47878.72538099958,10.0
-35865.22331292168,12.0
-44613.80680447854,10.0
-40534.91755506201,10.0
-55301.42668344597,12.0
-31067.152719190606,10.0
-29046.948279673674,9.0
-44650.89714406454,10.0
-36490.29777564747,9.0
-57636.090929893646,10.0
-33832.36046478325,10.0
-29107.527256984424,9.0
-40139.96289685747,10.0
-51088.30507563015,10.0
-39571.568401216675,10.0
-42925.20426495499,10.0
-64570.328855086555,12.0
-45724.78335251782,12.0
-39213.233016620026,8.0
-33527.32863613318,9.0
-39525.28630280898,10.0
-56641.46324145893,10.0
-54453.60949329348,10.0
-46478.49487138848,10.0
-42123.9249877334,9.0
-41806.35983767366,10.0
-32215.018660380032,12.0
-34351.265368230204,9.0
-34192.142779298185,10.0
-63252.52284715193,12.0
-50224.509590201335,12.0
-35624.79365147924,10.0
-39011.25358208989,9.0
-50750.11311452155,12.0
-58537.94400654676,10.0
-52831.06896951365,10.0
-62484.833496882544,12.0
-36882.82380789245,10.0
-29470.316152811487,10.0
-57658.76998505012,12.0
-48159.0424945872,10.0
-28895.698306176157,9.0
-58494.592593189824,12.0
-52607.34368655263,8.0
-50970.55926090693,10.0
-51093.196617746806,9.0
-45419.1627049479,10.0
-62025.70329037259,12.0
-64170.2139255234,12.0
-31252.197976538475,12.0
-41370.6892575701,10.0
-45656.311242926735,10.0
-36497.017006373935,9.0
-40665.80306819143,10.0
-41069.50620983586,12.0
-38899.062210360426,9.0
-59377.43978355724,12.0
-40371.16088081158,9.0
-30999.918896049592,10.0
-51776.021660235696,9.0
-37102.48226662442,9.0
-43702.375377637174,8.0
-47552.90300123955,10.0
-35970.83938675714,10.0
-44616.33249287945,10.0
-39402.955980550934,9.0
-56072.22621536291,10.0
-65498.36594720557,12.0
-51546.02498483828,10.0
-57080.456167460325,12.0
-33354.978459995895,12.0
-40571.42969837398,10.0
-51807.947765743826,12.0
-29080.071696261566,10.0
-40474.249068120844,12.0
-63472.5591174446,12.0
-39577.675525909304,10.0
-56767.548317218505,10.0
-44965.00133117358,10.0
-40266.17874214226,10.0
-48794.612225217745,12.0
-63229.94832447375,10.0
-41216.096728009084,9.0
-60508.751594237285,10.0
-30733.34401893738,12.0
-31728.271497096222,10.0
-48409.13785433264,12.0
-56131.395425427465,10.0
-35253.11083762495,10.0
-45043.16920996676,10.0
-30122.340970132398,8.0
-48214.53028901243,10.0
-59327.637941028355,10.0
-33126.817373429636,10.0
-29761.64713362801,10.0
-35036.92008798766,9.0
-29417.43417665859,10.0
-53740.28735938646,10.0
-42941.956858026955,10.0
-51805.6330321666,10.0
-37472.441183622075,10.0
-49984.77386626642,9.0
-62217.13535158409,10.0
-29505.83393128097,8.0
-48575.84868428421,10.0
-57236.65786801385,10.0
-37965.230016855836,9.0
-57408.23153249655,9.0
-29717.074650918636,9.0
-35873.61837930963,10.0
-52429.88930192789,10.0
-34831.8769902683,9.0
-52654.80815222123,9.0
-60528.410076738364,12.0
-46963.323441974746,10.0
-39373.72994797943,10.0
-41827.828795073205,12.0
-57468.45525729243,10.0
-42413.615238611674,10.0
-49117.36146249731,10.0
-47265.92951645403,8.0
-54810.40402217876,10.0
-63565.56107050382,10.0
-48084.49034866444,12.0
-41547.37236919409,10.0
-29240.09320634027,8.0
-41200.37161492766,9.0
-63915.64971221141,12.0
-48221.07267980443,9.0
-37720.93288205526,8.0
-31736.725404913173,10.0
-41268.95562695604,10.0
-50254.58724751267,9.0
-40100.2359141037,10.0
-52936.35914043513,10.0
-38982.56597736967,10.0
-60154.1210657598,9.0
-40178.37866292817,10.0
-59346.93477471271,12.0
-31357.972988597303,10.0
-53624.13033140427,9.0
-30320.029316798562,10.0
-50532.18371185249,8.0
-58637.655401900185,12.0
-37645.78322864711,8.0
-56304.17354882772,9.0
-36104.76213723814,9.0
-32892.639317548535,10.0
-32415.99690723449,12.0
-44714.63334701065,10.0
-41544.05698969934,10.0
-39955.96885961492,9.0
-38778.673034545194,9.0
-39771.17569945066,8.0
-35727.359003513804,8.0
-41234.95149492129,12.0
-31393.32288285036,10.0
-52928.86847682262,10.0
-55364.40697030057,12.0
-56046.856560086395,10.0
-38883.0298857459,10.0
-56507.66098397765,12.0
-40683.99949139745,10.0
-40007.27366188232,8.0
-46114.95746868584,10.0
-46642.8835256327,9.0
-49939.063929153606,8.0
-51944.5753135159,10.0
-31558.374627448902,12.0
-43215.36042131019,8.0
-30688.988337703257,10.0
-36358.08707358051,10.0
-53201.94392606025,10.0
-29942.128946401517,9.0
-30556.25427625819,10.0
-51676.66828752654,12.0
-52111.579731530815,9.0
-40090.02587338543,10.0
-34461.404835048175,12.0
-55853.21686227713,10.0
-57655.91936940263,12.0
-48354.18772765713,9.0
-31105.235200195646,9.0
-41881.93890006302,10.0
-29753.00657260572,10.0
-41152.79781789863,10.0
-38674.28675553589,12.0
-50138.39344898485,12.0
-56595.75025906158,10.0
-33619.18909215076,9.0
-36932.41081847494,10.0
-41029.05699915185,12.0
-50876.91897826522,9.0
-37493.86102179291,9.0
-35450.03878634219,12.0
-54669.93553797045,8.0
-52183.41276791453,10.0
-48297.60042766724,9.0
-39756.13207718726,10.0
-33760.55149005307,8.0
-52570.38094678481,10.0
-48802.052385430696,8.0
-49193.2276145971,8.0
-41073.37170535291,10.0
-58216.25364628367,10.0
-59073.72689906877,12.0
-55215.98894915597,8.0
-29183.134030933314,9.0
-28350.5892605053,10.0
-58390.382803185355,10.0
-57446.41025842368,12.0
-41748.26486814901,9.0
-59854.1759573076,10.0
-35149.17316142356,10.0
-35032.27760662092,9.0
-58956.10656515131,12.0
-37622.96231301926,12.0
-36400.93010958822,9.0
-60533.81341798986,12.0
-55460.04934945794,12.0
-37005.048180820915,8.0
-59419.69954156137,10.0
-57325.5798580024,12.0
-48560.62247587879,9.0
-56483.949030776144,9.0
-56104.275754948096,9.0
-51879.360056234684,10.0
-38850.11398660107,10.0
-32134.777414735745,9.0
-32648.117751425685,9.0
-54570.973498557185,12.0
-37220.292286347416,12.0
-39305.82873534781,12.0
-34234.75864411967,10.0
-42299.11616941657,10.0
-31538.07811056063,10.0
-48284.24866299775,12.0
-28628.211690908443,10.0
-55354.90708961708,9.0
-29682.396357282123,9.0
-59894.263120871066,12.0
-41802.02132336491,10.0
-39395.755399484064,10.0
-51682.40421623904,8.0
-39195.79213753606,10.0
-64593.610803946554,12.0
-29013.17055197639,9.0
-48675.27325322958,9.0
-30116.293170406057,12.0
-34284.69673237336,10.0
-31058.156262932767,10.0
-49528.25544174059,9.0
-57687.3064886083,10.0
-52724.159729628314,10.0
-32378.93176927274,9.0
-46404.245961111614,9.0
-54454.73076864178,10.0
-29060.55433434672,10.0
-50665.71999612501,12.0
-45561.02861964634,12.0
-51283.34404523562,10.0
-34972.57138307789,10.0
-55209.85104403054,10.0
-41420.5126447303,9.0
-62677.57216902172,10.0
-49455.610189040075,9.0
-40507.565925930925,8.0
-57703.16818708489,12.0
-28810.393851991954,10.0
-54152.040806277204,9.0
-52165.701477497045,12.0
-36301.85340763431,9.0
-41862.45802904496,12.0
-28868.31504901658,10.0
-54776.41346225784,10.0
-51561.02308944946,8.0
-65020.82943799933,12.0
-31556.895155929546,10.0
-39132.449971257345,10.0
-39077.17680862185,10.0
-52866.704738862085,9.0
-33138.22286104072,10.0
-52193.18949226114,10.0
-45200.58273384634,9.0
-44481.587378391414,10.0
-40297.325315598864,9.0
-59404.512301514915,9.0
-34984.77029036806,9.0
-48731.13033458967,10.0
-57127.53380219216,10.0
-29653.543107117548,8.0
-59737.45444779192,10.0
-56161.574152686764,10.0
-53416.098075965216,12.0
-32661.08406754204,10.0
-42563.05868414311,12.0
-29674.797933494996,9.0
-52499.41032738375,10.0
-30111.93512879882,12.0
-39139.27636730787,10.0
-28576.216574013146,10.0
-40692.204421189286,9.0
-61545.14214527288,12.0
-54151.133788128296,9.0
-27852.19108189805,10.0
-57663.49215564182,9.0
-55946.646008704854,10.0
-36083.61316121715,10.0
-54189.90418495577,9.0
-47861.75158989274,12.0
-38293.933793394055,8.0
-49908.28936409572,10.0
-34959.2562402434,9.0
-32564.94761442428,9.0
-36188.951747833984,8.0
-57561.01784710551,12.0
-41485.11652055773,12.0
-39820.76942851987,9.0
-33877.73092747304,10.0
-59966.866954285855,12.0
-31854.32469298816,8.0
-40447.44873012317,10.0
-43926.68229658338,10.0
-59237.7984311986,9.0
-29299.297444065414,9.0
-48678.774452990045,8.0
-65713.03426974968,12.0
-41141.11824633867,10.0
-46151.697107098356,9.0
-32042.623884837216,9.0
-65853.63972386142,12.0
-58228.454280000755,10.0
-57670.377057911785,10.0
-57942.18950927739,12.0
-45814.00730741308,12.0
-63548.799264303096,12.0
-44304.24398012269,10.0
-36579.70160290679,10.0
-50004.80363278944,9.0
-56700.633880172216,10.0
-43011.738593232665,12.0
-61993.710757118424,10.0
-61263.2646572588,10.0
-53805.52473019005,12.0
-56748.73933524261,12.0
-64962.04355477814,12.0
-48918.02269961499,9.0
-50930.943398344665,9.0
-38669.69796008411,8.0
-39000.411908249735,9.0
-56361.49811066569,8.0
-59055.378391459875,9.0
-56797.032088940105,12.0
-39133.83542401569,9.0
-56236.9000254605,10.0
-48442.961542343626,9.0
-40063.81084959608,8.0
-58564.797002597916,12.0
-39426.088182413754,8.0
-29186.35176610014,8.0
-31534.73435449472,9.0
-59813.05007501897,12.0
-50931.24269907899,9.0
-51429.6920105468,10.0
-43523.7570057845,10.0
-50836.38136026591,9.0
-39333.56307924472,9.0
-54545.250551564066,12.0
-52647.70667202153,9.0
-27846.087444970024,10.0
-42662.518354232714,9.0
-55580.5808464342,10.0
-57728.13455369437,10.0
-51580.618605477845,12.0
-53952.95956026613,12.0
-40557.56087663267,9.0
-50470.71269039425,12.0
-62653.28052207868,12.0
-29122.159547288575,9.0
-57703.516670078694,10.0
-37578.87988963674,9.0
-54595.19748801857,9.0
-52003.5024880347,12.0
-36535.14448269102,10.0
-34442.020414894294,8.0
-36108.09917587899,10.0
-53732.85515654973,12.0
-53537.29053625587,10.0
-39177.220911888086,10.0
-29326.119960446704,12.0
-29451.44734426978,12.0
-57523.4418282023,12.0
-49340.77804004309,12.0
-43676.812639168376,10.0
-32220.329850403286,9.0
-51942.60859322939,10.0
-36876.02310078268,10.0
-29769.60626762645,9.0
-36351.35001620636,9.0
-47877.53474166594,10.0
-51475.840217642064,10.0
-30449.772505809,10.0
-54812.64740180345,10.0
-45432.640719542076,9.0
-42691.004423912455,10.0
-39873.46284310664,10.0
-61040.28816988338,10.0
-51003.151059760865,10.0
-40664.22638937931,10.0
-55272.79522028095,10.0
-40737.01437633457,10.0
-57634.53052100329,9.0
-41038.67486906937,9.0
-62956.28681050132,12.0
-41745.09625864761,10.0
-38770.79936866026,10.0
-53551.0156616783,10.0
-36840.34920621694,8.0
-41832.396284227805,10.0
-59464.17191321598,12.0
-33025.589945106396,10.0
-44093.25515535954,9.0
-28688.606889853636,10.0
-60631.76230673351,10.0
-54691.22719921183,9.0
-59251.5238675522,10.0
-37847.1869657372,12.0
-48204.88560086146,12.0
-29836.510106105146,8.0
-39116.506300022666,10.0
-35727.09628887167,8.0
-28766.407666632753,9.0
-56085.934376231526,10.0
-45712.77999646695,10.0
-60330.158014670196,10.0
-56554.038000879904,9.0
-33999.14163338424,12.0
-61779.884849909344,10.0
-29185.567312369472,8.0
-35160.51986761746,10.0
-62715.09243199903,12.0
-61381.54196328881,12.0
-37302.76538796005,8.0
-47353.50817893863,10.0
-32952.84721012943,8.0
-53728.40914723743,10.0
-28301.300132863435,9.0
-51876.19718731187,10.0
-52103.9719261248,10.0
-32858.08730975832,10.0
-58030.10316182613,12.0
-44138.95338322399,12.0
-54004.752083387255,9.0
-57915.39074854646,12.0
-41346.45265178012,10.0
-40933.095369207454,10.0
-35409.02579788398,8.0
-30544.627893379326,9.0
-63475.08250721233,10.0
-57321.16515669577,12.0
-29662.709886478926,10.0
-29973.2014541034,12.0
-34922.0295362211,10.0
-31351.570357984754,10.0
-56375.81649447713,10.0
-56284.42866014069,9.0
-47833.55082976233,9.0
-59165.09124644716,10.0
-37535.295463569106,10.0
-39508.845994749005,10.0
-28255.985340737723,10.0
-39464.26358578562,8.0
-56180.24850251155,8.0
-56755.53719388055,10.0
-34317.628377629866,10.0
-54215.633480872246,10.0
-30390.98256012905,10.0
-45024.93380642369,9.0
-52247.80764497373,12.0
-58535.538282911926,12.0
-46041.59319219131,9.0
-41902.178059546335,10.0
-43340.06006477992,12.0
-40644.86849624869,10.0
-37341.51360884956,8.0
-32191.0612085689,9.0
-34679.21763538735,12.0
-43539.03869619511,10.0
-56291.08818156744,12.0
-40913.685589141736,12.0
-37919.04798319389,10.0
-43506.175489326284,12.0
-50179.04905887933,8.0
-32070.03523679269,12.0
-59837.002441493336,12.0
-40903.32437247319,10.0
-31586.129674380754,9.0
-51749.3835039595,10.0
-38953.54325868354,9.0
-32167.13027311274,9.0
-48474.73100894889,9.0
-34146.083503123155,8.0
-36635.17268431918,9.0
-29937.638627016953,10.0
-32581.65247070181,8.0
-27778.749032189608,10.0
-63400.84765761669,12.0
-34232.30202074103,10.0
-28291.919406769055,10.0
-29249.643615254652,9.0
-40671.998501214504,9.0
-63587.267269463795,12.0
-56996.33800954568,10.0
-29459.744652005604,12.0
-31591.273941634106,10.0
-55531.33436919666,12.0
-36388.782207943754,9.0
-28672.750863661222,10.0
-50606.66300796681,9.0
-53038.620654522274,12.0
-38437.3601113464,9.0
-37618.474367697825,10.0
-34325.4129139588,12.0
-54519.95918618521,10.0
-62042.115442758084,12.0
-53363.37630308331,9.0
-55942.61445810576,10.0
-37026.635567457895,8.0
-44175.6243276864,10.0
-46620.49052376394,10.0
-58847.52273230966,12.0
-45035.25550127721,10.0
-56179.94076575343,12.0
-53081.686062275236,10.0
-34405.677680141365,10.0
-29631.237798267524,10.0
-31902.946176660094,8.0
-52403.850970181426,9.0
-47484.75782438003,10.0
-42941.71144137147,10.0
-43129.087762618496,9.0
-57871.680323443805,12.0
-55035.674727462916,10.0
-49083.26313112449,10.0
-50968.29972149138,9.0
-57982.544417895224,10.0
-40195.70832219137,10.0
-55809.074156936105,10.0
-60714.592979118446,10.0
-41123.61559225478,10.0
-60125.32263239134,12.0
-41137.64693800414,9.0
-58655.23461840738,10.0
-40016.04432707902,9.0
-48409.00475769924,8.0
-37695.28050938895,10.0
-51615.02509721738,10.0
-39321.198660625145,9.0
-60334.042024507675,12.0
-33720.57181427698,9.0
-31765.042530825915,9.0
-41141.48527275459,9.0
-49124.46613774805,9.0
-35704.55621423626,10.0
-36446.145943561445,9.0
-39734.493239855954,9.0
-57525.600594605465,9.0
-60663.130954015665,10.0
-36904.22038343265,12.0
-32878.623453222084,12.0
-40280.212752657266,10.0
-53948.153533993995,10.0
-38240.818408858526,10.0
-33108.73595270779,9.0
-36052.158511163194,8.0
-56650.47857928982,12.0
-52468.329067858765,12.0
-41213.51631552881,12.0
-35657.884942602876,9.0
-44828.95005631568,10.0
-29606.04314914992,10.0
-65966.91618269548,12.0
-54894.947990268905,10.0
-35869.12247742946,10.0
-36273.42207935295,10.0
-59412.449585995964,12.0
-44372.003077127,12.0
-61448.30999928792,10.0
-44840.07127845946,10.0
-48535.33281848639,8.0
-42201.085890311326,8.0
-39265.99420019787,9.0
-50547.85668841259,10.0
-47558.94339989732,10.0
-41547.02637949519,10.0
-56252.60630386129,10.0
-55250.93506572713,10.0
-53102.16718578562,12.0
-34770.54573355148,10.0
-37641.55712294707,10.0
-59282.79483826924,9.0
-52040.21566291238,8.0
-29783.521159356467,8.0
-54134.383674167635,12.0
-49998.57954271053,12.0
-31450.24835022441,10.0
-41957.742774891034,10.0
-41753.258465477804,9.0
-64300.792141470214,12.0
-43499.52171961323,10.0
-43069.30918138493,8.0
-63534.77441290281,10.0
-52757.72636667278,9.0
-40595.45909411668,10.0
-37668.78742348961,9.0
-58325.05912579001,10.0
-60380.30987251042,10.0
-56885.50186754615,12.0
-28017.962546848128,10.0
-38575.40015783414,9.0
-30571.168817009813,8.0
-39440.45854836634,9.0
-40578.18499273085,8.0
-29556.394903235585,9.0
-39904.32524740993,12.0
-54566.05427752189,9.0
-53183.91538950607,9.0
-28946.036987549516,12.0
-39798.783899854054,9.0
-34095.25990230359,9.0
-53991.984505069566,10.0
-50294.68230142549,9.0
-50717.60865140511,10.0
-40532.30998375187,12.0
-42963.26552820625,10.0
-41908.14305287863,12.0
-47351.17555953344,12.0
-56808.81333768634,10.0
-39025.9717791864,9.0
-47391.79509967775,10.0
-36211.49965374966,12.0
-41996.97453026156,10.0
-52790.87998306539,8.0
-60279.93425559759,10.0
-37686.56352934158,10.0
-61834.96225059073,10.0
-61928.91559988214,12.0
-43305.92457819282,8.0
-55660.489279375295,12.0
-52060.10658486295,12.0
-41787.87313866277,12.0
-45889.585890569244,9.0
-43232.080473651426,10.0
-65514.434772507724,12.0
-36403.68560609088,9.0
-41892.45574457088,10.0
-41705.767451261374,10.0
-35625.032590175586,8.0
-62494.89642466516,12.0
-39369.986771288706,9.0
-30626.490593212977,10.0
-34369.43998869687,10.0
-62682.24468966034,10.0
-43366.668136423075,10.0
-40094.19162599146,9.0
-42796.8534276889,10.0
-42633.514795174415,10.0
-41340.325084022625,12.0
-42895.46588675992,10.0
-30436.31211578288,10.0
-53728.72771444818,10.0
-39108.04283071989,8.0
-32008.853490035242,9.0
-55832.45792449587,12.0
-58495.437768553806,12.0
-43415.74704166141,10.0
-30229.265304109274,8.0
-40524.77676168972,9.0
-56244.90264431003,12.0
-37124.02794173207,9.0
-43032.37421757333,9.0
-42590.69969634405,12.0
-52038.27046866701,12.0
-43754.03867926332,12.0
-29662.620577816353,8.0
-29104.627650011127,8.0
-49515.04704944146,10.0
-37080.695989685904,9.0
-56176.41232080493,10.0
-46293.99643500223,12.0
-50686.37639157323,10.0
-31171.81642138052,8.0
-38059.63416732845,10.0
-28808.36813781497,10.0
-42938.84569122884,12.0
-36135.631085314184,10.0
-55501.609264214014,10.0
-39818.31190698533,10.0
-57145.84132708908,12.0
-52739.75158207606,12.0
-49110.450701231166,10.0
-38749.96710496751,8.0
-39961.08083496414,10.0
-43542.52808841625,12.0
-30690.976722672796,10.0
-34400.75593433932,9.0
-61458.912993906386,12.0
-30850.262057880187,10.0
-61876.8167985207,12.0
-30525.31606036777,9.0
-42758.36868578043,10.0
-51382.887085537965,10.0
-41481.107600678406,12.0
-45540.906697932965,10.0
-28682.274434027095,10.0
-36143.28845598921,9.0
-40166.017906194946,10.0
-59593.318003486,12.0
-59124.79066006467,10.0
-32940.256122240186,9.0
-38389.221215666796,10.0
-43383.70044333949,10.0
-28969.07601158134,9.0
-37376.64434492395,8.0
-42026.86317948615,10.0
-42691.99409422098,10.0
-58056.71036473548,9.0
-39560.649312729096,10.0
-29039.729456023495,8.0
-36506.61021284284,10.0
-39438.3079643998,10.0
-32715.533433455177,10.0
-57408.03532858206,10.0
-38666.09459586178,9.0
-36935.21247973796,10.0
-29192.239171224057,10.0
-58850.45633120503,12.0
-57389.011882004816,9.0
-32818.9766762294,8.0
-47135.82782036155,10.0
-38002.94974169915,12.0
-30131.700294442744,10.0
-28790.97590321702,10.0
-39739.30106236115,8.0
-31253.97230111337,8.0
-54518.82407220993,12.0
-40125.235517922614,10.0
-40230.83019237671,10.0
-55723.55463495644,12.0
-53821.18909275842,10.0
-53032.22714205933,10.0
-49868.85190441822,9.0
-39377.47318421783,10.0
-58736.513163283395,9.0
-37955.9160181326,10.0
-32587.783082658094,10.0
-34579.178629697366,8.0
-64385.25780332836,12.0
-41868.748850382486,12.0
-43905.953908859505,9.0
-33360.227172101964,12.0
-47775.606286741524,9.0
-30740.46555069858,9.0
-51988.53736539099,8.0
-57645.176767513825,12.0
-52983.13226667304,9.0
-36744.8075153652,10.0
-29480.215347795685,10.0
-46216.524659073766,9.0
-60906.1453932395,10.0
-59593.30972055455,12.0
-38292.54575863433,10.0
-49800.81312851772,12.0
-43340.565569062586,9.0
-55724.90872330865,9.0
-47370.09628726966,8.0
-55260.97009982375,9.0
-28587.278771601574,9.0
-56576.56010017884,12.0
-51159.92332056812,10.0
-28254.68285350588,10.0
-45869.93730389897,9.0
-49502.575521405866,10.0
-41434.97592087175,9.0
-33160.38746420451,10.0
-38723.232642392875,10.0
-29090.144813394956,10.0
-42446.05687791747,8.0
-56759.07768550092,12.0
-58551.662664612115,10.0
-59292.6318625158,9.0
-49571.55376224745,8.0
-55600.99935306517,12.0
-56843.07041222404,10.0
-53364.490363280594,10.0
-38528.164562583894,9.0
-41959.380931424224,9.0
-52830.63824550332,9.0
-29693.702204272777,8.0
-57440.29549050113,10.0
-30496.117317315875,8.0
-47211.116681287844,8.0
-42982.15274626618,8.0
-40842.200923726385,10.0
-33440.85425943435,10.0
-52971.93534113877,9.0
-40244.89545959068,10.0
-43087.027024068535,10.0
-49055.79902630869,9.0
-59757.89151947493,12.0
-41237.97761612485,10.0
-59049.85003082452,10.0
-43573.64619582511,12.0
-34416.123348400724,12.0
-53234.42477760993,12.0
-40932.69019817296,9.0
-40194.666615198366,10.0
-48737.48745111974,9.0
-47546.83768013791,9.0
-29189.552863646735,9.0
-32083.753372091356,9.0
-31179.346181287332,9.0
-30848.278416745656,10.0
-42629.90169430527,10.0
-54904.79188995871,12.0
-34922.87323512319,12.0
-47028.20608047188,10.0
-47618.86282724008,10.0
-52987.44640781105,10.0
-52899.384564315726,10.0
-40707.92690351518,10.0
-31571.381480792945,10.0
-31074.912502929557,10.0
-32371.944238844066,9.0
-37690.10002171217,9.0
-38258.41191642203,10.0
-30152.69464233433,8.0
-34792.925368561504,9.0
-35291.49245717666,9.0
-33020.34589594204,12.0
-50261.461516297844,10.0
-52658.93064003216,10.0
-42140.506953827724,9.0
-49659.85065371989,8.0
-61824.638181372226,12.0
-43511.019122886704,12.0
-57649.46113747637,12.0
-60596.06975598323,10.0
-42014.719988465105,9.0
-35966.694639134395,10.0
-54950.18502022243,10.0
-46004.53916866401,9.0
-56315.67931339328,12.0
-61625.43107960376,10.0
-38147.84372945993,10.0
-59943.61437209974,12.0
-54399.66550258216,9.0
-37605.84838426489,10.0
-55178.578857289904,12.0
-28806.26530092214,12.0
-42533.28940282364,10.0
-40193.77377263422,9.0
-39839.12491662291,8.0
-40386.25243272324,10.0
-31717.7546460806,10.0
-32648.273707119697,10.0
-39335.176848935014,8.0
-40386.06525847975,10.0
-29544.836332180672,9.0
-36447.37535214962,9.0
-34405.76181969154,9.0
-47988.950852664246,10.0
-50389.511833431985,9.0
-48425.64840224954,10.0
-50391.682850956204,12.0
-44678.640466397985,9.0
-43931.34463196791,10.0
-34829.599814735135,10.0
-53305.48810843015,9.0
-38525.731410725,10.0
-61250.88512035807,10.0
-30117.28656190837,10.0
-43768.04236985408,12.0
-52754.58059280019,10.0
-39611.27079482015,10.0
-39243.327424849806,9.0
-45242.453503802346,12.0
-50627.773919350715,10.0
-59439.14571834024,12.0
-58084.14970641483,10.0
-56424.57726182211,10.0
-54683.72662485909,12.0
-59598.5167053087,10.0
-55002.22010126275,9.0
-37208.06244333289,9.0
-43838.66360393797,9.0
-58647.23190305127,10.0
-54515.16444407108,9.0
-57551.51522992664,10.0
-53087.75362471016,12.0
-31695.213283985184,8.0
-37781.35682459061,10.0
-31160.900641989043,9.0
-49753.747125556416,10.0
-28677.00271993452,10.0
-33997.42473945055,10.0
-50966.53921691487,8.0
-30838.03332277602,9.0
-34902.31881013976,8.0
-53881.43351162191,9.0
-50208.42399419821,10.0
-44922.756728186316,8.0
-54920.49918134906,10.0
-28510.89728251662,10.0
-59200.19355724498,10.0
-59299.88124860228,12.0
-38902.834004660865,9.0
-28982.911230839098,8.0
-62876.32933863387,10.0
-36588.281022107156,8.0
-40872.229118069066,8.0
-44144.48791981903,12.0
-29428.041331209533,12.0
-30534.094172348854,12.0
-37741.081434447406,10.0
-59230.12290784493,10.0
-59218.95547857435,12.0
-53232.13254669579,10.0
-56980.93650464398,12.0
-29031.856335431854,9.0
-39883.592925373356,10.0
-38739.98246045457,12.0
-58915.71251668404,12.0
-41881.56620796895,9.0
-30823.50030134384,10.0
-38297.49313515894,8.0
-62905.03652328609,12.0
-48148.605368355384,10.0
-31126.232320019233,10.0
-35380.69440503667,9.0
-37579.500623955704,8.0
-56959.57765254346,9.0
-41537.411984024875,9.0
-47980.01987396903,9.0
-55492.70244929469,12.0
-49942.09278540867,8.0
-54698.416586471314,12.0
-50357.78959498495,8.0
-37107.04053126181,10.0
-47038.967237447774,9.0
-56481.09961962218,12.0
-39987.85310383391,9.0
-52685.36307137371,9.0
-43688.14293334177,12.0
-61537.89694739091,12.0
-55284.17237510334,12.0
-54224.37491608927,9.0
-55377.26726552566,10.0
-51294.28898989476,10.0
-42885.13273584359,10.0
-57301.527216222465,10.0
-29044.500688079148,9.0
-39677.14565531465,9.0
-38623.21120516576,9.0
-29747.95886479488,8.0
-59424.991975065364,10.0
-47926.3752520486,10.0
-41237.060042112964,9.0
-52725.17802843073,10.0
-30250.38457877904,9.0
-41645.477142334785,10.0
-28915.992148493642,10.0
-57051.973734552506,12.0
-54265.40629698101,12.0
-60337.28851231435,12.0
-41251.72004042425,10.0
-48551.78188645802,12.0
-40192.87862619669,10.0
-53566.26273908254,9.0
-33319.7274754226,12.0
-44725.637515956696,10.0
-54539.55813864303,10.0
-58441.3485023245,10.0
-28419.83272165221,10.0
-60091.7774526934,12.0
-38981.09497940103,8.0
-42961.25523983095,9.0
-41156.318588345865,12.0
-40900.84894195269,8.0
-29900.39750420111,9.0
-48797.018269594846,12.0
-47564.46197581071,10.0
-43878.86827819458,10.0
-31152.21358549859,9.0
-40609.1972091376,12.0
-34662.013560810694,10.0
-40429.833245084075,12.0
-28858.968406519813,10.0
-30987.166317716135,8.0
-33887.90352495226,9.0
-51223.1577878601,10.0
-38814.688618070686,10.0
-38308.59874174511,10.0
-45172.956821525135,12.0
-57555.836885207085,10.0
-59166.363614578826,10.0
-42121.981630977214,9.0
-41072.78004820082,12.0
-35817.006357647704,12.0
-28415.60549049035,10.0
-31828.71795726446,8.0
-29688.812217869323,9.0
-58006.33224459841,12.0
-40596.64632192727,8.0
-36765.50180146362,10.0
-55719.24797415513,10.0
-32257.05832498116,10.0
-30125.006621686807,10.0
-36806.69650260543,10.0
-62036.14542376779,12.0
-56823.487515178225,10.0
-61405.29792729285,10.0
-34316.434073144585,9.0
-47722.79586950362,10.0
-33092.318401768185,10.0
-40474.36998299275,9.0
-30713.58467805949,10.0
-34516.35367704232,9.0
-40098.07831333374,12.0
-31493.255996569045,10.0
-37529.1970007483,8.0
-40693.214519940986,10.0
-36175.405046152955,12.0
-31930.2363226789,8.0
-41535.65895098603,9.0
-50464.0963785349,9.0
-58714.64993522006,10.0
-43891.24062212535,9.0
-40693.50182594746,12.0
-53738.396478413924,10.0
-63621.28844244416,10.0
-44887.033484489715,10.0
-40975.057582723035,10.0
-63999.54613432253,12.0
-29854.77901286012,8.0
-58522.53995986053,12.0
-32374.763159154143,8.0
-28882.399689875012,10.0
-59385.73543358408,12.0
-56890.14028116768,10.0
-35792.44480326915,9.0
-55398.4738092673,12.0
-57228.093960842496,12.0
-50853.52156668449,12.0
-60755.95703802002,12.0
-31536.73774465437,10.0
-59961.27175340096,10.0
-41044.251640263436,9.0
-53832.27632230647,10.0
-44118.18972309639,8.0
-30462.3473797138,9.0
-45842.752228329475,10.0
-55244.56648556282,10.0
-64487.72995230707,12.0
-34253.6163909834,10.0
-50599.92226115431,9.0
-61825.10029055851,12.0
-59927.436949386596,10.0
-40438.50956595246,8.0
-65248.91293581569,12.0
-41649.232599482464,9.0
-54285.43331516459,10.0
-41309.543931054286,10.0
-50615.70274057805,12.0
-40535.70899772728,10.0
-51692.510555510606,9.0
-52411.97971502393,12.0
-36600.81733238408,9.0
-38137.81138465155,10.0
-54610.308835699456,9.0
-31121.800784870444,12.0
-31507.445542945323,9.0
-58774.57765269704,10.0
-49066.39662406268,10.0
-34370.02908123142,9.0
-59629.42554156032,10.0
-56064.616903257614,10.0
-45205.63822016366,12.0
-40592.01535877769,12.0
-45888.777510633634,9.0
-47998.12938585985,10.0
-42117.946284759266,12.0
-38264.17186642873,10.0
-58318.32621545391,12.0
-41638.17578872671,10.0
-52354.52282586336,12.0
-39622.740906808714,9.0
-39994.1022362092,9.0
-66004.05586840131,12.0
-39480.25494240537,9.0
-28379.257742966212,10.0
-54590.892035901765,10.0
-32662.933571197747,10.0
-38439.119475323045,10.0
-52109.32825182822,12.0
-48784.663616147074,10.0
-64483.000262761954,12.0
-55362.27264118985,10.0
-38277.932685431544,9.0
-38340.430328492956,8.0
-50224.521949266324,12.0
-43158.12789375806,9.0
-40454.38655870703,12.0
-46323.71741103132,9.0
-58683.14807946133,10.0
-39604.088568361374,9.0
-55599.74894201857,10.0
-58790.48981657927,10.0
-30709.592358883987,8.0
-54434.49602431337,10.0
-33730.68807745023,12.0
