sal_7_lc1vs0_iate,age
5953.581473813945,34.0
8464.159484895521,44.0
6955.343047811723,42.0
-2020.5311061799885,47.0
10542.252531732,46.0
586.1306613070965,48.0
4807.944093878533,37.0
7682.542326626743,44.0
1447.4128988806017,45.0
3889.160303714729,35.0
-13394.278717608086,34.0
8937.64384238371,46.0
9798.9676748307,49.0
5767.038233563757,49.0
9222.468931014644,47.0
12962.039103616271,46.0
4298.5463141792625,38.0
-6621.019697649848,41.0
133.68620445255715,48.0
-3060.6652236598966,30.0
-10470.3889259688,35.0
5694.045952312681,42.0
-7517.611412784086,40.0
11040.959300204564,38.0
11872.050341251706,46.0
10152.859535544063,45.0
-7127.51135072515,34.0
-11020.03432546015,34.0
5034.745716134099,40.0
-10578.027809877753,37.0
9021.633432821927,47.0
8406.276128862879,33.0
278.7666532655526,41.0
8026.213406079296,48.0
6758.007200695989,40.0
-1742.209419884818,46.0
8594.167566480071,45.0
8082.334098990295,41.0
-10557.429991132149,37.0
6943.1991704994,49.0
9244.221824454078,50.0
11191.362756678776,38.0
6735.6623951581105,44.0
7358.825751417266,43.0
5162.883729185538,48.0
8336.795607308963,36.0
2286.228662823156,37.0
9865.436773882439,41.0
5945.286422769877,45.0
9483.486279094846,36.0
5602.926294863124,46.0
278.7240398223548,50.0
-3430.044723143349,48.0
11411.257030759025,40.0
-13931.246226538722,33.0
2317.367408828821,31.0
-13012.412826655102,34.0
6456.48340913016,39.0
8592.023239682687,45.0
9119.19420782378,36.0
-3219.7497230973604,38.0
2397.4886960786343,33.0
12706.676142674845,50.0
8538.243984216904,45.0
-5304.003869083626,47.0
6508.104397677313,45.0
-3988.5053650855625,33.0
1615.289563760261,31.0
4415.370816577562,47.0
8835.536156199287,43.0
-12044.882760781256,34.0
-10803.47538115505,35.0
9145.399011089048,41.0
-2099.758615756404,40.0
10908.435183384003,42.0
9230.276218078732,42.0
8265.641815684607,49.0
305.3775326601144,46.0
-1121.5174551132998,37.0
-14952.841476965112,31.0
8888.239247329333,48.0
7487.5230673655005,32.0
4515.458127579724,31.0
8050.305828954644,41.0
5618.28913955684,49.0
6956.717943621493,49.0
6583.677596505942,36.0
-620.8995594502067,44.0
-11346.419775309852,33.0
3724.396124565168,32.0
-9060.665961038301,30.0
-46.94769175680631,47.0
11725.2630929413,48.0
6737.310521582071,45.0
5973.998567087954,35.0
-16592.64174168892,32.0
7158.139647361583,32.0
-4138.537774801963,46.0
3321.413222094924,40.0
3018.140407082692,31.0
4475.890759536211,36.0
11147.871202982484,34.0
1441.9820689004682,50.0
6551.4836993799645,41.0
1620.2932177768216,36.0
10490.319074607369,35.0
-7935.27964374306,45.0
7556.40197964511,40.0
-5977.4594084478085,30.0
-1740.9561587619573,47.0
-5542.375007229215,48.0
1121.4808871324658,46.0
-6385.0161249033035,31.0
-6364.392670408337,40.0
-3489.575487743363,48.0
3742.4638845146133,31.0
3074.8483730289327,36.0
9979.366507432816,39.0
5533.110744655709,43.0
9823.65763616631,36.0
6577.993484535513,43.0
5862.389109399184,36.0
-12961.286293817773,32.0
-5472.733050946316,30.0
-11683.999950984786,35.0
5717.610708694823,34.0
-3715.9043121376853,44.0
9022.569713096254,49.0
7454.575807808329,48.0
7252.301254713005,46.0
1852.4210790244097,37.0
-6870.356304760773,37.0
8391.760362137902,49.0
6847.527707469282,34.0
6412.894216880855,43.0
8870.213662638742,35.0
7670.251758343303,45.0
-5976.995920697224,42.0
9822.331382048487,47.0
251.97204107390098,43.0
7838.198811300014,47.0
7607.586528126606,42.0
-10442.107289919993,37.0
5973.11448329485,35.0
8059.315437646961,38.0
7434.233084097896,39.0
-11164.433449379263,34.0
-13643.476062710737,31.0
-6236.0808879952,45.0
4556.775943447266,46.0
-5082.410795351803,42.0
-4846.802279973035,41.0
1733.2615248744528,30.0
7794.59885867859,49.0
-2882.255970064876,50.0
7618.4948519457785,33.0
7989.862394188701,48.0
10467.058148143095,45.0
-665.6656395489822,46.0
5703.648481241107,47.0
12897.941861335292,50.0
6198.907156404188,36.0
4765.629443735439,31.0
-417.3079182288584,43.0
4698.79089952637,48.0
8866.6447242677,33.0
4319.054381165927,39.0
-12724.567034007585,31.0
9073.126065666132,46.0
6161.213741594822,44.0
10039.369923039816,48.0
2388.7559046340807,35.0
12590.101266164138,42.0
7915.789277838119,45.0
7586.458692516231,36.0
6112.7044568915135,50.0
-3246.873196785536,38.0
7436.86198245816,35.0
703.6219076785464,38.0
4942.809989075662,48.0
9312.856971723111,40.0
-1877.3440380538282,46.0
9269.483474279728,46.0
5488.295282540343,32.0
3368.141989782863,40.0
-157.85511579302693,44.0
7678.5549381206665,40.0
7987.997339932556,50.0
12150.243029309466,47.0
-5377.862479842155,39.0
-2666.2370164057847,40.0
5897.910726446902,35.0
-983.7813141476354,47.0
-435.6543169783058,40.0
9032.780831628706,45.0
12690.01036607617,50.0
-3161.13287784013,43.0
2792.135797929848,38.0
11474.40249163262,40.0
3849.0873486862934,44.0
-33.2993331941625,41.0
5033.471644933825,50.0
-12814.20362043059,38.0
4952.291984991382,32.0
-975.4984867252482,44.0
-7818.983440139922,43.0
1073.732155643981,46.0
-1627.0950645948487,30.0
10549.055300465101,41.0
-11671.049231093994,36.0
-1513.303883634956,48.0
-3711.083264287315,50.0
-11486.903560378165,30.0
6820.446495544705,39.0
11085.172442372812,50.0
8102.193124863865,34.0
9983.07855014932,44.0
8145.27232339351,40.0
11237.604917969902,48.0
3784.9771056970712,47.0
6164.182327364422,43.0
7664.983426676239,47.0
7339.289991977109,37.0
-10032.291729821613,34.0
6046.107702014535,42.0
-15136.905156899262,33.0
-12016.715519705771,34.0
-6819.262764723642,37.0
6443.291826161219,42.0
7297.6835599206925,38.0
2972.6534686504583,31.0
2707.922473855322,35.0
11016.340880034395,42.0
5337.788655526585,48.0
5569.763627990016,32.0
11251.325332302411,47.0
10744.082084465108,47.0
10414.39946993928,49.0
-6719.743370047517,41.0
1970.1945264657452,41.0
912.1482763291096,32.0
5504.275060134469,44.0
8426.125526120217,45.0
10392.726722055162,42.0
8704.415982554914,47.0
786.161489690383,34.0
-7691.868719515124,33.0
11704.251946453953,46.0
-12849.708659802855,30.0
9269.828534457025,50.0
2024.9659557839987,32.0
2072.167295663786,34.0
10546.87479560508,48.0
11502.906357962334,42.0
1182.6891944627168,39.0
283.23127446729814,48.0
-8183.5060846956785,37.0
8028.8907312081155,44.0
4526.997643823543,38.0
-869.8815799882104,47.0
-16030.129981733882,30.0
-3826.4925544478374,31.0
-11739.449667170471,37.0
7379.321059343616,43.0
4872.1518152180415,48.0
6847.710896822449,35.0
8706.286975694995,39.0
9923.156444803362,49.0
6158.259852146217,33.0
5681.697387498235,50.0
2868.4418930407774,43.0
8160.41227959225,39.0
10468.972199131204,40.0
8634.542335349619,41.0
-6108.625639643728,33.0
-5767.328030864787,42.0
11447.335993607234,47.0
-3796.9803250047444,36.0
9126.051724486493,50.0
5454.962423220577,32.0
3117.46623257825,41.0
-7105.009475693956,42.0
5264.810563307543,42.0
-13878.046467968361,31.0
11184.756921115899,44.0
7499.452296136685,38.0
-4102.373916305107,38.0
-2074.594719764449,33.0
9980.53583765306,45.0
9956.314090222637,50.0
9748.253901439943,48.0
-4336.465077206722,45.0
12857.118131783636,41.0
5186.2520353828295,40.0
-3588.836399732122,37.0
-6869.794605623849,43.0
7809.923781150763,43.0
8017.7799156940855,42.0
8928.582403871806,46.0
5384.098792192547,40.0
-14328.816302822514,32.0
3395.7458162888984,39.0
-4054.521677738846,39.0
11972.392203988149,49.0
8824.226705858788,45.0
1392.1131525845024,43.0
-6836.625385076041,32.0
12815.626362682802,50.0
4603.759652614159,43.0
11137.46851062927,44.0
3347.0020642082313,34.0
5597.761187032154,47.0
-976.5103330180027,47.0
4321.624036601272,40.0
4896.717958899623,31.0
-1780.9312227885275,43.0
-1011.4006608170785,43.0
9710.127368571295,42.0
9255.198745084266,46.0
6407.38199014842,34.0
6844.057936545081,40.0
4868.902183356396,31.0
2989.161488457219,42.0
7166.465578621189,41.0
2105.5584005296214,30.0
-3640.5602625068727,48.0
4110.029727812433,33.0
-2376.3758054803416,40.0
-3115.595526794554,50.0
5578.840216913665,31.0
6810.831629478014,40.0
-4596.955273639778,44.0
-2441.3417808268932,44.0
-6069.508257592668,35.0
1356.3061970848094,33.0
500.0715824900599,32.0
-5431.907723663573,35.0
11448.829171371435,50.0
6536.355271963586,41.0
-1361.436062610881,42.0
-164.0034443002346,45.0
-7592.681172660799,49.0
24.205985887401766,35.0
9752.408698378702,48.0
10753.238894478744,50.0
5226.126128873807,40.0
-5128.623641084736,44.0
9531.353422204696,45.0
-2443.63740159563,39.0
5340.736615360541,35.0
7319.827003349001,43.0
7861.675753707017,45.0
8427.322789394486,46.0
8203.585965493223,49.0
-1015.4063636880333,37.0
1581.8968883639855,35.0
-4340.810347167542,34.0
-11720.550368353735,36.0
6836.574699158558,41.0
4166.520571579707,41.0
3344.7752286721343,31.0
-3749.157994175679,45.0
9596.30245790356,43.0
4938.221644263254,31.0
7338.351812089429,42.0
7713.987531317545,47.0
-9147.860000161882,32.0
11459.501117231168,40.0
13381.032374903873,41.0
6037.505750223849,36.0
971.7863163340285,46.0
-1213.3215932403182,41.0
-2343.0254141853657,50.0
7823.165123724006,45.0
3307.6416067129667,30.0
-6292.802965384386,39.0
5087.693956593156,49.0
9922.733386176813,45.0
202.27813877585504,50.0
5484.265828853124,43.0
5064.39445845852,42.0
3136.057961817525,39.0
7677.606656025298,43.0
7161.211567782222,44.0
-449.8180342854157,46.0
-1195.9143883793604,48.0
3814.136789810318,33.0
7558.104752524954,42.0
9425.617598515151,50.0
-13598.080140726846,38.0
1896.8561551063867,34.0
9666.024086142712,49.0
-12115.36385243587,36.0
-9579.490983329346,35.0
9757.314495150069,48.0
-11775.081839716579,35.0
10001.951536104858,45.0
6500.717148306064,31.0
-9290.985958243606,30.0
1757.4617490583396,33.0
10110.334468027906,44.0
8223.902573778032,48.0
2254.123629096888,35.0
8800.635271180701,30.0
8195.07768183326,42.0
1645.8497866159285,36.0
9065.374920899108,39.0
7177.210968355064,47.0
7025.344145700838,43.0
6080.138037486524,49.0
-11489.17506291425,31.0
-11932.770156060275,34.0
2007.226881592178,46.0
9439.287159856052,47.0
-4381.938870960141,42.0
3745.62750011122,39.0
-394.9591296078179,50.0
4660.2853182375,36.0
6209.569193924796,42.0
9077.473620784898,44.0
5478.435775733078,42.0
6450.208462246574,46.0
1389.7841149680553,34.0
6585.053236598684,48.0
9556.497182688376,46.0
1984.849426515052,37.0
8575.30459496809,49.0
8656.897305745926,38.0
7609.197509194666,40.0
4416.108448818033,30.0
4939.336708696734,35.0
6372.636184056308,47.0
-11670.190155578954,33.0
5629.244010340755,35.0
-3910.887417997993,41.0
9563.332322261318,42.0
10389.071550683113,37.0
-8614.342959654485,33.0
-6499.681077238739,33.0
-5676.001048518856,48.0
9437.398074061162,49.0
11106.250564773407,50.0
10810.439823767092,39.0
-4453.807533282637,41.0
9077.62059363223,45.0
5989.336738202515,42.0
9384.042448698572,32.0
4093.650124461634,32.0
8578.523244271444,42.0
5487.687905103842,39.0
7363.2014186674805,50.0
7589.808415195635,42.0
8427.406427672233,47.0
7482.644867516818,49.0
2115.0796398169514,35.0
6375.971284100282,30.0
-8322.077687520175,38.0
7125.602757180501,48.0
-12838.217143690032,33.0
-11149.325664163984,40.0
-2409.5803159742222,38.0
-1523.6597454729945,49.0
5209.882798968269,30.0
12223.043315336301,47.0
9270.665823295985,34.0
6120.880509993958,46.0
5153.977296752284,43.0
-2495.339789641465,50.0
4387.81197905986,43.0
-1970.893595455158,49.0
-5095.954503783698,45.0
5671.753559006853,33.0
6745.220074137815,43.0
9290.622879399109,31.0
-2549.538464294818,40.0
2426.541412708399,50.0
-5747.90526126155,31.0
10050.201226885687,46.0
6577.772474233707,37.0
8161.401508916399,50.0
8691.753030059072,42.0
-2487.0863400114995,45.0
7150.517924412503,50.0
5802.485792123916,50.0
3050.812846725926,50.0
-8089.1650463964625,37.0
520.1367068521076,49.0
10677.134084695555,47.0
8376.127332268114,46.0
-4590.256218141361,32.0
9508.444891974908,45.0
7794.859437016177,38.0
9806.16314098451,40.0
8244.540609645577,39.0
7633.499235135847,31.0
8496.760100867648,45.0
1226.7356601974843,38.0
7825.3515710802185,39.0
7882.375178332202,44.0
-6648.676121197105,43.0
6817.412163067769,42.0
5094.312999017541,47.0
7853.6922721946175,43.0
-2841.5943741106767,40.0
5303.542769849692,46.0
1723.1038585651559,36.0
9225.294373478197,46.0
5019.003477822307,35.0
8275.332799423373,40.0
-12396.12303141856,32.0
-6061.8509117720905,47.0
5864.983644850718,48.0
7337.340260808475,46.0
8891.765594575583,41.0
6481.5104869577035,32.0
10127.166921276601,47.0
290.3270977230095,49.0
-2005.0159176173993,45.0
13891.792458812391,46.0
-8166.042647611077,30.0
-15317.72110342309,32.0
-4443.534757476205,41.0
6449.084617467552,36.0
7286.162013250792,44.0
-2293.644644864104,46.0
-896.4298535599196,49.0
-6673.584874876495,34.0
4241.043724892973,33.0
-753.7911093294017,35.0
-9666.447895864572,37.0
-6218.81176212509,43.0
1257.1019001145323,34.0
5683.0959214780705,46.0
9335.68039492955,45.0
11517.801926301177,41.0
5359.616906668947,49.0
5618.229455076509,36.0
-4369.688082119463,48.0
-12253.25543428781,40.0
-11071.847022166836,33.0
1858.9646818769002,33.0
5117.148119149,36.0
6658.8706814205,44.0
-1945.0594094119806,39.0
3517.395808063491,38.0
-1036.3123740239425,46.0
-5029.582951068509,47.0
9866.344819865668,49.0
2669.2118843458084,32.0
-3291.1612887950373,38.0
12756.924203368057,45.0
-466.52387360691137,49.0
9352.759737278313,47.0
2696.884760974921,33.0
7409.4035890074665,42.0
-13180.000000737105,39.0
-10684.119773367953,36.0
-444.51634979147275,48.0
-4251.036654708456,45.0
4609.587244982674,44.0
9992.017989558008,46.0
8070.98168718164,49.0
-11098.444527313519,35.0
-1881.4935096894224,35.0
-13484.150605139002,35.0
5623.312439182348,33.0
5950.058371612627,35.0
-7.773383851967992,32.0
-4792.8544605357065,38.0
3960.0204934776793,30.0
6211.972598392292,37.0
-1424.0846296199516,41.0
3318.89038728746,48.0
-10460.351575520148,35.0
-6436.728424894161,42.0
-3008.406894914757,45.0
1905.7727739699276,49.0
-1091.9867479279928,32.0
6111.421357150812,34.0
-9694.799630130748,31.0
12.5231772081288,50.0
8820.288567325035,49.0
6688.765792782011,46.0
7518.1623316161695,49.0
-5429.596056256869,41.0
-7242.966443345926,39.0
-214.2456111611391,37.0
7932.76826519318,37.0
4505.737706705204,32.0
9521.258359648873,45.0
5724.321604138913,47.0
4971.235254330432,36.0
-13879.036355810762,30.0
7470.623004534898,41.0
2473.406612605452,36.0
6591.269659487124,44.0
984.765436132777,32.0
-7686.703017799224,32.0
2823.7097277243683,30.0
4623.827987983822,32.0
7328.724459888534,48.0
8458.46024145098,46.0
-3398.0599151866672,30.0
9466.084809553562,46.0
160.00142787224104,49.0
-3859.753408106451,47.0
12214.196949371497,40.0
7843.351744118017,37.0
6438.65211301397,38.0
-5460.699788852633,34.0
-4517.2215843659,33.0
-2264.500834944385,47.0
7223.35373484869,42.0
-12297.314602107175,34.0
2426.90123233582,43.0
4960.831020193331,40.0
11514.169496137296,50.0
6909.774977555913,41.0
-6798.602356097262,39.0
10944.156513940248,43.0
-1732.8814548894352,44.0
7887.954233684175,40.0
-2697.8565558407154,37.0
6238.278889154022,34.0
4328.154176885011,47.0
-12234.983804100453,37.0
-10190.818577625681,37.0
130.3244073049484,47.0
-2869.93507555139,41.0
10949.341080123286,44.0
1654.7082984063645,38.0
9633.69750142694,50.0
6411.880720209921,48.0
12065.183394724158,38.0
-9319.799210967172,40.0
10219.79940548119,45.0
1696.3999488240115,35.0
-4266.065893429174,45.0
-578.3739132271758,48.0
8988.655387328905,31.0
5493.6374179012055,31.0
-4469.974124780921,48.0
-4127.8817174183505,42.0
7858.058106773087,44.0
-2264.4620247743205,47.0
1632.5060177270716,33.0
-2471.2665964823454,40.0
7515.483412890961,46.0
9544.924299686572,48.0
5725.866791125936,30.0
3038.8246871132997,31.0
12418.725600689762,45.0
-14170.332649290556,35.0
10583.768100401148,35.0
5807.596065429954,34.0
13268.791910444812,46.0
-12342.39115366686,34.0
-7714.966086271739,38.0
-11424.855664141563,36.0
-6173.026789743097,38.0
5969.406803570853,39.0
4994.927509167316,40.0
9931.763328637368,44.0
3598.902243858298,32.0
4895.222876608681,50.0
-11803.61057010926,31.0
8731.509397537535,43.0
8606.658090923362,45.0
7048.953418077146,38.0
4722.393907317446,42.0
7689.677706455478,38.0
4265.287874434567,36.0
6167.627430010494,36.0
4476.647598445675,32.0
8084.2954858928,36.0
7388.805796713585,46.0
-1672.5827053380344,41.0
5172.2138733398115,36.0
2.290192780928919,49.0
3550.229897877043,33.0
11272.076294339799,47.0
-627.1011104807221,36.0
2398.5927209113142,32.0
6630.199106903452,44.0
8137.163093912575,46.0
6158.512050872265,40.0
-2992.01125466611,40.0
7186.104550952341,35.0
5876.127685613674,40.0
-3034.927023273014,46.0
7731.149303747895,44.0
10057.240072969233,47.0
9489.518505728396,42.0
8192.501331488002,48.0
7645.5647371129935,39.0
4610.196528925132,50.0
3301.4106647937615,36.0
8233.800346726446,36.0
5101.281024053268,39.0
290.422384441139,37.0
4260.044734493456,43.0
12444.1752552118,39.0
7960.9598834378685,39.0
3169.1284536989233,36.0
6647.746079006827,48.0
7119.79876242052,35.0
6511.796892278015,49.0
-6630.901356933449,33.0
-14872.19031483466,31.0
-3587.8262999805374,46.0
-5581.655438364559,41.0
-5086.484356368935,42.0
5560.336858964275,40.0
-6428.880577152469,42.0
-3228.617978475535,43.0
3175.8529073262116,44.0
-9623.971268034811,39.0
9730.427164373301,46.0
-8571.13100854391,39.0
-11096.529739785175,33.0
4060.454075917749,34.0
5168.076853508614,34.0
9613.999203296089,46.0
11288.720101804425,43.0
7745.629796496446,45.0
8602.792691419456,42.0
7138.677371867529,46.0
-1861.2884401416086,50.0
4505.817516966093,31.0
8874.332886832855,39.0
-6511.839679698667,39.0
10254.315475381161,37.0
6087.118078755302,31.0
-8874.20821194069,38.0
2596.231818807015,32.0
6138.937741354888,41.0
5656.488995580545,38.0
2872.712098954021,38.0
-2069.826994132356,49.0
5281.390075098245,46.0
357.8516618870708,45.0
-14025.813671217224,37.0
-5736.128220749197,47.0
8944.569442289609,40.0
7927.499487330042,42.0
8594.418301792888,40.0
-4606.5598120329605,34.0
1908.020480940595,36.0
4330.64690587092,31.0
6400.022356758151,50.0
7521.517755706494,47.0
-12590.939808526055,36.0
6742.338976784025,47.0
10403.620523634232,48.0
-1799.910200616546,41.0
7584.003421510996,45.0
-11854.553787742405,30.0
8746.396221787238,42.0
-1698.2359874019621,47.0
7913.446718385512,46.0
8359.987795577747,40.0
5720.363723309416,38.0
9753.497702523122,49.0
-4769.0662242516455,50.0
-3535.060049906268,40.0
6244.242364989884,31.0
12029.617430078875,50.0
11769.1659343367,41.0
4366.942967511637,40.0
8862.422182356924,46.0
-9541.518929253301,38.0
-2150.14897476527,44.0
-579.7906293622436,48.0
6570.183015628243,36.0
1457.8875426252084,31.0
4263.418372714512,49.0
-2639.475627722582,38.0
8467.789157022766,50.0
4819.804469168839,30.0
7346.64436778319,42.0
-3334.8137040039655,43.0
-7544.5203233727825,41.0
11462.734492339925,43.0
-10147.24079494271,31.0
8987.049580751482,50.0
4382.299563123182,39.0
9053.578789786166,40.0
6471.125149596581,37.0
11321.267398315773,41.0
5387.5715127979165,31.0
-1903.1193041869928,49.0
-174.35082363213746,44.0
-14819.883873191247,31.0
4216.43261329805,49.0
5958.871455649513,35.0
-11074.391867550898,34.0
1133.6052244881835,31.0
7923.981690272391,48.0
3459.6525847544717,40.0
4753.887351918868,43.0
-6424.11332869885,41.0
10031.408137905948,34.0
-2961.5639716507344,45.0
9434.081872593546,47.0
10922.846202575838,43.0
7336.401848954825,35.0
-10086.293944629013,35.0
4256.10302700206,36.0
2288.3400884004022,36.0
-1853.6343180534705,35.0
4903.549895578847,46.0
562.7459755609925,49.0
9759.529234017595,48.0
-6797.730119993414,42.0
3995.5132103709034,40.0
-10744.304564672108,39.0
9030.667460453873,48.0
-3093.0125084773044,44.0
10964.088408760295,43.0
1704.5683491416066,39.0
5135.318988704966,44.0
10281.822179695308,48.0
9305.71115229553,46.0
6279.165767833693,40.0
-1536.078199424308,39.0
-13316.102955729553,34.0
9262.876352072824,47.0
5900.9301359474575,44.0
-936.7810213755965,38.0
-3486.6264258941865,43.0
1035.4390661497778,31.0
8922.38658835523,49.0
7176.66164741873,48.0
7359.275108695892,39.0
5449.279573921405,48.0
-9087.13166483575,34.0
-9221.646016587481,37.0
9222.285297578044,45.0
2118.9684112449813,35.0
12346.091372008808,48.0
1443.8889786155814,35.0
5264.0764153373275,32.0
4428.5703319139,33.0
11825.79813294082,48.0
2994.438578620887,36.0
11051.82083983885,34.0
8076.456066366755,49.0
5153.212294033059,42.0
11620.220647183545,41.0
4322.533514961281,44.0
1305.1783091243233,35.0
-12679.07970050069,33.0
5938.555803374323,48.0
8608.5594243572,39.0
8443.056275769137,50.0
5518.553071534201,33.0
-3188.668994927743,50.0
-8979.252017432074,38.0
7966.379940254711,44.0
1360.689697887412,30.0
6683.532128071762,41.0
9491.72469232415,42.0
-12063.784186537298,34.0
-7488.135194456023,40.0
-5085.807658401343,45.0
-559.7558534261348,48.0
7375.868678577357,49.0
3383.4202959583836,47.0
12222.920342645268,48.0
-7161.578974881383,41.0
-4487.878630134317,38.0
-1437.057008987652,43.0
7324.204407449576,41.0
-10458.935910735028,36.0
-10242.320015473657,30.0
7302.975224236094,38.0
-12599.56868266847,31.0
-10203.353846518301,35.0
-13616.957065055456,33.0
8250.26788845178,32.0
-2326.234545870435,41.0
-8704.139768910529,34.0
8972.900396223391,47.0
3101.2290957694554,31.0
-11507.521595266791,34.0
2786.0831070426702,46.0
3334.2042189270232,38.0
1595.682968238024,40.0
5258.599546181522,36.0
6781.241999355148,32.0
7864.091804157142,46.0
-3351.9777098593577,32.0
3246.028203069749,37.0
7193.612698493219,50.0
10973.677984743767,41.0
-214.7274288894714,39.0
-1498.171362506966,49.0
3286.9307271824982,34.0
-11349.470035692098,31.0
10682.04766929182,45.0
-6362.697392366623,42.0
-5314.484703893828,34.0
8811.179004166539,41.0
9078.991406476176,44.0
152.160571011731,49.0
7186.861436431714,39.0
12423.883621206973,44.0
-1263.230807544518,46.0
5326.46838888345,41.0
-1726.6859657533896,45.0
11633.103967294828,45.0
-3692.5976317568875,37.0
4023.27793708603,32.0
7864.317762121779,44.0
7752.264668986116,37.0
6864.166200357509,43.0
5775.216069588048,34.0
3379.8703299534454,35.0
-8322.892621493742,36.0
-1696.5756785368249,45.0
-14720.30693405707,35.0
307.7659942763007,50.0
-4805.378619502393,44.0
-7597.926182596069,31.0
6945.347150817882,40.0
4915.783732398648,48.0
7736.678351049093,49.0
8503.772916782435,43.0
4529.428731707858,37.0
6209.307380651256,49.0
3971.357367865925,33.0
1648.842751543173,35.0
10022.183791801794,48.0
-4120.799660440939,44.0
2487.531448113309,33.0
11522.88686738938,44.0
-11659.188814565437,35.0
8220.033995329462,41.0
-8444.71843217313,32.0
4677.1089822298345,49.0
2053.742982377823,35.0
7254.033716422549,39.0
4051.680722936944,31.0
-15754.647252098692,34.0
7441.417421672708,40.0
4846.58245116887,33.0
5993.009226151766,32.0
10141.354910738017,50.0
8834.203935916188,47.0
10988.719382206167,44.0
-3621.074726107577,37.0
5754.9482001182105,41.0
4942.893678285518,38.0
-5536.9342030124535,43.0
-6897.111825958957,31.0
7951.050584947841,41.0
-629.1729621626455,48.0
8033.491022460107,43.0
8296.750932036928,44.0
7832.476287652582,44.0
8879.982047375814,48.0
-14699.60128712729,34.0
7214.364049606429,36.0
-439.57727836351523,50.0
1646.9023019626575,32.0
6728.266336803776,40.0
7646.397916372658,43.0
8515.20818628389,49.0
7272.65889288534,39.0
-3179.594891405727,43.0
2066.447829811599,34.0
-11592.936665715551,36.0
6516.828442848368,48.0
-9585.53400221891,34.0
3256.904971006634,32.0
1997.0207839369205,34.0
4609.389229067199,40.0
1637.983474089553,50.0
10032.702745337827,48.0
-9872.695778849902,31.0
8249.281328823472,50.0
3159.8085914486414,45.0
8649.830944188081,41.0
8538.097823692498,40.0
10647.889333826746,39.0
4440.913132355831,30.0
-5049.329564195233,45.0
2707.4581731142653,31.0
6072.272771240476,50.0
9803.551601225283,50.0
7715.795265280865,43.0
10216.58472844684,42.0
-14862.670605717549,34.0
7314.535560599953,44.0
-14772.703698094527,32.0
6249.0916663303,39.0
1349.1504155829562,31.0
5871.008012553735,49.0
9406.338405111124,45.0
8312.87317585735,42.0
9925.535830078772,48.0
-3597.712790030361,45.0
-6677.179460241019,40.0
4162.44669567126,45.0
-2434.253272312448,38.0
3153.3021585214574,30.0
1546.2233002441862,44.0
9510.314816036425,42.0
11262.91723261005,45.0
7089.282552629318,40.0
6286.430061546234,38.0
-7392.4441873604765,37.0
5103.928946588402,33.0
-2379.964240565693,33.0
-2733.9814892256836,45.0
4047.5350495977546,39.0
9314.227146289712,43.0
11956.174477900651,39.0
7711.005308897161,47.0
2713.227427950822,37.0
-6453.8221029833385,44.0
-11960.472678840782,37.0
8208.054709140222,44.0
8067.708602216597,49.0
3336.133243473012,30.0
492.3178785979053,46.0
-7466.604236850977,43.0
9075.016376362983,43.0
4072.122150997623,37.0
9498.679126973493,46.0
3110.6763931583355,31.0
7316.708993354048,41.0
8330.386598828733,42.0
4021.1844562668302,33.0
8954.333779678953,45.0
4287.723411929141,47.0
-762.3498826155571,46.0
1253.2236826999215,48.0
-2830.697026463792,50.0
645.5603777635533,45.0
2928.4684083055754,43.0
4514.339684736644,36.0
9163.578796811002,45.0
942.3835450935385,49.0
-7432.573614253192,42.0
6805.700255041122,35.0
7440.729897406455,46.0
8137.957533865188,46.0
1531.5745460426965,35.0
-6617.972434533246,43.0
7784.102046273265,45.0
3845.3357964147363,36.0
-3504.2903100101576,47.0
-2660.089951995923,49.0
16.293056557948148,47.0
5582.057798469919,35.0
-10167.163511945915,32.0
1273.3850437517485,31.0
-4419.127086890183,31.0
6941.557880672754,37.0
-6933.125875000756,35.0
-5022.09287795546,42.0
1053.9519836503637,33.0
9210.405550873882,50.0
-10038.721500042,36.0
-14812.630591128762,32.0
-6013.4479259677955,32.0
218.67316270869708,44.0
4507.598665900929,34.0
6937.594646014123,47.0
2322.52889335934,32.0
-4110.706377347209,42.0
6928.756985811533,30.0
2025.6627177966911,35.0
4286.325705183492,40.0
-3024.04790041022,41.0
-7527.119992187048,43.0
2210.0956124108006,32.0
8494.104731185646,45.0
6527.712749169716,31.0
7421.654121836272,34.0
7234.062318809041,50.0
5823.085791703212,43.0
7187.8490552758485,43.0
10992.595427636152,35.0
-756.3857602225394,31.0
-5437.746361004747,36.0
6003.902124253647,33.0
7861.586177537402,47.0
3027.56892396331,35.0
-1150.5055769542876,45.0
-6496.847381598094,43.0
8889.91088104396,43.0
3358.401141524717,42.0
6918.936009238523,32.0
11003.903755431798,47.0
-3764.239446661601,38.0
-2385.9580602272517,30.0
1455.8046023337715,37.0
-9107.99169300783,42.0
10431.11372956141,48.0
8500.654711605996,50.0
10426.418852280567,44.0
8710.862057340186,45.0
9837.63593696256,47.0
9597.523821616624,33.0
-5345.959750636468,38.0
5155.061554733527,40.0
1611.3062433748105,38.0
3852.6277030630044,38.0
8088.247584858218,30.0
5430.974336424213,37.0
6275.17547134323,35.0
7069.888355211577,38.0
-332.5435224735975,31.0
8212.474249060808,48.0
8892.9778186546,44.0
11122.02470164192,34.0
7009.079527986381,36.0
4049.8373891174706,32.0
4462.4929170567375,46.0
9092.193436986636,50.0
3410.6182966117813,39.0
3690.0732269684195,49.0
-9759.396847085029,33.0
9370.668577828545,49.0
-5118.458886441934,33.0
12890.825040446312,40.0
-8757.901835235527,37.0
7312.246765440772,46.0
6801.3467819586485,34.0
-3825.658473919247,41.0
9729.426455152223,46.0
-7860.901888729711,36.0
2608.976143549611,38.0
5299.607169351606,44.0
6558.3906170506125,47.0
-11876.735040668395,33.0
-14325.955723776417,38.0
-9841.499517714623,34.0
-5320.461348486462,32.0
5002.389894637885,31.0
8502.342420293935,45.0
1543.6944058542106,32.0
-9365.620281513566,43.0
8254.394254253515,45.0
1380.7231664885144,31.0
3214.3092520135815,33.0
6610.578189575579,43.0
9460.402522593768,48.0
-9014.682077866559,38.0
9166.022663052627,42.0
12200.657608913092,47.0
349.5382731219536,45.0
5793.289163714942,44.0
-6447.15464592775,35.0
92.53344464599218,31.0
-6256.713154961201,39.0
7188.628676242053,47.0
5191.445255232572,44.0
-7315.733603939371,32.0
8217.17342117817,38.0
8561.97278575705,48.0
6487.742703985158,40.0
5896.529926169365,47.0
10735.622505122383,37.0
2982.5524422386816,37.0
-5837.671806061211,41.0
7433.683128449731,38.0
8620.491678738254,40.0
5645.861224384944,34.0
8788.36585271088,42.0
-13437.98288788989,36.0
-1781.4911219379296,41.0
1694.3055902949197,45.0
3153.6871956810473,39.0
-53.970786228016664,47.0
6853.741919324504,40.0
8422.63481377364,30.0
-5270.46489976042,32.0
1679.9537482083256,34.0
9900.35216159734,41.0
-9300.528839392156,32.0
5996.839329246164,30.0
4377.375897355127,42.0
4463.196933056243,32.0
7520.602257121326,48.0
10165.864369720295,35.0
8764.427718505658,44.0
4499.902162130799,38.0
11309.62804141116,50.0
-8677.610888049818,37.0
9367.098714812073,40.0
7369.375561640648,40.0
6754.682301538995,36.0
13869.574121218566,45.0
1663.4330246270074,33.0
2680.3170332940936,49.0
4717.5566015407685,34.0
-9983.229453994107,34.0
4083.5573333204666,41.0
6851.735921935815,49.0
10318.037776430148,48.0
5449.922557595255,44.0
12527.949852003094,41.0
1512.7035309434473,40.0
142.44945072125483,47.0
5898.51399526708,37.0
6404.792373005628,44.0
6600.067520690334,48.0
-20.636980603921984,45.0
-7120.839110212628,34.0
6355.227372950224,41.0
7568.537543892197,45.0
-10718.084919549783,33.0
4566.756833830914,39.0
8283.290457529345,39.0
10854.590215992057,42.0
7857.700855862094,38.0
7915.981226824406,44.0
-1214.5569383058046,34.0
7911.457517538144,49.0
7348.618557570019,37.0
6425.016990653519,50.0
7224.767770470362,43.0
-14063.702185495655,30.0
8024.510190181635,43.0
-4338.99860643995,40.0
-2153.4722622278914,32.0
-4245.712739197035,45.0
2406.611023682778,34.0
-5711.313221840048,42.0
8801.180396828091,43.0
4324.43228371906,30.0
5952.828168717626,31.0
8131.6452011292295,39.0
-4711.104623934287,39.0
6701.581460717497,49.0
4935.432411668254,49.0
-2660.166566617776,40.0
-8966.817688211408,39.0
-7592.392247123516,31.0
8174.27468277993,43.0
1030.3281167803411,33.0
5955.767946988661,34.0
5464.514514094168,32.0
-5905.176040981796,38.0
7188.255164525737,48.0
-5780.0588209693215,34.0
7135.37534647164,48.0
-2577.8944869961288,41.0
2721.653247635813,37.0
-7170.298873853978,36.0
-13963.019811373271,32.0
3060.144169998052,36.0
-6407.14033111571,44.0
6117.303543288073,46.0
799.5474151865928,47.0
8390.53290658888,39.0
5030.591946024422,37.0
8056.5143604638615,40.0
12100.034678165113,49.0
8065.1559954777795,42.0
-5173.595062198793,38.0
2168.8236308741134,46.0
9343.540793756205,50.0
-13424.605529512151,31.0
-12009.564302775922,31.0
7153.83166719892,48.0
8135.143908129339,43.0
-368.0962565236714,50.0
-102.3429847894131,38.0
7522.12447437095,49.0
6038.879990294783,46.0
-5195.025381837958,44.0
8138.634884487365,43.0
6573.154904060415,45.0
6452.809673424798,44.0
-846.8438944638131,44.0
-4061.2189854728067,40.0
-5792.108181138946,42.0
-6790.468782332431,35.0
4276.510580445731,34.0
9668.739597903104,42.0
-3882.8539473769015,50.0
6036.075324996966,37.0
12053.667213439889,50.0
-4611.255225077613,34.0
-6672.774326949933,41.0
-3917.093581654428,32.0
-15173.63074722435,32.0
11243.181379374459,41.0
5853.872979336786,48.0
-3447.1994136431113,42.0
1723.0506209033074,33.0
-2687.9518509990025,35.0
8915.134991813871,39.0
7006.568080878619,50.0
8750.981568718147,48.0
4650.957911899999,39.0
-6190.090749418467,43.0
6233.951880908156,42.0
-15613.644302113162,30.0
9954.594588194934,40.0
-1350.93838835841,42.0
9065.690966950007,41.0
12930.269722016867,40.0
-6612.734702995029,30.0
8378.248933241704,37.0
-4466.700165117107,30.0
5291.737972238689,36.0
4823.634858030782,48.0
7254.478940399335,43.0
6529.630957310883,44.0
-14285.464501368759,31.0
8431.74165351535,48.0
9294.37933762093,48.0
2180.2756740367668,33.0
-4503.520084234673,31.0
-2338.2978725498488,41.0
9186.654588223792,44.0
2372.528075094067,36.0
4245.953617443368,32.0
10757.492451649985,36.0
-5892.785027928712,40.0
-2946.315903427585,47.0
7313.787877389909,35.0
-13298.698368058878,36.0
11394.501835247665,50.0
2003.5870401603916,30.0
-3114.448636756691,47.0
-970.378158705962,49.0
4506.4137923744,30.0
4518.232444995285,30.0
456.3949586960525,37.0
2989.627560867386,40.0
-1308.9020170932326,44.0
4826.9205100375075,45.0
5525.454680462189,39.0
-2082.310149828455,33.0
-7440.9079942127155,40.0
3380.23680812972,35.0
61.329870643729464,34.0
9277.907592123052,50.0
6854.677999742131,44.0
-5113.38589268685,47.0
8616.915273826122,43.0
3930.4014374446315,44.0
-5582.873844177666,43.0
4452.356729344467,40.0
-16768.275277052337,34.0
8287.858303552235,39.0
9464.04891868662,50.0
3378.594450553219,44.0
-1519.157195488784,48.0
4521.2258172417305,42.0
6431.256705421434,40.0
-3.034795077097442,49.0
12600.790466525556,38.0
6664.682318590643,47.0
-2384.0113007626333,44.0
4327.490588896555,33.0
3363.111845358607,40.0
13101.65342359096,41.0
5928.984941459485,31.0
-4132.49001751009,50.0
12098.159120028635,50.0
9516.534764606338,31.0
4200.391721526064,38.0
-13843.56575759105,34.0
9922.06036428114,39.0
-3870.8830301652397,42.0
-17350.59773507011,32.0
-15625.388787819846,30.0
5670.6586400464,36.0
-762.4508964116967,50.0
-11906.445566750152,33.0
-2604.231235621217,44.0
10217.093863804872,44.0
7726.316894827576,43.0
2322.7522312026804,41.0
7336.171621016403,48.0
-8918.87672112313,32.0
6067.326697841365,39.0
-3019.0099090973417,31.0
8009.135572231831,41.0
-14447.241301250342,33.0
-9013.965906799362,35.0
11293.452378191507,48.0
4967.168077921624,35.0
9038.093909151852,42.0
7945.918184066755,50.0
7945.084074632059,46.0
5681.871489668531,40.0
897.9141572073249,31.0
7767.195541650515,48.0
7613.066280037664,35.0
4386.501101388021,31.0
717.653797027381,50.0
8779.94449279477,44.0
-5073.671444874939,39.0
7967.100983896835,45.0
-11443.30859556858,35.0
-10727.1240996474,34.0
131.30487729560082,47.0
7838.612178696922,42.0
12228.911766726007,48.0
9313.42565391503,40.0
7365.7331049053155,40.0
7792.663224503976,41.0
10061.406771841252,48.0
1516.5072468502385,32.0
1161.7956493615493,49.0
4079.861138163329,31.0
-5024.530254384708,47.0
11257.003939083654,46.0
6367.676861306243,38.0
-12667.242896027119,35.0
2703.956818852892,37.0
-6044.033179253192,41.0
10938.23130673205,48.0
7157.305792938292,41.0
-906.5023247041881,44.0
-5788.059715379971,43.0
6082.493861053703,47.0
-5274.171085445701,30.0
8625.007196475806,48.0
119.77428516551208,45.0
-1708.837084959132,43.0
5650.141335985403,35.0
8825.484285350054,42.0
6432.914843344431,41.0
5656.731100243314,36.0
2830.1778859675287,35.0
-571.9854925348918,46.0
-15413.700794685534,32.0
6033.203778104038,33.0
9959.101161313874,44.0
5686.151434194874,45.0
-1418.0757261695435,45.0
8696.04337465512,41.0
10026.938598533285,33.0
5343.662635360668,31.0
3957.0183467509714,41.0
803.4414097168494,33.0
4642.977891509676,32.0
5100.170818632383,32.0
-2372.2395555705616,44.0
6462.512799025983,37.0
-65.3001385762509,35.0
5021.600523607642,37.0
-15845.931079793841,30.0
7049.427828935351,41.0
-7007.798188762333,38.0
-14753.360058551472,31.0
-6507.269965063588,35.0
7474.255875638279,50.0
11408.742592710412,43.0
6698.423937246542,50.0
6649.9430233041785,32.0
-9667.3147932277,40.0
-3120.2983133722146,46.0
-14874.386484104447,38.0
3748.3444811394547,39.0
8284.198260829071,34.0
-15810.977938657055,33.0
7412.972567735741,39.0
13392.831926401708,47.0
4591.907145872081,42.0
-1611.8972997665637,42.0
5065.515756633229,33.0
-1851.7610822500028,50.0
2280.223075454689,34.0
-4584.576453715917,45.0
6985.909258950098,47.0
6499.229258758711,45.0
3188.8068378051303,34.0
-3793.230509153974,44.0
5460.411816828146,38.0
-671.717100864902,42.0
7932.222063218596,42.0
11678.22168719391,49.0
4882.608245334243,40.0
3830.695681776313,41.0
4498.995361805929,35.0
-7891.674279852321,31.0
5591.154517904632,34.0
-2252.282159837874,50.0
687.7519310833295,40.0
1800.239842627585,48.0
-4459.165518126605,39.0
8797.710251061311,32.0
10930.982375578744,38.0
7710.476951971166,45.0
-2623.7428835948376,50.0
8387.885955565358,47.0
6458.795784051358,50.0
7703.512565602619,45.0
-3191.61244868022,49.0
-239.4568401841425,50.0
1907.9482517049564,37.0
-191.95552092059916,34.0
1069.2229310394887,42.0
7572.703379616833,45.0
2643.4742641286366,40.0
9764.133894361765,39.0
1169.2494365631746,31.0
3095.630851625645,36.0
-10959.832719418004,34.0
10938.603685507338,41.0
8359.994559794426,50.0
7871.722800479725,49.0
5922.825934081304,42.0
7307.087590051355,41.0
2256.0625619340517,35.0
11060.710901048149,42.0
7209.9266922633105,39.0
6305.795666836877,34.0
6447.653383647671,45.0
-2597.303419866841,45.0
-12946.561687738274,31.0
10682.549176621233,42.0
10056.182411041354,33.0
4795.185235474962,41.0
50.09391452882846,33.0
6253.429615266516,47.0
2737.311120376434,36.0
-1264.0457889883783,41.0
-16966.038171985234,33.0
-2834.3912703685564,48.0
10461.266441282485,39.0
240.28355787940995,48.0
-6756.826372598872,47.0
-7242.7481561657805,30.0
11472.278606752954,39.0
5262.573772545329,36.0
7239.70350372157,36.0
6585.24335487076,33.0
8895.237010831472,46.0
11078.348940089749,42.0
10062.648480020602,37.0
4289.1080769470045,30.0
-10676.940447673234,38.0
-5907.339280188505,41.0
8311.941841153324,49.0
5039.299067261783,41.0
-11281.411675857094,36.0
4608.586852137118,34.0
8963.845483708177,41.0
-6201.232460982199,32.0
10229.5438630648,43.0
6219.687143825346,41.0
4974.815181996384,34.0
7784.698225752509,48.0
-3987.474376977745,42.0
7186.076065947716,34.0
7625.536324752792,41.0
6513.372200926075,34.0
-3695.07671665392,45.0
-1168.7075623212859,48.0
5820.727210144027,44.0
1917.2027493820679,37.0
7869.6696822607455,44.0
7.579088855135524,46.0
9673.836836346674,47.0
43.00367503249754,35.0
-2949.997746887181,40.0
12374.371461125622,46.0
7211.352436488948,36.0
6013.892023730169,47.0
7615.2443872801305,37.0
-8152.013630839532,36.0
-2160.464463320527,48.0
-7387.942223805007,41.0
8642.222258964528,39.0
11217.739490337568,41.0
-65.36089591337577,30.0
-6509.48392581157,34.0
-14105.250326735315,36.0
2713.0150146639658,32.0
9171.344011458066,47.0
8357.540214674143,44.0
-10971.500229506602,34.0
-1499.1638691409644,50.0
784.3577410066887,34.0
-632.9169278205882,49.0
2607.6357747986767,38.0
7560.6692540787335,39.0
5006.297285488741,48.0
4994.667120437372,43.0
3041.2218769507335,38.0
7797.936955890896,40.0
-10166.361103703211,37.0
5645.779691642765,34.0
2945.2276037251695,31.0
5958.648134287965,32.0
5720.35825496538,33.0
3376.222233827737,30.0
11507.364218108127,42.0
7175.483461889305,34.0
-7999.399692949151,42.0
9066.974637112047,34.0
8721.62444587832,48.0
5307.068372896345,36.0
1470.564161563217,36.0
-5403.376942475441,41.0
-2447.077937859496,46.0
9708.24693683161,34.0
7438.926220668193,50.0
8116.08481767782,42.0
6338.204002113477,39.0
-3907.7449992758816,35.0
6028.08059950057,35.0
-2768.7249366670603,44.0
3866.4504885356264,39.0
-15391.759791011526,33.0
-2669.262907088375,42.0
-10129.711308204098,30.0
7178.721052087127,39.0
2033.194861068418,42.0
-2041.598744536801,48.0
8658.389034163101,43.0
6275.341521729415,36.0
7659.708088716103,39.0
-3892.420530945118,36.0
7008.446634580843,46.0
9080.771891717575,37.0
-2191.441063048447,31.0
6006.027341477839,44.0
7022.210705952371,45.0
1625.8133594230476,49.0
-4394.8149456394885,40.0
4350.23220223386,39.0
5290.349849640257,50.0
739.3786403814793,38.0
-4778.0431059797875,40.0
9323.401727209259,33.0
9235.259540956495,45.0
8026.283844099953,34.0
2942.164685117881,36.0
-5345.340651872602,45.0
8604.171547711592,43.0
11430.301075646543,50.0
7949.629943537682,40.0
3748.5507074474335,41.0
7492.529598912159,41.0
-1015.5081563078161,31.0
3445.2358053408857,40.0
7136.116964444025,49.0
-13972.858534724419,37.0
5994.198432011537,40.0
-3333.7847418562847,33.0
-14707.254476290214,34.0
7095.814753449641,42.0
1262.4300068815392,30.0
6667.935275236366,38.0
7539.288898026598,39.0
1856.2619675357735,32.0
-319.90259868501835,30.0
7955.82207789836,46.0
-6649.07566426397,43.0
8780.892418253365,47.0
-304.24228621912937,43.0
3618.185170463339,49.0
-4930.832550645166,50.0
8658.370463302717,41.0
8949.705343688853,48.0
9302.970415418675,35.0
-3195.771176899401,46.0
8127.7594659641345,41.0
-582.4804810415226,35.0
-1330.4783475837921,49.0
2203.6396115801253,32.0
-4165.664189589628,39.0
8379.238915607308,46.0
-13510.770151154444,35.0
5383.0065301378045,40.0
1532.5688750715872,31.0
12329.10046871928,49.0
8541.277878783927,48.0
-3315.0893008701714,30.0
7446.61057147923,35.0
-2302.796632963631,38.0
4224.66386380532,33.0
-14495.538023224206,32.0
-1295.1749233188457,44.0
-444.26051222909064,49.0
1718.826706079587,31.0
3875.4253687556047,39.0
-3728.0980373573893,30.0
-15179.821867507162,32.0
907.373696087805,45.0
-10876.720035112272,33.0
8465.117697785005,47.0
6527.834583203615,44.0
7096.512517579438,38.0
-7686.884378496099,36.0
-9324.615618687581,34.0
-446.8868778111282,34.0
-12393.170892215405,41.0
9061.278900280286,45.0
7047.007232935093,50.0
8573.026342898578,47.0
-3277.6359516781786,42.0
8664.742380329819,44.0
6489.394257929895,44.0
12050.062938330959,36.0
-4533.696891478429,42.0
-4283.071492683587,46.0
5728.776518633758,44.0
-1779.09560512608,47.0
-6736.2431970017715,31.0
7207.161109646768,48.0
1580.3887277440572,30.0
-4622.10321576388,42.0
-7513.754440621296,40.0
8707.074651813014,39.0
8297.680101652892,46.0
7379.927748052684,49.0
7165.000212016163,35.0
7382.745891074226,34.0
200.35699213940623,34.0
-13300.182468772226,39.0
8703.173021237726,33.0
7963.9781611310245,35.0
793.385615267689,39.0
-12553.36100308217,38.0
7714.58737181473,43.0
5577.279418576616,37.0
5957.5788108427005,39.0
-10360.796867031368,35.0
-9425.754696724527,33.0
-5885.461772580361,32.0
11457.358682434802,40.0
8671.934597217292,34.0
-4273.012285382751,43.0
3399.3662046507243,31.0
6550.251286294752,44.0
3955.1495255838254,36.0
5724.38837974958,43.0
9435.43826680557,48.0
8830.380562411277,48.0
6108.175842782678,37.0
-13210.825954863554,35.0
-8899.31870799932,33.0
5325.952504503266,45.0
6666.044278762846,39.0
6101.944561145723,32.0
-3015.669931974151,46.0
-5229.046381143379,42.0
1326.1212193786205,30.0
10985.593874538241,46.0
9818.284206511502,37.0
6247.189689623081,38.0
-7934.821549538944,31.0
2738.2229016226975,31.0
6343.483053004846,43.0
-2024.1583043466617,48.0
1809.1955160174703,32.0
-3074.510612997032,44.0
5594.31082108396,43.0
2044.942078949971,31.0
-9295.798042900882,37.0
-7164.292447088337,33.0
-591.910738628816,48.0
12092.843355747327,49.0
6063.957653191499,37.0
2962.6478292918996,44.0
-9967.60003393498,38.0
2647.9226221145377,33.0
-1934.992253691867,32.0
5545.772298615932,42.0
8034.597827630166,38.0
-14401.481088658022,31.0
8096.95494488773,43.0
8211.780692810626,37.0
-8756.84021538392,40.0
3544.415240773469,35.0
5759.004320690026,36.0
6026.367984767509,48.0
8576.828469751064,47.0
6502.62193708678,31.0
-980.8234552585345,49.0
-2724.0667084517236,34.0
-1226.8167934254343,34.0
9238.609064443108,42.0
4149.2999937567465,34.0
-8810.109141467776,36.0
837.1208121628729,33.0
7767.810707272629,42.0
-3472.478503237775,48.0
-11198.201079470702,33.0
9442.498036075713,38.0
-2821.1296230719036,42.0
6279.183764809051,46.0
2542.45751169339,36.0
-1187.3464183126216,36.0
11318.918151236447,37.0
10457.320917738238,50.0
3950.037278190288,35.0
8222.99290986301,50.0
8610.525890255773,47.0
6684.656226422295,50.0
-1010.8794910784627,44.0
6062.063483985008,40.0
4532.28164273343,46.0
822.4611597005278,34.0
4043.355478728892,37.0
7196.589824055967,40.0
7640.040366759018,50.0
-2158.8294076243856,48.0
9128.468502980133,46.0
425.201534020066,31.0
2943.0141450636893,34.0
2232.7502055706054,31.0
10749.183328257885,45.0
8424.893307112943,45.0
-5966.939465272143,31.0
5979.798230901684,38.0
3011.461559020837,41.0
-4017.715052405583,50.0
10013.871694976966,36.0
11549.316529978854,37.0
8637.736072599397,45.0
4662.321432575402,44.0
6025.9655588673395,43.0
9813.312192333795,39.0
-9833.153769423283,39.0
3111.1964568027943,40.0
10733.376804953285,48.0
10151.662849280747,39.0
9759.541355449499,43.0
5705.185006876234,47.0
4779.891714567376,47.0
7725.210626534004,40.0
3374.5592835304033,37.0
8969.939337141099,39.0
11067.376123930437,45.0
5251.972367496193,34.0
-11088.71099263643,31.0
-250.3037103834713,49.0
5136.959536217873,32.0
6205.707121581042,35.0
7036.539304091365,40.0
7806.110101298791,38.0
8715.977388831601,49.0
10810.402231223045,47.0
12059.949716630348,48.0
-8313.18918517134,31.0
-10593.9487023529,41.0
-3779.7540630712538,41.0
-1120.501519159321,33.0
-2058.590814072384,40.0
6196.458119476966,39.0
4964.697166395792,43.0
6452.80072845181,37.0
3242.0843952761898,36.0
3335.9296183028546,35.0
-7423.685759284814,32.0
5403.69756887619,39.0
556.7039036786509,32.0
9316.060072420853,43.0
5250.530278405269,32.0
-8096.226762242871,40.0
-9715.144019254985,30.0
12194.032143704055,49.0
600.0844858590644,48.0
-6112.896164259113,45.0
5230.949775863912,31.0
-4510.926987961211,38.0
2455.3319263687144,34.0
-11210.422260525786,39.0
-551.3791227881234,50.0
3893.4494347624322,34.0
-11242.427467915586,38.0
-1687.348198525087,42.0
2211.41273570451,39.0
-1241.1287485808825,46.0
-4367.26794064138,36.0
7635.37339679614,46.0
9048.29767097285,46.0
-15663.835618811012,32.0
7603.200327094351,44.0
6633.000256561736,40.0
5003.137181090731,43.0
-5847.368925752318,42.0
-6736.2488833974385,43.0
5180.999335900342,30.0
-2686.3754924092423,31.0
-3265.4631457358923,37.0
6041.609179455725,36.0
-6746.713393322538,43.0
-13468.33082058812,35.0
10664.619605246073,38.0
-6416.929863721702,34.0
9360.465180814663,44.0
12346.916264891306,46.0
4955.807123535078,32.0
9970.858492340727,50.0
5447.244328714988,35.0
6233.3184711862705,38.0
-1638.0811099858493,47.0
-3680.783745719088,40.0
1364.451529715408,50.0
-28.747734104856306,34.0
6635.938680674459,47.0
9970.21608938657,37.0
2525.792638528569,32.0
8919.863762418343,38.0
4221.276484688657,34.0
6377.064171556477,48.0
8088.505480712649,49.0
6954.091467974957,49.0
-5285.170980561971,42.0
6370.72180410645,39.0
7262.030870129171,47.0
2708.383542932116,42.0
-1442.1362883112051,48.0
12966.374151745127,47.0
-3440.0183810277063,44.0
11282.84796203028,47.0
3005.781289703994,34.0
-13376.639019060975,30.0
6615.181433932027,46.0
-7882.1299772414095,40.0
4363.1803296549415,41.0
11712.106657517194,41.0
8263.894943831914,40.0
5306.176565171536,33.0
3301.987253415401,46.0
7321.665938000149,37.0
1003.9721209633108,31.0
750.999866607607,45.0
-6399.486139750572,35.0
6781.834803614226,46.0
5688.826799366088,45.0
8424.591610110947,34.0
-9481.269358588565,38.0
-2006.8972243281842,50.0
6520.042562467701,50.0
11647.640958636093,40.0
7822.106711661843,37.0
4797.777311569704,32.0
-5076.232268503873,47.0
-7062.657281688712,40.0
7603.162680823309,43.0
3720.9401031285634,43.0
8130.492932460624,41.0
-6524.736377481266,41.0
-2725.7258751276877,48.0
2108.361556048546,34.0
-2278.480460360935,47.0
1476.750029250812,42.0
617.4771911981188,48.0
7859.331905392035,36.0
6894.252122016692,37.0
7936.912886783112,49.0
12668.221441326392,50.0
9267.916285158783,43.0
9108.422110528436,45.0
9105.10073297949,47.0
8607.607915059347,45.0
10722.663050337638,37.0
-13866.91071625536,32.0
5974.195231812608,35.0
7208.569701933951,40.0
6163.2074920563555,41.0
2592.964120970105,35.0
4471.612728373828,40.0
1375.9336426925188,30.0
-3442.6001993404852,37.0
5477.947299283599,34.0
9105.193386772993,33.0
10324.374014011308,49.0
1557.7462517799604,48.0
2648.0522915535694,32.0
9293.729404431362,44.0
8616.571489255419,39.0
-4741.885380478918,44.0
5466.318772428973,40.0
7838.351685376839,50.0
-2870.4035239971063,48.0
5337.289006221001,47.0
6518.031125066958,38.0
260.8809945836356,35.0
7169.237700299208,47.0
2802.4710828159295,30.0
5722.073329520337,30.0
6878.648586124404,33.0
6003.259851436598,36.0
-8101.35525410727,39.0
-4575.139752692907,44.0
278.4412880174932,34.0
10174.860643358577,46.0
4352.664527843746,45.0
-1268.9751895325207,40.0
-13878.343411158,30.0
6157.3541933647475,46.0
6596.287331402558,40.0
4286.41949906244,39.0
11663.41243862944,44.0
-5415.582015029673,42.0
9404.64355308013,48.0
3450.9131351520336,39.0
-4256.1919174091145,38.0
-5189.699003848865,36.0
9580.587738754073,36.0
6943.250001345512,39.0
-5992.184192754276,42.0
4990.528453985344,37.0
-12835.308250195118,34.0
7693.188785231383,41.0
-410.4426744738797,46.0
6977.616769650745,45.0
1691.5032453668,33.0
-4491.009864774113,38.0
1561.597948621716,33.0
-11412.290430482239,36.0
6089.7962020710565,45.0
4258.032891770032,30.0
-4705.69555903285,47.0
4114.672609002106,30.0
10820.578371068208,47.0
6344.87158463406,48.0
2457.99235843909,32.0
8280.423980946125,45.0
-2397.735271998449,44.0
-3198.0623066171947,40.0
-5723.426282497063,43.0
8423.03300503419,50.0
-593.9467870548533,41.0
-13405.4639257162,34.0
-2883.419175974199,39.0
-7540.621855696105,44.0
8897.0165988279,33.0
-8429.3654257691,35.0
11095.263909858879,38.0
9645.315484663359,41.0
7420.502492699026,38.0
12374.795416256824,43.0
-3714.658549830494,43.0
-6653.711757816662,41.0
-10144.629292021466,38.0
2598.268607026078,36.0
-1848.0600303155734,50.0
8346.18953174332,50.0
-4168.03775509176,46.0
9858.777668902952,35.0
-13375.697208492322,35.0
-687.1017184972566,49.0
-4611.029460762456,43.0
8673.126357332021,38.0
7376.827032156023,41.0
-2370.361382905986,41.0
8560.468711978167,46.0
-3865.2419508880535,47.0
-13855.236575901765,34.0
8879.886696984959,49.0
8529.181356757792,45.0
5649.662149298201,43.0
-6634.637077159239,37.0
7290.871934587958,38.0
-8703.271265416497,35.0
12100.073373308362,40.0
5382.553194196006,39.0
4290.9820356592945,45.0
1209.8491006893328,49.0
-13578.54727683622,36.0
-15972.806650263856,36.0
1738.412080150073,45.0
9637.878969916927,41.0
8641.701389940345,40.0
8173.5850114723335,49.0
10060.286638384692,49.0
-2529.164318875337,32.0
6303.270614121662,35.0
12401.826670360802,47.0
5162.288865037344,41.0
8908.809884347134,50.0
1907.8763745966112,45.0
10554.699126292046,47.0
-12539.738058031851,34.0
-5222.307876236926,30.0
5532.792409894933,45.0
3687.894462485474,35.0
4019.9079777504085,32.0
-1612.1011187042914,42.0
-6016.781839010635,42.0
4172.810321116844,35.0
-3379.208878544001,40.0
1784.7321231021406,36.0
6301.77508704798,44.0
2977.6922104838195,40.0
-2567.923250471159,42.0
9523.326201181764,35.0
-3905.487366113961,47.0
6463.196993415643,40.0
-15391.262843608165,31.0
11484.418317761696,47.0
5380.999411141532,45.0
7664.663532054405,43.0
9809.898204405235,48.0
13400.65231191185,49.0
3774.999995748529,41.0
7692.306156640063,47.0
-13686.825403151131,34.0
8667.402504035634,47.0
-6882.746940081603,35.0
-1642.085748636755,50.0
4210.918818736203,39.0
-5785.160425530921,42.0
2337.1613032755613,30.0
592.6950633628876,30.0
9467.69052836205,47.0
-7587.866998113889,35.0
5475.408193152043,41.0
5034.503892403616,30.0
4584.329700400693,47.0
-400.3428571644163,48.0
6939.015628275259,36.0
2621.1691456924254,38.0
12889.057634036339,49.0
864.3239841165632,36.0
4261.737873408676,34.0
8555.459200699845,43.0
9901.428744944791,49.0
-1809.8319981438835,45.0
8539.360849169118,37.0
-4062.7620478361623,39.0
8308.908108390104,40.0
373.3438381532633,48.0
7237.292978577954,42.0
13220.443303728827,46.0
98.35629134673354,31.0
4567.01786012494,39.0
-661.6534069047657,38.0
4389.690041172153,38.0
6138.681322973838,47.0
9450.027982714948,35.0
4629.2399477481085,34.0
-11903.990200222956,35.0
-2811.9292488526144,48.0
10331.5274839601,44.0
8844.941920684105,47.0
9743.131048644009,48.0
7506.4424267012955,40.0
66.54810554464098,32.0
-11327.850501372599,38.0
6129.0435933379595,33.0
-10394.149948075165,30.0
-7088.143300427334,30.0
9999.214784328127,45.0
-9804.094534389766,36.0
-5999.873224784142,41.0
3093.007898093456,37.0
10051.71487405612,33.0
3440.27137889694,46.0
8044.190292598238,49.0
-4366.729888635923,50.0
2990.00448851077,32.0
8716.25374513206,35.0
-16335.490684533985,31.0
-988.4724874880226,44.0
-13901.930866180865,33.0
7430.956395515033,47.0
3687.7568987091868,31.0
1326.402568038387,47.0
5024.3157843332265,41.0
-14432.455736607057,34.0
-7245.2631113756015,42.0
-5538.248189433152,45.0
-8390.03256755153,35.0
-6792.855311342911,33.0
-11375.95206305289,39.0
6397.2646112836255,42.0
-14948.708036595193,32.0
9396.97358857628,44.0
-6466.460154130586,31.0
4046.126892865621,44.0
-7270.045937838372,32.0
7421.298420881969,37.0
1413.9603980927836,31.0
7568.171240376235,43.0
-7992.928560043745,39.0
-1364.938776488585,48.0
-11517.764509949864,35.0
8942.673552791017,49.0
6945.58369213516,46.0
-642.1787448248706,50.0
-5484.184703744372,40.0
-8906.576743960031,33.0
4727.065074983628,37.0
2627.0101269220463,36.0
11527.91742988232,48.0
-10591.424629952095,39.0
5749.317767944876,33.0
11990.838175507037,44.0
-7079.621164665139,38.0
-5821.585500896508,43.0
9726.702708002573,32.0
8775.948036438604,34.0
9716.707268143778,33.0
12393.320422462231,43.0
8061.739409479342,47.0
-13866.200629546063,35.0
-5511.774954004338,46.0
7953.196657935241,37.0
5627.331863720422,48.0
1621.493429505522,37.0
-614.1084288595875,42.0
7188.117237815968,39.0
2178.0362653348166,34.0
-7335.597562144272,35.0
3195.191365431343,32.0
5405.680869646112,40.0
-7725.847400970195,43.0
3457.4212997420123,37.0
7869.645795351946,44.0
-10977.3558121613,40.0
6237.461746611418,47.0
8414.571488454427,43.0
9976.323278731503,49.0
7685.330833484037,40.0
6212.880887513507,50.0
6759.006331037324,32.0
4579.442790364882,37.0
5788.8624653538745,34.0
-4591.146366178837,45.0
7572.810005762022,40.0
-4489.406905908889,44.0
-4374.647133115188,43.0
7139.518033455371,50.0
1000.2006736445055,34.0
-6865.521470089483,39.0
-8333.299761558636,38.0
8365.79531128561,36.0
2008.4499775541963,43.0
-5419.352898280406,44.0
7536.484272149519,39.0
3799.6252424074755,32.0
8700.329416350287,44.0
10629.736904872345,38.0
6917.605904621501,39.0
11613.506343965339,47.0
2100.7559799159803,37.0
6553.682987665905,49.0
7320.0567155281715,48.0
-12916.775528882823,34.0
7402.7824445515525,42.0
8313.973574282143,49.0
-5501.60451402594,32.0
10005.929399130117,41.0
11161.107760370796,40.0
-11377.947974777248,32.0
1000.9375994466172,34.0
10277.65856476839,49.0
8450.240899730456,50.0
-7683.788570885783,43.0
3035.7308048653285,37.0
4866.2354425592475,46.0
3003.210042884344,49.0
6328.838363293566,47.0
-10108.36313182351,38.0
-3555.451844814364,49.0
9415.304268040025,41.0
-3157.7007657352897,47.0
2280.947721511779,36.0
-5904.696662913777,36.0
762.281483634901,39.0
