sal_7_lc2vs0_iate,lmp_cw
-14966.329336529681,3.0
-22973.602023819152,3.0
-31733.93188014781,2.0
-23784.020122548165,4.0
-29944.323968146433,3.0
-20681.806688880657,4.0
-23681.351490448036,3.0
-28546.654518830936,3.0
-20567.674996668593,4.0
-29338.50146850353,3.0
-37211.550804234736,2.0
-35369.19554149172,3.0
-34309.532825619885,3.0
-27423.338946637326,4.0
-18961.885957543196,4.0
-39463.14024115179,3.0
-20679.679856243343,2.0
-36166.90878704943,3.0
-22080.32337065613,1.0
-39338.87674069799,1.0
-29044.748833477326,1.0
-19700.84510706944,4.0
-24795.94758937326,4.0
-34194.25163903,3.0
-28948.978051128724,4.0
-33628.75533818538,4.0
-33294.852698752,3.0
-20025.783157884176,1.0
-17856.08070918322,4.0
-38585.88319015798,3.0
-22370.934548846293,3.0
-32039.2368437174,1.0
-24069.211810925477,1.0
-29842.934248331112,4.0
-22161.38284003367,2.0
-33219.19196148271,4.0
-27760.289556460644,3.0
-31177.093761748212,4.0
-27350.894723285004,2.0
-28034.107661718932,4.0
-20359.972304553197,4.0
-34541.64112295194,4.0
-26754.036650084316,3.0
-30874.663846205203,1.0
-34585.75660814259,3.0
-26927.58953247995,1.0
-36652.213425502196,1.0
-18285.372275478203,2.0
-17442.544103720593,4.0
-30463.191571068164,1.0
-16657.90181681644,4.0
-32040.6074986109,4.0
-21197.906450893322,4.0
-32588.12277359507,1.0
-26578.006107730056,1.0
-23218.005625506295,1.0
-39704.43348292499,1.0
-21271.17073435334,3.0
-25465.912919121572,4.0
-28596.26025118721,3.0
-22665.93137924984,1.0
-21066.55732084836,1.0
-35013.121792810496,4.0
-20064.88736712063,4.0
-20857.614476816023,4.0
-33108.92692225515,1.0
-20517.03108645285,3.0
-19197.08046076174,1.0
-20729.766060986592,4.0
-23107.121601894825,3.0
-19453.21552995719,1.0
-38084.04054120039,4.0
-29529.329986213503,2.0
-22484.351455840544,4.0
-30675.55461081333,3.0
-33363.28145670936,1.0
-25448.749172298056,4.0
-22894.359495292672,4.0
-22553.387281012347,2.0
-37491.15928986399,2.0
-36149.867270031405,2.0
-34209.304842846796,3.0
-19436.212252643218,1.0
-32619.86597012952,1.0
-21750.97084995176,3.0
-25916.046887157143,3.0
-17426.60891168377,2.0
-40688.684498072354,4.0
-18648.703599400906,3.0
-25881.035990991557,1.0
-27806.112891375404,1.0
-24455.246137663096,4.0
-33500.4284907447,4.0
-16460.58965374005,1.0
-32954.136652416535,2.0
-33500.045306037784,1.0
-24841.555114345305,1.0
-21723.17705283657,4.0
-19175.07905338329,1.0
-23429.35912283482,1.0
-32975.936669674076,1.0
-35549.58043522652,1.0
-27275.276467468335,3.0
-16713.97226740796,3.0
-21442.54551592349,1.0
-35493.14957629333,1.0
-28361.471609547,2.0
-27977.76197152158,2.0
-22310.867776206764,1.0
-41703.02195663632,3.0
-18115.556212351963,2.0
-30520.841696688767,4.0
-22383.30489932528,2.0
-27391.03871601239,2.0
-30482.184444501094,4.0
-16140.944506896283,1.0
-24948.25791868457,1.0
-22170.734026822094,4.0
-24077.454657327566,3.0
-35865.34185290223,4.0
-29533.165375587152,2.0
-32106.90496359721,4.0
-40909.76090863926,3.0
-27685.895276604446,1.0
-23729.4557662354,4.0
-23408.018002277036,1.0
-40090.45493256463,2.0
-22923.627666203443,2.0
-30238.98803412025,4.0
-23214.087183439384,1.0
-20489.144207420122,3.0
-29595.85554923718,4.0
-34370.52345497785,4.0
-18714.107478368234,3.0
-20530.438727294222,4.0
-25291.195962350273,3.0
-32740.912321432406,3.0
-37066.47654072732,1.0
-44567.8969345635,3.0
-18244.624484849424,3.0
-29991.896742142584,4.0
-20591.640044699834,3.0
-38885.27217075933,2.0
-24391.68739630691,3.0
-29050.04409237623,2.0
-27389.279705702298,3.0
-38279.4343273129,2.0
-16973.613515319856,3.0
-25230.462323912754,4.0
-17530.980417495946,3.0
-34167.0660636239,3.0
-16334.838565505768,4.0
-18837.1337218309,1.0
-40116.30681955657,4.0
-15598.965284308353,4.0
-24033.74170325663,4.0
-23473.727984680623,4.0
-30610.176604277585,4.0
-21040.86132942253,3.0
-22128.023700334743,2.0
-38094.18123398469,4.0
-31359.66012065794,2.0
-16062.319616247727,2.0
-33346.167313692495,4.0
-24345.793142543585,2.0
-36546.225775705505,3.0
-23489.561316862848,3.0
-34146.69431385973,1.0
-28027.235368934005,4.0
-28387.908101881247,1.0
-30684.36761082874,1.0
-23672.386630141278,3.0
-37790.0012301261,3.0
-35955.089558193125,4.0
-19818.894868938405,1.0
-21708.130395705604,4.0
-23657.493000771166,1.0
-30543.463947714266,2.0
-22027.350877081444,3.0
-34491.718005754956,4.0
-15977.254627848164,4.0
-26320.37182235696,3.0
-25758.480335442582,4.0
-17049.729777952667,2.0
-17197.949674858442,3.0
-32433.41826973958,4.0
-30123.16606438526,4.0
-18377.977678973097,2.0
-36408.46427327824,4.0
-35138.081173569444,2.0
-34227.562858182355,3.0
-33918.138071682784,1.0
-32775.05570983637,4.0
-25051.71961719871,2.0
-23304.81575938245,3.0
-39404.44282792874,4.0
-22146.539334307032,4.0
-23183.31493016401,1.0
-29617.396717868527,4.0
-17096.978430666717,3.0
-23235.066145616427,3.0
-33141.43049844985,3.0
-22556.921283655367,3.0
-16322.550066771453,1.0
-21963.315217973934,3.0
-28790.523851664588,1.0
-21963.729193889165,2.0
-26094.915729027547,1.0
-25293.41962387418,4.0
-21506.78740651257,1.0
-29781.669050599106,4.0
-25262.800635096315,4.0
-39743.648011213474,1.0
-27212.47592479506,3.0
-31674.27662373559,4.0
-35205.116235506954,1.0
-34397.76876360676,2.0
-31220.76316882113,3.0
-33027.15997923037,4.0
-34945.86802995137,4.0
-19049.107190811075,4.0
-32117.350889936635,3.0
-19170.92622978521,4.0
-21912.70523440684,3.0
-27374.22816647769,2.0
-27200.462110929977,1.0
-18544.909525667124,1.0
-32189.163145898376,2.0
-22852.096577941003,1.0
-18586.87030423103,2.0
-21853.413883297297,1.0
-26627.66476455266,3.0
-31251.30822206154,3.0
-31707.90999119224,2.0
-16111.16207917891,3.0
-35098.933224852975,2.0
-28672.802309139544,2.0
-23907.205164017494,4.0
-34174.7108525041,1.0
-27478.168880064797,3.0
-37087.20879292311,2.0
-40119.71742691354,3.0
-36310.68023241551,2.0
-22688.836064295385,4.0
-29385.63746481293,4.0
-24219.93453420772,1.0
-32460.519085166237,2.0
-33719.992470388956,4.0
-18601.68875147444,1.0
-43210.30053668612,4.0
-17418.518548837383,2.0
-28312.91474340868,2.0
-20520.934576178603,4.0
-34497.30473056112,3.0
-32789.976455788084,1.0
-33027.232555069655,4.0
-37312.986059461095,4.0
-19092.58172848977,4.0
-41855.05878547112,1.0
-33080.814736741326,3.0
-41288.3358313195,1.0
-38585.9631231281,3.0
-34891.82015516868,3.0
-30761.583945815128,3.0
-35673.780965748214,4.0
-34314.1600338887,3.0
-29010.54664503801,3.0
-19538.752094545373,4.0
-16518.55647387504,1.0
-30366.202618470412,4.0
-39845.92515439754,3.0
-20429.758555593566,2.0
-22337.522358349317,4.0
-33193.19943207831,3.0
-19944.496906373446,1.0
-22415.353493826038,3.0
-28429.440151478833,4.0
-20420.393076669512,1.0
-35361.00834401361,4.0
-22985.30121290733,1.0
-24755.056117210643,2.0
-22938.448214792494,3.0
-20821.7828589516,2.0
-20922.429027485225,3.0
-29600.988427159173,4.0
-32725.9127761401,4.0
-35854.99006848158,4.0
-24849.592267440526,2.0
-23014.682616106496,4.0
-24736.45398943279,4.0
-33377.990037256335,4.0
-21056.858248332155,4.0
-37217.673454436204,4.0
-23364.425410032352,3.0
-25517.117066900544,1.0
-26748.39414199869,3.0
-19241.087531425026,3.0
-32238.22271276477,2.0
-14308.75097269983,3.0
-28302.341954084513,1.0
-18201.52135580851,1.0
-25185.059339686733,1.0
-29843.096461820576,3.0
-38916.09488771549,3.0
-23824.77876696828,3.0
-23573.75677544472,3.0
-23674.757705408785,1.0
-33185.00722268616,4.0
-25406.92874492565,4.0
-29764.54654320642,4.0
-22264.16981352463,3.0
-15733.526644033147,4.0
-35755.53790813802,2.0
-25129.599122249896,4.0
-20766.179807690984,1.0
-36142.04533320114,3.0
-29912.544905878836,4.0
-18474.64126786749,3.0
-34706.34673293331,3.0
-20636.127098609184,3.0
-32174.55370758875,2.0
-16807.090467617756,3.0
-34334.591792438,3.0
-16460.039348402384,3.0
-26259.49815138069,1.0
-28388.48061238396,4.0
-23125.162550012992,1.0
-18912.008899530447,2.0
-25264.737460633176,3.0
-21016.427534975235,1.0
-13587.053561526756,4.0
-23780.65813542845,1.0
-33253.511666269595,4.0
-32377.2518235377,2.0
-27813.26740709714,1.0
-22468.17520216106,1.0
-21669.97981333943,1.0
-18570.484570661793,4.0
-17716.54795986581,1.0
-31060.443721531577,3.0
-26666.959856248657,1.0
-18594.048260465748,4.0
-36450.078919796724,3.0
-35582.96692004385,4.0
-32234.014224437422,4.0
-29579.23781169646,3.0
-25875.163250614398,2.0
-30206.238384943077,4.0
-26672.885007787478,3.0
-22487.144786505436,2.0
-36086.93675149597,4.0
-17851.492007493256,3.0
-16674.662953389627,4.0
-31831.772684027175,4.0
-24315.727819737123,3.0
-26122.595633673525,2.0
-21972.35741164448,2.0
-25827.54189863697,3.0
-19341.745867446964,4.0
-27998.50209776182,3.0
-23945.446870388318,1.0
-38918.447515421794,3.0
-28725.780503152408,3.0
-35231.08039788735,1.0
-18714.799160641534,3.0
-23589.19945586585,1.0
-26846.719244336102,2.0
-33929.633604563176,4.0
-37960.17700684813,2.0
-24689.189943565994,3.0
-22472.717611516495,4.0
-18517.447831585814,2.0
-33520.58326123476,3.0
-39806.77538724189,4.0
-22353.53843757757,1.0
-22158.69083101057,3.0
-29584.552181825915,4.0
-39063.83909785835,4.0
-35439.68523245734,4.0
-27351.032780067326,4.0
-19615.467182541222,3.0
-27358.507494983518,2.0
-20030.894617492646,3.0
-16034.107889458159,2.0
-27060.153620539655,3.0
-33636.39332063637,3.0
-31464.215367253506,1.0
-25805.547114368084,4.0
-35688.332816031354,4.0
-16449.67144017542,1.0
-41340.26750641409,2.0
-37534.51643878337,4.0
-39061.10615306524,1.0
-31768.814311764254,1.0
-26384.865831551262,4.0
-17245.590032262997,2.0
-23342.276221499393,4.0
-22541.980452396838,1.0
-29964.324328467785,1.0
-19174.807580012846,1.0
-34085.30086582446,4.0
-26796.220817668072,3.0
-17715.594993607134,4.0
-35349.46993473237,1.0
-32019.298625633695,4.0
-21470.309482101293,1.0
-22255.922618132925,4.0
-14258.950498515176,4.0
-24601.465160109852,2.0
-19543.815455706834,4.0
-31229.826296532272,2.0
-37037.5537373778,3.0
-33056.687430735146,2.0
-23810.691054446826,4.0
-16020.143353267184,4.0
-25994.31309535484,3.0
-30979.548024857802,4.0
-29858.101427638063,2.0
-23864.724120963936,4.0
-34977.22659462451,3.0
-28127.243409800325,2.0
-38458.81022024299,4.0
-26086.005220365983,1.0
-16933.584153788157,3.0
-21751.214534720173,4.0
-23416.041687985737,1.0
-38705.74350990009,4.0
-19880.649920465283,4.0
-18211.26667699797,4.0
-26719.36203617422,2.0
-21732.252185329584,1.0
-30265.94789736814,3.0
-19654.746675973834,2.0
-25771.97401823208,3.0
-24856.036177272596,3.0
-22203.83991967448,4.0
-33223.433291826856,3.0
-31673.44740708755,1.0
-29174.98979323158,1.0
-21750.21923886985,3.0
-32915.01797131067,3.0
-30323.451453397312,3.0
-30634.29744845094,3.0
-16995.452097183974,3.0
-33537.67149468852,3.0
-21700.22146265833,4.0
-34585.32285194192,1.0
-29456.324896088823,2.0
-44531.933782456195,3.0
-28552.441579939707,1.0
-24631.857615258778,3.0
-22845.86385117903,4.0
-17817.345678988102,4.0
-22030.046141548508,3.0
-18497.25344272124,3.0
-21089.69875515514,3.0
-22312.233183692828,2.0
-21841.459621736496,3.0
-39508.85244289324,1.0
-23083.828635428523,4.0
-21742.54158326307,2.0
-27863.074502130778,3.0
-17221.046999353177,2.0
-34607.32098486085,4.0
-28841.33108248254,2.0
-25637.480618148165,4.0
-19168.86576681306,4.0
-29200.76793548576,4.0
-18916.289441592686,3.0
-36787.51934541271,3.0
-16646.216397412223,4.0
-32689.011799609954,1.0
-15999.210662219139,1.0
-27750.912756250917,2.0
-25981.878123408347,3.0
-26728.800366595016,4.0
-30154.364169578024,3.0
-35116.96639144739,4.0
-34737.936904525544,4.0
-35510.7994496623,4.0
-23580.87977095394,3.0
-29468.892015499558,3.0
-17668.1228167075,2.0
-22619.985597535055,3.0
-24549.027119936487,4.0
-31935.23719575725,1.0
-27786.313067485444,4.0
-37145.051481731396,4.0
-37237.491844167394,4.0
-25499.916566161493,3.0
-30556.43604681929,3.0
-28464.073876083305,3.0
-29516.56008441627,2.0
-22822.69548824437,2.0
-18569.621915899632,3.0
-18829.083437836485,3.0
-21830.065033703955,3.0
-29930.925895724144,1.0
-16936.31672240426,4.0
-34502.447930496586,1.0
-30022.802690656255,3.0
-18036.520178699287,3.0
-33605.74382116601,4.0
-32115.95743110068,3.0
-16996.183692510287,4.0
-25459.866023733488,1.0
-29896.185791076052,4.0
-16899.273308131305,1.0
-33043.793388847196,3.0
-35528.718388502355,1.0
-24803.521031462915,4.0
-20217.895979802674,3.0
-13120.928548929987,3.0
-19087.74189545209,3.0
-23199.757610382505,4.0
-37064.952127071774,3.0
-35253.43987452451,3.0
-17073.122549981177,1.0
-40511.53201090817,4.0
-30093.830047644653,2.0
-38445.759005085405,1.0
-29315.989324253183,4.0
-19544.036002583787,2.0
-15756.602128303657,2.0
-26606.76171610858,1.0
-28558.211327935394,3.0
-28207.936170579782,1.0
-28070.071736309852,3.0
-22465.979344768708,2.0
-41780.23126364168,3.0
-22685.480171470615,3.0
-39957.96850655146,1.0
-16294.158961582481,3.0
-36930.47184791532,4.0
-33199.365957358306,3.0
-22444.26768228191,3.0
-18254.24399175775,2.0
-37968.89954535086,2.0
-29269.426863460663,1.0
-27905.58328008449,3.0
-22032.7735189278,1.0
-27365.82269156706,2.0
-24924.95961282548,4.0
-37816.38480096188,4.0
-17392.929356518765,4.0
-37608.26426924073,4.0
-16504.336134203062,4.0
-23013.926023274038,4.0
-27311.40154888584,1.0
-19365.3813593521,1.0
-39121.29000106323,3.0
-28590.48892393728,4.0
-39000.22745709141,4.0
-30449.937512814267,1.0
-29485.977031178758,3.0
-19470.94989504882,2.0
-37007.33345931175,4.0
-33923.987298858134,4.0
-34900.504860873516,4.0
-20361.783180048897,2.0
-34918.93927572771,3.0
-35907.53039309668,4.0
-40731.26411956676,1.0
-33650.134955296475,1.0
-17441.6380780167,1.0
-20343.05116912035,1.0
-24376.960693972702,4.0
-28162.645768798102,1.0
-21496.294268895454,2.0
-21722.890221814894,1.0
-15845.654573516616,2.0
-25588.511157063742,2.0
-28202.508965000663,3.0
-37101.31957979842,1.0
-30939.232215378288,2.0
-33215.56069657327,4.0
-23407.549708230654,3.0
-21931.610816104538,1.0
-30590.649725095584,1.0
-33354.40894279873,1.0
-29789.533442996442,3.0
-41507.86363004116,4.0
-40207.434670801784,3.0
-19771.171968250146,4.0
-18627.805245707677,3.0
-34597.37054636009,3.0
-25422.65265098797,1.0
-22384.62889769704,1.0
-31224.75362235822,1.0
-17115.34659040918,4.0
-24920.302488586538,3.0
-28128.28987289731,3.0
-36222.37540792768,3.0
-17961.404002110954,3.0
-25551.887641500805,1.0
-26389.927956781623,4.0
-18912.947852101817,3.0
-23775.468983407125,2.0
-20774.297659546162,1.0
-27949.54000747907,1.0
-40017.405200541594,3.0
-20628.67058045013,3.0
-30780.620431339943,4.0
-37074.53223495637,3.0
-22649.218732110105,4.0
-18503.340973533486,4.0
-37361.845002116104,3.0
-18573.712366098447,3.0
-22410.212172374468,3.0
-22597.843066422167,1.0
-21811.577503880217,1.0
-38445.121751128725,3.0
-30135.32421359725,1.0
-39646.59119014407,1.0
-33349.8805254044,4.0
-30237.24924283757,3.0
-33424.09199160279,4.0
-26174.62452459576,2.0
-17618.24967326348,4.0
-36020.77022511602,2.0
-38573.81013444143,3.0
-28177.33031718753,4.0
-19475.419489745935,4.0
-17717.845327329327,2.0
-27261.753924693956,3.0
-32899.84698000156,1.0
-40141.80218367732,1.0
-16300.195043060037,4.0
-24489.383982491796,4.0
-28092.576907857856,3.0
-31451.451872539383,4.0
-24681.856215585616,3.0
-16793.18271004497,2.0
-33121.1142931878,3.0
-19166.355719831274,2.0
-25209.05403856347,4.0
-40272.52569025709,4.0
-23559.53295014079,3.0
-30242.030136137368,4.0
-32505.306378292513,1.0
-33518.05783453318,3.0
-21799.218430323926,4.0
-25349.942033083375,3.0
-23438.560187521878,3.0
-34485.48791039554,4.0
-28191.738867447497,1.0
-29801.12453841407,4.0
-28962.869027759363,3.0
-34686.25569734261,4.0
-29464.849534636578,3.0
-25221.56636959575,1.0
-34543.70455117501,4.0
-24895.50371787449,1.0
-35449.718397228906,3.0
-36218.8511051312,1.0
-34052.75323649971,4.0
-32825.51107604896,2.0
-38609.40959630551,1.0
-17478.078107103145,3.0
-31181.443841811655,3.0
-20914.414852103087,2.0
-27496.98387938223,3.0
-16566.612038088653,4.0
-27227.702223146836,1.0
-19758.55556031003,3.0
-20207.484393637424,1.0
-26585.357076364762,4.0
-31296.3992095219,3.0
-21934.52656882868,1.0
-27838.954679961545,3.0
-24312.72298306798,4.0
-19616.096391026593,3.0
-30106.91303291817,1.0
-18273.753541006477,3.0
-17356.118667685998,1.0
-17080.06321052433,4.0
-27749.72649495355,3.0
-18742.04241999536,2.0
-31145.065960483666,4.0
-29813.226358540014,1.0
-37173.04472460153,3.0
-31402.186892427595,3.0
-25243.75895639651,2.0
-25311.662741566157,3.0
-25526.60498159737,4.0
-29245.56125232454,4.0
-20539.321935477892,2.0
-17098.75599731455,3.0
-32616.0733111475,3.0
-38572.646195900015,4.0
-16642.396593940764,3.0
-37601.322408599095,4.0
-34766.56351435272,4.0
-16493.99021644255,4.0
-18052.525769841428,3.0
-31269.894235332064,4.0
-28691.21629529453,1.0
-31814.941430401264,4.0
-21354.502564872884,4.0
-39581.82686715023,2.0
-24833.74542794977,3.0
-39826.01845025741,1.0
-26374.387970086682,3.0
-23578.000717706524,3.0
-28428.163327714385,4.0
-31551.253680870355,3.0
-20707.78632754247,4.0
-20178.44760585622,1.0
-28440.027475183768,3.0
-30821.746288549974,4.0
-36944.32367136222,4.0
-18091.89406483915,4.0
-20821.6710064709,1.0
-37967.46693026877,2.0
-26489.180869423475,3.0
-31798.46565039054,4.0
-19613.13125432864,4.0
-36226.387051105965,4.0
-20754.923665229384,2.0
-30419.287085463122,2.0
-27682.91323698707,1.0
-17895.19327258076,1.0
-24037.777984154975,4.0
-30769.800498938366,4.0
-20419.244617889548,3.0
-33365.15375399086,1.0
-22803.291857743563,3.0
-33830.75923197092,4.0
-19019.08474296724,1.0
-19908.817707171285,4.0
-41822.55327491979,3.0
-30184.670187929787,4.0
-20626.800062708033,2.0
-28827.475667175633,2.0
-24706.31146229171,1.0
-28708.981941862603,3.0
-43790.36280906243,4.0
-23760.725614624516,2.0
-33419.48944936943,4.0
-24219.698823636492,3.0
-35785.320666803455,3.0
-24870.759693608987,3.0
-16168.235488942064,4.0
-23404.032391114488,4.0
-35275.798799740456,4.0
-23906.999175114845,2.0
-21292.590758772436,1.0
-41886.51808283622,3.0
-20400.22350984212,2.0
-28225.504790813535,4.0
-30943.08713632361,1.0
-18998.565460021833,1.0
-15604.16274806283,3.0
-30412.866518069746,3.0
-24372.66494095168,3.0
-22531.201955682405,4.0
-31812.20027711241,1.0
-35095.13040351732,3.0
-36558.7380550699,4.0
-41098.90260962199,3.0
-28862.391338095993,4.0
-26305.719364566936,1.0
-35473.341924540146,4.0
-16862.37048154088,4.0
-27564.236670526956,3.0
-18415.626479216768,2.0
-29746.040382933985,4.0
-36666.72676143424,1.0
-38323.42106135725,1.0
-30044.991071770877,4.0
-29121.827283068636,1.0
-25686.840653375955,1.0
-21093.195852032713,3.0
-23121.907789807046,1.0
-23631.928534032522,3.0
-30332.586504694722,4.0
-20319.27882088594,3.0
-21465.704975765893,4.0
-16700.58305691937,2.0
-27991.40336312273,4.0
-35576.51431423852,4.0
-36216.734488638016,4.0
-29059.027029784447,2.0
-35649.71232590133,1.0
-16029.497773139625,4.0
-16785.008945862275,3.0
-30830.490220544863,3.0
-20089.299668983174,1.0
-31793.07493585675,2.0
-32963.30320498059,1.0
-33702.643231709335,4.0
-23129.254704544084,3.0
-24265.63636023708,2.0
-35446.67270128566,4.0
-22914.969308827356,3.0
-34165.951853629944,2.0
-19904.634270765928,2.0
-26757.558154465238,4.0
-19995.32663727199,1.0
-22313.38516479995,1.0
-26590.120408934465,3.0
-34522.534363446466,3.0
-18940.919743456107,3.0
-24338.19031853159,4.0
-35547.796676253274,3.0
-33149.22280644031,4.0
-27235.78723030473,1.0
-42650.74873616677,4.0
-22035.8662357516,2.0
-32834.25224074391,3.0
-31137.133078840547,3.0
-28216.557143076985,4.0
-30219.343815945795,4.0
-23870.602293606105,4.0
-17422.98439188793,3.0
-25197.043149238314,3.0
-31742.49440353685,4.0
-39619.988703072726,4.0
-29958.65086475866,4.0
-20521.861595287468,1.0
-22989.504410697828,2.0
-22974.033296349884,4.0
-24134.243612439834,2.0
-13889.906614447786,3.0
-32881.020843098726,3.0
-37122.15220548623,1.0
-17612.16467876973,4.0
-20743.37072735202,3.0
-28263.17567683018,2.0
-35463.95123044479,2.0
-18800.379296955995,1.0
-19032.495627708187,4.0
-29607.99775301455,4.0
-25208.684357176524,4.0
-18126.012340020752,4.0
-36147.416696591165,3.0
-21182.802586289563,3.0
-18592.36420252129,4.0
-23576.544772815334,4.0
-35682.63648977947,4.0
-27786.992296894143,1.0
-28135.5500632084,2.0
-20348.284347241908,4.0
-31634.755016770792,3.0
-24549.754711700945,1.0
-38456.85917242301,1.0
-17720.044803785746,4.0
-39385.28290798033,3.0
-31348.859356218454,4.0
-17203.67300384082,4.0
-34998.20668209523,3.0
-20328.178551247882,1.0
-28447.53094776921,4.0
-34229.60322930046,2.0
-24036.411706367377,4.0
-29056.553181721923,1.0
-18396.968253371844,4.0
-39809.441441285424,3.0
-29590.17488726882,4.0
-27257.596874208386,1.0
-19992.560087149563,3.0
-26842.942886420453,3.0
-29913.75687427476,1.0
-36985.87029411949,1.0
-27219.337154119865,1.0
-28317.966460432737,4.0
-32952.93349501726,4.0
-31719.152094550423,4.0
-34577.26503486509,2.0
-18652.995043690014,3.0
-35728.508416395765,4.0
-18129.47118321037,3.0
-26101.719292918948,3.0
-25120.311661846707,2.0
-27521.287235176802,1.0
-32167.109250674468,2.0
-42114.68522663892,3.0
-32667.594216457273,1.0
-21859.264398107374,1.0
-36860.20266206797,1.0
-27965.39450925272,3.0
-39595.786068152855,3.0
-41531.43392286175,4.0
-19347.418582290335,1.0
-28710.53470847806,1.0
-26887.03737753085,3.0
-20464.747398864434,1.0
-27283.11772645025,2.0
-16006.07799784187,2.0
-31057.048013100244,2.0
-27110.055627364178,4.0
-31470.66805832725,2.0
-38126.862498130635,1.0
-30672.48497422694,4.0
-30822.29055020975,4.0
-24420.82360872229,4.0
-37658.346037148964,4.0
-23991.569212921615,3.0
-29185.155985065834,1.0
-34888.34448417154,4.0
-35057.21860667667,1.0
-33104.0252085823,4.0
-29903.962102337937,2.0
-25239.158490395712,3.0
-38076.357198505386,4.0
-25380.58118017065,2.0
-37663.257925915816,4.0
-33025.5879934665,4.0
-19143.596473341688,4.0
-36996.5298796788,3.0
-31791.841746337715,4.0
-18482.754384867425,2.0
-29788.452577881657,1.0
-17461.807320103602,3.0
-25196.568822194677,3.0
-29558.51710444246,4.0
-15421.04100445001,2.0
-23039.26703052967,1.0
-30150.635902439906,2.0
-39104.369889558206,3.0
-36146.123744950644,1.0
-22440.664874614184,3.0
-36150.48469009872,1.0
-31554.405426942973,2.0
-19230.44871886574,2.0
-23119.234961170987,4.0
-35267.343356284866,4.0
-32859.77799342868,3.0
-32746.102974907368,2.0
-16159.124130897064,4.0
-27044.014392529265,1.0
-28909.791797810605,1.0
-39717.586926190765,3.0
-31986.932569484172,2.0
-20008.219738177486,1.0
-31121.60710204085,3.0
-40008.06976743479,1.0
-33863.94538597668,4.0
-24793.213217047745,3.0
-34445.49398051346,4.0
-20423.320507387725,2.0
-31077.069872730077,1.0
-30915.137798743042,3.0
-30574.571932152412,1.0
-30278.03674414024,3.0
-24667.274217631057,2.0
-33262.792373586824,3.0
-22301.611990002006,4.0
-20534.520158629693,3.0
-33512.67330883475,3.0
-21265.20070337548,3.0
-26477.293092620537,4.0
-21569.029237519317,1.0
-18060.533253600373,3.0
-19442.710291958014,1.0
-27212.387022032504,2.0
-31684.853236362622,4.0
-23795.734004014485,4.0
-32695.690974873032,2.0
-19892.899014722527,3.0
-26584.670964500125,4.0
-38361.85080080098,2.0
-16808.916134578903,2.0
-28264.843853956078,4.0
-28479.121417178852,1.0
-26901.78249169589,3.0
-31673.713474777778,1.0
-18212.52685651274,4.0
-29867.881372071897,3.0
-27561.749211633578,4.0
-27258.893500855986,1.0
-36035.642095253905,1.0
-26749.00793721468,4.0
-30198.83986145095,1.0
-22699.387008874728,2.0
-18033.201203352244,2.0
-24575.581924502592,1.0
-28709.1503486304,4.0
-27840.420572162308,4.0
-26472.362961364684,3.0
-32583.678299514828,3.0
-23030.674536510858,2.0
-17102.495146779675,4.0
-33347.469193636236,1.0
-30743.666280841986,3.0
-22515.676616317738,2.0
-20083.79859077849,4.0
-20179.048499516924,4.0
-17314.479853956254,4.0
-28129.41082672239,4.0
-34182.35521715491,4.0
-33576.02104051452,1.0
-24262.76515440807,1.0
-32216.80578710743,2.0
-36001.471523526554,3.0
-25227.07411490412,3.0
-21822.342920963492,1.0
-25984.673925497962,3.0
-36442.645383293915,4.0
-19063.61368632267,4.0
-23658.838930605933,4.0
-29690.331708528414,3.0
-33324.08045403543,3.0
-23072.920768207976,1.0
-20756.05959699958,2.0
-29321.114308771146,1.0
-35555.33581907152,1.0
-31376.508139189486,4.0
-33573.35651393343,2.0
-17055.221693945707,3.0
-29677.254355177625,3.0
-28071.583862376654,1.0
-19841.838484772492,1.0
-22335.203850593996,1.0
-31949.936719203506,3.0
-23705.87269076392,3.0
-26149.049220525307,4.0
-37521.16331024103,4.0
-27995.89737048132,4.0
-19610.963883983335,3.0
-37256.69816481565,1.0
-37948.879991481066,2.0
-17011.98138158725,3.0
-15199.166846745778,4.0
-20187.69058884018,1.0
-32481.965995720515,4.0
-19049.374342839103,1.0
-34241.46007040635,3.0
-29654.59115140133,3.0
-30047.873915081524,4.0
-23300.004983328752,1.0
-46316.40940273543,4.0
-31046.0969094982,1.0
-20354.760337600546,2.0
-26693.895811618935,4.0
-38076.0559519923,4.0
-21319.888719544368,4.0
-33563.61743745069,4.0
-34178.069260895805,2.0
-29310.286811370326,3.0
-20622.525402282507,2.0
-20024.93418519559,3.0
-28979.027302982162,4.0
-34404.45460355269,4.0
-20160.874385954306,4.0
-21463.592827746135,3.0
-17987.91808714386,3.0
-25057.080159431054,2.0
-23238.669208023384,1.0
-16065.653785106575,3.0
-16324.11114380583,4.0
-43624.56927088561,1.0
-17559.986069946866,4.0
-16393.712611012917,4.0
-37568.98715739096,3.0
-16996.320967432934,4.0
-29029.103930834186,3.0
-24560.094228346934,1.0
-21959.849136846846,2.0
-16376.839582982007,4.0
-24976.55672337921,1.0
-26711.40310030193,2.0
-18596.249387891847,2.0
-26433.455927123592,3.0
-40724.030365365375,1.0
-27461.46639214171,1.0
-25162.151595622083,3.0
-20195.935649851683,3.0
-26727.328807477068,2.0
-32705.13068674945,4.0
-33386.090724508475,1.0
-16720.689479139884,4.0
-21960.371052876842,3.0
-17532.941652860005,1.0
-19337.8644983402,3.0
-33539.724595368985,3.0
-22734.723599301935,4.0
-19738.631400646096,3.0
-30130.98311831842,1.0
-28811.309573249422,4.0
-24108.752475433423,4.0
-29888.105561867786,4.0
-31346.855592293185,1.0
-40532.43208200675,3.0
-36543.06829475298,4.0
-22305.806807528497,1.0
-21562.7449426878,1.0
-31395.39995836113,2.0
-20488.4015263578,2.0
-23767.177865779988,2.0
-22322.206961768625,3.0
-20514.03964740644,2.0
-30132.47933963139,2.0
-25517.534798590874,4.0
-25299.391227427288,1.0
-29723.657947778116,4.0
-21625.38880678331,4.0
-21304.98828155602,1.0
-19249.702537215606,2.0
-22540.418309145287,4.0
-40115.96560084666,4.0
-33057.75766468923,4.0
-35363.77281257258,3.0
-24279.47615099941,4.0
-16862.188952175966,4.0
-31605.555589437543,2.0
-28267.007642039724,1.0
-22918.21192518231,1.0
-24299.079382018488,1.0
-30576.51862757509,1.0
-32522.788551104735,2.0
-20716.67551600327,4.0
-25514.713024449924,1.0
-28015.288632898635,2.0
-23427.47795564768,1.0
-17836.237338389605,3.0
-35857.31373255263,3.0
-39899.02937038566,3.0
-35778.55577546883,3.0
-32623.956184674607,1.0
-25181.860566046762,1.0
-37315.72408832432,4.0
-40159.81475891803,1.0
-31309.832283341086,4.0
-30116.822537383836,2.0
-21493.57634531464,3.0
-19941.667616519862,2.0
-37589.87157221277,3.0
-27784.089613975368,2.0
-30890.99996502109,1.0
-17927.21979623444,4.0
-25107.952286899967,4.0
-33389.41720779312,4.0
-31287.831810584383,1.0
-31916.87400889216,2.0
-22343.841235354997,4.0
-19647.06818887077,3.0
-39969.56179359014,1.0
-20534.04441907329,2.0
-19574.1724310375,2.0
-25340.41325363767,2.0
-17062.202467580115,3.0
-19662.274909320684,3.0
-20455.922892583898,1.0
-23545.21761491473,3.0
-24259.866327482698,4.0
-20257.79486787501,1.0
-28708.457194536764,3.0
-30252.27163972288,3.0
-21505.038462626402,4.0
-31260.98478241906,1.0
-24761.721588654116,4.0
-35788.17441195532,4.0
-17295.644529119225,4.0
-15433.910551302699,4.0
-31327.752899248026,3.0
-22101.10525356757,3.0
-38428.95471221644,4.0
-16383.1339395754,4.0
-16477.939658123432,4.0
-24753.047438495192,2.0
-31089.86025723639,3.0
-22576.771953254436,4.0
-27802.932450679844,1.0
-37049.544914954975,4.0
-27700.575333921835,3.0
-23343.565091956676,2.0
-19593.151923285113,2.0
-26394.61304746454,3.0
-35075.654483414095,1.0
-34659.77629173898,1.0
-30643.782150555242,3.0
-25347.94699692062,2.0
-30617.042821248764,3.0
-21349.967969884885,2.0
-18907.79219722313,1.0
-20459.17028821868,4.0
-41420.18937446775,3.0
-27523.700267713422,1.0
-24217.489681712275,1.0
-24324.26922933886,2.0
-29448.361434638497,2.0
-39941.38126690611,4.0
-35296.726921841975,2.0
-34216.85266163462,3.0
-21428.105632392642,1.0
-16937.774210971125,3.0
-36935.798814518756,1.0
-32817.365507421906,4.0
-19944.246267697552,4.0
-36853.376895113484,4.0
-28946.3455355379,1.0
-28179.59970102051,3.0
-31942.843349148512,3.0
-27193.28006487833,3.0
-39483.64323072248,3.0
-40962.4401074195,2.0
-20290.528415431047,4.0
-23753.005918053932,3.0
-31364.301627068395,1.0
-20017.288257553446,3.0
-25753.143643528445,3.0
-24842.401524087552,3.0
-20647.87821711058,2.0
-37801.26508233523,3.0
-23928.20359569058,2.0
-18360.90546183208,4.0
-31404.92590452546,3.0
-21868.603608274432,2.0
-26957.716072364274,4.0
-29320.85431442364,3.0
-24898.977580418974,2.0
-28975.718152896607,3.0
-22435.837097014246,3.0
-33008.160302795906,1.0
-40925.03574510875,4.0
-28255.563651537865,2.0
-33657.92304108038,4.0
-18769.70088219511,1.0
-24882.06321367513,2.0
-33522.801599226324,1.0
-16004.330999292757,4.0
-23938.185334592687,1.0
-37970.189787274634,4.0
-25548.513642422393,3.0
-40017.344680436814,1.0
-31175.948319900486,1.0
-27531.367306216933,3.0
-34639.20791143614,3.0
-36158.41204376012,2.0
-23230.804147381947,1.0
-37618.94177619916,2.0
-17318.830161195776,4.0
-18896.09146480845,1.0
-30443.494705077486,1.0
-34732.79613577087,2.0
-22216.54522324762,2.0
-27543.408306239784,3.0
-18905.894823130227,1.0
-30977.54175748836,4.0
-37565.48922305654,1.0
-22352.83826753123,2.0
-17935.808010349152,4.0
-19799.990595481646,1.0
-14845.687652214125,3.0
-35538.692398068924,1.0
-29969.72098553664,3.0
-32883.608179332674,4.0
-26410.474661289947,1.0
-27644.99997631709,4.0
-39114.37354903018,4.0
-19968.86056114464,1.0
-31673.049455289314,3.0
-40029.58325747667,1.0
-20428.74348017697,2.0
-35551.288409833185,1.0
-19828.136492155027,3.0
-24004.23003576457,3.0
-27207.81306086354,2.0
-23788.62317251524,4.0
-30077.56974032604,3.0
-36545.88959288492,4.0
-27952.710022441483,3.0
-28553.49887029579,4.0
-31026.389367519412,4.0
-37074.42676801266,4.0
-28772.420302804632,1.0
-32747.141856238377,2.0
-29861.607046045843,4.0
-34451.618135318044,4.0
-35996.38041508981,1.0
-34347.2675775414,4.0
-24367.481200668546,3.0
-19122.557655462853,3.0
-26023.870335946573,4.0
-39083.56091499324,3.0
-24710.33964095442,4.0
-22985.35929519492,4.0
-20427.7526320938,3.0
-30837.0857469286,3.0
-31386.69172705622,3.0
-27977.798245473987,2.0
-31446.690833391298,3.0
-22913.392559091615,3.0
-34118.477773939,4.0
-21883.771283503786,2.0
-35547.410348214435,3.0
-20797.522345644953,2.0
-26164.463014376455,1.0
-20687.02793221382,1.0
-34810.44462860201,1.0
-36295.07111504391,4.0
-23328.513169082085,4.0
-34215.46532663154,4.0
-20877.65028992756,1.0
-24180.678220951086,2.0
-17796.75932745763,3.0
-34145.514936502776,3.0
-27092.03869687697,4.0
-21023.901002158615,3.0
-22940.714807146953,3.0
-24375.659663654977,3.0
-22358.025237268528,1.0
-27472.748398407537,4.0
-21351.30946426512,3.0
-34248.43048072147,4.0
-33719.254352266726,3.0
-34073.13452294636,3.0
-21962.197482079828,3.0
-35599.40119740394,1.0
-23182.69815495232,3.0
-26177.71090139726,4.0
-31989.6057985249,3.0
-30649.370844731144,4.0
-28768.048858984905,2.0
-33114.53267906394,3.0
-18627.92314169446,4.0
-25557.757556265406,2.0
-21779.744076696796,1.0
-24105.398605487437,4.0
-30989.801290493553,3.0
-20139.309439554876,1.0
-17906.465461207543,1.0
-32656.630359871568,3.0
-28199.31475244082,3.0
-23803.604060688296,2.0
-21914.676337860103,1.0
-35941.78335219469,1.0
-30862.638158362046,4.0
-29923.446727070994,1.0
-16365.79989434177,4.0
-29594.647819443144,4.0
-18447.77887024453,1.0
-24097.804706415318,1.0
-25975.5088198689,3.0
-29089.90112866747,2.0
-32141.083365601113,3.0
-21261.369870988812,3.0
-22452.99729040738,1.0
-29953.636053109665,2.0
-32133.197995231145,3.0
-23040.67965791162,3.0
-25330.679797099438,4.0
-33553.593472418506,4.0
-29750.20497398313,3.0
-31253.21771817058,2.0
-22903.50230244039,4.0
-19921.56110122962,1.0
-31512.08869031571,1.0
-28929.49245462231,1.0
-30257.445629104317,1.0
-24554.505144517276,3.0
-39464.28230433131,3.0
-36376.18603635706,4.0
-31828.85203343175,3.0
-19400.817179371043,1.0
-15897.605613230611,3.0
-33337.2417068085,3.0
-32728.632121365747,3.0
-24487.6983002971,2.0
-36841.892346815104,3.0
-20745.859437196024,1.0
-20846.417817207683,1.0
-34183.28435759108,3.0
-19007.667358071456,1.0
-22106.391151983582,3.0
-40573.55070201241,4.0
-35626.313261791736,2.0
-22304.5768860134,4.0
-40762.14398794362,2.0
-34426.5103308173,2.0
-31429.087336084238,4.0
-37082.73107454632,1.0
-38011.070659064644,1.0
-32785.600627032574,1.0
-24565.286685977248,1.0
-20374.934276356726,1.0
-17997.894568029304,4.0
-33364.69185724057,3.0
-21681.005584456012,1.0
-25165.077734967523,1.0
-21513.929013893303,4.0
-28549.97991785303,3.0
-17426.656961327575,3.0
-35371.58305327559,1.0
-15363.729158380906,4.0
-34936.211744136555,1.0
-19758.06604454473,3.0
-39035.7502677924,4.0
-22187.43290701352,2.0
-22006.971130011414,4.0
-32465.077229202572,3.0
-20903.569604161105,3.0
-39011.40202792613,4.0
-17894.109871682722,1.0
-27927.739026480984,3.0
-19260.642568453637,4.0
-19301.756515087458,1.0
-19541.80636231151,3.0
-27767.02106335356,2.0
-33493.19258584862,3.0
-31936.796231833854,3.0
-20664.180771284766,2.0
-29095.319187027235,3.0
-33270.44000188273,3.0
-14562.617601597969,3.0
-28277.516771628245,4.0
-28458.768337492897,3.0
-31732.47459686589,3.0
-19099.67065879642,4.0
-36539.259308825254,4.0
-22096.611772014647,1.0
-34662.462876333244,3.0
-32983.7592833791,3.0
-25518.05303644414,3.0
-36056.77373046674,3.0
-16787.471876089105,3.0
-32578.892760362,3.0
-35325.253722263915,4.0
-20464.630394671884,3.0
-25976.432059017334,4.0
-18947.227742538846,3.0
-35782.8812691605,4.0
-32614.40292191649,1.0
-38095.1722628859,3.0
-20153.145518813868,1.0
-23418.045175856587,4.0
-25752.378164626614,2.0
-29001.20368924805,4.0
-20835.66015823085,1.0
-29690.687092638655,2.0
-27842.43465955052,3.0
-30959.678037591206,3.0
-22355.478261886718,1.0
-33237.15611387257,4.0
-19525.23078814448,1.0
-28342.79515640438,2.0
-35728.7899539966,4.0
-18524.043415104115,3.0
-38211.02932448933,3.0
-32952.5567219827,3.0
-30315.1321099558,3.0
-17069.643766708123,3.0
-30285.465078490226,4.0
-20046.82477983378,1.0
-29962.859754191282,1.0
-17646.745804661667,1.0
-27274.31127025542,4.0
-15508.189996526648,1.0
-27014.637418109807,1.0
-38776.91950273284,3.0
-32427.262644019676,1.0
-15701.763150599032,3.0
-32033.781901218987,3.0
-37411.814434331085,1.0
-22192.366394957164,1.0
-32174.997722625434,2.0
-30977.228749330658,3.0
-25060.34842278556,4.0
-31910.98000304108,1.0
-19178.571155490765,2.0
-17019.162571545832,4.0
-20253.226527993513,1.0
-31109.42417999539,2.0
-21768.070522420363,3.0
-23393.520107269804,1.0
-19344.990133518324,4.0
-40306.960977666335,4.0
-20671.240226792735,2.0
-29533.450657757414,4.0
-28301.850921450103,3.0
-33653.76502283155,4.0
-17834.59671917745,3.0
-28380.11027880115,4.0
-35977.277950425225,3.0
-24872.796027834138,3.0
-27765.506970410515,1.0
-17213.575905097452,3.0
-44853.20327882048,2.0
-31113.876722571,3.0
-37089.86864372158,4.0
-35299.8531848683,4.0
-32086.671765247684,4.0
-35158.90266301228,4.0
-25768.08727817338,1.0
-24666.79009465083,1.0
-30260.07953191935,3.0
-37094.29374746001,4.0
-31128.141569906296,4.0
-34822.38726061236,3.0
-39283.10764993545,3.0
-35017.73412116273,4.0
-34111.17746258924,2.0
-39597.59219893725,4.0
-30317.054393479768,4.0
-32511.243304988995,3.0
-22830.782271199307,2.0
-23030.58972831222,4.0
-34692.287433438076,3.0
-35031.59191353022,4.0
-36494.84342729587,3.0
-22596.391290293286,1.0
-34279.44557750815,4.0
-27604.816210426325,3.0
-27347.98823831058,3.0
-35607.348360779535,1.0
-22160.12016911452,2.0
-19302.263803335543,2.0
-19737.16248848136,3.0
-36106.134397364454,1.0
-30927.210052053597,3.0
-30968.422215193357,4.0
-26420.4985147994,1.0
-29851.10382530279,1.0
-21933.484367030083,3.0
-33175.812026640066,3.0
-28886.22462148084,2.0
-18561.38134562127,3.0
-25257.384531537537,2.0
-35953.50467447108,3.0
-36744.55665476636,1.0
-24270.867480997214,3.0
-35913.67772898087,3.0
-22356.990878656692,1.0
-30965.88356799964,1.0
-40462.19209824591,4.0
-19290.014988122006,3.0
-33090.1652265726,4.0
-21770.691466035165,1.0
-33862.75718574621,3.0
-29882.54144740516,3.0
-23889.619277311056,4.0
-17333.556508359023,3.0
-21857.161645502354,1.0
-26728.8368557578,2.0
-30023.226394712437,3.0
-24765.093492473632,4.0
-16664.948506549106,3.0
-15753.408261232467,3.0
-30078.509344333786,3.0
-31547.059335344977,2.0
-29138.68531956986,3.0
-18716.270297120518,2.0
-34397.80555311375,2.0
-22165.50271856788,4.0
-18676.94939532102,4.0
-23340.57676744931,3.0
-29140.40954188731,2.0
-31302.05669867757,3.0
-20615.631643879016,3.0
-35380.004438013464,4.0
-28022.1935384229,4.0
-22856.206244202003,2.0
-22817.56825300183,3.0
-32254.62597547257,1.0
-33341.174332585695,3.0
-24986.958304617398,3.0
-33881.12728340825,3.0
-29548.43736520988,3.0
-30026.85119125492,4.0
-26024.933173924655,4.0
-33858.31032209137,2.0
-22956.748334758704,3.0
-25017.9347661739,3.0
-31492.93139659766,3.0
-23575.75044619501,1.0
-29890.0085950151,4.0
-34146.521634653334,4.0
-18755.010991341882,2.0
-28065.66015245811,3.0
-18967.629535643307,3.0
-40553.28445720847,3.0
-31198.692066993506,4.0
-37057.307645281675,2.0
-21159.848374835397,2.0
-30174.662786066772,4.0
-19814.560394632834,1.0
-26832.804760744028,2.0
-22643.025947984734,1.0
-17877.45480356241,1.0
-34482.73390859445,4.0
-27365.694202763225,3.0
-39018.70189680277,3.0
-37514.98181616086,3.0
-25074.289064059234,4.0
-38508.83290480384,4.0
-16435.880366427315,3.0
-19730.615941019107,3.0
-36542.36198724918,4.0
-37741.86353258767,4.0
-23394.56995540977,3.0
-30497.672340301113,4.0
-19069.904299882757,2.0
-34314.3343448783,1.0
-19210.91923503363,3.0
-34788.866204942286,3.0
-32093.614201219432,2.0
-15621.085387203872,1.0
-34718.485543627794,3.0
-25797.764921580005,1.0
-34963.60197445704,1.0
-36392.11217799314,1.0
-23067.082835888083,4.0
-24306.69140967405,1.0
-23406.2470287959,1.0
-16878.809094066848,3.0
-37527.148435609044,4.0
-35944.083077192096,3.0
-17341.601902813294,4.0
-20728.904633909387,1.0
-20109.658869148367,3.0
-19573.862683553798,1.0
-34846.666093459484,3.0
-32860.12431968436,3.0
-28042.85679915832,3.0
-41108.285607732585,1.0
-25653.457354511153,4.0
-27407.952216870483,3.0
-15898.688514322379,3.0
-22738.97127299283,3.0
-32840.097047149415,3.0
-34433.71208169573,3.0
-20629.472019725592,1.0
-34099.883488265616,4.0
-19891.016334210268,2.0
-30801.70372400659,4.0
-30371.309410413985,3.0
-42770.90791179199,1.0
-31643.237861171412,4.0
-22870.04438874569,3.0
-30691.790337539078,4.0
-26717.101285841116,3.0
-25392.08430464169,3.0
-18850.25083167756,3.0
-25058.03562700175,4.0
-27846.516586164234,3.0
-33007.401957595706,3.0
-22959.778932387788,3.0
-20927.397247597935,4.0
-32018.015324202985,4.0
-30345.045817814465,3.0
-17000.83192975398,4.0
-39554.42854821714,2.0
-24518.7591313409,4.0
-19814.569883113254,3.0
-29154.9320872608,1.0
-22297.371540448516,1.0
-17634.05822430528,4.0
-30245.755988290468,4.0
-19189.712900062055,2.0
-24333.626110411766,3.0
-21906.64539647969,2.0
-17517.54015408742,1.0
-15135.629203145854,3.0
-41025.86272020731,1.0
-17407.621653389244,2.0
-15514.178452290389,4.0
-20323.809575772655,1.0
-22390.694470664846,2.0
-41769.34352485211,4.0
-36901.03077262905,1.0
-16431.499151614422,3.0
-17885.806650386145,4.0
-31812.531560422394,2.0
-20523.176167856127,4.0
-17315.02520320713,4.0
-31241.72439160133,4.0
-31080.7352853045,3.0
-21944.8090371545,4.0
-22121.150805786485,3.0
-24939.277686742927,2.0
-31756.339905990688,4.0
-39652.548182566476,1.0
-25008.24329559905,2.0
-34602.92777860628,4.0
-21957.912701863697,1.0
-28003.415093587017,1.0
-29971.25631423766,1.0
-37744.90381993797,4.0
-30179.963437214934,3.0
-36331.267271424585,2.0
-29466.2495112451,3.0
-21812.6624938276,3.0
-17265.574185354875,1.0
-18681.07163108291,1.0
-29771.800326704528,4.0
-32947.898643783825,4.0
-25174.29281145797,1.0
-24854.32511953574,3.0
-39173.518848577085,1.0
-40658.193330139045,1.0
-30735.33327943425,4.0
-28406.77800923847,1.0
-34242.12403090339,4.0
-26141.058219483602,2.0
-35826.93556384173,1.0
-36952.062850106195,3.0
-28509.960859985684,3.0
-38393.53842633896,1.0
-22535.890646598855,2.0
-36000.48669829512,3.0
-24974.743560140992,4.0
-26469.54362121147,3.0
-26033.551324770848,4.0
-32677.783706308845,3.0
-24864.46706945488,1.0
-39914.40320894195,3.0
-19829.922196072006,4.0
-17808.036033433513,4.0
-25221.247275092843,1.0
-28415.105985387738,3.0
-23601.366188089716,1.0
-21764.24799948677,4.0
-21115.608636133922,3.0
-30128.413237939018,2.0
-36038.71012214818,1.0
-20591.957038810382,3.0
-18268.82826478562,4.0
-26563.79058967477,3.0
-31899.011000941042,1.0
-22917.55771518436,3.0
-22248.65964085242,1.0
-18960.27253334692,2.0
-35526.08755509509,1.0
-31115.431606254253,1.0
-29126.898328192066,3.0
-19892.927151635493,2.0
-25606.259137501227,2.0
-18363.86825649988,1.0
-45273.670985778284,2.0
-38355.90931728337,1.0
-24620.11832153422,2.0
-23176.8016347535,2.0
-36613.56413022772,2.0
-26485.10702135684,3.0
-41737.477160241484,4.0
-27684.816790171106,1.0
-31144.909285477705,2.0
-27579.133454929608,4.0
-27160.60750453989,3.0
-28378.041767647792,3.0
-31113.430364154094,4.0
-24722.573029570754,3.0
-39052.4438581887,2.0
-32192.692983303394,1.0
-37575.2845209218,3.0
-21043.59089190652,2.0
-21409.94670714787,3.0
-33688.04398459639,4.0
-32517.380678859503,3.0
-19276.943419865085,4.0
-32019.995684475412,3.0
-29387.92163829384,3.0
-19209.952750109573,4.0
-29730.79138141041,1.0
-24349.377136066607,1.0
-34563.37877034125,3.0
-30315.793257373196,3.0
-26059.832077417057,1.0
-39888.95692289036,3.0
-29989.558686038334,1.0
-22903.921636334533,1.0
-24536.876447289025,3.0
-34589.422023800216,4.0
-29903.76434629467,3.0
-37502.74739241327,4.0
-16324.912742994087,4.0
-23602.579287177934,2.0
-17422.789286291656,3.0
-22173.492485992563,2.0
-23916.32237899711,1.0
-16526.127896586728,2.0
-22058.584082208203,2.0
-33307.86313878289,1.0
-34436.976431431365,1.0
-17452.735155411196,2.0
-23857.77294533728,3.0
-23664.79624554435,3.0
-32530.734210365517,3.0
-31103.63547836199,4.0
-26520.596668884682,4.0
-23129.689344363178,3.0
-30499.470737825563,4.0
-29108.890567342678,1.0
-31929.60253991538,1.0
-35906.9332279106,3.0
-22556.463679126053,3.0
-32637.485266272517,2.0
-27197.268207675654,4.0
-23449.671729337653,3.0
-32292.57911358801,2.0
-39190.37910578727,1.0
-20588.565137330657,4.0
-35044.010502371864,3.0
-37150.46084725845,4.0
-23997.617691728377,2.0
-35542.62866852849,2.0
-29664.464958539094,3.0
-26400.689073864385,4.0
-30059.753439420223,2.0
-29285.903980060248,4.0
-42087.682499411036,4.0
-22833.90215302133,4.0
-28716.359461347456,3.0
-28221.624667190576,3.0
-20692.55111555098,4.0
-42972.569615469445,1.0
-21885.834935132934,1.0
-18775.351972256853,3.0
-17003.734695751547,4.0
-37278.39583120421,4.0
-26020.85413482447,3.0
-25175.440198372937,3.0
-23221.9201164607,1.0
-22966.943096706746,1.0
-23697.377708540767,3.0
-27491.68755904778,3.0
-21738.16531073689,3.0
-33381.12172380209,2.0
-23737.903102116063,2.0
-16750.60920804992,4.0
-32538.182601536282,3.0
-38711.0602829743,1.0
-28908.81335924605,3.0
-20615.5796370914,1.0
-26672.952613914676,4.0
-33391.93044888819,3.0
-20107.85110786975,2.0
-25675.884705075758,1.0
-27397.61815129633,4.0
-29000.467978913373,4.0
-26866.744292721807,3.0
-18321.4356875941,1.0
-17441.491712635416,4.0
-31102.214994574377,3.0
-24808.790928382045,3.0
-30950.61103310371,3.0
-29208.346122314208,4.0
-31970.44103956542,3.0
-18111.244378423875,2.0
-24924.3936767748,4.0
-16874.346044819147,2.0
-24003.073561424688,2.0
-20729.05736530764,3.0
-34034.39120516531,1.0
-25529.56398053073,4.0
-31293.447097931086,3.0
-28103.833908054257,3.0
-29012.986317795432,1.0
-19767.66089982255,2.0
-28233.313016628996,4.0
-31183.327236760284,2.0
-19263.68405207764,4.0
-23360.32901801604,4.0
-35528.758965020126,4.0
-19243.66287332414,3.0
-40976.827439784145,1.0
-19577.807643948494,1.0
-31151.492705361903,3.0
-29893.420491404577,1.0
-30905.40863521855,3.0
-34105.19745874072,4.0
-13364.9252641803,3.0
-20834.96903085287,2.0
-27099.70605793144,1.0
-37596.375224413,4.0
-40047.956623301376,4.0
-19182.051525406914,2.0
-21273.21008188578,3.0
-30531.664659140148,4.0
-19292.587877126058,4.0
-20286.67308192034,3.0
-29455.465243843028,4.0
-27281.35948306672,1.0
-35522.90194406886,1.0
-26160.475895161733,3.0
-20338.543155319938,1.0
-24342.624437955663,4.0
-28495.760293299812,2.0
-19288.891508730274,3.0
-38826.15832666482,4.0
-23174.75247931993,1.0
-19086.581963537494,2.0
-18427.606722640998,4.0
-41605.4496260177,3.0
-34148.56993079678,3.0
-13838.981083625547,3.0
-31162.07111573039,3.0
-26196.31143360918,1.0
-20275.138858347334,1.0
-15729.368174941204,2.0
-23073.498713871002,3.0
-19530.35091772214,1.0
-27745.47060271517,4.0
-29561.93703630849,2.0
-23538.426855366466,4.0
-35363.96700157477,2.0
-33468.715657768415,1.0
-28678.79929507616,4.0
-29793.824572495054,2.0
-26357.280543271932,3.0
-32116.621934639872,3.0
-24298.26932838749,1.0
-21227.00718257798,4.0
-20551.792730010944,1.0
-41507.64688455894,4.0
-26193.09562339097,4.0
-27350.6410209545,4.0
-19783.528683554807,4.0
-30754.361809766415,1.0
-20316.503582812704,3.0
-32244.312292239556,3.0
-35384.9426943764,3.0
-28950.698140482353,1.0
-24278.83073602228,4.0
-18207.114147768356,4.0
-29691.480009788913,1.0
-33312.87082850089,4.0
-35342.95901490008,4.0
-27002.573014960155,4.0
-29298.561033924416,4.0
-25972.33106012208,3.0
-37123.797789817894,4.0
-29278.580159818768,4.0
-35419.598698336,4.0
-16951.87671150143,3.0
-37166.711126485076,1.0
-32744.0419117581,4.0
-15304.626269473909,2.0
-30580.143017457383,3.0
-28597.53183816413,4.0
-23621.394952930204,1.0
-18430.540165526843,3.0
-23198.320688906228,2.0
-16573.280574810553,2.0
-27301.4996547291,3.0
-34335.51793239225,1.0
-38989.67669138701,2.0
-35034.83423472458,4.0
-27653.55523226114,3.0
-34551.52880763436,1.0
-37245.85073188154,3.0
-34231.972937068116,1.0
-21256.176492101527,2.0
-27471.556393631414,3.0
-31016.39654617922,2.0
-19195.94465322873,1.0
-36615.60343851535,4.0
-13047.033920281494,4.0
-23659.946980280543,3.0
-29222.23215934418,2.0
-29842.834367794363,4.0
-21249.402746744516,4.0
-30521.63409260161,4.0
-23591.16602893235,3.0
-25257.051882943826,2.0
-31949.008369966523,4.0
-37172.31790186605,4.0
-26547.684166984243,4.0
-40422.18079681574,4.0
-25494.017260560104,3.0
-19034.639925363826,1.0
-32718.869218384563,4.0
-27151.60105986351,1.0
-20082.15778289724,3.0
-26670.164524830398,3.0
-28324.80139273079,3.0
-20341.306466015514,3.0
-19389.103028056426,3.0
-21300.980832944424,1.0
-20329.767417438674,4.0
-23143.291024047474,2.0
-34983.97174455309,2.0
-20452.828956645015,4.0
-29725.03274387709,3.0
-29812.72144964923,1.0
-37569.76138339878,4.0
-30645.157100632918,4.0
-29146.417218748607,4.0
-18216.993184294686,1.0
-17911.051411611763,4.0
-18390.424141474414,4.0
-23583.189924819497,3.0
-21706.38217316848,1.0
-19451.67962677516,1.0
-23034.345508146867,4.0
-24668.419779166154,4.0
-19557.58823402733,1.0
-31339.17978654004,4.0
-33332.058496027625,2.0
-25734.26121732054,3.0
-25654.744299305352,1.0
-42340.73823765942,4.0
-26740.4458332683,3.0
-37642.56406602222,4.0
-37793.250180662915,4.0
-27452.257353045978,1.0
-19886.70257547572,2.0
-34815.139649102086,1.0
-27995.838439675186,1.0
-33273.840185234,3.0
-38502.374262636826,4.0
-22304.321464672776,3.0
-34724.77717071331,3.0
-31145.866759298573,4.0
-26990.687869191137,3.0
-34145.12601815966,4.0
-18005.173912448416,3.0
-27963.923310007496,3.0
-24100.824605959533,2.0
-25936.00775501059,1.0
-20859.70945320235,3.0
-19827.216821561524,3.0
-18725.734648485093,3.0
-23459.898046713504,1.0
-24717.33369876383,1.0
-18723.498378650507,3.0
-22611.620985289333,2.0
-21949.09944089041,4.0
-29828.333510900426,1.0
-32084.014390686887,3.0
-29282.542043241658,1.0
-29182.390461076626,4.0
-27155.593315216986,4.0
-27881.01392083723,1.0
-20791.60445163661,3.0
-30311.353723345004,4.0
-27044.277766330182,1.0
-36465.77450091995,2.0
-18595.406729348055,4.0
-27598.084250949418,1.0
-37500.27220667151,2.0
-24092.53148607668,1.0
-22497.06324900805,4.0
-25445.317418297753,2.0
-33447.09204393474,4.0
-37779.99767747455,4.0
-36876.24001075741,3.0
-37769.12371610018,1.0
-34205.14542493895,4.0
-36526.79399723868,4.0
-31623.690095646387,3.0
-22491.19483348336,2.0
-27485.788014017908,1.0
-34101.734307678256,2.0
-32567.43497845672,3.0
-35193.097014580235,4.0
-33504.505240607665,1.0
-18962.123903531578,2.0
-25326.252294434627,4.0
-17529.732079243702,4.0
-30286.602136129142,1.0
-17898.9807270618,3.0
-20427.11704886342,3.0
-31044.619262047734,2.0
-17647.21225343339,4.0
-21068.459613127627,2.0
-30438.00143336042,4.0
-32486.952347730858,3.0
-27857.15195649823,4.0
-35810.141782430306,3.0
-17772.097648722745,4.0
-34705.58407937485,1.0
-34278.08463687869,3.0
-19043.333060437566,3.0
-16890.18033298637,3.0
-36490.11937678667,3.0
-21663.31643957842,3.0
-25239.810182796402,1.0
-32725.99939757443,4.0
-17879.8789201728,3.0
-16667.985370478928,3.0
-22512.84646465801,4.0
-36498.40666848015,3.0
-36962.66963166989,1.0
-30280.294263812506,2.0
-35663.828827345445,4.0
-17823.482303344867,3.0
-26592.838493380044,3.0
-25870.844537986646,1.0
-34676.92924648135,3.0
-28224.438463207138,3.0
-22563.37492808984,2.0
-26134.190509276832,4.0
-43069.90663614991,3.0
-28992.57187237042,1.0
-20600.77760410616,3.0
-21735.99646772839,4.0
-20644.907550762753,2.0
-30433.68034334601,3.0
-25361.746171696377,1.0
-30257.1010045206,4.0
-35182.113440136425,2.0
-27174.780180940023,3.0
-32174.482044513446,1.0
-30149.122316644105,3.0
-19625.91850830973,1.0
-31450.28690257947,1.0
-35237.51929297822,4.0
-24636.542555142925,3.0
-30832.135033732193,2.0
-29728.802697098137,3.0
-39222.4256198344,4.0
-31745.22325705648,3.0
-33016.66759698664,2.0
-36216.935515272984,1.0
-30750.763335028885,3.0
-28354.689399661373,1.0
-35082.18655808135,4.0
-16908.63045511207,4.0
-26349.881226976293,4.0
-24149.181629222086,3.0
-17948.99191257483,1.0
-37075.5179133761,4.0
-31071.44456510479,2.0
-27133.63377556284,4.0
-33051.467509909075,2.0
-18953.3870380671,1.0
-31053.36363236961,3.0
-16359.724743955037,3.0
-39464.423890432416,3.0
-31074.58717229787,4.0
-39083.4147823571,1.0
-22694.280124001365,1.0
-30596.107055809847,1.0
-24803.244855190565,4.0
-31095.817879356822,3.0
-19007.498053415435,3.0
-28346.97676199372,1.0
-34090.62965276841,3.0
-36021.177915401786,4.0
-17293.346869881818,2.0
-38704.22447859507,3.0
-21187.514333629602,1.0
-27368.491496361232,3.0
-29768.10713406968,2.0
-26590.53895069976,4.0
-17020.47617532735,4.0
-31127.940609672725,2.0
-28564.51321653352,1.0
-31134.350902406622,1.0
-16339.061002234295,4.0
-26523.38149590142,4.0
-19827.24381983555,4.0
-25166.121662367914,4.0
-18711.02054159802,3.0
-22305.588231282072,1.0
-19784.652343452974,3.0
-32243.649170407763,1.0
-26204.376386157957,1.0
-26929.69441398435,1.0
-28948.062139079422,4.0
-39242.44072139417,1.0
-37661.87414719439,3.0
-25018.23883516714,1.0
-25738.942709815903,4.0
-25843.687328785196,3.0
-15005.606823614358,4.0
-16393.127055381727,4.0
-20731.018950677026,1.0
-35828.21143925583,3.0
-25248.269670082398,4.0
-25530.48153007189,4.0
-37161.506197889204,2.0
-17517.159918307952,3.0
-19139.469546655786,1.0
-23232.119085520942,3.0
-35447.70965213407,3.0
-40986.32270841563,2.0
-38599.48371315416,2.0
-19389.448956340624,4.0
-34850.57442302059,1.0
-21546.62134727572,1.0
-24146.963985085124,3.0
-17603.24650776792,2.0
-22035.215184945828,2.0
-24101.06296339846,4.0
-21360.12906797881,1.0
-22728.76365366281,4.0
-30124.24345115561,3.0
-20966.841432791858,3.0
-19578.978870328734,1.0
-26739.492303176034,4.0
-27476.72724348565,2.0
-36560.878134149236,4.0
-27206.919205707614,2.0
-27939.91825030079,4.0
-31671.377693837436,2.0
-40598.972630654454,4.0
-30470.672855428234,2.0
-27370.5564504427,1.0
-42847.37895892554,1.0
-19492.51346641368,1.0
-35396.77120594908,4.0
-16349.663009139638,1.0
-17581.33665803998,1.0
-39956.23744684671,3.0
-37912.82550080908,1.0
-19039.34053288715,3.0
-36570.65062286182,3.0
-39129.38351695677,1.0
-30288.999901754614,2.0
-36939.68241689197,4.0
-19449.114284689687,4.0
-41645.88321796417,1.0
-25485.98105406291,4.0
-28618.82783703332,4.0
-27107.295080941076,2.0
-19228.999121737703,1.0
-30014.981232793456,4.0
-32486.476657357303,1.0
-44157.6485127789,2.0
-21046.546883215455,1.0
-28898.70982373728,2.0
-34516.39574903292,3.0
-37616.41287264446,2.0
-21941.828809512775,2.0
-36113.728992072225,4.0
-25194.449887655348,1.0
-33131.790270339436,2.0
-21821.815902018487,4.0
-30413.941147904687,4.0
-24452.90707818666,3.0
-27879.505352965487,4.0
-28109.63383118205,1.0
-22633.413517563582,4.0
-21025.09431774629,1.0
-29397.637124745823,1.0
-20269.863372931286,3.0
-18669.840612501128,4.0
-39663.91592061066,2.0
-30563.00231581585,4.0
-21412.297353241782,1.0
-33691.902072756406,2.0
-36810.61422297802,3.0
-30402.24778218152,4.0
-28322.084402023305,4.0
-30338.10158092294,4.0
-29841.35668865058,3.0
-26276.910308574956,2.0
-26509.166296611427,4.0
-34372.13734403944,1.0
-26243.741396440608,2.0
-30358.35612333666,2.0
-23252.65975533253,1.0
-24955.57199753335,2.0
-39867.79555791906,2.0
-24959.720727448177,3.0
-15498.818326374541,4.0
-33720.534777356945,4.0
-20337.733984549734,1.0
-23984.827634756464,4.0
-27871.69736683427,3.0
-34216.14261631648,1.0
-40287.04063575268,1.0
-35552.69831172511,4.0
-22924.157402228695,3.0
-21243.914978149038,3.0
-35507.80697345009,2.0
-29093.810321855985,3.0
-30050.225821500688,3.0
-31999.632047511943,2.0
-38312.11041664839,2.0
-24713.629354611778,4.0
-36251.4688088174,1.0
-40460.32579312583,4.0
-20960.522945641154,1.0
-33008.62472454333,3.0
-24132.2134636338,3.0
