sal_5_lc2vs0_iate,olf_x0
-28715.249686179264,56.0
-41565.501973125996,85.0
-45772.818142885895,51.0
-38092.49604391925,54.0
-51264.53570445512,38.0
-31427.586397243245,28.0
-36321.626581250726,83.0
-42925.453129004156,52.0
-31801.108059058468,12.0
-48508.64573304874,39.0
-55624.60451616281,14.0
-55007.17634090209,71.0
-54994.699906349895,41.0
-42397.75749511925,51.0
-33971.06470117066,62.0
-57449.96176534514,17.0
-30471.792955020854,67.0
-53774.373127900595,1.0
-34413.43164460671,16.0
-56979.30476848636,31.0
-54862.498398136726,54.0
-32576.349227631345,40.0
-38390.6195125575,6.0
-58376.53989406924,56.0
-54424.272960833405,44.0
-56812.901297699864,47.0
-49155.88018186944,26.0
-31572.917694482236,59.0
-29560.64817528914,63.0
-55984.47487845683,15.0
-40860.47167776922,59.0
-56830.632379196046,38.0
-41598.787718314146,32.0
-48573.57234004096,57.0
-38769.7440509272,27.0
-46115.905968485546,33.0
-47968.37160784687,57.0
-50631.544597811204,21.0
-40771.60620038542,42.0
-47538.035132723126,18.0
-35389.99247527305,68.0
-57539.13597286692,30.0
-42903.002437973424,41.0
-52052.518781298415,30.0
-62298.25660100421,37.0
-47785.326820378184,26.0
-60560.801472904,2.0
-35776.19187495491,75.0
-28610.462477439338,33.0
-55915.250933526826,40.0
-30129.517317308568,75.0
-62057.93050466748,37.0
-36999.93456422009,34.0
-52017.118172786984,71.0
-41302.559001921,12.0
-38780.59998374518,75.0
-58994.0473697041,49.0
-36280.97437566454,33.0
-41931.33844080594,57.0
-47371.27750761547,71.0
-35760.5629610708,54.0
-30304.7843919838,35.0
-59684.60426132793,9.0
-32283.378069454506,24.0
-37197.107334372784,14.0
-51444.74602776311,81.0
-30302.800736185134,47.0
-32305.166432921542,31.0
-32455.52418078969,38.0
-39599.358166023994,44.0
-33856.77366023425,23.0
-57827.23328703434,26.0
-51422.94651442509,63.0
-33738.8754441185,41.0
-54932.46906915153,69.0
-54766.726933848535,55.0
-41413.195456283865,29.0
-34091.34259616438,7.0
-32469.271067910955,3.0
-54927.490690077604,9.0
-57389.9204764816,62.0
-55877.35000863322,38.0
-36792.01156735611,54.0
-55398.932277917804,69.0
-38943.12351971055,5.0
-39864.1106716816,54.0
-28596.413759058596,49.0
-60550.80640833221,28.0
-31374.760551440566,29.0
-50126.200210622774,33.0
-41096.69278549947,35.0
-37432.63442104671,57.0
-52491.99341423507,25.0
-29221.398805773177,47.0
-51986.86123558468,64.0
-50665.76135500006,14.0
-43611.50446925066,66.0
-38960.767030979485,24.0
-30182.19197143699,63.0
-44002.68352953189,57.0
-52296.89761674216,20.0
-56545.452278572375,57.0
-51659.57263205855,48.0
-34912.845481867014,54.0
-30394.991546714224,59.0
-55210.79585532325,71.0
-45314.943382418394,58.0
-45701.52394466546,65.0
-34701.91175948195,38.0
-60672.94457311327,14.0
-37952.1105548299,47.0
-50374.74332741147,38.0
-31704.67228474959,14.0
-42327.19908077008,28.0
-50366.3321242972,18.0
-31251.270175556772,69.0
-42793.2846417296,57.0
-38974.24598413349,75.0
-40406.4167087445,41.0
-59001.31917561736,82.0
-48211.94549755275,34.0
-53256.96902039188,27.0
-55153.56546992407,15.0
-40238.9957043749,34.0
-37624.2904469934,57.0
-42274.67087459546,58.0
-62164.259194059734,45.0
-39667.33855062847,28.0
-52014.77129809445,75.0
-42663.7279547773,43.0
-32640.73627842037,67.0
-43238.18087518902,23.0
-54252.249936752225,47.0
-33334.59829274801,75.0
-31823.39801214051,76.0
-43780.51205337726,47.0
-52248.53102550644,43.0
-55057.42840722152,58.0
-62651.83054914286,36.0
-30761.444930302412,42.0
-51274.14789678804,11.0
-28788.668179412765,15.0
-60119.619066311585,26.0
-41640.102321285536,5.0
-53467.22610338758,30.0
-50730.84308675653,23.0
-60527.72596346497,21.0
-31904.362523116746,11.0
-41503.91135932377,23.0
-32551.88329793313,43.0
-58923.56160052892,48.0
-31215.841151391505,54.0
-34697.748225772535,2.0
-62323.205092380085,35.0
-31216.21464160476,29.0
-39129.47066695505,45.0
-40820.982509502064,21.0
-46323.33266134393,26.0
-32417.749412483645,12.0
-36459.74593653593,83.0
-59821.210136474416,65.0
-52378.09714171653,62.0
-30694.714537425956,72.0
-54697.9185427256,14.0
-41171.57488402021,20.0
-57986.42254048781,63.0
-42980.22223180061,33.0
-59316.621832837845,7.0
-50086.66028685759,64.0
-43659.32483401624,82.0
-52447.27530406219,50.0
-34224.785418814914,22.0
-59490.235588855765,65.0
-54685.61951294278,46.0
-42209.24786724504,15.0
-36439.21384011111,53.0
-38420.18315601151,34.0
-50287.10396309861,40.0
-33538.64605089208,57.0
-54922.14816032328,6.0
-28771.83868331985,63.0
-41566.31556162753,46.0
-41729.36190838968,75.0
-30303.19001635342,70.0
-30971.535278098534,64.0
-61640.08223484293,23.0
-43706.60639052616,43.0
-31312.143512975563,76.0
-58777.9993838232,9.0
-59396.82876592381,27.0
-58605.38612126701,56.0
-54173.93622781098,17.0
-48203.087990308086,42.0
-36706.41293495586,15.0
-41252.97428597145,62.0
-59607.62738141026,62.0
-34228.46577858093,21.0
-36090.85972234757,58.0
-51286.32346384805,24.0
-29133.956072401765,49.0
-35772.792306825184,60.0
-58661.88934686986,57.0
-37835.46915149411,13.0
-28589.386403471286,38.0
-34945.526066029386,32.0
-45919.3743397394,31.0
-36935.29135171294,46.0
-36554.641972582176,22.0
-41802.934438511395,42.0
-35318.392965279134,11.0
-45999.32955195254,4.0
-42435.530973341825,32.0
-59748.96309965047,22.0
-45665.31358212522,27.0
-52460.170736522996,44.0
-51859.328809365135,22.0
-55584.94084572646,34.0
-53132.5203526928,4.0
-56358.4396672282,69.0
-51135.052190049486,60.0
-28482.677985806433,23.0
-50821.59223354857,20.0
-35380.60770382152,16.0
-33013.08221780132,5.0
-50183.74091684387,17.0
-43205.57509736745,14.0
-31612.74166475369,35.0
-46704.817711159296,22.0
-41128.92407936568,71.0
-37531.557321233915,52.0
-42429.73100793613,32.0
-43691.548086423696,46.0
-50601.829310322,59.0
-45935.04049140933,42.0
-29397.00890420819,56.0
-57343.202863962484,23.0
-51738.066968725136,72.0
-40702.56896795514,43.0
-53151.73381818073,11.0
-39053.330592124854,14.0
-60802.72070355086,44.0
-54263.14238906718,33.0
-57446.850140371535,58.0
-37373.10408515264,40.0
-44766.04315102435,35.0
-43017.294075881364,39.0
-51423.39196408389,43.0
-55091.652510234344,71.0
-32015.384040561094,19.0
-63067.97220150839,54.0
-30165.02175256297,74.0
-45912.93807434887,37.0
-37297.45991755476,79.0
-59644.76009299832,33.0
-48355.985403433966,19.0
-59991.60497889084,54.0
-57282.54457584222,53.0
-30181.415629577557,21.0
-60647.179740427324,58.0
-50684.91417180546,45.0
-58311.41424339509,26.0
-55829.14887766867,21.0
-52540.70581406061,12.0
-49873.17072216084,37.0
-55452.761735022206,38.0
-53720.306714589475,67.0
-46053.34056726598,28.0
-33465.08709001107,54.0
-28640.639015597197,41.0
-40979.83910366209,39.0
-58761.55175783551,45.0
-37635.01504533409,21.0
-40445.1419957479,31.0
-56010.16579163025,24.0
-31371.930982226473,28.0
-39124.4370569916,45.0
-47561.61514914325,28.0
-30805.77045990318,56.0
-55044.67172263586,29.0
-40328.820057502526,84.0
-42607.31823389546,60.0
-39224.51365044079,20.0
-35137.02375118504,42.0
-36393.256550058104,10.0
-54237.66706017104,52.0
-49732.246937498494,36.0
-52571.790250361984,11.0
-34133.02854636857,28.0
-38342.94759502422,39.0
-39793.675739769,49.0
-54171.791310309614,59.0
-35186.12318212549,43.0
-59041.6502330114,39.0
-37383.6398892759,16.0
-36567.176838289386,19.0
-43423.63358862846,30.0
-29488.608618845297,46.0
-51786.956434447624,45.0
-28728.021933360615,62.0
-44026.75767679905,60.0
-32310.802899377093,6.0
-41383.61880264395,78.0
-40783.6995305758,26.0
-59604.95862828419,39.0
-42211.67720078374,85.0
-36491.59824294337,60.0
-35541.41863641261,54.0
-55644.27422154047,67.0
-42164.90732020772,54.0
-48644.24264766914,26.0
-37035.662939592294,64.0
-29520.778104798494,16.0
-60175.80177226868,28.0
-40467.35927284875,26.0
-35694.25849234307,48.0
-62535.5720954726,30.0
-55810.86372258664,15.0
-29325.890709384163,43.0
-58109.17368147272,12.0
-39350.13019037228,50.0
-53335.49326033819,40.0
-29183.76418870538,45.0
-58296.14480818972,53.0
-30173.239978544316,9.0
-44573.750430446555,51.0
-44590.831254360586,8.0
-39354.374449837094,80.0
-30920.918674212055,58.0
-40902.81547857896,33.0
-33722.02366983725,39.0
-28854.573966013377,47.0
-48790.76135267955,51.0
-60781.19616872598,7.0
-52932.13723819622,24.0
-43769.29207097238,67.0
-41164.99230156542,29.0
-33156.33508692235,27.0
-37313.19816950017,40.0
-29603.666016667165,23.0
-55182.83919534911,41.0
-38453.14354407356,5.0
-35437.71948990795,11.0
-52922.93532643164,53.0
-57302.37074731577,29.0
-57058.1761482939,17.0
-50129.63850371418,24.0
-42082.858450893786,3.0
-54230.424815575636,53.0
-37387.5785147757,38.0
-42078.48440957941,22.0
-56017.179490187526,62.0
-32836.27976691229,55.0
-28102.446351187573,27.0
-52988.10257254014,47.0
-34396.28496183982,6.0
-42145.32242601464,22.0
-32948.94718686836,42.0
-41277.73494444862,57.0
-31640.07548181239,25.0
-43250.48640211301,26.0
-42544.2053776624,60.0
-62501.94591845115,43.0
-47980.29364726345,44.0
-53438.377904608744,50.0
-29290.476062290163,26.0
-40546.71059545014,39.0
-38466.564150677725,50.0
-58702.821159321946,41.0
-58480.35948481485,45.0
-43224.34900652067,61.0
-36467.44082863019,51.0
-31234.72155788962,59.0
-57692.21915317521,37.0
-58933.429036826215,17.0
-43052.07945758381,38.0
-36144.89034667432,15.0
-42214.54912260525,44.0
-55598.190261799464,41.0
-60489.820082307764,35.0
-43678.24247446907,26.0
-31059.280225307037,17.0
-41466.58461700555,56.0
-30396.022349913856,27.0
-28635.090241840837,53.0
-38522.59997101303,13.0
-59679.207332003585,48.0
-52001.59498246189,28.0
-43279.97668571702,40.0
-55735.579058566946,3.0
-32517.952751827776,36.0
-60948.49754062819,16.0
-57910.79032323444,53.0
-60047.05667860758,18.0
-44375.274649755076,59.0
-41835.65035885676,21.0
-32099.662672253806,31.0
-40572.73983736985,10.0
-34874.36897592294,7.0
-47894.74336803074,7.0
-30640.564736759134,59.0
-55694.536859183136,38.0
-46928.419750739704,17.0
-29451.477646693096,52.0
-53387.2926030589,19.0
-49018.378567729254,53.0
-34647.489120397804,38.0
-36416.55378650219,66.0
-28602.969904015907,69.0
-40356.53827605245,61.0
-32861.938960056556,58.0
-51773.382343935984,14.0
-52914.13454117397,12.0
-46610.17439979459,18.0
-42091.33639710627,84.0
-30901.25374034355,32.0
-42254.26043688934,58.0
-54559.34706519151,42.0
-48434.18888204609,23.0
-41089.78652528753,62.0
-57994.8030801893,55.0
-45271.04561853029,24.0
-59000.98318400991,1.0
-44551.60134630702,11.0
-30699.25701478583,73.0
-40867.407607107816,79.0
-42890.84254643809,50.0
-56053.220023682836,50.0
-29172.57395128511,21.0
-30911.275691296134,60.0
-46553.30568968046,58.0
-43091.510091269876,49.0
-52589.69361914155,49.0
-33073.934661387924,30.0
-40211.809132907656,46.0
-46709.67457756543,2.0
-41235.67204959024,38.0
-57446.30800250352,44.0
-44978.97043082993,35.0
-42441.752534044244,56.0
-39111.03979245308,60.0
-51023.83075267968,48.0
-49158.68133972831,40.0
-53444.653703814554,49.0
-31211.56251032236,58.0
-57197.76854951593,73.0
-37638.24378512871,57.0
-56827.722703381965,25.0
-51702.140276086866,31.0
-61536.27535225736,24.0
-47661.78979147467,23.0
-41538.310929720974,18.0
-38724.72872240059,75.0
-28345.34405806085,30.0
-35423.81633280586,50.0
-29489.681943211075,58.0
-32283.700545100248,38.0
-36648.904079690066,26.0
-40183.8112355442,30.0
-54739.494656630384,16.0
-40804.43216133442,34.0
-30865.740233437988,13.0
-49137.74947826976,42.0
-30770.33991342102,50.0
-57221.72009630798,70.0
-48374.75254426619,34.0
-39472.80878213661,67.0
-30113.647786057812,47.0
-43678.168887176675,58.0
-30492.88979396741,65.0
-62394.962290977186,33.0
-32844.58450105405,44.0
-53778.402417827136,44.0
-29416.973318355864,64.0
-51640.03909077295,36.0
-38100.545855876495,31.0
-38716.86419690672,44.0
-47432.51331535808,36.0
-52590.755146406475,25.0
-55283.71172597821,32.0
-57588.0175394682,78.0
-40835.42107034304,47.0
-56230.997156075886,50.0
-32108.687433816194,52.0
-41665.96768080083,38.0
-37091.895350255145,55.0
-55393.85574817416,60.0
-39768.27373576281,43.0
-59654.66018840205,71.0
-54862.47144879313,44.0
-35904.919956558624,59.0
-53188.78302240844,39.0
-52179.478591772495,63.0
-47839.017962302605,56.0
-39661.335889040995,21.0
-36504.93909631015,24.0
-34944.140136400194,22.0
-33154.169353285404,47.0
-52792.358715127586,32.0
-29592.551486973047,29.0
-53809.2910297924,26.0
-55000.27688989549,54.0
-29516.09798359116,30.0
-55981.95600651821,5.0
-50112.936006178934,57.0
-29259.307018205007,71.0
-45002.17922186604,42.0
-54754.7027833786,34.0
-34389.54761327584,19.0
-49723.4364518629,53.0
-52768.16732906219,58.0
-42425.58400365441,48.0
-37570.21938458024,66.0
-28472.308416532305,50.0
-30114.88003672752,14.0
-40323.382812038064,69.0
-57457.67453208958,63.0
-59261.76396676236,7.0
-31544.546256429418,32.0
-59340.20684653721,41.0
-46655.08680652478,60.0
-59855.99484700586,39.0
-43940.46728764572,48.0
-33448.758327223804,25.0
-28547.11184444002,60.0
-40628.025873931634,6.0
-40179.49948740159,24.0
-40004.44462582783,14.0
-48605.05193896657,56.0
-32800.47844276104,59.0
-61458.45340528108,50.0
-37926.99866039834,36.0
-59312.741641132416,18.0
-30095.31346054504,75.0
-57081.62389824999,19.0
-53924.94323592739,33.0
-39714.15294658809,29.0
-39060.71759872596,21.0
-58091.29109448372,16.0
-46598.44641888968,20.0
-41357.419881096386,29.0
-38398.87458567514,49.0
-51214.274847945955,55.0
-38786.03791666984,73.0
-59321.10533866542,26.0
-29570.95244446349,54.0
-55278.103360590016,30.0
-32423.41376551493,5.0
-36423.939832865835,8.0
-45907.26079526348,34.0
-31291.632667714024,57.0
-60198.040457002586,24.0
-40463.4296919785,38.0
-59170.14352073849,41.0
-50604.24959689607,15.0
-44454.15328465455,57.0
-37169.72063225992,25.0
-61624.87148928823,11.0
-55297.115788342126,33.0
-56503.24917597134,11.0
-29661.295179314067,46.0
-57106.71227553868,23.0
-56878.68832367925,75.0
-62571.09028741787,44.0
-56824.61751413417,12.0
-32566.676156568567,22.0
-33087.65492750659,17.0
-41098.876448567375,49.0
-46416.10675486471,60.0
-34942.599213359346,22.0
-42136.37532263064,2.0
-29012.460816509825,70.0
-39411.25071214297,55.0
-40957.55190465215,2.0
-57931.47023276219,35.0
-61133.07143552332,59.0
-56754.89757311215,30.0
-34126.764463420506,9.0
-33723.452751928635,61.0
-52684.48111925079,39.0
-45743.34077222515,21.0
-42614.01679202673,46.0
-62348.68389286651,24.0
-61345.42719239964,35.0
-32775.02734496645,70.0
-34644.23233149899,32.0
-56913.95208181525,32.0
-40279.27318815654,61.0
-40308.25656392217,55.0
-50900.757932889945,29.0
-29745.72295111011,63.0
-43208.85033972497,22.0
-43809.04564549462,42.0
-55601.23466366978,48.0
-28562.791957960697,27.0
-43297.016569565436,71.0
-47598.614053236524,45.0
-29651.55145734052,56.0
-35573.98099352649,4.0
-42278.20123251068,33.0
-46459.70596401503,47.0
-61886.60003349921,26.0
-35385.3304859285,64.0
-42261.630529210066,34.0
-56073.20737384665,52.0
-35270.43753358657,28.0
-32460.12463225674,5.0
-58329.696420916334,48.0
-30617.744754724474,46.0
-42660.842742513356,40.0
-35435.11761487975,54.0
-32998.25278978597,6.0
-58870.24593319163,42.0
-51848.76994035659,40.0
-57414.95878929569,54.0
-47305.49116749143,45.0
-42089.09539758311,47.0
-55194.44434965281,15.0
-46491.523419242614,35.0
-30868.435195398994,17.0
-59230.896315726626,25.0
-56816.908615446824,39.0
-45936.893478505124,62.0
-29588.14626187977,24.0
-33122.61379781825,81.0
-41891.34139270513,69.0
-57241.86872776688,28.0
-60133.12793348129,34.0
-30941.967418355238,56.0
-38298.63214125368,51.0
-45031.07741807825,59.0
-43397.4289647315,60.0
-42228.12389730721,40.0
-29314.08739513091,80.0
-55655.827195942155,32.0
-34376.63965992061,26.0
-40606.59001563628,58.0
-59826.69538370381,17.0
-39496.92660681013,43.0
-45716.90820735856,32.0
-52742.22828010362,56.0
-51881.19746850149,10.0
-37831.014154565535,52.0
-38020.9462169527,4.0
-37580.57730498747,28.0
-58794.90444650002,57.0
-47451.81512729967,23.0
-41770.478032521496,14.0
-46278.75026657763,19.0
-58291.966797193396,5.0
-47262.2242161892,47.0
-44256.19486790791,35.0
-57903.44619185268,40.0
-38280.594791170275,13.0
-59422.31138797691,24.0
-54857.44537705304,37.0
-56003.39030603291,54.0
-51332.153843423446,21.0
-60777.23570885285,58.0
-31415.22392491171,6.0
-45730.64164606569,57.0
-40036.08581669844,19.0
-45114.4542843823,53.0
-30122.887076611783,72.0
-45178.81104498865,66.0
-33757.78722655882,34.0
-33700.9849804248,1.0
-41095.35207475719,71.0
-54689.02754297521,62.0
-39457.97726596416,17.0
-44567.62244716339,70.0
-36914.39809055797,31.0
-35011.368470435744,51.0
-53385.72789583864,18.0
-34876.738905298465,41.0
-30655.33798489353,84.0
-29867.495367373915,17.0
-52104.693431448126,19.0
-34682.2095932011,51.0
-54070.98478063929,17.0
-49395.5452714828,37.0
-60099.91277530349,64.0
-43845.32770523433,47.0
-40656.284383220125,59.0
-46687.10991851187,26.0
-39894.49989854714,87.0
-49314.688127778354,76.0
-31195.148221065818,4.0
-29055.132142665774,59.0
-52862.599872880724,18.0
-59393.538316733386,17.0
-30459.958614468356,43.0
-58158.16200888911,46.0
-54455.54264037471,41.0
-28132.514864402,20.0
-31163.95477265943,52.0
-43714.69913804914,50.0
-45993.05718947068,52.0
-46755.33933842633,32.0
-32791.070628040936,27.0
-57489.66640325302,49.0
-42284.26966539349,71.0
-57751.52469971366,42.0
-50986.28904637742,28.0
-38496.39904388263,48.0
-40086.35243170708,21.0
-54428.811015913714,46.0
-29801.022876045045,49.0
-31213.482376492735,43.0
-45941.11600332495,2.0
-51617.386375781614,42.0
-55590.84243464353,12.0
-31379.391608533664,7.0
-38738.034725575424,48.0
-61140.4823811193,4.0
-38647.62468337738,17.0
-43856.84364589879,54.0
-35628.290294684266,14.0
-52543.06059409767,13.0
-37094.95714940418,10.0
-41676.931625074736,57.0
-46944.84741815773,28.0
-30055.926715542595,62.0
-41027.86296014085,57.0
-50079.776211411474,52.0
-31848.898251873336,52.0
-52286.541703258925,62.0
-40570.06607990937,39.0
-57524.15774742742,33.0
-41211.9297907047,30.0
-33262.86617186158,50.0
-59255.3123572071,4.0
-54904.80673709672,38.0
-41626.57440455166,18.0
-48027.338548099375,32.0
-42495.74152248328,65.0
-44293.91420560164,45.0
-63136.40417358858,44.0
-37863.55387913956,11.0
-59784.522197168066,5.0
-44364.71598920447,14.0
-58695.71432177104,30.0
-40152.7479599348,48.0
-33643.26433914253,57.0
-41529.60729493818,22.0
-57764.258900834575,20.0
-40063.10147741955,68.0
-31061.252274238366,34.0
-60311.01127834336,10.0
-32428.56126342717,33.0
-41411.46207904068,47.0
-46290.91424731545,43.0
-34554.43641083324,3.0
-28181.581083253626,56.0
-52919.598128372534,57.0
-37694.94209062123,38.0
-35633.60154370008,29.0
-54163.35228722531,37.0
-56327.62741445499,50.0
-56603.248297797145,38.0
-61695.84913387804,5.0
-50953.1331665301,64.0
-42128.9172384798,46.0
-56928.92212958918,7.0
-32104.69309751664,57.0
-37586.596702971416,16.0
-29586.452068087816,46.0
-53789.90213767087,14.0
-57213.47849218123,46.0
-60597.15447946911,26.0
-53010.54438498499,60.0
-43405.737443548394,8.0
-40655.86590436488,55.0
-34790.530833523495,54.0
-37243.27297861662,65.0
-35850.49701573914,54.0
-41389.8575835389,21.0
-30373.14777249467,27.0
-37250.493979547464,57.0
-29000.068278536288,62.0
-41597.22148764267,16.0
-60189.69767609934,53.0
-55489.17293580669,28.0
-52124.60651364748,34.0
-56528.86127177223,4.0
-29087.917159182984,34.0
-28843.05147751742,58.0
-53924.504476558395,64.0
-29849.73331100489,23.0
-50563.38290537672,41.0
-54504.16078027396,33.0
-50600.31834238082,1.0
-36420.646679111116,55.0
-40192.467695807616,26.0
-62633.947164393045,33.0
-41949.03096969674,5.0
-56327.286304475245,34.0
-29222.059340936117,49.0
-41057.52525292468,47.0
-30364.78464498195,58.0
-36793.098364106525,69.0
-47977.75221551909,55.0
-57851.48644218047,63.0
-32186.714110750665,10.0
-38111.93791245052,48.0
-58437.21122217857,49.0
-53095.59691229255,42.0
-52769.648712329494,4.0
-59515.121035724274,26.0
-34696.55781776325,56.0
-43169.098698826434,35.0
-49197.21741432236,69.0
-53016.21038241127,46.0
-50448.978294125096,62.0
-41373.45292150728,46.0
-30116.751723636276,73.0
-43545.49912575201,56.0
-51005.86411111688,41.0
-61182.94438322491,57.0
-45463.6518478011,54.0
-34683.3041338681,40.0
-35865.29092028302,51.0
-40894.848424005744,65.0
-39160.98465412491,60.0
-28666.921177091066,77.0
-52707.953657615304,26.0
-56028.57422641721,38.0
-30649.151902846956,46.0
-37306.65380609137,47.0
-40962.56531427613,12.0
-59297.43225146085,47.0
-30981.202626034163,57.0
-34733.24213834224,56.0
-53355.563963905646,75.0
-40925.07170232874,22.0
-29666.13173000049,45.0
-54144.05789355775,9.0
-34736.071551001085,13.0
-33422.242274194716,27.0
-39632.696065426135,43.0
-58222.24505050633,31.0
-43926.07951457607,21.0
-47955.38733690642,65.0
-31957.436445183168,65.0
-51312.655717567024,30.0
-41967.481148913736,66.0
-56339.75393070998,61.0
-29584.31934614083,13.0
-59704.52708303983,59.0
-53890.674562661006,46.0
-30044.089432774574,39.0
-60998.174999088944,34.0
-32379.304546408846,10.0
-42881.040397029996,29.0
-56801.042517538706,56.0
-39465.41482008598,24.0
-49290.87062931832,46.0
-31261.053190312366,6.0
-60048.603666864445,4.0
-46711.457251840286,45.0
-44330.86231181479,87.0
-35258.109515883065,44.0
-44448.7214880229,25.0
-51194.4850547089,23.0
-53381.310509580064,47.0
-51610.46220065802,19.0
-39566.74162832049,11.0
-52076.43678097206,38.0
-49394.92536013533,2.0
-57475.5622617165,77.0
-34811.152774574046,43.0
-57069.9394562371,39.0
-30556.612785546302,21.0
-46602.9649567614,22.0
-40822.64442115769,37.0
-40302.587742435964,55.0
-55496.392829345845,68.0
-60673.72611993522,4.0
-52368.28312667586,52.0
-36973.696449559095,47.0
-55779.41123524647,55.0
-41361.314962524084,29.0
-57607.95717829146,29.0
-62330.085797848675,31.0
-38999.61262179142,25.0
-44630.997926779644,41.0
-39783.371318995356,55.0
-30137.881528279075,53.0
-37879.07915036447,11.0
-31505.795690998686,84.0
-51474.15481921501,52.0
-43648.316401477576,12.0
-43117.75040256385,17.0
-60972.111146908894,14.0
-46767.49739782015,63.0
-48518.24833265154,69.0
-32715.27200027633,18.0
-58670.60852992091,57.0
-37995.45828715648,31.0
-40757.37161570125,25.0
-57146.6896247577,61.0
-55047.096697255925,35.0
-56591.10000949039,28.0
-53243.052550053864,29.0
-44774.867277395526,25.0
-61316.69459749997,40.0
-41876.65774107484,57.0
-59694.307005920506,38.0
-51053.52829651395,44.0
-29263.216641459367,35.0
-62147.515336233046,35.0
-56452.31534291727,25.0
-31288.258172117603,55.0
-50648.850768977514,10.0
-34015.60604774245,64.0
-41443.19506393776,70.0
-43905.267875929,34.0
-29607.009075047736,49.0
-41144.74306419523,66.0
-44612.4504411819,4.0
-63327.56559056968,41.0
-55675.67747754898,47.0
-36957.650159676385,55.0
-60998.94131029575,19.0
-50296.63926617308,40.0
-35109.70719122664,59.0
-36145.37021157051,51.0
-53675.57322811529,63.0
-51434.15130721681,38.0
-52032.28914270199,15.0
-29814.718586259103,34.0
-50818.21355016027,25.0
-40096.331550601055,39.0
-59684.00691924698,54.0
-48750.39751880299,57.0
-36820.725052440066,21.0
-48632.072389826935,53.0
-60885.557183906305,46.0
-54188.47839516563,42.0
-35765.316317452,14.0
-61437.05968409229,44.0
-39549.712829560245,34.0
-53930.05493462998,39.0
-50414.55621730928,57.0
-48863.22117807697,41.0
-44262.26770409985,53.0
-41054.656856096415,50.0
-54218.752208038386,37.0
-41821.255672233856,35.0
-34684.8195291131,83.0
-55248.12590375973,62.0
-32617.744711068524,39.0
-46663.892518670706,37.0
-41076.201551169004,30.0
-32216.486633662214,11.0
-30077.18979270423,29.0
-47749.53354992128,35.0
-60318.85143148237,60.0
-41619.731288322415,35.0
-54017.64295740878,58.0
-41642.08847682504,19.0
-52201.546113125594,75.0
-56986.98501494509,12.0
-30401.580993431307,37.0
-37899.14210268888,26.0
-43880.79439051768,57.0
-47847.64418360652,63.0
-51970.819901541996,37.0
-29974.40445428997,39.0
-54136.10049551941,25.0
-39525.1697086324,5.0
-44620.079797467515,56.0
-57764.06540848039,1.0
-42677.73897178548,65.0
-43525.687136654655,13.0
-42790.2895974976,54.0
-29749.903136275054,40.0
-42547.86962377848,71.0
-55220.760282175615,45.0
-43871.3351871872,66.0
-37868.30495576351,44.0
-53456.75359537686,49.0
-33366.03381046423,29.0
-29357.38768363239,45.0
-55038.68055934126,20.0
-52916.04293296448,28.0
-41694.029263026954,68.0
-34745.25905415698,39.0
-29132.891579542666,20.0
-29734.83568613965,50.0
-44312.32180593303,18.0
-55001.68149841634,29.0
-56631.11934437495,50.0
-38835.84957966708,13.0
-47415.480418878695,47.0
-54771.44103876272,13.0
-45229.854434295405,50.0
-41941.724742676044,57.0
-40213.42462544196,27.0
-58233.926915467746,46.0
-34532.925327425735,30.0
-40569.70204217987,71.0
-43026.87485766543,17.0
-47813.108329839306,8.0
-41930.63422733403,23.0
-33225.31035405608,43.0
-50416.68131683416,39.0
-61389.233316300466,45.0
-52150.08964299034,34.0
-57910.86958864501,26.0
-30584.773390876875,50.0
-52271.377553655664,26.0
-41820.2433432948,48.0
-29763.65368091548,34.0
-32187.933404216048,37.0
-50658.569394129256,32.0
-37416.78930498458,20.0
-43128.224557383,59.0
-59594.52586530019,17.0
-40536.54875358819,48.0
-33748.16583940909,62.0
-57001.55147638193,33.0
-57921.965568468004,17.0
-29194.354847583214,64.0
-29233.0941249408,13.0
-41089.10855675669,47.0
-51515.744350004796,11.0
-35726.568301286214,7.0
-55617.92289930489,30.0
-45179.24933312709,63.0
-52583.5101338192,72.0
-40987.0632310973,22.0
-62057.24582342803,50.0
-51023.417170484056,55.0
-29245.180382453647,26.0
-42272.37215332561,6.0
-54456.114402048195,50.0
-35389.68128271671,44.0
-53984.218501884665,16.0
-52581.31617701188,60.0
-47253.05070474727,35.0
-33367.5940029864,42.0
-29900.09900756424,10.0
-49597.80915013062,64.0
-54768.8289321431,5.0
-36447.22847971148,3.0
-35950.02780735348,60.0
-31589.065758773817,56.0
-38766.65400398582,52.0
-39733.905611522525,40.0
-31905.2314163356,46.0
-29163.573941335013,58.0
-60668.247757828794,57.0
-32656.354922438935,22.0
-31697.37927449724,47.0
-61805.224440487276,19.0
-31549.37191656978,21.0
-42277.77784816994,27.0
-41611.53545441438,40.0
-31088.7752400826,58.0
-29245.933176019094,47.0
-35319.681160190026,11.0
-48562.484330278676,31.0
-31672.591743038258,50.0
-41367.912860047916,33.0
-60369.058679787566,9.0
-41537.56480516104,34.0
-35386.27948603262,22.0
-30785.939814909725,10.0
-45221.364325060305,44.0
-49200.80920559433,57.0
-51055.8589144166,6.0
-30620.405658507196,8.0
-43372.84456490308,38.0
-30247.81032886587,66.0
-28924.899696685072,9.0
-60108.11868255535,38.0
-38807.04147371728,39.0
-30851.48332842812,18.0
-52046.76531137673,56.0
-51553.415134470255,70.0
-42298.1252140938,14.0
-45868.12747939474,25.0
-48869.52433986312,68.0
-62280.75983504189,33.0
-58488.761351243695,51.0
-31559.82953400742,27.0
-34215.65000373769,55.0
-52532.22777423326,42.0
-36582.28286688502,11.0
-39503.14480578536,38.0
-35115.07671017848,27.0
-39179.17974717554,36.0
-53024.585394193746,22.0
-35569.344967484474,22.0
-43644.198928594546,22.0
-46040.27310811632,59.0
-32059.60020823023,8.0
-32245.715038017883,9.0
-31201.446749777035,61.0
-40315.19836458099,54.0
-58698.07837175218,52.0
-49920.3839778783,70.0
-57654.15082950919,37.0
-36795.982889520106,10.0
-29584.803960366786,58.0
-49105.06469918504,70.0
-40569.231686463914,4.0
-41377.04393208034,57.0
-40231.96982682379,58.0
-52971.989777934505,31.0
-55124.831914349954,68.0
-42045.23069450957,20.0
-42579.87961352844,68.0
-45992.46701242446,34.0
-38680.32544637358,49.0
-29643.591054123233,31.0
-55769.96442077708,41.0
-57362.47880164896,40.0
-56304.64348376705,62.0
-47912.56430505367,41.0
-39011.203326688505,70.0
-56727.68085821571,66.0
-60209.342620712756,21.0
-42412.41923787424,12.0
-42708.76951614703,30.0
-39272.43982627842,60.0
-30955.19521026487,25.0
-59307.13432979164,32.0
-40316.362080531304,6.0
-52411.022603219404,21.0
-29308.022445942956,19.0
-36770.20619401553,27.0
-53139.86859475404,45.0
-43811.52237189647,55.0
-52068.106116431416,15.0
-39506.33781305887,42.0
-30999.05831336231,50.0
-61004.68457808794,14.0
-36686.566833299556,5.0
-31687.775616595627,28.0
-38178.13047120473,47.0
-31288.45610313492,65.0
-36233.5019454439,34.0
-35773.08351771296,19.0
-40420.827297117685,31.0
-39699.23031612138,49.0
-31268.502443932433,12.0
-49562.54232924474,42.0
-48419.341465054895,27.0
-36030.2079659531,58.0
-44807.16033557776,22.0
-41005.21938603433,79.0
-55504.65986656325,32.0
-30998.659739124116,60.0
-29669.520333380693,84.0
-45363.06713181412,28.0
-37300.77937350594,49.0
-58058.388217516156,35.0
-34362.178611817064,77.0
-29321.680079998067,68.0
-40874.18273698776,42.0
-51901.14694358099,64.0
-40091.278602790364,40.0
-43844.84882143567,50.0
-62489.320654304625,19.0
-46845.33417109934,53.0
-40236.86480848161,38.0
-34473.004727597436,38.0
-39987.17413494027,31.0
-56245.43522158974,47.0
-54646.3542242245,32.0
-47396.985732182504,43.0
-42158.900530364735,1.0
-42514.23084787621,54.0
-31729.14620402445,17.0
-35203.83850581872,43.0
-34193.44647024131,34.0
-62556.439314112155,45.0
-51094.04808663062,29.0
-36051.279554161774,3.0
-39644.71103390339,79.0
-51041.43511216197,65.0
-58729.48123450921,32.0
-53551.52462045691,52.0
-62197.63287063796,48.0
-37215.966085314765,52.0
-29373.768383950788,41.0
-57399.657317092206,51.0
-49071.00648892232,57.0
-29338.77162086117,36.0
-57925.60904601771,79.0
-52311.60689273075,7.0
-51758.85775944436,61.0
-51745.91050350884,55.0
-46639.33070719963,33.0
-59039.28092107875,19.0
-59722.309768736515,15.0
-30777.140284878533,40.0
-42496.188113392345,34.0
-46275.1708530278,6.0
-37704.66024783343,26.0
-41636.557712572605,60.0
-41425.5343381327,29.0
-39840.178943808656,27.0
-58737.642456254296,62.0
-41385.22034710329,38.0
-31186.05684766532,56.0
-52061.60352185307,23.0
-37548.50601609924,78.0
-44583.56644369973,65.0
-47296.77910335446,22.0
-35374.7943575871,21.0
-45791.527765877916,17.0
-40057.272801785104,77.0
-56307.70974662239,22.0
-60531.38471731423,8.0
-52381.752303630514,34.0
-57022.71355570786,49.0
-33531.66901940086,64.0
-41235.2796659522,63.0
-52162.974251154956,55.0
-29436.67301549578,52.0
-41100.48854886579,41.0
-61458.517119996664,53.0
-40305.085652600945,39.0
-57459.915011431905,23.0
-46036.22146028138,62.0
-40219.478523112804,44.0
-49266.311208365005,35.0
-62189.81370909834,38.0
-42041.1939693359,70.0
-61522.06399563825,53.0
-30210.47044280384,43.0
-31561.440241310378,32.0
-49241.277785318875,63.0
-55709.97334062162,62.0
-35219.14022147293,21.0
-45757.5780411696,15.0
-30367.20081978408,51.0
-47944.476673732104,5.0
-59638.89922284424,56.0
-33621.62683636875,44.0
-29846.657901689057,71.0
-35424.406395247934,40.0
-29725.627332806285,80.0
-54182.668747609045,52.0
-42268.32691035008,10.0
-52588.13920842696,33.0
-37813.02828283539,26.0
-50767.62495229544,41.0
-61209.9924656283,23.0
-29842.497931189122,32.0
-48727.29210298141,25.0
-58542.43811884987,8.0
-38706.414028661195,35.0
-57917.45174922446,46.0
-30150.434409518897,57.0
-35726.92271270026,18.0
-52857.37567547529,54.0
-35002.87600286318,58.0
-52640.10656091311,24.0
-59116.17118451595,74.0
-47535.73952090656,38.0
-39420.12606581372,24.0
-41627.64632372814,23.0
-57151.143686732474,68.0
-42252.85853050815,13.0
-49414.602656353214,29.0
-48301.33882444838,9.0
-55485.242774825696,45.0
-61058.10961656266,9.0
-47639.95809236797,18.0
-42335.87249277187,50.0
-29902.725079706852,25.0
-41919.40796666323,23.0
-60336.30789450121,4.0
-49048.06046863522,33.0
-38572.88293040612,20.0
-32065.1252217004,29.0
-41239.608393829214,57.0
-50165.72105703132,7.0
-39711.482770905364,9.0
-53908.163145950486,17.0
-39524.929004921185,89.0
-60186.02426768148,30.0
-40664.03598900185,43.0
-58566.87454351556,8.0
-31738.307480647123,34.0
-53704.884221874076,44.0
-30719.679086572636,40.0
-51395.55807150886,36.0
-58217.136255486344,65.0
-38255.08920026915,59.0
-56765.73807929585,46.0
-36843.457604282485,53.0
-33585.677855846734,18.0
-32233.63753197212,37.0
-45467.183524577486,54.0
-42564.225396179434,52.0
-40789.94061463782,54.0
-38871.164754898666,36.0
-40601.43068328343,39.0
-36225.544395376666,1.0
-42021.84290380059,25.0
-31362.817538307852,10.0
-53757.2951191154,33.0
-55978.4045569461,69.0
-56862.673203820865,30.0
-40063.35641238677,63.0
-55981.858464460514,34.0
-41504.477971161454,14.0
-40987.74134414744,32.0
-46737.17718991903,23.0
-47660.37302297595,45.0
-50265.37390338516,38.0
-52636.10052729878,22.0
-31356.148658293823,71.0
-44653.57691016414,64.0
-30891.635158336052,26.0
-36081.8048560647,11.0
-53619.505404989584,47.0
-30214.242335636794,14.0
-30828.111512477197,59.0
-52218.94368311294,51.0
-52715.89577396012,41.0
-39937.81660185727,27.0
-34112.23700733575,12.0
-55952.01724629618,52.0
-57096.88107289444,28.0
-49265.532376889845,10.0
-31583.057150561657,51.0
-42712.084604357595,59.0
-29816.144221450802,64.0
-42056.915081888576,62.0
-38794.089327362155,58.0
-49924.83269626697,31.0
-57243.59128691105,59.0
-33708.61301749386,19.0
-37689.425403301495,49.0
-40530.88790876564,28.0
-50604.63447977421,12.0
-38415.66759989896,24.0
-35344.210931564725,40.0
-54859.99222347244,31.0
-52453.20985209994,65.0
-49392.13132719102,18.0
-40518.92993321744,57.0
-34219.882231230986,68.0
-52459.49240656309,29.0
-49539.18935391264,24.0
-49655.33394269955,35.0
-42045.41265656989,74.0
-58578.59733245424,59.0
-58059.33298190751,38.0
-54096.37900573219,19.0
-29982.842636670222,66.0
-28752.020145993753,53.0
-58618.69307465441,2.0
-57141.97678243273,32.0
-42693.27231780207,77.0
-59467.68128867977,28.0
-35736.34161109259,58.0
-35509.82054131948,46.0
-59093.350057082476,36.0
-38090.39378171017,49.0
-36401.62792400352,3.0
-59599.05086261355,35.0
-56213.05041112994,46.0
-37937.32160745572,55.0
-60268.61720376936,55.0
-57704.47131936121,72.0
-48828.097570764294,27.0
-56700.583074322305,32.0
-56885.23615504148,6.0
-52472.35898863684,39.0
-38642.84126672269,50.0
-32259.407585300334,18.0
-33064.441160469345,56.0
-54905.45606333716,64.0
-37713.45372222166,33.0
-39533.547532655255,55.0
-34549.41838162772,59.0
-42622.849614998115,9.0
-31966.740152790444,64.0
-48455.66376433669,14.0
-29141.924907560206,79.0
-55535.77710605778,13.0
-30596.431617647322,32.0
-58654.19222357379,26.0
-42374.95580824753,35.0
-40034.066054719384,55.0
-52302.38412967715,61.0
-40118.61775976044,63.0
-61421.751143036134,46.0
-29679.73781151704,60.0
-49627.46222594495,46.0
-30111.846691244606,18.0
-34415.55162781255,10.0
-30892.887076567637,4.0
-50373.1782173848,23.0
-58104.49247962507,11.0
-53428.76133708261,28.0
-32714.34378285068,20.0
-46644.60545969542,25.0
-54314.467503312924,32.0
-28705.871214765983,25.0
-51420.17383556676,32.0
-46379.77651526121,38.0
-51726.89201003376,63.0
-35255.127597858496,57.0
-55938.22072876701,33.0
-42664.00638300962,33.0
-62873.48899960519,43.0
-50681.49044118356,50.0
-41465.92503809114,5.0
-57739.61290443259,82.0
-29188.007949540566,31.0
-54846.175260341,12.0
-52320.0399451518,53.0
-36377.40495924617,52.0
-42368.722651867225,23.0
-28972.2004018304,37.0
-55583.67042896211,36.0
-51612.655806426206,26.0
-61685.318998782306,32.0
-31372.59934825605,45.0
-39932.2844045466,57.0
-39134.49906390336,59.0
-53491.644644097985,16.0
-33083.21843242501,53.0
-52612.05265517038,22.0
-46438.131710562375,68.0
-45617.576320931046,43.0
-41472.29353623537,40.0
-58477.80972167198,29.0
-35506.839865563044,21.0
-49570.07729630762,42.0
-57519.7486474311,34.0
-30278.948690405956,57.0
-60032.33114110405,46.0
-56619.653568709866,17.0
-54206.09639075976,42.0
-33065.903200208544,25.0
-43400.234671136706,60.0
-30282.71273585762,39.0
-52862.28853024932,51.0
-30357.76055502024,59.0
-38951.63576825712,16.0
-28985.5232248415,29.0
-41924.48391343908,52.0
-59504.79495952296,17.0
-54286.96745074185,2.0
-28111.26909833562,42.0
-58724.11592066991,13.0
-56432.377216287074,46.0
-35539.07661192346,2.0
-54662.126160475236,41.0
-48346.079257397585,66.0
-39265.54878576844,35.0
-50722.223947982624,61.0
-35659.017586775895,36.0
-32430.661826319894,34.0
-36689.68980589737,19.0
-57128.81176871489,23.0
-42532.91375400285,73.0
-39455.91827823336,17.0
-34290.48679375534,29.0
-59230.59817125824,64.0
-32423.77877790974,4.0
-40656.17263953877,13.0
-45298.355833474954,37.0
-59286.65295612572,8.0
-29505.3829961577,52.0
-49067.845994713985,59.0
-61712.72379537267,10.0
-42257.7984708914,10.0
-47231.176314193246,36.0
-32078.936121700674,55.0
-62159.41121205181,44.0
-58671.80618530589,40.0
-57969.84372798724,83.0
-56821.72218184022,34.0
-46743.35950843799,43.0
-62488.446480677645,32.0
-45268.13214226907,23.0
-35867.68420154464,17.0
-50595.932952674135,53.0
-56336.397850292466,29.0
-42947.01738760698,4.0
-62659.456857479716,52.0
-60498.853539202086,27.0
-54242.227573686585,27.0
-56841.0415134193,34.0
-62708.001583891695,56.0
-48928.191682164426,21.0
-52405.323259754005,32.0
-39550.70935320569,65.0
-39973.500657068165,66.0
-57422.852871768206,43.0
-59266.05867536025,43.0
-55938.68156386116,53.0
-40194.895721451714,11.0
-56314.525716636184,4.0
-49114.056430633456,27.0
-41101.706826603106,59.0
-58164.21079905757,68.0
-40329.62036776368,67.0
-29727.90170257405,30.0
-31888.875605037658,36.0
-57444.30353274237,13.0
-51450.19758490958,35.0
-51898.16228469836,13.0
-44703.75599701388,43.0
-51582.89983287122,55.0
-40266.79388440767,20.0
-55087.43886915549,68.0
-52875.71870421564,32.0
-28156.564369008378,35.0
-43458.209677031366,72.0
-55506.79492812023,0.0
-57787.94525200807,42.0
-51527.162627253514,18.0
-54226.068658665325,21.0
-41196.63584999315,83.0
-50638.13239515631,15.0
-60083.95134382243,11.0
-29667.419773927148,59.0
-57524.29410850193,52.0
-38160.9793953841,30.0
-54436.96137486001,28.0
-52513.26458903866,47.0
-36972.782111923436,49.0
-34187.59583928603,32.0
-36312.09078609204,50.0
-53660.16257914745,44.0
-54469.3928963272,11.0
-40029.062238714934,23.0
-29473.42965840496,66.0
-29131.022166541487,64.0
-57180.767665145446,40.0
-49674.508922318964,42.0
-44990.705038127475,59.0
-32690.297432587995,37.0
-51633.856356517186,9.0
-37742.054957110624,25.0
-29949.53164254356,42.0
-37285.24123503088,44.0
-49285.16835429673,21.0
-52313.96765124603,29.0
-30585.796065785245,31.0
-55073.75026493544,48.0
-46888.68930847782,59.0
-43651.12452581017,22.0
-40876.926140780284,51.0
-61059.29845458915,19.0
-51925.12159119486,57.0
-41773.12309757063,53.0
-55790.87734520764,39.0
-40929.4746469885,15.0
-57353.8333466989,33.0
-41781.63722105272,53.0
-61280.29208940523,10.0
-42487.01449299901,45.0
-39086.246528665426,35.0
-53520.55781077707,46.0
-37658.53448283365,41.0
-41990.41606775231,20.0
-59031.7265196347,11.0
-33318.468241854855,24.0
-45180.69342381551,48.0
-28780.223505773676,3.0
-61541.34606221925,38.0
-55478.972610158315,25.0
-58827.20738894824,29.0
-38303.832749051006,20.0
-48908.679893806155,67.0
-30302.294049129898,64.0
-38515.53150087764,1.0
-36360.92894969092,39.0
-29443.430752527336,24.0
-55959.160669201796,60.0
-46806.95523574122,31.0
-61761.63376340608,40.0
-56892.14860045104,5.0
-34458.41682695714,52.0
-61752.027350953016,30.0
-29469.83855465903,55.0
-35710.844393296036,86.0
-61414.505609897475,52.0
-59870.99751684924,40.0
-38225.135352198995,60.0
-48593.880072750544,37.0
-33939.461629606274,25.0
-54108.6824207088,31.0
-28700.406003289238,27.0
-52820.53857867163,47.0
-52346.51950833482,59.0
-33038.274030447465,34.0
-58422.1917233734,3.0
-45185.998844079964,44.0
-55179.897788985276,39.0
-58208.1466096559,43.0
-41945.63199087682,55.0
-41887.66205052371,44.0
-35623.55352545903,82.0
-31010.665659137434,14.0
-60871.59146791799,12.0
-56980.66715398822,87.0
-29800.703817350666,67.0
-29713.291502521282,35.0
-35495.517272133395,71.0
-31516.02951535065,37.0
-56569.042975407516,22.0
-56781.24169264745,30.0
-48863.68222147987,21.0
-58701.70229881717,36.0
-37975.36339825686,36.0
-39644.20001474135,2.0
-28429.567954097176,14.0
-40514.21565338118,34.0
-56474.64481958517,54.0
-56558.80584241316,13.0
-34818.10044988874,81.0
-54410.22997539575,57.0
-30962.577525828452,52.0
-45895.06482719561,58.0
-52442.45395089264,38.0
-57597.70163312569,54.0
-47114.39898891245,51.0
-42822.9617468755,42.0
-43137.77365382755,20.0
-40475.96581674024,49.0
-38382.28748716248,51.0
-32661.49283589908,43.0
-34549.39083345425,41.0
-43872.78792173446,48.0
-56077.967253831244,33.0
-41457.506265084194,9.0
-38623.48608259596,46.0
-43705.95052344293,56.0
-49910.053657115,33.0
-31803.263093945676,41.0
-58616.77071711121,52.0
-41508.62268454426,52.0
-31896.99133200329,57.0
-52465.48589362458,49.0
-39687.47674718845,32.0
-33030.657062167076,48.0
-49370.89618309857,49.0
-34330.04686179388,46.0
-37711.631200903015,25.0
-30197.879711500897,29.0
-33055.40664948437,55.0
-27722.77283695978,34.0
-59238.56067391296,2.0
-34678.00469284497,33.0
-28455.752881536937,47.0
-29641.95210704166,23.0
-41484.33588853627,17.0
-61727.51897501034,22.0
-56993.39921075445,43.0
-29296.741577864228,52.0
-31727.132551363058,43.0
-54174.32944145518,28.0
-36569.82869667751,27.0
-28960.25649856343,24.0
-51313.863311795474,33.0
-53308.34660712642,3.0
-38498.633682621345,24.0
-38181.084160492304,46.0
-34832.58332955383,48.0
-54626.81740682342,52.0
-59370.94811384833,2.0
-53778.86552880432,24.0
-55851.620194048446,72.0
-37449.26032641003,57.0
-45051.502310419346,41.0
-47563.073645324825,38.0
-59197.323346204794,68.0
-45259.727087590036,56.0
-56131.21988485874,50.0
-53505.294844367796,81.0
-33967.46078957534,35.0
-29994.269080098828,56.0
-32519.26586166968,21.0
-51849.193695558875,37.0
-48526.794748547036,32.0
-44084.739073852346,51.0
-44253.494690174164,33.0
-57159.01303804482,47.0
-56090.918327738524,9.0
-48903.768440413,15.0
-51659.48670936117,3.0
-57783.89860997742,27.0
-40790.52365288875,37.0
-55678.671372281795,59.0
-61679.81822931195,26.0
-40717.513746171215,29.0
-58416.05988510112,15.0
-41010.97361916203,13.0
-58154.660360587775,43.0
-40775.73415811878,37.0
-49287.68532354671,70.0
-37564.53543630279,14.0
-52372.7059766566,24.0
-39953.05203458512,64.0
-59275.72095205807,20.0
-34454.543314892566,20.0
-32017.627122911235,4.0
-42169.8480307312,48.0
-48901.66102529943,47.0
-36142.20819160451,56.0
-36703.48534646241,51.0
-41120.87625083919,37.0
-56932.98188471656,16.0
-60479.76359392516,45.0
-37505.47405152705,45.0
-33174.31972583356,67.0
-40967.644132085945,74.0
-54179.95043122415,52.0
-38611.82681946577,66.0
-33526.71873988515,47.0
-36303.396169512715,20.0
-56299.16078296719,28.0
-52735.87150195455,51.0
-41328.88066096725,46.0
-35768.97620234336,12.0
-45772.91297261302,28.0
-29622.930650887953,52.0
-63393.18576192339,53.0
-55884.01464236085,41.0
-36395.36491624238,39.0
-36447.046461894344,46.0
-57994.99759978166,32.0
-45310.606767467296,45.0
-61393.23596986412,8.0
-45939.57845788115,33.0
-49507.48455128053,65.0
-43646.95581633609,49.0
-39629.75886712236,31.0
-51209.96899570359,60.0
-48669.69149596316,26.0
-42715.70651125787,21.0
-57034.152540039584,21.0
-56622.44280195325,19.0
-52846.784059506295,31.0
-34945.47934206042,65.0
-38204.178010878066,55.0
-59983.06693991051,42.0
-52440.62537882224,55.0
-29961.125686379986,32.0
-54047.46827172514,48.0
-50702.53061003283,59.0
-31749.183699309884,41.0
-42331.418663130884,13.0
-42969.51370728536,62.0
-62377.97526494076,16.0
-43975.07517182754,2.0
-44641.73725319968,37.0
-63397.490263377855,1.0
-52992.44128261437,19.0
-41657.294352824974,41.0
-38620.66087590611,56.0
-59056.41165174172,55.0
-60645.65915578506,59.0
-57191.09869429098,38.0
-28578.99920050169,61.0
-39807.66891978335,46.0
-30915.6468104463,42.0
-40819.93745519984,22.0
-41975.58852465365,35.0
-30195.43881304643,59.0
-40583.98689902217,20.0
-54970.474236751426,58.0
-53284.030542738394,34.0
-29052.811632699857,38.0
-40202.988161968446,48.0
-34340.39930817985,44.0
-54395.448442394845,16.0
-50460.57313052089,76.0
-51292.02757730002,58.0
-41360.261553932156,18.0
-42909.73850537564,28.0
-41230.85280761114,14.0
-47010.499210090726,7.0
-57344.64587295827,10.0
-39781.7587813501,53.0
-48285.8047440517,44.0
-36030.31795467671,30.0
-43280.872709591786,47.0
-52851.93006848426,40.0
-60546.28686928901,37.0
-38525.31017735563,64.0
-60874.68845712126,23.0
-59685.83125481417,11.0
-43946.7004322061,8.0
-54818.86172774584,60.0
-52558.51418505717,59.0
-42216.22308948603,7.0
-46871.76085407192,67.0
-44256.031445995526,26.0
-60934.64816248491,21.0
-36987.27066118424,17.0
-42316.20462659051,49.0
-42739.82685155883,53.0
-36127.85757377071,56.0
-60254.92789904529,40.0
-40555.489147749686,25.0
-30769.987141751008,51.0
-34883.83643672157,39.0
-63321.905911057554,11.0
-44452.89946111848,40.0
-41384.015960092285,50.0
-43831.07033577,18.0
-44047.842749633564,29.0
-41557.746526056035,48.0
-43776.97093220787,70.0
-29956.43786605903,25.0
-53770.09557219874,21.0
-40103.837489535304,65.0
-31859.052660075093,10.0
-55217.69368687794,45.0
-57395.226355707186,50.0
-44382.31643006757,25.0
-30185.88834876056,43.0
-41737.399626753904,4.0
-56257.70823496052,71.0
-37623.233476302456,31.0
-44125.78531839805,76.0
-43190.83136560116,10.0
-52622.18573521791,14.0
-44199.53643452158,26.0
-29976.193974081776,16.0
-29840.599099797637,37.0
-50414.83627012036,9.0
-37939.592758637424,58.0
-56403.00907874231,34.0
-47262.49070825954,77.0
-51549.658133622725,37.0
-31890.288372466493,18.0
-38072.128807046895,52.0
-29152.508184274928,68.0
-43930.48231672893,18.0
-36385.99546978963,11.0
-55144.23926449487,58.0
-40773.149684403645,43.0
-57264.36681657888,72.0
-53272.33353129271,40.0
-49931.744074873044,51.0
-39175.20753713819,53.0
-40685.3788501438,60.0
-42860.379671799834,27.0
-30434.497014153778,32.0
-34696.51179047789,47.0
-59312.55329897824,0.0
-31210.32454162362,21.0
-59082.11121171504,17.0
-30949.8579219152,33.0
-42843.21947217722,17.0
-51827.876525312946,24.0
-41807.023652039345,59.0
-46352.63078053195,56.0
-29224.045983179367,60.0
-36493.571483190084,46.0
-40234.69837458523,11.0
-58290.86267331365,12.0
-59345.04361731181,31.0
-33253.26891730063,24.0
-39503.82549765149,53.0
-44188.00093126175,51.0
-29528.857638186597,30.0
-37547.12885915215,18.0
-43135.55462759407,43.0
-44060.501370138925,56.0
-59265.89025548476,6.0
-38911.948734385216,30.0
-29582.901354704405,52.0
-36574.54722948087,3.0
-39940.71317849915,54.0
-32971.616866471515,82.0
-57815.08880632387,53.0
-38878.43991890066,42.0
-37169.61655215818,34.0
-29373.88042801712,5.0
-57083.85539860446,38.0
-56679.619697786744,4.0
-32532.825217110025,53.0
-48169.63282078235,54.0
-37742.850976831,31.0
-29574.211947977623,31.0
-29392.387187444718,79.0
-40057.17983120828,11.0
-31719.98066252352,26.0
-54163.982257665964,72.0
-40085.25403929295,1.0
-40973.08604898819,67.0
-56006.49314402793,56.0
-54129.497304468896,72.0
-53106.69199513423,28.0
-50924.99343144096,59.0
-40033.21787165826,57.0
-58815.404671195916,48.0
-37918.539239656595,23.0
-32675.032067649507,18.0
-35497.333425195946,48.0
-62478.45112403702,54.0
-43017.43523916401,62.0
-45336.128007656545,33.0
-33398.83360569902,72.0
-48444.072155643895,66.0
-30860.742896543765,35.0
-52661.33509862522,29.0
-57085.080768907465,25.0
-52781.2442157866,22.0
-37320.09717333394,48.0
-29714.258421617953,49.0
-46691.15190590665,46.0
-61288.59080404299,50.0
-60176.7886608644,41.0
-38194.40098542538,24.0
-49978.59972392839,22.0
-44615.64519659169,25.0
-56613.24156587117,37.0
-48617.79008295958,31.0
-55117.44253915157,20.0
-29233.383507239243,54.0
-55960.64557385379,59.0
-51961.74719355879,48.0
-28728.673082177356,50.0
-46402.6362208519,55.0
-50294.66036614921,9.0
-42516.09912236755,55.0
-33357.79379767422,36.0
-38778.96700361961,30.0
-29143.421439464775,52.0
-43339.750059418206,56.0
-56909.963537924945,44.0
-58778.85089911904,28.0
-59828.4945162416,8.0
-50447.18988199593,55.0
-55566.81693288636,8.0
-57135.06345597857,29.0
-53830.84917302694,48.0
-39092.26940109313,55.0
-42715.91166863482,37.0
-52765.358811495615,55.0
-29895.551474044987,69.0
-57340.41292125331,49.0
-31104.999900403625,34.0
-47289.78076938916,57.0
-44434.12135492978,57.0
-41127.25746301149,41.0
-33780.93037474953,53.0
-52329.32675685668,24.0
-41384.3939149004,72.0
-44275.04868549996,79.0
-50138.1206048176,22.0
-59175.49302509497,15.0
-42130.4892171209,63.0
-59244.57206388917,66.0
-44365.221986783166,19.0
-34449.45853757683,26.0
-53182.572938778336,47.0
-41240.38762753628,27.0
-41181.63299121449,49.0
-50086.88826835389,39.0
-48576.16632570292,37.0
-29286.990210570162,56.0
-32095.513423824148,31.0
-31462.460417598628,27.0
-31299.050426030357,6.0
-43692.19695660686,12.0
-54875.360012140474,24.0
-34742.65885968469,50.0
-47362.01970797154,23.0
-48421.2706390057,56.0
-53776.97775669017,50.0
-53219.69583835767,18.0
-41282.26832308626,53.0
-31702.76728523844,26.0
-31185.356022335855,52.0
-32999.539165223105,33.0
-37843.95665076518,45.0
-39028.110093101015,59.0
-30473.04092254616,51.0
-35013.25552539939,27.0
-36014.8637742748,53.0
-33078.6795728847,32.0
-51077.85588486701,50.0
-52813.59679375628,62.0
-43020.76462392545,16.0
-49636.31599009033,2.0
-60575.31541069346,41.0
-44105.81349176276,12.0
-56907.205479018376,58.0
-60382.82500712511,48.0
-42198.30196366274,4.0
-36348.50964123038,49.0
-54730.72861900462,14.0
-47317.03856172051,15.0
-56296.87044298792,15.0
-62153.29392579639,2.0
-38959.264991235825,71.0
-58650.69816814485,14.0
-54418.10973807718,40.0
-37628.98439087761,29.0
-54724.312119588256,19.0
-28799.38560847084,68.0
-42754.2197040239,10.0
-41156.780770050624,48.0
-39939.45009189927,12.0
-40955.90826449812,25.0
-32031.02782849835,36.0
-33274.12934540623,17.0
-40404.08936041589,54.0
-39767.797697225236,12.0
-30070.27305776073,70.0
-37385.38528223608,34.0
-34846.94852593758,29.0
-48863.888376092815,67.0
-51682.85298024947,5.0
-49343.673601705246,63.0
-50644.7169360798,41.0
-45486.92027320921,26.0
-45096.58356678589,41.0
-35084.95115921611,27.0
-53727.95311880349,37.0
-37879.9485990472,13.0
-60158.454578785655,18.0
-30129.81237823763,14.0
-43434.45003429798,33.0
-53487.17717373997,56.0
-38589.00164172119,11.0
-39001.78916400777,37.0
-46201.39285947945,59.0
-51103.11499321898,27.0
-59278.36939061902,67.0
-58305.600389106854,86.0
-56506.74888720718,57.0
-54624.90591559138,40.0
-60665.86072647241,39.0
-54390.09583161253,15.0
-37585.4515998804,8.0
-44495.34437759528,60.0
-57782.20222914621,13.0
-54658.13288951614,84.0
-56981.710268641466,18.0
-53206.06792494198,74.0
-32194.733947135755,14.0
-37902.04605613807,59.0
-31166.418800502077,2.0
-50612.11840665337,59.0
-28770.085343291987,35.0
-33410.10497560445,31.0
-51977.735086730085,46.0
-31305.427660810936,22.0
-35011.97437751152,22.0
-53957.05124054791,27.0
-50843.81137233964,58.0
-46185.62263326021,25.0
-54840.33550058148,22.0
-28671.186162313614,29.0
-59504.465825384614,8.0
-59161.38393015706,69.0
-39722.9454115712,50.0
-29648.883419431582,31.0
-62068.63568165149,32.0
-37142.52857422694,32.0
-41236.11298809099,8.0
-44958.91546870668,43.0
-29182.978637670072,46.0
-30627.459748896097,83.0
-38441.775052781755,25.0
-58951.04930391948,39.0
-58422.233238507004,20.0
-53475.948720249944,54.0
-57600.06228792769,68.0
-29461.49922670434,79.0
-40818.51839591947,33.0
-38524.274050216045,43.0
-58084.20605087817,3.0
-42908.29869897949,30.0
-30835.426034518263,18.0
-39242.05357880025,28.0
-63112.95249906249,45.0
-49511.8867304446,12.0
-30818.12899702848,12.0
-35995.959557503535,10.0
-38574.31892187051,60.0
-56230.54601044147,11.0
-42915.165202585325,51.0
-48317.28209190222,66.0
-54217.37614131134,24.0
-49776.436766071085,6.0
-55313.62910242584,41.0
-51528.31471132692,53.0
-37747.94089053967,27.0
-47835.39598060088,35.0
-56999.340399439316,82.0
-40823.71322923198,31.0
-52994.402351691926,61.0
-44670.36609435076,26.0
-60832.73347432324,42.0
-55068.01724361955,9.0
-54204.052741998916,22.0
-55278.9092160853,11.0
-52199.77126983293,24.0
-43282.655837582424,33.0
-57151.52928340089,26.0
-29425.160144683465,78.0
-39639.69894974354,24.0
-39924.652738045654,33.0
-30416.667080287985,55.0
-58692.9889923358,33.0
-47955.35001780523,2.0
-42275.02026766316,76.0
-53188.05219816875,25.0
-30495.574185548263,28.0
-41836.25363368055,3.0
-29264.230781291353,45.0
-55802.23614383934,44.0
-54613.5367427607,74.0
-59040.121746661964,19.0
-42282.3966742746,17.0
-48798.357888608356,81.0
-40897.39213263538,64.0
-52896.93699965885,22.0
-33208.95743210541,61.0
-45584.89911619453,59.0
-54383.406985586465,18.0
-57449.813147091496,39.0
-28654.12118644128,39.0
-59665.30966587055,26.0
-40024.10103688209,24.0
-44331.14090343436,59.0
-41368.81954907361,8.0
-42245.294634442296,63.0
-30226.13953080599,69.0
-49365.537013544206,49.0
-49068.071664955714,33.0
-44116.37343125182,42.0
-31628.50195614911,44.0
-41263.13973685945,83.0
-34397.51404292319,63.0
-41065.45473423803,72.0
-29179.195309328563,14.0
-31060.58260710701,64.0
-34250.38333671121,8.0
-52188.93214458476,82.0
-39499.53161443522,34.0
-38706.50184684921,58.0
-45620.68043423475,20.0
-58241.20690999696,54.0
-60336.59720173341,19.0
-42919.98748476328,58.0
-41857.99800562881,73.0
-35784.57063145627,32.0
-28891.163381339735,71.0
-32237.093544130366,47.0
-29952.297494244147,23.0
-57597.154366274044,75.0
-40795.602817025916,26.0
-37020.596567680055,11.0
-56383.717880636264,5.0
-32045.190139106453,14.0
-30464.783265314243,36.0
-36896.980444472465,45.0
-59566.51414001359,18.0
-58098.08827523407,19.0
-61506.81154721483,20.0
-35010.15697607805,45.0
-48030.6062438013,48.0
-32983.36514969595,25.0
-40564.67710963323,42.0
-31033.040821530183,48.0
-35398.93995716455,26.0
-40865.97741213369,25.0
-31217.189708079914,18.0
-38751.56905662269,17.0
-41075.356482896554,32.0
-36646.20759249885,45.0
-32190.366379933017,19.0
-42563.956332048896,71.0
-50434.02473488571,48.0
-59496.81307288099,20.0
-44821.51174857962,43.0
-41463.521249237456,35.0
-53568.56993976995,14.0
-63089.43160788158,9.0
-44852.409748507096,32.0
-40373.50663875378,13.0
-60381.69633974518,33.0
-29924.897741531662,38.0
-57822.45623912535,24.0
-33022.312916778385,60.0
-29174.33766355007,25.0
-58069.25389008259,53.0
-57262.297840287596,22.0
-35716.180267921925,54.0
-55567.71002104962,31.0
-56397.43903892131,66.0
-51402.41882738852,78.0
-60073.25123458501,31.0
-31587.87877228351,32.0
-60041.75512811161,51.0
-40940.73007463966,37.0
-54205.46655055652,37.0
-45337.51204946394,7.0
-30543.38135865347,49.0
-46105.62463589427,18.0
-55501.96398404945,10.0
-60399.91509451319,29.0
-33573.9834795069,30.0
-51201.143495456956,56.0
-59410.5288429212,15.0
-59766.39126644319,41.0
-41363.95100972903,39.0
-61132.37306436887,6.0
-42200.939070093795,42.0
-54147.51751237285,61.0
-41925.066781110116,50.0
-51042.738571701775,47.0
-41433.19881311373,65.0
-52028.71474359253,68.0
-52950.678353851734,13.0
-37624.87013363673,24.0
-38988.37641309812,70.0
-54116.43046402349,36.0
-30638.19573275492,50.0
-31996.87733010698,7.0
-58919.247813138994,38.0
-49930.85274069968,20.0
-34819.95949616285,54.0
-59957.5818597878,54.0
-57169.4909896662,15.0
-45919.61345156429,70.0
-40380.058196391736,51.0
-46145.28922669968,12.0
-48809.35935409396,30.0
-42970.11167168931,60.0
-38549.30315600005,57.0
-58453.22365809095,46.0
-42910.76846225557,45.0
-52795.37325276164,50.0
-40448.42697028199,66.0
-41102.760164928026,50.0
-61917.73730629347,9.0
-39346.8809357006,14.0
-28822.040574015507,10.0
-55054.11381184083,44.0
-32665.361121208123,56.0
-39071.45385612938,74.0
-52221.220703424035,85.0
-49569.723309229325,22.0
-60927.51132419624,37.0
-55898.4571445913,30.0
-38694.954523830296,71.0
-38403.10481587439,19.0
-50758.11112552163,37.0
-44126.2599529962,59.0
-40630.60791763402,7.0
-47700.84974498679,50.0
-59857.95952517345,58.0
-39634.88266987542,45.0
-55140.637648162134,59.0
-58831.2726513151,15.0
-30966.766788608882,34.0
-54719.46060372405,57.0
-33750.605268990344,5.0
