sal_3_lc1vs0_iate,voc_deg
-17415.1031705239,0.0
-25305.746235323335,0.0
-27814.00738551387,1.0
-23939.49517816627,1.0
-32443.46979372244,0.0
-19252.828301220972,0.0
-21754.414397683897,1.0
-26132.066732960135,1.0
-19583.607062069976,1.0
-29068.56497138829,1.0
-33507.81939066237,1.0
-34557.90536122679,1.0
-33206.990960703944,1.0
-25771.020703622424,1.0
-21224.217152578247,1.0
-40443.119240977925,1.0
-17639.679563740265,1.0
-32622.856521167567,0.0
-20722.610646580728,0.0
-35297.5177895776,1.0
-32741.071619922895,1.0
-19326.05310331602,1.0
-23070.99496129854,1.0
-36175.13211878299,1.0
-34617.33914352088,1.0
-36608.90174036606,1.0
-30837.182013579783,1.0
-17907.461941494585,0.0
-17942.076634149467,1.0
-34530.80556441923,1.0
-25160.126131207566,1.0
-35437.800816585375,1.0
-25256.23755639718,1.0
-30421.807644231587,1.0
-23428.232273581387,1.0
-27813.945823005313,1.0
-29688.119503097078,1.0
-30693.88810294368,0.0
-24291.688135672623,1.0
-28981.839002558616,1.0
-21607.353406322574,0.0
-37396.64686358426,1.0
-25870.09424285257,1.0
-32055.39241277901,1.0
-39685.59554082267,0.0
-29489.562612563448,0.0
-38482.96106569735,1.0
-22189.204744630057,0.0
-17004.71819721548,1.0
-35409.17293620383,1.0
-17823.56200956145,0.0
-37766.418724977644,1.0
-22640.68299875898,0.0
-32253.05936951845,1.0
-24654.80903645283,1.0
-23186.14561288096,1.0
-34743.95167606504,1.0
-22366.00685744034,1.0
-25836.235321440174,1.0
-29608.902779363212,0.0
-20837.19399697987,1.0
-17833.9782615763,1.0
-38674.99777111044,1.0
-19625.56066145896,0.0
-22575.15831563789,1.0
-31723.314857090405,1.0
-17990.528686408485,0.0
-19073.293046008315,1.0
-19171.713840372962,1.0
-24268.749474896184,1.0
-19316.23011260044,0.0
-35173.125778535265,1.0
-31740.68098378273,0.0
-21134.055669029673,1.0
-34694.17471644448,1.0
-34348.869748631536,1.0
-25489.38137249599,1.0
-21774.562287047534,1.0
-19630.555238780216,0.0
-32619.98634424249,1.0
-35605.72143464559,1.0
-35823.39271572521,1.0
-22163.002399586272,1.0
-34187.682101731305,1.0
-23796.584831791082,1.0
-24214.05996981355,1.0
-17390.836837062387,1.0
-37759.11185731662,1.0
-18055.12477987335,0.0
-30961.690124440465,1.0
-24125.136919558492,1.0
-23011.671901068315,0.0
-33437.35512490579,1.0
-17881.030393876736,1.0
-33106.05405113527,1.0
-30425.67651579465,1.0
-26532.194720630883,1.0
-23626.347544077973,1.0
-18047.51390479693,1.0
-27043.770758876657,1.0
-32383.90009721407,1.0
-34954.310522100954,1.0
-31535.080746157266,0.0
-21015.40937176602,1.0
-18038.882593094793,1.0
-34640.7001171462,0.0
-26915.01669979139,1.0
-27943.7573729496,0.0
-20478.673149900646,1.0
-37711.79195343254,1.0
-22276.114463611186,1.0
-31904.784204790005,1.0
-18602.566068983055,1.0
-25814.948807009358,0.0
-31223.664670909686,1.0
-18305.374613839165,1.0
-26326.29011465775,0.0
-23689.648935541714,0.0
-24599.362730920788,1.0
-37362.51892383423,1.0
-29962.803315762525,1.0
-32883.7248388344,1.0
-33750.42579383972,1.0
-23542.073494345506,1.0
-22152.7263848211,1.0
-25700.3328088512,0.0
-38308.33369388414,1.0
-24145.212758002905,1.0
-31793.43696941984,1.0
-25837.430523570038,1.0
-19157.002879969605,1.0
-26913.576223822907,1.0
-32877.94626428665,1.0
-20395.158244914095,1.0
-19362.525189160748,1.0
-27032.53802735584,0.0
-31681.00948524809,0.0
-32235.371393209927,1.0
-42791.6128859482,1.0
-18501.39014862413,1.0
-30991.77902560891,1.0
-17652.5697037227,0.0
-36721.276921074284,1.0
-25378.109334741133,1.0
-32692.207215944676,1.0
-31598.474629261982,1.0
-36237.45893387396,1.0
-18742.31240744461,1.0
-25619.711908691752,1.0
-19394.592974872787,1.0
-35703.267594153556,1.0
-18053.73147741477,0.0
-20366.641420268832,1.0
-41357.548724049746,1.0
-18358.731303464236,1.0
-23880.995560196454,1.0
-24958.688637512,1.0
-28464.25604633324,1.0
-20069.36254371567,1.0
-21971.942004177487,1.0
-38808.101895724176,1.0
-31684.665617708954,1.0
-18288.575203826484,1.0
-33715.663576600346,1.0
-24936.10338155419,1.0
-36147.30358287094,1.0
-26410.344521257408,1.0
-35034.05002580755,1.0
-31527.197632357173,0.0
-26163.732071928607,1.0
-33219.95842659875,1.0
-20955.366372953846,1.0
-37938.010837578244,1.0
-33506.875871770804,1.0
-26479.083158861453,1.0
-21536.58275337253,1.0
-23039.52112579772,0.0
-31140.779844910947,1.0
-20886.246621692375,0.0
-34789.333305024615,1.0
-17905.57796631088,1.0
-24899.320571254677,1.0
-25605.123899853203,1.0
-18114.958241335808,1.0
-17945.11111744317,1.0
-37662.71694330331,1.0
-26603.50293952319,0.0
-19098.781476578642,1.0
-37536.91973377703,1.0
-35960.159716556576,1.0
-34711.66000130544,1.0
-33599.739695265234,1.0
-29771.676948421467,1.0
-23143.426351239494,0.0
-25614.930742157314,0.0
-37973.67742381954,1.0
-20713.13054374513,0.0
-21424.43064549985,0.0
-33145.08491102028,0.0
-17592.622186101325,0.0
-22146.44539303411,1.0
-36278.20321887508,0.0
-23065.3060871968,1.0
-17446.66461033421,1.0
-21747.22060631561,1.0
-26633.990215076585,1.0
-22226.66830293779,0.0
-22077.032249184253,0.0
-25841.22435380471,1.0
-20339.35695157101,1.0
-28755.499363330186,1.0
-25262.01905205636,0.0
-35698.686757842195,1.0
-28235.322496173976,0.0
-33334.85922356422,1.0
-32456.451228349615,1.0
-34064.748379280805,1.0
-32911.42428773715,1.0
-35847.99981472389,1.0
-32479.731377553697,1.0
-17039.382665687368,0.0
-32333.458308285568,1.0
-21824.512703207067,0.0
-19284.07445022453,1.0
-30634.449808336394,1.0
-25411.01935720171,1.0
-18101.332843040444,0.0
-27768.756397002544,0.0
-25175.870400562475,0.0
-22847.276586498643,0.0
-25777.26246093487,0.0
-26562.991418311387,1.0
-32149.48510655452,0.0
-28071.003761016742,1.0
-17891.61093105658,1.0
-36968.07846133459,0.0
-32664.875634676664,1.0
-24919.423056300082,0.0
-32682.538634184843,0.0
-24849.0875427803,1.0
-39608.52793380992,1.0
-34984.97851883473,1.0
-36237.68102962763,1.0
-23241.93851241688,1.0
-27444.40963755038,1.0
-25938.6965319838,0.0
-31199.801290097446,1.0
-34723.26465777555,1.0
-18471.570013838013,1.0
-42280.470093898366,1.0
-17913.594069061954,1.0
-27493.47062633097,1.0
-23192.58399966367,0.0
-37752.26779892478,1.0
-30693.74114693883,1.0
-36892.4013447574,1.0
-33696.52767408475,1.0
-18442.609872250054,0.0
-38418.22387978765,1.0
-31963.483468160914,1.0
-34877.516060706585,1.0
-35290.17062706159,1.0
-32476.74290729066,1.0
-30616.374450928357,1.0
-34647.28891888666,0.0
-33061.213107897085,1.0
-29057.37400406581,1.0
-21068.84535140366,0.0
-17575.812682008152,0.0
-25212.15298406355,1.0
-38080.5035134261,0.0
-22942.693226509717,0.0
-24760.2346057791,1.0
-34709.36843492355,1.0
-17915.76375081833,1.0
-23427.35649846709,1.0
-29070.11522799089,1.0
-17886.315416282283,1.0
-33275.626041094816,1.0
-24006.829376251815,1.0
-25554.574955855285,0.0
-24224.415489344843,1.0
-21333.198457211998,1.0
-22009.954081092168,0.0
-34754.24767713183,1.0
-30649.285695407012,1.0
-32986.835201477974,1.0
-20256.7749476355,1.0
-23623.065799753058,0.0
-24689.740143444935,0.0
-33936.338523897815,1.0
-21269.220986163986,0.0
-37336.14375178324,0.0
-22526.200121738504,1.0
-22051.342599426498,1.0
-26243.864325358816,1.0
-18562.648331024502,0.0
-32913.62112949886,1.0
-17674.869043880237,1.0
-26601.30009505263,1.0
-18514.4970995372,1.0
-25259.082420840226,1.0
-25068.122544005317,1.0
-38977.444741600506,1.0
-25820.021141527985,1.0
-22013.402940970456,1.0
-20822.390409869608,1.0
-35378.94307401112,1.0
-25329.02139945986,0.0
-30313.7534128695,0.0
-22226.462815991228,1.0
-17444.87180740919,1.0
-37110.56363985046,1.0
-24493.355656682455,1.0
-21869.369507172276,0.0
-38945.781851142834,1.0
-34987.37555714977,1.0
-18773.220144242237,1.0
-36238.94815111169,1.0
-24266.063596666965,1.0
-32451.996380350734,1.0
-17334.95812699714,0.0
-35496.41058386402,0.0
-18462.876762015218,1.0
-27451.76774657752,0.0
-27079.627339022416,1.0
-23802.95836043591,0.0
-18491.7308667046,0.0
-25132.743881390958,1.0
-20701.58260677899,0.0
-17789.905174184576,1.0
-29276.219377578644,1.0
-36961.5106236513,1.0
-32805.599476486736,1.0
-26439.972838756,1.0
-24753.86074783334,1.0
-20227.706802155597,0.0
-23127.90179543617,1.0
-17701.08664868333,1.0
-34416.02832771565,1.0
-23478.312170131496,0.0
-21691.286935117936,1.0
-32698.059692142608,0.0
-35706.34005665175,1.0
-35149.46380136164,1.0
-30448.638058849236,1.0
-25119.487472463334,1.0
-34237.1604997412,1.0
-23148.320034080767,1.0
-25761.346937382936,1.0
-34805.71697828488,1.0
-20107.99219900868,1.0
-17202.44134722533,1.0
-32874.86320840819,1.0
-21744.532908116515,1.0
-25273.696978401334,1.0
-19242.199049796043,0.0
-24128.892853202924,1.0
-19283.219211541338,1.0
-26066.680832125876,1.0
-25507.147946030986,1.0
-39399.36405759977,1.0
-30360.27372117505,0.0
-32898.2975828053,1.0
-17537.70214589737,1.0
-24900.25386992314,1.0
-22392.133888048484,0.0
-36718.11214457244,1.0
-37678.47782772429,0.0
-26690.28092355222,1.0
-21874.785450525436,1.0
-18067.22320989865,1.0
-34866.54505056031,1.0
-36307.314854217606,1.0
-25812.37642133978,1.0
-22144.8905134423,1.0
-25843.690485039326,0.0
-33913.00038019742,1.0
-36926.498184728014,1.0
-26305.689626863154,1.0
-18792.031828192296,1.0
-24905.563975407375,1.0
-18886.715862897196,1.0
-17521.852886655863,1.0
-24116.842464143752,1.0
-36341.244431400926,1.0
-31683.626805239124,1.0
-26466.56054938744,1.0
-34894.110940826584,1.0
-18353.060944136185,1.0
-41441.66548486245,1.0
-36518.54059165359,1.0
-35983.31885410655,1.0
-26816.02226007514,1.0
-26132.35590717543,0.0
-18316.004572817703,0.0
-25335.56607605842,0.0
-21356.61465732049,1.0
-29374.048794754457,1.0
-17980.248719454623,0.0
-34716.600026082204,1.0
-28705.873849508476,1.0
-17163.960131867065,1.0
-33764.539089290556,0.0
-30230.148981134575,1.0
-20644.39286795048,1.0
-22575.229053067054,0.0
-17631.706560950955,0.0
-24147.61727699176,1.0
-19761.355095019688,1.0
-31544.55330072662,1.0
-32361.32328538914,1.0
-29274.168929720545,0.0
-25935.36642839972,0.0
-18136.28493208431,1.0
-25492.894747654223,1.0
-33936.573621889176,1.0
-30415.713194033462,1.0
-25003.71628657911,1.0
-36035.29389754518,1.0
-27242.561561761817,1.0
-41479.08226835527,1.0
-27187.18589503308,1.0
-18452.82461211901,0.0
-24751.94282283999,1.0
-26130.510779230066,1.0
-33822.29369096772,1.0
-18073.115127038865,0.0
-19463.94079721804,0.0
-28329.390757315214,1.0
-26580.837091609206,1.0
-32904.84396943875,1.0
-19029.08586459958,1.0
-24675.15583652343,1.0
-29484.03580639181,1.0
-25461.665289216773,0.0
-36898.61615597461,1.0
-26301.88479942886,0.0
-25010.618523132947,0.0
-23570.80402604332,0.0
-30778.59093845683,1.0
-30214.232316020796,0.0
-34317.8335452274,0.0
-17949.11597805058,0.0
-35502.804290272405,1.0
-22564.218240994596,1.0
-35931.88495352515,1.0
-31378.446975434606,1.0
-42286.63748797544,1.0
-28788.631550486294,1.0
-25396.206481477275,1.0
-23225.1514791795,0.0
-17299.636408146398,1.0
-21573.656678768923,1.0
-17530.094928422885,1.0
-19778.85119318972,1.0
-21624.630437479886,1.0
-24522.84423781214,0.0
-32198.915432441056,1.0
-24635.26711609766,1.0
-18555.092400355723,0.0
-30571.083561528096,1.0
-19033.008106406367,1.0
-36494.97615830254,0.0
-29770.51108120612,0.0
-23835.504730948192,1.0
-17818.693815910534,1.0
-26525.57712517694,1.0
-18084.703073421068,1.0
-38872.13658918099,1.0
-19802.25899605776,1.0
-33365.769409657994,1.0
-17731.30447458861,1.0
-32630.960925794374,0.0
-23084.82382318005,0.0
-23787.130639900257,1.0
-28696.97597234614,0.0
-32935.41539692089,1.0
-33751.15715841043,1.0
-36119.09699775557,1.0
-25124.41823794411,1.0
-34013.52078562308,1.0
-19594.028386331964,1.0
-25455.94659066482,1.0
-22854.775492687666,1.0
-33032.71822711694,1.0
-24572.634618148066,1.0
-37687.24745728156,1.0
-33998.90177186264,1.0
-20884.831315002935,1.0
-33178.22024994253,1.0
-32137.492088565334,1.0
-29880.04192414856,0.0
-24412.60705751428,0.0
-22609.455302892267,1.0
-21484.58934029586,1.0
-20062.50514532026,1.0
-32825.202434740015,1.0
-17609.67146824926,1.0
-32959.536362545885,1.0
-34106.015386877145,1.0
-17579.058562945535,0.0
-34715.52990178959,1.0
-31252.77683493078,1.0
-17618.620948089723,1.0
-26761.280329084286,1.0
-34387.215873399815,1.0
-20459.62187704407,1.0
-29944.062365282258,1.0
-30743.102935364223,1.0
-25461.193396125534,1.0
-22665.641345228672,0.0
-17473.0203045806,0.0
-18616.642639030746,0.0
-24313.36159596997,1.0
-35589.95788552379,1.0
-36046.14156860221,0.0
-18863.121302795458,1.0
-40507.853149903516,1.0
-27711.93686198013,0.0
-35126.665999422214,1.0
-27266.257262209358,1.0
-20116.768748497903,1.0
-17387.37716238408,1.0
-24897.009839548242,1.0
-24655.785052188246,0.0
-24101.97108824407,1.0
-29986.44957987072,1.0
-19332.196003944628,1.0
-37307.94447752933,1.0
-23404.571049925966,0.0
-39809.504887387215,1.0
-17677.659977122465,0.0
-34732.66796817338,1.0
-33708.9261707615,1.0
-24139.64286436341,1.0
-23921.319329181035,1.0
-36109.4955108742,1.0
-28596.546451473914,1.0
-24707.57311066392,1.0
-22650.75181510007,1.0
-31885.012558933588,1.0
-23581.45642824859,1.0
-36919.71518055411,1.0
-17618.22990900975,0.0
-34210.54299761556,0.0
-19801.568810211662,0.0
-22466.036399154356,1.0
-27172.759944399346,1.0
-18819.67417818951,0.0
-39706.760581886694,1.0
-25286.133677130725,1.0
-35942.10281450919,1.0
-30914.35968658357,1.0
-27527.76095554225,1.0
-21829.411010731877,1.0
-36847.81384865327,1.0
-34520.72765232827,0.0
-34241.209561541036,1.0
-17604.725220364104,1.0
-35634.78098143684,1.0
-34988.63431742631,1.0
-37448.220849940844,1.0
-35050.7286445209,1.0
-18472.162804837026,1.0
-20175.838665188057,1.0
-25088.97700855347,1.0
-28501.482457040365,1.0
-21215.892219495254,1.0
-25307.39263014254,1.0
-17395.08944927926,1.0
-23648.334065412535,1.0
-26699.043120893686,1.0
-34650.22762528502,1.0
-37081.776918817784,1.0
-35008.69336333813,1.0
-21494.98045874723,0.0
-19707.0383657536,1.0
-32946.039767149225,1.0
-26811.246120324802,1.0
-25939.834362483387,1.0
-43293.55331134655,1.0
-38746.531586906785,0.0
-19712.44892829462,1.0
-20708.17669256772,0.0
-34796.94150919408,0.0
-24029.526675970104,1.0
-24424.690401769578,0.0
-30815.33397849798,1.0
-18721.427673525868,0.0
-26679.859139002736,1.0
-27010.367696171263,1.0
-33294.10264814916,1.0
-16981.276607883054,1.0
-26433.84005231808,1.0
-29531.491299710946,0.0
-17383.662134733167,1.0
-21958.368807681385,1.0
-25599.815853821692,1.0
-27999.832586311906,0.0
-40385.823395904124,1.0
-21690.98233011909,1.0
-25548.958423460965,1.0
-34997.68873704212,1.0
-22145.16663345766,1.0
-19758.422732085714,1.0
-38252.83046261956,1.0
-19300.73773175248,0.0
-26436.57552633443,1.0
-20673.263692339995,1.0
-19951.06345013339,1.0
-35362.97086273062,1.0
-31740.683361678253,1.0
-33128.80720064634,1.0
-29686.37644737171,1.0
-25623.612935460318,0.0
-35106.82915890115,0.0
-29011.043682968913,1.0
-18396.1326928758,1.0
-38080.16961396391,1.0
-35180.542790453954,0.0
-28194.779739025333,1.0
-17549.665956852616,1.0
-20163.239848865014,1.0
-25686.386523996604,1.0
-35012.659343043655,1.0
-36442.35832349646,1.0
-18765.446169913987,1.0
-23862.652591469254,1.0
-27325.43369958845,0.0
-26213.207944316884,1.0
-26010.738821441613,0.0
-17745.509084510326,0.0
-35098.298343057475,1.0
-19978.33955494459,1.0
-25415.01338650564,0.0
-37909.15725708405,0.0
-24054.007275900207,1.0
-28602.796728645735,1.0
-32174.157229375447,0.0
-32251.873581455144,1.0
-22958.16402967317,1.0
-24068.974542487194,1.0
-22954.227346275737,1.0
-35613.846454469945,1.0
-28487.090765424946,1.0
-26336.199817526114,1.0
-28344.99271002582,0.0
-36307.70481912358,1.0
-28175.61775982705,1.0
-26384.49296410296,1.0
-36864.944170117014,1.0
-22676.26148481606,1.0
-38787.787423290414,1.0
-33521.69688178958,1.0
-34749.777185374216,0.0
-31103.140693889956,1.0
-36104.318743561525,1.0
-18389.90730903792,1.0
-27786.575745369955,1.0
-24417.79910580995,1.0
-27723.731249867036,1.0
-18457.1582553556,1.0
-27660.009839060793,1.0
-19944.43167668893,1.0
-19140.06317663067,0.0
-25219.928818753782,1.0
-33582.90594391509,1.0
-24251.928524319337,0.0
-26944.198079423233,1.0
-22614.97611419047,1.0
-20941.37934222492,1.0
-33123.70420981537,1.0
-21611.943238763797,1.0
-18888.700368399866,0.0
-18105.90124052671,1.0
-33143.25643072874,1.0
-21103.291934927922,1.0
-33918.926062096565,1.0
-29942.187934270478,1.0
-37872.29656412477,1.0
-27385.19770832562,1.0
-24848.804290824868,1.0
-29066.024469622476,0.0
-24216.689216258572,1.0
-31107.1527278501,1.0
-18969.209070141707,1.0
-17790.916132332262,0.0
-32444.421302603074,1.0
-36195.69875443536,1.0
-18835.805097211305,0.0
-36100.573607526254,1.0
-34668.27698094523,1.0
-17436.18166579213,0.0
-19181.478264755628,1.0
-26803.74823037356,0.0
-28067.67565833294,1.0
-29525.438813137112,1.0
-19918.57941362593,1.0
-35931.116300247006,0.0
-25724.1655294737,1.0
-38314.80774335323,1.0
-32371.13321357262,1.0
-23105.31333678645,1.0
-24113.30660581074,1.0
-33200.44128734111,1.0
-17658.285832647958,1.0
-17704.32678900217,1.0
-27425.68466344793,1.0
-31677.617627607066,0.0
-34669.57531613232,1.0
-18435.50528496958,1.0
-23356.8340546504,0.0
-38935.686132351795,1.0
-24118.257876837517,1.0
-26767.137930573284,1.0
-21175.960464042633,1.0
-32762.59513289704,1.0
-22056.102048475717,1.0
-24142.012795770956,1.0
-28838.35670904736,1.0
-18451.76875417393,0.0
-24806.121280159517,1.0
-31088.441261431355,0.0
-19364.77130005582,1.0
-32325.07764735805,1.0
-24985.26461580403,1.0
-35723.75845686643,1.0
-24686.201751215798,1.0
-20705.161843518486,1.0
-36525.499264091784,1.0
-35416.6863433362,1.0
-25616.286324443445,1.0
-29432.626217339137,0.0
-25805.000403055114,1.0
-26545.708787397067,0.0
-42753.144412167385,1.0
-22718.998759994603,1.0
-36605.396351412885,1.0
-26724.148144679704,1.0
-36303.05974067643,1.0
-24161.525315424667,0.0
-20343.344496031383,1.0
-25256.300757765624,0.0
-35344.75669651313,1.0
-24275.779004083633,1.0
-18093.438413282307,1.0
-39008.42690970941,1.0
-19124.497347839937,1.0
-25132.442507113214,1.0
-28630.397877006224,1.0
-19675.99038311179,1.0
-17406.557356112084,0.0
-33451.62464669669,0.0
-23067.660176909638,1.0
-21648.92747720522,1.0
-32231.9974170036,1.0
-34755.72111029891,1.0
-34966.403034349256,1.0
-42694.38275784104,1.0
-31733.338240989182,1.0
-25396.08430128535,1.0
-35456.50939287542,0.0
-18972.939135323366,1.0
-23764.207152032002,1.0
-18067.794718898007,0.0
-34244.80643361583,0.0
-36264.339947431065,1.0
-39551.08896230649,1.0
-33619.97752995255,1.0
-26671.023610020806,1.0
-24236.169325693998,1.0
-21139.857204837765,0.0
-23105.166951474024,1.0
-21489.384878185352,0.0
-25914.91433822838,1.0
-18753.4292738298,0.0
-22577.98861462762,1.0
-17757.935126684326,1.0
-25239.065683327062,1.0
-36139.45687137703,1.0
-34270.73521007307,1.0
-33254.97175618129,0.0
-34009.07061766925,1.0
-18192.18684880226,0.0
-17592.40727228862,1.0
-34048.70003509306,1.0
-17870.232866216684,0.0
-31264.525356226175,1.0
-33274.11512633281,1.0
-31087.478998430226,1.0
-22020.193318990547,1.0
-23420.03738484399,0.0
-39700.611847363965,0.0
-25983.32240353884,1.0
-33904.7079755013,1.0
-17083.40330836444,1.0
-25099.924909608646,1.0
-17750.463132470668,0.0
-22205.68153181037,1.0
-28389.591236917382,1.0
-36241.97391578983,1.0
-19185.085513769558,0.0
-23321.520442257606,1.0
-38067.940273424785,1.0
-33049.963436614984,1.0
-32067.872016831905,1.0
-38220.971187633906,0.0
-20920.02148246133,1.0
-26658.706408535618,0.0
-30733.40036943586,1.0
-33340.89874726413,1.0
-31446.91981353916,0.0
-24400.79772675352,1.0
-17889.921291531653,1.0
-25961.409973185982,1.0
-31406.866845067227,1.0
-36572.36686328147,1.0
-27948.63394486659,1.0
-20948.136446044005,1.0
-21355.27972268949,1.0
-25338.098528704642,1.0
-24175.797057639596,1.0
-17380.998062906223,1.0
-32380.928071780254,1.0
-32910.69293601009,1.0
-19222.163456404327,0.0
-22464.650035197235,0.0
-25188.82600432389,1.0
-35916.538540183086,1.0
-18125.99871806841,1.0
-21227.115071712888,1.0
-33000.13901524161,1.0
-25322.545800378273,1.0
-17727.66722572611,1.0
-33272.74861353423,1.0
-20661.77921759155,1.0
-20478.508644786933,1.0
-23898.46928469595,1.0
-36306.605063766016,0.0
-25963.65606883213,1.0
-29253.94655880826,1.0
-19373.008822681353,1.0
-32212.335593937292,1.0
-25515.888910702524,1.0
-35423.39779854621,1.0
-17912.176771216873,1.0
-38754.61466226069,0.0
-34467.881971916046,0.0
-17861.059815695815,0.0
-37576.33571536948,1.0
-18453.705973089487,0.0
-25877.506370769377,0.0
-34888.66787257914,1.0
-23816.485929545815,1.0
-29465.608796061402,0.0
-18849.230938715365,1.0
-36524.7318388516,1.0
-29111.673888402664,1.0
-26334.28683722322,1.0
-21395.826462736273,1.0
-26919.158473278938,0.0
-31020.919523216224,1.0
-32352.636760292786,0.0
-31826.67655627107,1.0
-25211.95862251335,0.0
-32602.814053988754,1.0
-31747.797445452255,1.0
-36044.47042386274,0.0
-20743.99437725888,1.0
-35063.53606718668,1.0
-18881.175582943528,0.0
-28715.707774701725,1.0
-24166.555939096033,1.0
-23582.979304592132,1.0
-35051.2666416024,1.0
-36804.985393147814,1.0
-31760.06886764383,1.0
-21405.12405873734,1.0
-35352.42416712672,1.0
-25228.127906206217,1.0
-35267.649341490265,1.0
-43037.563042220616,1.0
-23504.759247874303,1.0
-25852.126360298324,1.0
-24391.28176047441,0.0
-17678.53389463087,0.0
-23395.568343386643,1.0
-19147.896968026696,1.0
-32093.767805924483,1.0
-26787.5746259766,1.0
-26429.39400915708,0.0
-40535.528086319166,1.0
-28415.9847099093,1.0
-30314.628823638726,0.0
-20025.546864210348,1.0
-35615.587192033454,1.0
-22779.482252235633,1.0
-23999.99117799267,0.0
-38209.17496245527,1.0
-34138.47185775729,0.0
-34686.48819191771,1.0
-33634.00042088695,1.0
-27214.876101189562,0.0
-37067.16124188332,1.0
-25552.88204219329,1.0
-38313.1444965847,1.0
-31874.23691107917,1.0
-17711.528151070015,1.0
-37791.46451005355,1.0
-35945.80141825871,0.0
-18630.138232544417,1.0
-30609.632647892347,1.0
-20569.22575375579,1.0
-25797.535708788768,1.0
-26850.124477763344,1.0
-17816.123976251027,1.0
-25071.843670184793,1.0
-27447.89901024884,0.0
-40364.12405565431,1.0
-32503.89035793828,1.0
-22421.579743551607,1.0
-38888.82633719402,1.0
-30411.584182078477,1.0
-21136.38797420631,0.0
-21868.336495330095,1.0
-32876.97007723106,1.0
-31462.151853337316,1.0
-31573.440510342763,1.0
-17747.382768028107,1.0
-31664.720648848757,1.0
-23973.434490077623,1.0
-36795.13088579451,1.0
-29603.592543808947,1.0
-21746.929373148218,1.0
-30261.834579084592,0.0
-36423.170118140944,1.0
-32971.21543818504,1.0
-21684.163962211405,1.0
-38323.53102399076,1.0
-23538.85339104381,1.0
-32937.0025624822,1.0
-30531.36420032211,1.0
-29061.826518299837,1.0
-27588.034471690407,1.0
-24866.057472410095,1.0
-33980.961158224396,1.0
-25656.22529419791,1.0
-20926.878709607958,1.0
-34914.39338123901,1.0
-19971.087249614306,1.0
-28744.96210031536,1.0
-25103.3865458574,1.0
-19274.655493087485,0.0
-17494.601675434693,1.0
-29829.51834568448,1.0
-36591.62041551121,1.0
-25569.824839275796,1.0
-33837.707487851425,1.0
-25387.816914146882,0.0
-32942.817177665616,1.0
-34203.61267504356,1.0
-18774.010264190558,1.0
-23868.128906472302,1.0
-26086.451210745996,1.0
-29177.500344640644,1.0
-32516.05967224671,1.0
-18586.804122049492,1.0
-33359.495258897514,1.0
-24918.269221953105,1.0
-26582.059557075,1.0
-35153.99296325249,1.0
-26243.215037313188,0.0
-25997.88849745217,1.0
-25981.188986422305,1.0
-17680.81371158426,1.0
-25825.968381769788,1.0
-33445.143948248246,1.0
-26750.731383932827,1.0
-22589.876246238753,1.0
-33425.16791280943,1.0
-20670.428862426255,0.0
-18331.141517928496,1.0
-33846.83735974916,1.0
-34187.21085435474,1.0
-25379.468202314845,1.0
-20957.250550045275,1.0
-17331.26769988083,0.0
-17654.0032737023,1.0
-26731.380446668838,1.0
-33397.408568768646,1.0
-35637.01674056244,1.0
-22953.388472021878,1.0
-29427.011057022686,1.0
-33304.7865998801,1.0
-27620.214149706233,1.0
-24984.015329039772,1.0
-24391.813362852834,0.0
-36766.3517443265,1.0
-21084.80413087253,1.0
-24396.20464765968,1.0
-26461.488970400278,1.0
-29087.370914949475,1.0
-25762.447051833245,1.0
-19303.3035817267,1.0
-30378.25697833211,1.0
-38793.710568916926,1.0
-32044.592237028985,1.0
-38128.92167327918,1.0
-19073.141147115417,1.0
-32396.216307671508,1.0
-24893.07537522201,1.0
-17576.608669297933,1.0
-19313.662372709907,1.0
-32114.49938634842,1.0
-22675.661781197734,0.0
-26382.723217230276,1.0
-38743.66596969918,1.0
-24826.706952443128,1.0
-19917.193299401162,1.0
-35478.58565829905,0.0
-35052.37057854037,0.0
-17813.385388389695,1.0
-17621.07386789572,1.0
-24800.244970724503,0.0
-32804.19554961037,1.0
-20858.86517753289,1.0
-34812.46104442282,1.0
-28071.692196281394,1.0
-32823.54282784306,1.0
-24491.13713963092,1.0
-42201.948686394055,1.0
-31319.25711590206,1.0
-17046.493952735316,1.0
-26312.02368431257,1.0
-34503.34735576022,1.0
-21535.302650602534,1.0
-33614.17642510911,0.0
-31442.644951258022,1.0
-29210.12707010882,1.0
-19928.052926782064,1.0
-18427.26777855683,0.0
-30660.178900118754,1.0
-34670.33629053626,1.0
-21971.859233453935,1.0
-22161.414603475845,1.0
-19569.826274566483,1.0
-23937.99210248489,1.0
-23863.054983622926,1.0
-19037.658477352084,1.0
-17911.1469443595,1.0
-40185.94517566476,1.0
-19746.456535921145,1.0
-18538.240071768698,0.0
-39484.36136260111,1.0
-19278.34386945439,1.0
-25288.530528262043,1.0
-25076.947989604407,1.0
-17827.779484080587,1.0
-17738.999128735966,1.0
-21843.69481259409,0.0
-29864.230873094028,0.0
-18651.352346419375,0.0
-25641.94516839798,0.0
-37047.11633936605,1.0
-24077.384144302065,1.0
-21882.02687445801,1.0
-19138.132652528435,1.0
-27486.886993823944,0.0
-30243.573487228336,1.0
-31202.95676253335,1.0
-18099.40637818259,1.0
-26810.678253971684,0.0
-17653.36285680959,1.0
-17063.872590703544,1.0
-35623.05607349731,1.0
-23954.9980118534,1.0
-18269.082710078645,1.0
-32415.612896911734,1.0
-32498.256725887564,1.0
-26339.37303050835,1.0
-27770.136545175475,1.0
-29795.12247261834,1.0
-42669.438715821816,1.0
-36434.84530712843,1.0
-19169.95209951567,0.0
-20524.313324919603,1.0
-32175.89071397677,1.0
-22554.660307366263,1.0
-23729.76402024488,0.0
-21633.143596001908,0.0
-22845.441370864115,1.0
-32239.776464684197,1.0
-22323.15868507888,0.0
-26858.277879931495,0.0
-27991.803848455304,0.0
-20013.409101134115,0.0
-19600.69519694904,1.0
-18330.448881290762,1.0
-24431.61206738621,0.0
-35911.379853112325,1.0
-31001.411406159787,1.0
-36070.85575239666,1.0
-22434.136430302005,1.0
-18565.964830920493,0.0
-29971.203483585577,1.0
-24555.26336926946,1.0
-25544.632543426073,1.0
-24132.7629986029,0.0
-32100.074729874934,1.0
-34544.37617989384,1.0
-25654.400070670315,1.0
-25595.8225921255,0.0
-28254.802945040356,1.0
-23303.230750629053,1.0
-18323.48327570593,0.0
-33999.58861949014,1.0
-37285.93228106483,1.0
-34583.7224139333,1.0
-29073.778559225957,0.0
-23631.04332748377,1.0
-35233.02579961716,1.0
-39259.54932107426,0.0
-26847.168267565758,0.0
-25407.17299162261,1.0
-23771.901261044957,1.0
-18703.537188252973,1.0
-37641.217327688035,1.0
-25119.194826622326,0.0
-32646.49614705207,1.0
-18077.479822738103,0.0
-23345.35200852914,1.0
-33613.98153848041,1.0
-25943.78003710083,1.0
-32974.27568093009,1.0
-23719.535142975394,0.0
-18487.35980915062,1.0
-36584.23954066256,1.0
-21986.397445331124,1.0
-18359.977884633023,1.0
-22538.795118219583,1.0
-19030.710134754867,1.0
-22257.052482340554,1.0
-21472.6813346279,1.0
-24847.652684091263,1.0
-24398.024305137424,1.0
-18410.13520700478,1.0
-30796.032286834958,1.0
-30130.558073538043,0.0
-22336.14870754118,0.0
-27236.920652397253,1.0
-25207.457510529257,0.0
-35277.77071589338,0.0
-18950.803611908254,0.0
-17445.094999833673,1.0
-27346.42362046222,1.0
-22308.56705177078,1.0
-35087.68355548174,1.0
-20629.670188048534,1.0
-17667.91003272281,0.0
-23846.097982774456,1.0
-32831.4443431683,1.0
-24702.131832886706,1.0
-26634.59903828972,0.0
-41461.16652086171,0.0
-28937.838824607734,1.0
-24366.017781538147,0.0
-19753.588944903866,1.0
-24621.401065162147,0.0
-35011.828360924876,1.0
-33934.61148449603,1.0
-28931.146325087182,1.0
-25642.25519958263,1.0
-25110.919407590685,1.0
-19723.662367851648,0.0
-20762.84946325275,1.0
-20541.78876688256,1.0
-39825.45033854974,1.0
-32086.455517019444,0.0
-22127.0035783892,1.0
-23885.839633870997,1.0
-32359.96700861024,1.0
-35769.27868368675,1.0
-32593.61390584442,1.0
-38289.329648840314,0.0
-22888.33661479233,0.0
-17748.928671754322,1.0
-36553.2675175535,1.0
-29788.323943502008,1.0
-17208.426706318372,1.0
-37188.475951373155,0.0
-32077.597029456723,1.0
-32397.987583359896,1.0
-31680.47885948139,1.0
-28542.129284025803,1.0
-40041.71064668696,1.0
-40607.670181347654,1.0
-19344.013206284944,0.0
-25729.337170658364,1.0
-27496.559541781335,1.0
-22586.15794221881,1.0
-25532.762782744445,1.0
-25789.778514026257,0.0
-24165.045465273877,1.0
-37293.62618662406,1.0
-25022.703303327038,1.0
-19108.220689598173,1.0
-31886.448344466415,1.0
-22964.00927389317,1.0
-27387.773433345847,1.0
-30135.117567585614,1.0
-21532.318297031634,1.0
-27285.914609286527,1.0
-24131.186771967834,1.0
-34113.55033011145,1.0
-42723.58022783328,1.0
-32921.46731944191,1.0
-36381.099402918444,1.0
-20235.44022034735,1.0
-25238.960477933124,1.0
-31992.883630235985,1.0
-18026.422608996894,1.0
-25172.30657027934,0.0
-38974.192963296315,0.0
-24636.110028531828,1.0
-34408.1988886217,1.0
-28212.175465469885,1.0
-24226.570446468777,1.0
-30647.107696147395,1.0
-37864.63373406969,1.0
-25685.582576301145,1.0
-36741.51040352694,1.0
-19072.689790899607,0.0
-19073.420437458288,1.0
-30056.332182227132,0.0
-34865.64507735125,1.0
-21342.308805916193,1.0
-28339.724215652073,1.0
-18193.37923271255,0.0
-30438.97868527258,1.0
-35558.71877284779,1.0
-19243.914698638924,1.0
-18259.27621582401,0.0
-21302.09578227269,0.0
-17699.741313334976,1.0
-33288.29824229972,1.0
-26562.170298771583,0.0
-31938.980989546842,1.0
-22809.10917392356,1.0
-31722.404083211455,1.0
-38513.97970080527,1.0
-17542.54601006653,0.0
-30176.402197511816,1.0
-34784.59427351313,1.0
-23458.815161273233,1.0
-34759.0452459734,1.0
-17878.254539134083,1.0
-22609.210143788976,0.0
-33586.71201850804,1.0
-21439.38520431079,1.0
-33070.87145493679,1.0
-39447.14560138545,1.0
-29198.616882570415,1.0
-24384.01407036645,1.0
-26294.014484660096,0.0
-36226.70196851142,1.0
-25056.273066714326,1.0
-30412.68090631048,1.0
-29202.097466474363,0.0
-34000.37125493631,1.0
-39925.21687072231,1.0
-30416.59585220751,1.0
-26252.983907364483,1.0
-17590.910768574537,1.0
-25471.836546190963,1.0
-40882.33137321128,1.0
-30191.46129370383,1.0
-23042.27768113382,1.0
-19300.99660747336,1.0
-25630.894475631394,0.0
-31301.31658861186,1.0
-24508.481061381106,1.0
-32661.968209774637,1.0
-24293.82671840539,1.0
-38020.042482797675,1.0
-24847.85871464938,1.0
-37393.810739131055,1.0
-18899.940398215946,1.0
-32798.57750838481,1.0
-17644.92045216606,1.0
-30545.375626182442,1.0
-37759.288384240244,1.0
-22864.07972896436,0.0
-34133.60364702066,1.0
-21582.737605000802,1.0
-20450.41007462395,1.0
-20112.20937174827,1.0
-28083.530680588883,1.0
-25915.078970093193,1.0
-24813.193255326194,1.0
-23387.487334525104,1.0
-24590.99787327055,1.0
-21038.085633271745,1.0
-26090.515076595715,1.0
-19452.89255962208,1.0
-32792.0405755434,1.0
-34559.860204222496,1.0
-34870.1043606827,1.0
-23891.57918197383,1.0
-34359.25556978487,0.0
-25560.819313000567,1.0
-24744.907951789057,1.0
-28501.557363758926,1.0
-28914.447535485415,1.0
-30157.355693888523,1.0
-32024.70612698757,1.0
-19195.367486558654,0.0
-26594.508099458268,1.0
-17848.780651270557,0.0
-22834.746729393675,0.0
-33939.386642932695,1.0
-17996.719276026306,1.0
-18503.649166313728,0.0
-32786.739202475466,0.0
-32311.23800184196,1.0
-24467.83627378991,1.0
-21421.55369847286,0.0
-33576.40438624048,0.0
-37135.293739619614,0.0
-29719.741896502273,1.0
-18681.605466382094,1.0
-25634.192215393232,1.0
-18009.27086788272,0.0
-25216.24431358509,0.0
-23926.220597975254,0.0
-31218.220988406563,1.0
-35287.026353088804,1.0
-20384.737698349338,1.0
-22472.724923278984,1.0
-25354.69700966442,1.0
-31606.86209555226,1.0
-23530.777775453425,1.0
-21468.41526622009,1.0
-33731.34769388649,1.0
-32426.05708513698,1.0
-29258.52694778835,1.0
-24952.018503250867,1.0
-20077.67561163773,1.0
-31591.813641042965,1.0
-30281.464157912495,1.0
-30001.90296993387,1.0
-25831.965857600422,0.0
-35779.44095675384,1.0
-36322.43345645556,1.0
-33658.60691023916,1.0
-17531.199158805543,1.0
-17384.595523763208,0.0
-36040.6286896496,1.0
-36420.68299564901,0.0
-26130.264326799424,0.0
-36926.53353839434,1.0
-21524.949559808898,1.0
-20869.629896461087,1.0
-36469.62729845525,1.0
-23506.610695320793,0.0
-22631.691774904426,1.0
-39438.87636475416,1.0
-34763.61082712084,1.0
-22803.89765214741,1.0
-35250.67119684077,1.0
-36185.69973587146,1.0
-30218.48220934847,0.0
-33893.93913211179,1.0
-33914.22369603381,1.0
-32094.68107099885,1.0
-23141.397757720286,0.0
-18611.859693536448,1.0
-19503.65896693612,0.0
-34156.68337669085,1.0
-23005.340324011988,0.0
-23649.315060302353,1.0
-21000.025609918277,1.0
-25679.368575372257,1.0
-19121.992288577167,1.0
-29753.087235468003,1.0
-17703.644080431466,1.0
-33687.03177902018,1.0
-17547.857478201895,1.0
-38604.89670381953,1.0
-26390.060634169276,0.0
-24347.209704015288,1.0
-31568.577604049773,1.0
-24474.984351281695,1.0
-41068.704601364036,1.0
-17667.111497190774,1.0
-30340.81297098667,0.0
-18268.85200611128,1.0
-20999.028462599585,0.0
-18888.47796814835,1.0
-30781.163330025527,1.0
-35688.91281640732,1.0
-32449.20634708009,0.0
-19092.161465118064,1.0
-28692.184257970057,1.0
-33554.98674800769,1.0
-17619.425196938628,1.0
-32187.064005579196,0.0
-28881.547948911804,1.0
-32147.96682707373,1.0
-21663.612539494403,1.0
-33784.713915012166,1.0
-25546.320235069896,0.0
-38968.75977964281,1.0
-30843.931899418843,1.0
-25006.919743853516,0.0
-36281.85316407598,1.0
-17574.610289350298,1.0
-33121.94860980516,1.0
-32513.35079259886,1.0
-21986.411218859277,1.0
-26206.09838149001,0.0
-17562.863531119106,1.0
-34290.05499715463,0.0
-32124.43088811219,1.0
-41568.81600735589,1.0
-18076.030302138595,1.0
-24495.267998245763,1.0
-23181.862203074157,0.0
-32512.30406076872,1.0
-20428.817009735292,1.0
-31911.53614215641,1.0
-28600.415138886383,1.0
-28094.676864191115,1.0
-24901.28717674612,0.0
-35760.82551444286,1.0
-20628.74639816607,1.0
-30877.296253710163,1.0
-35803.94152062056,1.0
-17839.70399374435,1.0
-36828.28835513189,1.0
-34665.78114543189,1.0
-33662.55007852265,1.0
-20038.156421498403,1.0
-26241.05654262568,1.0
-17545.952744881688,1.0
-33363.4775385538,1.0
-18057.2037690834,1.0
-24476.47227282636,1.0
-17572.208398221108,1.0
-25381.980316666617,1.0
-38770.31930939598,1.0
-33121.8402170917,1.0
-17134.154981114734,0.0
-35764.70732248049,1.0
-33110.56428061811,1.0
-21920.278956038856,1.0
-33625.13991988135,1.0
-30172.553806717464,0.0
-23671.975158925132,0.0
-30835.118164598018,1.0
-20605.396574381517,1.0
-19505.290585920306,1.0
-21195.20327560304,1.0
-36280.70572466495,1.0
-25783.016129682343,0.0
-23325.537260630153,1.0
-20645.021802039824,1.0
-38309.82975938733,1.0
-19252.757180770896,1.0
-25377.74496900832,1.0
-27655.09666735096,0.0
-36754.80461024555,1.0
-17797.433129842226,1.0
-30292.898020303706,1.0
-42013.694329971215,1.0
-25725.549228008174,1.0
-28698.792142378006,1.0
-19192.819674634513,1.0
-42020.435910693544,1.0
-36294.91889719314,1.0
-35042.73484253234,1.0
-37685.446982467714,1.0
-28246.454011601294,1.0
-39111.8070146072,1.0
-27667.642349050657,1.0
-21525.08937026466,1.0
-31568.61924780415,1.0
-35085.14654039025,1.0
-26981.68799691102,1.0
-38152.252538941546,1.0
-37629.506268041136,1.0
-34719.644735160095,0.0
-36051.05156509054,1.0
-41704.52120482021,1.0
-31220.257319323027,1.0
-32129.152118657636,1.0
-23659.8919944257,0.0
-23755.47424650917,1.0
-34838.24381045725,1.0
-36094.43314285627,1.0
-34587.02377471214,1.0
-24264.628259008736,1.0
-34762.5043314324,1.0
-30247.567931502865,0.0
-24916.907280496263,1.0
-36720.70127670173,1.0
-24121.29167197617,0.0
-17544.86039429379,1.0
-18483.939866249464,0.0
-38271.65083340242,1.0
-31350.170497876257,1.0
-32229.239214838446,0.0
-27022.454714577776,1.0
-32246.263494896208,1.0
-24445.24523963606,0.0
-34100.57461030607,1.0
-32787.05851278156,1.0
-16662.965960228474,1.0
-26660.23353853039,0.0
-34434.96592229101,0.0
-34696.3687594961,1.0
-32812.99821860515,0.0
-34645.3904017357,1.0
-25053.294469705765,1.0
-31585.67721944899,0.0
-40059.60934790327,1.0
-17432.262147961334,1.0
-35304.25978859329,1.0
-22002.926837281186,1.0
-33843.81842041845,1.0
-33333.82230569867,1.0
-22718.924295921868,1.0
-20565.598234656365,1.0
-21285.183766818864,1.0
-34265.825632477965,1.0
-33078.96761173699,1.0
-24776.352230440752,1.0
-18285.903073061996,0.0
-18200.32295954191,0.0
-36616.70982568753,1.0
-31162.08778005666,1.0
-27831.11001806874,1.0
-18708.175193270286,1.0
-32385.911226272063,1.0
-22965.23462573239,1.0
-17731.46110867791,1.0
-22206.983274405247,1.0
-29972.101542660923,1.0
-32292.50199192985,1.0
-18162.380487452905,1.0
-33760.05019584862,1.0
-28214.79453628423,1.0
-26864.43131116044,1.0
-24810.437308770306,0.0
-37030.963645252705,1.0
-32742.197844688606,1.0
-25452.06229904031,1.0
-34178.647657116075,1.0
-25493.82889670976,1.0
-35582.29048732779,1.0
-25981.257723922026,1.0
-39090.94750890354,0.0
-26378.49687569173,0.0
-23982.614289885627,1.0
-33445.983735904876,1.0
-22345.246738413967,1.0
-26004.665563268674,1.0
-37237.106037754405,1.0
-20027.874402165253,0.0
-27671.780461766233,1.0
-17693.80239497553,1.0
-36650.835703344615,1.0
-33822.11405889339,1.0
-35514.40823485114,1.0
-23740.24899481506,1.0
-30335.570375089585,1.0
-17909.84388096514,0.0
-23970.83056323143,1.0
-20948.027825951587,1.0
-17113.97879779312,1.0
-34529.05144597031,1.0
-28377.032225863957,1.0
-36030.490559747195,1.0
-34898.12465288952,1.0
-20944.03039698254,1.0
-37985.67580298608,1.0
-17756.662977848682,1.0
-21509.636233930785,1.0
-38572.69662819437,0.0
-37898.19476266411,1.0
-23168.964576109072,1.0
-29442.44145718676,1.0
-19881.87894465207,0.0
-33601.303710407294,1.0
-17415.988896162286,0.0
-32203.892605834255,1.0
-32782.277253075554,1.0
-19937.54531064074,1.0
-36273.68035967264,1.0
-27599.81797532695,0.0
-33048.71530651323,0.0
-36184.905847338865,1.0
-25963.094489758507,1.0
-25638.932384906628,0.0
-21402.95029558865,0.0
-18183.640201017635,1.0
-39615.71756651909,1.0
-36457.21679835078,1.0
-18293.513298933234,1.0
-18760.970306424388,1.0
-21347.78332011702,0.0
-18940.55669832174,0.0
-34993.103169889415,1.0
-34822.799197528046,1.0
-29103.873804303403,0.0
-35400.87993831895,1.0
-23375.935691529474,1.0
-24094.110934264874,1.0
-17202.455562761206,1.0
-24497.516601633433,1.0
-34392.816450155624,1.0
-35063.82483429545,1.0
-21014.16965582528,1.0
-34689.710880690225,1.0
-17716.895665147425,1.0
-27986.715439171705,1.0
-33742.389101182125,1.0
-35672.150750278284,0.0
-28756.467970055754,1.0
-26290.73130623558,1.0
-27250.929495215736,0.0
-24908.893624614982,1.0
-22942.273440989695,1.0
-19406.37951209451,1.0
-20825.974426165725,0.0
-26470.52690422481,1.0
-36081.408904578144,1.0
-25774.66151622194,0.0
-23448.796745659252,1.0
-26517.571134033642,0.0
-30938.354756064648,1.0
-19808.869919141885,0.0
-38889.690932818085,1.0
-25559.869109425417,1.0
-19534.374243940994,0.0
-32125.57000287585,1.0
-23845.771521220835,1.0
-19412.75665945271,1.0
-30116.495247859137,1.0
-19604.674239270083,1.0
-22497.956340351706,1.0
-17566.272690286212,1.0
-18598.48198637295,1.0
-17249.34810079133,0.0
-39719.317498671015,1.0
-20882.302677436513,1.0
-17581.82328212445,1.0
-17690.329726696393,0.0
-25115.213738561593,1.0
-40708.52573566404,0.0
-35024.42644520579,1.0
-18174.321792326,0.0
-19380.226538002098,1.0
-34793.06750810233,0.0
-22491.5461670435,1.0
-17685.910485284832,1.0
-32256.506251627325,1.0
-33850.66467834133,1.0
-23839.618372487428,1.0
-23380.95585123429,1.0
-20736.054006202008,1.0
-32863.980941322254,1.0
-38672.83784389367,1.0
-33654.280617540724,1.0
-34890.23696793649,1.0
-22018.481209512393,1.0
-27763.221926015256,0.0
-29625.044571424864,1.0
-36813.915998970675,0.0
-28178.6165256833,1.0
-34857.59912791417,1.0
-33783.82066673603,1.0
-20381.591274535473,1.0
-17675.04130261715,1.0
-18226.571960534668,0.0
-32172.163505861983,0.0
-29627.638477235276,1.0
-26730.159795871157,1.0
-26775.88424041115,1.0
-35217.05939136085,0.0
-33319.11188750034,1.0
-31039.661384665567,1.0
-31622.0633486071,1.0
-36145.533364435585,1.0
-25291.684940019462,1.0
-34418.75081624533,1.0
-37278.63224977884,1.0
-25296.230132640252,0.0
-36641.714320938794,1.0
-24574.94408441413,1.0
-36720.613127894525,1.0
-24809.07505600156,1.0
-30186.10975825342,1.0
-23416.1441931102,1.0
-31787.438672358552,0.0
-24341.215836734984,1.0
-38266.34064044821,1.0
-20913.003685044016,1.0
-18672.942797112762,0.0
-25921.31266094884,1.0
-30552.987511657157,1.0
-21284.725182694172,1.0
-22436.166190036925,1.0
-24747.9870928558,0.0
-34445.07389590573,1.0
-36002.49836502827,1.0
-22949.929127611635,1.0
-20277.45688289562,1.0
-24981.75942868715,1.0
-33677.7144936659,1.0
-23674.109866616207,1.0
-20144.32200350958,1.0
-21472.81374061401,0.0
-35960.63483276876,1.0
-33443.08838730352,1.0
-25338.502671618437,0.0
-21272.614916743754,1.0
-27986.402445772106,1.0
-18013.756653593748,0.0
-41903.754561288515,1.0
-32838.146575490384,1.0
-21788.142317675458,1.0
-21512.90951239584,1.0
-38571.225693182874,1.0
-27798.354786576332,1.0
-38356.75749434905,1.0
-27698.401506268732,0.0
-29966.53184855168,1.0
-26146.551008487077,1.0
-24272.367512183082,0.0
-32009.28683298783,1.0
-30028.96452883557,1.0
-26174.746351613758,1.0
-34538.406445775,1.0
-34179.10083707786,1.0
-33348.163247620665,1.0
-21543.004493535504,1.0
-23464.55286477192,0.0
-35780.47502549963,1.0
-31879.69091809195,1.0
-18024.9698153904,0.0
-34388.25188006963,1.0
-30904.19486733414,1.0
-18931.31957818537,1.0
-25515.641493389398,1.0
-26001.92989588566,0.0
-40289.93483978185,0.0
-27300.15378500986,1.0
-26540.16407633649,1.0
-40047.16710040661,1.0
-32236.56598251228,1.0
-25225.69301801711,1.0
-22765.85210790178,1.0
-35634.66597796096,1.0
-36380.183962493626,1.0
-36182.76315844034,0.0
-17058.40145714222,1.0
-24034.726408930943,1.0
-17896.449447717067,1.0
-24641.97986375793,1.0
-25081.38751266335,1.0
-17769.80210596248,1.0
-25119.934027335614,1.0
-32845.76191979689,1.0
-32793.68265609478,1.0
-17961.516902444135,1.0
-24214.493332177,1.0
-20479.460118836003,1.0
-33677.03995794043,1.0
-32341.95810046408,1.0
-32526.996528473454,1.0
-25417.426584040255,1.0
-27086.76291877941,1.0
-25494.149032787416,0.0
-29302.723109512684,1.0
-34727.90636306479,1.0
-24031.158656570344,0.0
-28876.121736020774,1.0
-22446.249308919283,1.0
-26344.132697452904,1.0
-32441.66807772933,1.0
-36484.09973626801,1.0
-23116.758937965864,0.0
-37363.04982839959,1.0
-38325.03001557665,1.0
-26915.624997189465,1.0
-34113.142539064465,1.0
-33484.37856622269,0.0
-26247.365620773104,1.0
-28679.39794100484,1.0
-26932.41554720704,1.0
-41838.31561613506,1.0
-22505.727573728385,1.0
-25439.646225200064,1.0
-26319.446945864856,1.0
-21665.876299798118,1.0
-38930.96768383063,1.0
-24650.70252532872,1.0
-19192.37096006892,1.0
-20804.499209557063,1.0
-39325.69551073924,1.0
-26829.81064462955,1.0
-24974.524878997596,1.0
-26699.835026148372,0.0
-26559.071759579947,1.0
-26286.70075288169,0.0
-26722.521509380596,1.0
-17793.466565385716,0.0
-33557.054708579664,1.0
-24122.57597848706,0.0
-19493.160449522413,0.0
-35886.975990340456,1.0
-37316.08524191182,1.0
-26821.833489455476,1.0
-18335.71607315394,0.0
-25340.21337881405,1.0
-36328.18324740958,1.0
-22148.960456251923,1.0
-26272.465019163217,1.0
-27076.87478474879,0.0
-33359.114855515574,0.0
-27664.984022532895,1.0
-17855.100958790637,1.0
-17584.938823823133,1.0
-31057.668105803954,1.0
-22648.241575445885,1.0
-34619.09848477852,1.0
-28718.31861690769,1.0
-31863.238887450105,1.0
-18133.884342191683,0.0
-23311.496270223375,0.0
-17341.16844584205,1.0
-27056.94185844277,1.0
-22198.063898888944,1.0
-34063.49486124851,1.0
-24926.65323759324,1.0
-36087.79585807357,1.0
-33803.79179086973,0.0
-29774.9554817572,1.0
-23028.83613238526,1.0
-25149.62400013941,0.0
-26657.405049575096,1.0
-18412.798718511058,1.0
-21457.31540641087,1.0
-38737.96768099087,0.0
-18920.388318079356,1.0
-38916.45360218814,1.0
-18222.184001082896,1.0
-25559.153055479474,1.0
-31813.154413999695,0.0
-25040.33591103101,1.0
-28081.8109691894,1.0
-17404.276735979085,1.0
-21442.74423768501,1.0
-23711.921626533454,1.0
-38487.95968736861,1.0
-36884.51029436891,1.0
-19437.32074451434,1.0
-23857.591873387344,1.0
-26734.62122689509,1.0
-17533.07312070113,1.0
-22762.347306752446,1.0
-25902.87341784419,1.0
-26486.49133425136,1.0
-35658.57718455277,1.0
-24761.656922720256,1.0
-17291.897910530563,0.0
-23275.194542427194,1.0
-24150.302768708134,0.0
-19934.04221131741,1.0
-35661.07245063568,1.0
-22555.488747738003,1.0
-22999.387850084844,1.0
-18036.226076543353,0.0
-37003.06846287325,1.0
-34926.814732509534,1.0
-19339.62457941979,1.0
-30041.493713647145,1.0
-23299.707674078338,0.0
-17654.229213922208,0.0
-17371.430250179135,1.0
-24165.54421809138,0.0
-18164.841338306473,0.0
-35174.30455142031,0.0
-24483.215164127338,1.0
-24914.462461568422,1.0
-34757.21551805176,0.0
-33240.93357417745,1.0
-33501.496534319405,1.0
-30608.882013377483,1.0
-24520.411279923155,1.0
-35911.41941242057,1.0
-22709.57678664339,1.0
-20147.184370984927,1.0
-20771.04285438705,1.0
-40888.504027122646,0.0
-26181.34684305393,1.0
-27103.740193275167,1.0
-20409.63505175632,0.0
-29287.51480543826,1.0
-18391.400914785892,1.0
-32209.47220441932,1.0
-36179.18563277922,0.0
-32559.750091829068,0.0
-22589.749088843007,1.0
-18028.311295523898,1.0
-28770.857829909615,1.0
-37165.47733079968,1.0
-37250.427687998934,1.0
-24341.017774706936,0.0
-31194.043872526316,0.0
-26903.945848875497,1.0
-33818.22402673358,1.0
-29987.561368085386,1.0
-34171.540620000684,1.0
-17247.919015688123,1.0
-35710.09011667856,0.0
-32326.259182094927,1.0
-17238.802218707257,1.0
-28727.357674300616,1.0
-31244.011638793625,1.0
-25111.69490836538,1.0
-20256.06397755383,1.0
-23673.247777440713,1.0
-17929.048283203592,0.0
-26401.066023092942,1.0
-35565.8060078995,1.0
-35632.36519689385,1.0
-36884.764917782275,1.0
-31485.068459482987,1.0
-34725.606258842876,1.0
-34832.751582203375,1.0
-33054.97877196632,1.0
-22907.047451492035,1.0
-24840.7207555804,0.0
-33498.113770591706,1.0
-17880.30061419049,1.0
-35616.69497824486,1.0
-17873.114120246013,1.0
-29068.306148337862,1.0
-26596.592102940565,1.0
-25580.727707747188,1.0
-20400.313921248104,1.0
-32933.33332185339,1.0
-25201.688931537217,0.0
-26731.631596183244,1.0
-30427.656250403885,1.0
-38009.52228837797,1.0
-25831.37185153205,1.0
-36559.96989247005,1.0
-27417.706663148867,0.0
-21048.017487012643,1.0
-34646.92128137542,0.0
-24304.05999003781,0.0
-25197.684684972093,1.0
-29943.639202601713,1.0
-29652.41673777921,1.0
-17589.25828026145,0.0
-19575.184619353284,1.0
-18430.3649435145,0.0
-19156.331429960548,1.0
-26388.607317687507,1.0
-34959.60622331116,1.0
-21524.990757190357,0.0
-29755.489693170115,1.0
-29943.550207898443,1.0
-33009.6933156657,1.0
-33359.74854051205,1.0
-25174.228466554832,1.0
-19459.460750692342,0.0
-19278.89611232614,1.0
-19772.18700944109,0.0
-22873.631691732684,1.0
-23626.906687239127,1.0
-18181.18899870653,0.0
-21034.824704942337,0.0
-21426.745914504114,1.0
-20128.001350910075,1.0
-32129.835908628727,1.0
-33296.75727297985,1.0
-25764.216222923584,1.0
-30854.299740152666,1.0
-38373.60362673481,1.0
-27304.9525742298,1.0
-35816.76441183176,1.0
-36947.927804666935,1.0
-25063.71721888909,0.0
-22294.666287882024,1.0
-34285.67049282801,1.0
-28723.45681108033,1.0
-35371.69944868295,1.0
-38053.08462151231,1.0
-23784.961262199253,1.0
-36862.885293551575,1.0
-33819.765698645584,1.0
-23347.980347254976,1.0
-35738.017232489874,1.0
-17731.878186720714,0.0
-26466.74695819005,1.0
-24763.32071026007,1.0
-24056.263123737634,0.0
-25278.528980828603,0.0
-19423.644207471876,0.0
-19732.84661180074,1.0
-24427.92750963074,0.0
-24353.330994172873,1.0
-17928.313748074408,0.0
-21868.168847301335,1.0
-21171.50275568151,1.0
-29968.37768519091,1.0
-31083.968181645854,0.0
-29762.472886159347,1.0
-32439.865501848537,1.0
-27877.45102745154,1.0
-27338.1689532373,1.0
-21271.85155063479,1.0
-32440.798873697644,1.0
-23328.30400991236,0.0
-36720.19409744791,1.0
-18336.57567730501,1.0
-26624.02347641831,0.0
-31130.221181122757,1.0
-23712.687248597027,1.0
-24147.559622432804,1.0
-28623.960294073782,0.0
-31731.31358876793,0.0
-37826.85976849967,1.0
-35204.86382831609,1.0
-34428.58109882959,1.0
-34829.50224438754,1.0
-36437.95292173869,1.0
-33549.95300549292,1.0
-22215.24923845304,1.0
-27226.14845994563,1.0
-35917.63223338353,0.0
-33001.77115908682,1.0
-35550.22651638054,1.0
-33455.14019552298,0.0
-18427.626097009823,0.0
-23980.67855799647,1.0
-18969.549439113733,1.0
-30655.888821201843,1.0
-17534.92871668217,1.0
-20665.826309374967,0.0
-31408.127982691807,1.0
-18651.07839747998,1.0
-20761.43472514818,0.0
-33234.31547566455,1.0
-31740.667647759365,1.0
-28311.36282839821,1.0
-34028.58550878538,1.0
-17583.320511344777,1.0
-36110.07825749665,1.0
-37354.24701238521,1.0
-24062.234961081187,1.0
-17543.699001639616,1.0
-38791.16733244085,1.0
-22171.711424503344,1.0
-24302.568216361775,1.0
-27967.728989020234,1.0
-18285.698939942376,1.0
-18600.377289875003,1.0
-23666.851104101923,1.0
-37149.731501306465,1.0
-35598.98007535393,0.0
-33859.14013179723,1.0
-35752.504907702656,0.0
-17502.78826615316,1.0
-24919.464523280807,0.0
-23982.07410936932,1.0
-37593.6914626957,1.0
-25687.76636228212,1.0
-18242.44376680432,1.0
-23695.775642756373,1.0
-39208.68447918032,1.0
-30315.313953400753,1.0
-19017.936617509135,0.0
-21528.207894279374,1.0
-22926.352202747075,1.0
-34550.620497011565,1.0
-25725.459304860255,1.0
-29794.547404765748,0.0
-34655.041406540724,0.0
-30961.159963525748,1.0
-33974.3728683353,1.0
-30659.35811585081,1.0
-22553.544755746843,1.0
-27722.209065172086,1.0
-35141.00005085576,0.0
-24962.65530075232,1.0
-32701.045614354938,1.0
-27564.591579818967,1.0
-39779.92784043745,1.0
-34584.309981330196,1.0
-33519.36576903716,1.0
-33481.83181827226,0.0
-31425.99502231465,1.0
-25588.133404452285,1.0
-35148.85641811327,1.0
-17577.227608279853,1.0
-24836.56827198922,0.0
-23674.85268773037,1.0
-17657.779069053544,1.0
-37165.029749291076,1.0
-29667.40710526293,0.0
-25596.848832584998,0.0
-33417.68166098131,1.0
-17889.057422876227,1.0
-26317.229808113152,1.0
-17447.332339681365,1.0
-35569.03439030335,1.0
-33896.36838845319,1.0
-36810.66400637709,1.0
-25900.830717847428,1.0
-30727.1852803429,0.0
-24945.835242358367,0.0
-33619.0908717531,1.0
-20433.68248207292,0.0
-26746.480369672267,1.0
-34064.21386748481,1.0
-35863.832149772476,1.0
-17391.109461409946,1.0
-38274.340137201296,0.0
-23769.55024537412,1.0
-26924.66454049082,1.0
-25414.819948551543,1.0
-25547.080948160787,1.0
-18280.51901882155,0.0
-30881.974039730943,0.0
-29922.62147710523,0.0
-26204.602494546118,1.0
-18457.657349257286,1.0
-25498.80118093042,1.0
-20956.64281280437,1.0
-25280.878904930236,0.0
-17580.537476997462,1.0
-18718.145131526708,1.0
-20607.59049977088,1.0
-31422.849037126198,1.0
-23188.765940211208,1.0
-22346.701016794686,1.0
-28635.4240736073,0.0
-34421.8987082606,1.0
-36389.78080216939,1.0
-26462.066838936924,0.0
-25559.171798164956,1.0
-21712.50859588492,0.0
-17465.958136753292,1.0
-19082.003203139277,0.0
-17941.489452756847,0.0
-37133.61908126914,1.0
-24347.07870817768,1.0
-22970.358354325836,0.0
-34339.41602038617,0.0
-19877.92873250375,1.0
-17887.402135948054,1.0
-22541.05061588349,1.0
-37963.633994128366,0.0
-34945.564047712025,1.0
-37521.14576068416,1.0
-20742.155634186878,1.0
-28741.674585435532,1.0
-19564.733074214804,1.0
-24769.164071093273,1.0
-18497.424331811424,1.0
-20223.27494226358,1.0
-25089.47488141442,1.0
-17958.239596256244,1.0
-23260.739220180436,1.0
-24756.297739225152,1.0
-22544.502345283414,1.0
-18880.10294981873,0.0
-25549.23681190971,1.0
-30601.8428486037,0.0
-36224.14010333209,1.0
-26495.338695035243,1.0
-25614.795693714084,1.0
-33500.843614484846,0.0
-40226.05277878218,1.0
-26939.188631642523,1.0
-24422.96744294768,1.0
-40816.64176222033,1.0
-17936.340173536213,0.0
-37580.1239449967,1.0
-18837.018342224717,1.0
-17386.607802922194,1.0
-38205.896162399455,1.0
-35020.27307902912,1.0
-21284.14518306344,0.0
-35189.592762561246,1.0
-36720.66408671218,1.0
-32302.70747754907,1.0
-39193.050705197435,1.0
-19297.818611293118,1.0
-35264.010781494944,1.0
-25335.03041619029,0.0
-33902.11295160821,1.0
-27424.753149936725,1.0
-18006.77414489907,0.0
-28971.818452844556,0.0
-34198.495934110746,1.0
-41465.8154067757,1.0
-20339.313318248336,0.0
-31665.804791723982,1.0
-37774.020457815546,0.0
-36216.50680845154,1.0
-25098.66965303764,0.0
-42171.18204704157,1.0
-24491.7677454323,1.0
-34508.05086091088,1.0
-25515.265138238065,1.0
-32418.467670541246,0.0
-25275.13910931177,1.0
-32778.8009261191,1.0
-33528.333662334175,1.0
-22805.611452328372,1.0
-23622.070306879963,1.0
-33445.805489813385,1.0
-18998.113608304535,0.0
-19227.490018526132,1.0
-36447.29878527624,0.0
-30201.241397533962,1.0
-20886.049257661354,1.0
-35827.05264751617,1.0
-34647.971027251406,1.0
-28643.243001167997,1.0
-25249.623989779102,1.0
-28218.839878929866,1.0
-29897.69678617554,1.0
-26358.126089613823,1.0
-23576.099884449097,1.0
-36660.339232016835,0.0
-26181.885940074666,0.0
-33563.98921018506,0.0
-24235.628476004727,1.0
-24920.241396019206,1.0
-42849.33162675056,1.0
-23948.49981749327,1.0
-17516.425743194613,1.0
-34297.670032523325,1.0
-18748.105884487944,1.0
-23617.939513098656,0.0
-32934.81008105184,0.0
-29324.210503490547,1.0
-39699.45316594596,1.0
-34156.726335376414,1.0
-23736.27441381424,0.0
-23351.00212976509,1.0
-30474.98253520009,0.0
-26802.545595916396,1.0
-25560.046691529442,1.0
-28824.36851839189,1.0
-35599.91737246815,1.0
-24236.587831429202,1.0
-33992.88962603372,1.0
-36419.74841394173,1.0
-18312.008839388564,1.0
-33105.435854739575,1.0
-20440.416488710158,1.0
