sal_8_lc2vs0_iate,reg_pro
-5247.612371911615,25.442805384741487
-5936.0812680048975,24.48031723822925
-18919.441037239645,38.30479248816428
-14707.782499432617,27.23029492891736
-16469.150647081267,35.43969589984596
-12774.949402169914,36.021807982956105
-12053.518190141918,35.48794104479353
-14026.35331439889,35.48794104479353
-13983.383125352026,37.424879126959546
-13134.47856113199,23.634277318491872
-29884.652334278326,20.98878429639096
-17681.150924771904,26.28022836679576
-16609.6116737232,23.634277318491872
-11969.497222718794,39.70178544635895
-5950.023047619555,29.0419683726385
-21467.992990178907,33.9596994808174
-11945.720340139294,36.18644355251131
-23984.303139984087,33.190710519682085
-14270.983694386445,37.31673442662566
-31714.984435430924,22.876594638877435
-16666.270956639855,39.70178544635895
-9190.945167600372,36.3573875871551
-16119.659878602992,20.146641489655405
-17563.4395086259,38.77222685532345
-12709.421738549398,25.46180534860576
-17881.349442808176,25.442805384741487
-21270.396143409,36.18644355251131
-10635.591001845487,30.518765731198098
-6349.551233765743,27.11781509568906
-25672.877520447037,35.48794104479353
-6822.170593997488,37.31673442662566
-15317.612865724008,24.48031723822925
-7312.442213867472,27.20170607688317
-16567.308543593586,36.59621121258517
-10771.937303749974,32.02921160100115
-23206.795175427615,38.061462197476885
-11427.513352134138,25.91532590252785
-16042.078033573867,27.66410460043495
-17658.06812471561,34.59482682258063
-11169.2081233098,24.75709700399736
-11499.894941943663,34.0840234334754
-13532.379106039432,24.82275449516596
-10474.096448959794,33.190710519682085
-7399.015417263921,24.82275449516596
-21831.30318425617,20.98878429639096
-12068.484378545405,25.442805384741487
-16817.388918640918,34.87097908415335
-8416.273475017142,25.9568290114522
-9300.107912582045,36.895008747355305
-12865.209168249241,38.061462197476885
-7081.880304338442,36.36929448528463
-15828.948926235356,23.84441056974409
-10728.199476209447,37.21455824969987
-13929.317983234097,38.296041677123725
-13986.614677233641,30.93066410111383
-8806.614629841297,30.93066410111383
-31091.268872966826,30.88527758713494
-12631.794461756974,22.876594638877435
-10562.048830745494,33.9596994808174
-19426.966405927375,38.77222685532345
-13447.30051696412,24.48031723822925
-12487.276177898975,37.12391018969001
-16920.067990057403,23.634277318491872
-12532.962823379243,24.043591501893573
-9913.747962433377,39.689354456040704
-13732.531740885564,24.377349804657285
-13666.649579562232,36.66915348581493
-8937.991690188243,38.061462197476885
-11118.370337633278,30.93066410111383
-9831.196112755113,33.190710519682085
-10573.756448907983,33.2979334027342
-28880.51804557306,36.66915348581493
-10686.250735088259,33.465850046515826
-13103.616710817836,36.18644355251131
-17959.01024925051,38.59436571998607
-10071.496266680995,34.87097908415335
-13782.465572926778,33.9596994808174
-16474.894839209068,24.82275449516596
-15764.240231078948,36.66915348581493
-28745.982583084147,34.0840234334754
-17947.466423922444,39.70178544635895
-21472.93628477188,38.30479248816428
-6541.9600657612355,25.975826758331387
-11658.795107039547,25.6381268714252
-7148.046106287589,29.199819087564737
-10323.714508672372,26.55757221818568
-9269.578573458637,34.78150641425992
-29115.64469282887,34.24810373671474
-9615.11726571023,39.16550782865332
-8861.114745064175,36.36929448528463
-17716.60192563,38.14609730811835
-16340.103061847669,28.60821615898056
-14684.070456690177,32.14515376327497
-7644.129012913617,25.91532590252785
-17645.62628875656,26.28022836679576
-21284.617047466774,34.78150641425992
-13330.57537141005,38.14609730811835
-12540.192397054576,25.46180534860576
-9402.807187600747,37.01842441720488
-9795.936310623623,36.59621121258517
-15211.710614927828,36.021807982956105
-18920.787376180393,25.91532590252785
-14363.490183207621,30.221990924441656
-3632.2607362219505,24.48031723822925
-11975.5970092164,34.24810373671474
-20815.78051022569,20.12142523431465
-14272.336117167273,38.30479248816428
-10667.303216113625,32.14515376327497
-14295.430723840462,24.48031723822925
-30380.561068380193,33.2979334027342
-7401.089893542664,29.199819087564737
-16763.298111027994,35.43969589984596
-16441.26604018639,38.296041677123725
-18094.53069026472,24.75709700399736
-16122.99698257296,38.59436571998607
-8268.885028056278,34.78150641425992
-10978.461832212244,30.93066410111383
-9573.332851260828,32.03486507724899
-9182.378284501126,32.02921160100115
-16127.620849373467,30.221990924441656
-9191.211403168274,25.46180534860576
-14354.187389724199,25.91532590252785
-31812.547204745133,23.634277318491872
-19965.426218763736,24.043591501893573
-13745.607386248457,36.895008747355305
-9055.757976269144,37.31673442662566
-29427.236427341748,30.93066410111383
-8861.753916954247,34.87097908415335
-11431.900734056582,25.91532590252785
-6804.923687760395,21.445839558321627
-10640.602832549692,39.63041727705111
-19197.80689807979,29.0419683726385
-13239.538872666702,26.716134404846965
-7698.705860482621,28.179167977526696
-8403.83715808361,37.21455824969987
-16925.87742997753,39.16550782865332
-15443.853765018846,20.98878429639096
-26489.770039860963,25.6381268714252
-32439.393099778827,33.465850046515826
-9836.64184116644,29.199819087564737
-17787.756900753462,39.53053733424087
-17199.62035261083,38.14609730811835
-28787.39871147152,36.18644355251131
-13611.636933011723,36.895008747355305
-8788.609005349892,36.36929448528463
-11707.752520868715,37.79198604260468
-28420.892329321316,20.63169958684676
-9017.434527057592,27.23029492891736
-12893.25721850593,35.46200090328086
-7726.069504399047,34.59482682258063
-21685.039040158692,33.465850046515826
-7890.740356703594,20.63169958684676
-7962.82577193678,34.78150641425992
-27077.96469273285,26.716134404846965
-7457.032934422472,25.442805384741487
-14298.479671744848,38.30479248816428
-10487.06035811848,25.6381268714252
-17149.425189867263,26.716134404846965
-13012.51422609331,39.16550782865332
-8866.169842147425,30.93066410111383
-21995.1583421644,24.043591501893573
-11290.039315053968,38.77222685532345
-7097.70649446683,26.55757221818568
-18993.60723190813,20.146641489655405
-8388.517453040644,33.465850046515826
-22343.058481445547,30.518765731198098
-6146.817396132016,35.46200090328086
-21872.97693888678,34.78150641425992
-11145.459436193058,27.682115880587865
-10301.771338755809,23.634277318491872
-16830.292048571337,36.021807982956105
-12785.061973985476,32.14515376327497
-19173.38069494109,29.98075197420983
-19362.225473852606,36.021807982956105
-6088.104218178562,25.9568290114522
-9421.5776810159,20.12142523431465
-15276.869349586428,26.111065750636296
-14599.63079187974,32.03486507724899
-14156.7336299947,24.75709700399736
-14877.666594340306,32.14515376327497
-10112.261997573736,24.75709700399736
-13807.37814166318,33.2979334027342
-10901.512399812744,30.019946390682776
-10117.611447563942,20.98878429639096
-6599.896309034922,24.043591501893573
-16542.21625910188,24.48031723822925
-20199.750505257514,37.01842441720488
-10267.981567493429,36.021807982956105
-19153.81749064121,24.75709700399736
-20288.308055710193,35.48794104479353
-18895.149096620367,36.59621121258517
-15272.051621049512,38.14609730811835
-21392.667758497722,37.21455824969987
-17938.086812944384,33.9596994808174
-8430.203278028921,37.21455824969987
-23031.391593886434,28.60821615898056
-12745.25270896825,24.043591501893573
-10165.81945000116,27.66410460043495
-15900.62731147343,36.36929448528463
-8645.217809161126,25.9568290114522
-12984.767214183808,39.63041727705111
-22678.644256130698,20.63169958684676
-12553.461600753013,37.21455824969987
-7870.456317975892,27.23029492891736
-12354.101538333134,38.35574790404051
-15447.242214867218,22.876594638877435
-13091.270947482402,24.48031723822925
-20604.331757102816,30.518765731198098
-14024.604376438147,31.436060620423927
-13260.948915050807,30.518765731198098
-21352.241260470848,24.043591501893573
-14395.630409975369,23.84441056974409
-30349.750470750543,36.18644355251131
-12881.343918520992,28.179167977526696
-16578.23814126708,35.30285648719705
-19154.37144692294,38.14609730811835
-18229.152669806608,30.09949130920913
-15018.185347042201,37.01842441720488
-17301.961461203457,37.424879126959546
-23990.89839345229,30.019946390682776
-11056.504685815653,22.876594638877435
-16597.818338926856,30.93066410111383
-11770.202353452183,34.78150641425992
-13838.215397875067,25.46180534860576
-6466.3390788404195,25.91532590252785
-18629.132361764947,33.465850046515826
-8669.234615590056,23.89434844644075
-23406.980721640517,20.98878429639096
-8639.964150338925,23.84441056974409
-6714.189602891527,30.221990924441656
-9544.32849150705,28.179167977526696
-11776.856009782197,38.30479248816428
-21263.35448351017,24.377349804657285
-14058.710119717842,34.24810373671474
-7546.583991201437,32.585451779770615
-16113.173700043419,39.689354456040704
-15881.890649145666,28.937925992166647
-12718.397934185294,27.20170607688317
-20185.887087490628,26.716134404846965
-17150.097886081716,35.30285648719705
-24757.70677391385,25.6381268714252
-29798.1994017042,27.66410460043495
-20384.863617014908,27.66410460043495
-12441.459563333276,28.179167977526696
-14798.931008320038,33.465850046515826
-9610.360086927289,25.46180534860576
-23187.07038385429,38.061462197476885
-22331.20727376756,30.93066410111383
-9488.747891050549,34.24810373671474
-30179.346763318874,36.895008747355305
-7244.082698264067,29.98075197420983
-9150.788263097837,36.66915348581493
-11799.152527468794,38.59436571998607
-16268.658613314296,38.061462197476885
-22380.22357793032,29.0419683726385
-21604.923596258803,38.35574790404051
-29719.833696293495,21.445839558321627
-12973.449497856614,20.12142523431465
-33493.5908172367,20.12142523431465
-18522.337818062115,26.28022836679576
-30993.655052159425,33.9596994808174
-29504.763230067536,36.59621121258517
-19224.5650513492,30.93066410111383
-13642.899254681619,24.377349804657285
-26183.787181146203,20.12142523431465
-19651.465173731063,30.88527758713494
-15427.758841724504,35.46200090328086
-8556.77618715023,28.937925992166647
-9642.861344118568,23.89434844644075
-22487.687341964578,32.02921160100115
-28573.236115605432,25.9568290114522
-11660.99601540523,39.70178544635895
-12145.541565862684,30.09949130920913
-13884.707737433182,33.2979334027342
-12437.81122027695,34.87097908415335
-11305.24462343619,29.98075197420983
-13739.371368635357,27.11781509568906
-12168.473340302271,32.02921160100115
-18305.86780753271,38.59436571998607
-10593.779767226268,27.682115880587865
-4984.453379939641,24.82275449516596
-12283.937185388724,24.82275449516596
-6498.370823426062,36.66915348581493
-12548.01225997064,27.66410460043495
-14458.02196603083,25.6381268714252
-18385.729123202476,33.2979334027342
-18850.55671256115,30.019946390682776
-17021.686091824035,37.21455824969987
-12616.094511257332,38.59436571998607
-15924.481621031184,30.93066410111383
-16433.288737653114,25.91532590252785
-9097.876990337667,37.79198604260468
-20795.352066945772,25.46180534860576
-12620.290854362527,38.77222685532345
-17872.52213363917,25.975826758331387
-12154.989865222502,37.21455824969987
-13712.255838571351,36.59621121258517
-18810.534803153787,37.01842441720488
-5272.95161904233,24.75709700399736
-9519.63746989509,25.46180534860576
-9583.414800101747,36.021807982956105
-7717.647203887949,25.442805384741487
-22897.31630622967,20.146641489655405
-19369.417154695504,38.061462197476885
-7349.774392798128,36.36929448528463
-13239.190753199604,38.061462197476885
-15867.883551343974,36.18644355251131
-19083.902216252725,32.03486507724899
-10353.148275399417,24.48031723822925
-18164.249432603992,23.634277318491872
-10635.3804828862,38.061462197476885
-6399.682032392456,25.6381268714252
-27883.20703057134,39.63041727705111
-12507.280434925475,30.09949130920913
-13488.913733835367,36.021807982956105
-25689.754537490568,37.424879126959546
-11869.396120393816,34.0840234334754
-10744.439545036937,35.43969589984596
-12634.276375277794,25.91532590252785
-9702.89079740483,24.377349804657285
-13451.20464631997,23.634277318491872
-8416.880279964531,35.48794104479353
-20398.911668669738,34.59482682258063
-8994.587364237315,26.55757221818568
-12031.890998611576,26.28022836679576
-16808.507633123198,27.11781509568906
-13716.854861026093,20.12142523431465
-9591.507493978783,26.55757221818568
-11801.540846688551,34.59482682258063
-13647.229290925454,39.63041727705111
-6007.517920702631,25.9568290114522
-7751.6843736968685,27.11781509568906
-16871.55959643263,20.146641489655405
-22162.547037649692,25.91532590252785
-13152.311620495788,32.03486507724899
-8408.862638611636,20.146641489655405
-15524.18048495705,30.93066410111383
-8511.104442313477,24.75709700399736
-10697.086766692446,27.682115880587865
-13466.56344927986,39.63041727705111
-18936.485052579355,34.0840234334754
-9321.861347273763,27.66410460043495
-27365.97255256632,27.20170607688317
-17641.43947423995,39.70178544635895
-13173.546640483844,23.84441056974409
-12984.968204797555,39.53053733424087
-14041.26375625298,25.6381268714252
-15183.294609146273,35.43969589984596
-16984.653303172345,37.424879126959546
-9811.930152948273,33.465850046515826
-20684.222071687396,20.98878429639096
-7652.882477888262,24.82275449516596
-8701.232653067818,20.63169958684676
-14185.50455472794,30.93066410111383
-18083.82530552208,24.75709700399736
-12204.86038945357,34.24810373671474
-13803.56476574844,27.682115880587865
-16402.001458629453,25.6381268714252
-11346.91010567399,20.146641489655405
-11945.724928544354,26.111065750636296
-10540.033448341766,34.084023433475394
-25636.652269811282,32.03486507724899
-19950.168112803134,24.82275449516596
-18811.42715373368,34.24810373671474
-11164.544089115665,20.12142523431465
-10637.244912902863,35.43969589984596
-18342.186512007887,32.14515376327497
-16575.276149631216,30.221990924441656
-23147.658564461737,25.975826758331387
-10156.016268337196,28.937925992166647
-13475.40484325162,34.0840234334754
-10308.68883531772,32.02921160100115
-16725.930418934422,30.93066410111383
-23164.046298493202,38.30479248816428
-9454.470672577365,32.03486507724899
-13562.718468205998,24.043591501893573
-20300.79607272757,27.20170607688317
-22764.74241142536,31.436060620423927
-15910.044534220458,37.01842441720488
-9395.86932504989,30.221990924441656
-8980.372178766547,35.30285648719705
-11136.248118964113,36.18644355251131
-13895.528447763714,33.9596994808174
-7738.899843455487,24.48031723822925
-19279.90296315491,21.445839558321627
-22081.677733577213,38.061462197476885
-13779.080537418202,38.59436571998607
-11452.126497073947,39.53053733424087
-18182.125134533857,39.53053733424087
-7083.425940641092,26.111065750636296
-32072.896556414147,20.12142523431465
-20627.96238232441,34.59482682258063
-28652.454556280187,30.93066410111383
-20669.12762683721,31.436060620423927
-15545.924647317785,27.66410460043495
-7428.789693200177,30.09949130920913
-13647.198382870587,24.75709700399736
-14988.02905183602,38.14609730811835
-20827.076922285887,39.689354456040704
-8452.022545071084,35.48794104479353
-15390.466773490727,34.0840234334754
-9683.357601500178,29.199819087564737
-7403.621813382657,24.043591501893573
-20061.019859037104,29.0419683726385
-13077.348753175864,35.30285648719705
-10590.129029123613,22.876594638877435
-11632.725467079465,38.296041677123725
-6734.673201628215,25.6381268714252
-7302.321070250546,33.190710519682085
-7810.035747625734,39.689354456040704
-17162.136589336984,34.24810373671474
-25476.260795333626,32.14515376327497
-21988.555106821397,37.01842441720488
-11166.241664283869,29.199819087564737
-7910.66233467659,30.518765731198098
-9733.57625611538,29.199819087564737
-12868.934052667268,35.46200090328086
-13873.022595682769,28.179167977526696
-6661.206450631079,25.91532590252785
-16167.371695401065,29.199819087564737
-11447.42107966998,30.518765731198098
-18084.964677247153,34.78150641425992
-9988.847640652779,35.43969589984596
-9368.632021776728,28.60821615898056
-5827.093824179359,25.91532590252785
-5003.025159402487,28.179167977526696
-23107.553936855205,36.021807982956105
-14447.51718552368,37.31673442662566
-10258.56040834144,33.9596994808174
-10970.422942971509,36.66915348581493
-6895.014798111342,28.179167977526696
-11549.514987842931,20.12142523431465
-10837.336226969315,23.84441056974409
-14362.079743160984,39.63041727705111
-10621.638642342863,36.895008747355305
-10210.753637743237,34.59482682258063
-19323.950747615912,20.146641489655405
-24168.06622963914,22.876594638877435
-21042.555073224652,29.199819087564737
-10036.547393993655,34.78150641425992
-16970.604281015396,36.3573875871551
-17486.138149170973,22.876594638877435
-14315.443150153022,33.2979334027342
-8198.00042590358,27.682115880587865
-13324.346641401728,37.31673442662566
-7966.101987445734,20.63169958684676
-17297.76687930281,20.98878429639096
-13531.94898017918,33.465850046515826
-28649.78442590694,38.59436571998607
-12066.032551957742,36.66915348581493
-14170.779485548037,30.93066410111383
-10487.066036869322,37.424879126959546
-12335.60538973851,38.14609730811835
-13203.434202823348,24.043591501893573
-10461.007210851214,32.03486507724899
-12742.310860615858,36.66915348581493
-13399.69378129887,30.221990924441656
-8139.477200356625,32.585451779770615
-31476.582581600393,32.02921160100115
-12766.611160660623,24.75709700399736
-15799.25269965826,38.77222685532345
-10934.927211852217,25.975826758331387
-8236.134012139592,24.75709700399736
-17851.82016277812,27.20170607688317
-14873.422008198408,26.716134404846965
-10794.465121761563,26.55757221818568
-11246.839505107166,30.93066410111383
-16720.387414461427,38.296041677123725
-10421.107934118128,39.53053733424087
-25534.64004766343,26.111065750636296
-6993.891218799272,38.35574790404051
-16800.25862474268,34.24810373671474
-6632.820569291824,28.937925992166647
-16272.792283466824,36.66915348581493
-17304.454967192396,37.12391018969001
-16921.588791457772,33.2979334027342
-21673.44329168299,30.221990924441656
-19516.430996098064,23.89434844644075
-20254.772464271213,20.146641489655405
-21850.400854302294,34.78150641425992
-9238.175248095107,38.061462197476885
-11547.177962189382,27.23029492891736
-6478.908484559625,23.84441056974409
-7871.342011448809,20.63169958684676
-15892.28268254124,30.518765731198098
-18816.859592285495,38.14609730811835
-16609.147448453426,36.021807982956105
-18628.881962587744,38.59436571998607
-23847.41091020326,30.93066410111383
-17145.16737044982,33.190710519682085
-13010.930824839945,36.66915348581493
-10001.400862660956,37.424879126959546
-12613.20575143577,37.21455824969987
-13737.616855619974,26.111065750636296
-10587.912192477219,24.75709700399736
-9898.427248533699,36.59621121258517
-14133.385338859627,26.111065750636296
-10860.808237860438,38.296041677123725
-10375.699529821952,27.682115880587865
-21348.502021140033,20.63169958684676
-11837.557178528288,38.35574790404051
-11410.577191194749,25.442805384741487
-14824.56739266722,24.377349804657285
-19146.893065526354,37.21455824969987
-7961.875376327626,29.199819087564737
-7632.144246618767,24.48031723822925
-12512.396067477675,21.445839558321627
-9110.955209994812,21.445839558321627
-16567.76684940131,23.634277318491872
-26917.81624794334,24.82275449516596
-14101.777579546319,37.424879126959546
-8015.171273046724,30.09949130920913
-5401.52645872969,25.9568290114522
-12119.375251909492,36.3573875871551
-12974.831048698523,23.634277318491872
-17065.809609083386,36.18644355251131
-16255.475574917684,38.59436571998607
-8901.140692455974,28.937925992166647
-23844.049428242135,24.75709700399736
-21733.232083331874,24.48031723822925
-30087.049806532665,35.46200090328086
-18256.68919866642,35.43969589984596
-9759.012830653275,37.12391018969001
-7876.286516468197,34.0840234334754
-17336.275257161702,24.377349804657285
-21782.2044041431,25.46180534860576
-21251.820406075913,33.2979334027342
-11629.066547281996,25.91532590252785
-14906.256855894015,29.199819087564737
-30355.167965388337,25.91532590252785
-10503.940927763497,37.01842441720488
-24270.998487131812,27.11781509568906
-6501.974194244072,27.682115880587865
-21621.468221891413,23.634277318491872
-18710.642443738663,39.63041727705111
-8254.495215367111,33.190710519682085
-7752.90217003962,25.46180534860576
-23930.855679421376,35.47153369004087
-13317.209825555568,27.23029492891736
-18020.998223423085,25.6381268714252
-7021.057589817012,33.2979334027342
-10272.354025536348,33.190710519682085
-9280.697702003032,33.9596994808174
-21009.626040680363,33.2979334027342
-8699.493066481287,24.75709700399736
-19872.14675088752,32.585451779770615
-8975.928013789695,34.78150641425992
-15975.587855547277,37.12391018969001
-11004.495681885459,20.98878429639096
-11474.063491452423,34.78150641425992
-20776.588396227417,26.55757221818568
-17261.09486903074,30.88527758713494
-23130.28582086982,24.377349804657285
-12888.759963087436,20.12142523431465
-15381.539811068023,31.436060620423927
-9266.64593420044,34.59482682258063
-31307.860618373023,21.445839558321627
-18453.39563393996,38.14609730811835
-23822.489719919413,33.190710519682085
-12484.802677087631,30.88527758713494
-13510.163317187136,37.12391018969001
-21632.11139733076,20.98878429639096
-31527.230620609924,20.63169958684676
-20660.142442834796,26.111065750636296
-7725.196185735148,27.20170607688317
-13278.787352333024,39.70178544635895
-13061.71196161379,20.12142523431465
-11890.32754228611,20.12142523431465
-12332.491871859494,28.937925992166647
-8361.630935631736,25.6381268714252
-7905.59372774959,34.59482682258063
-15441.94715108194,24.043591501893573
-18912.83726955548,25.9568290114522
-25755.812061566518,36.66915348581493
-15840.729092333513,24.043591501893573
-18192.860394443585,34.87097908415335
-16798.139773879422,25.9568290114522
-11848.599455064417,22.876594638877435
-14783.879731470332,32.585451779770615
-24725.84906001819,25.975826758331387
-19766.12797605546,33.2979334027342
-26425.0667999515,25.9568290114522
-29692.202559649682,37.424879126959546
-9534.77404107325,24.043591501893573
-8825.079240077615,39.63041727705111
-24380.560679599435,39.53053733424087
-7731.436308035265,26.111065750636296
-11460.257022906166,20.12142523431465
-12802.122515688643,24.377349804657285
-10726.74829120722,34.78150641425992
-7254.219427193238,37.31673442662566
-16263.244379077085,28.179167977526696
-24944.067302296084,29.98075197420983
-12371.383624258608,23.634277318491872
-7224.435812840753,24.82275449516596
-9471.533875014698,27.682115880587865
-9963.312015067047,28.179167977526696
-17035.351637428994,30.88527758713494
-8664.31226344697,34.59482682258063
-11022.362187627456,26.111065750636296
-30456.6193335304,28.60821615898056
-9736.657313616886,35.48794104479353
-21470.81636215203,32.585451779770615
-19575.525066203103,25.975826758331387
-14826.194772244708,25.91532590252785
-10973.461272108165,35.48794104479353
-20583.354450427607,33.465850046515826
-11033.604373082584,36.59621121258517
-6599.415654737496,29.98075197420983
-12681.19281372131,30.09949130920913
-15732.049574320401,28.60821615898056
-29404.86984049213,30.221990924441656
-9559.378398212195,29.199819087564737
-31143.084558074683,20.12142523431465
-22902.157180051647,32.02921160100115
-22604.03183802537,32.02921160100115
-16915.939722805222,35.48794104479353
-11191.417155748293,34.78150641425992
-8978.235331695803,28.60821615898056
-16429.213055024386,36.36929448528463
-26213.760502385874,37.01842441720488
-11709.526116370433,23.84441056974409
-12439.792692651223,33.465850046515826
-10835.738331952725,32.02921160100115
-11902.54624297846,23.89434844644075
-22532.901552998635,39.689354456040704
-30817.799318397294,28.179167977526696
-6792.618443239095,29.0419683726385
-14875.224775626331,25.975826758331387
-12483.393493691472,24.48031723822925
-23997.01717166491,29.199819087564737
-12424.89724112162,38.296041677123725
-9340.011839772258,20.98878429639096
-15861.361227059018,26.111065750636296
-9658.358600707525,20.12142523431465
-14134.958439160278,27.66410460043495
-30703.555589342697,22.876594638877435
-13431.671103154313,20.98878429639096
-19521.16491658631,36.3573875871551
-16823.03814144153,37.31673442662566
-23286.383496444178,38.30479248816428
-10538.271379310403,39.53053733424087
-14653.85504050823,34.78150641425992
-13362.876585978196,32.585451779770615
-23251.304845984938,37.79198604260468
-10971.743992696865,23.634277318491872
-19367.88400028684,39.63041727705111
-15893.459177365048,39.16550782865332
-17118.325617619637,28.60821615898056
-15344.803253567436,25.6381268714252
-13226.2490325978,35.48794104479353
-18997.88949235425,20.98878429639096
-13043.193543503468,38.59436571998607
-16364.16227316183,24.48031723822925
-19247.028880547776,32.03486507724899
-21659.89503017761,20.63169958684676
-21177.719827096516,37.12391018969001
-28482.286219405723,37.21455824969987
-8921.50296959351,23.634277318491872
-19183.229220615583,27.66410460043495
-8901.127791776995,36.66915348581493
-7057.859439531898,33.2979334027342
-8827.584242596426,38.061462197476885
-13360.83142539789,34.78150641425992
-9180.086238104937,34.0840234334754
-11880.418436009573,33.2979334027342
-15568.719971776643,32.02921160100115
-14748.76214262,20.63169958684676
-11119.927678092268,34.87097908415335
-11053.270834648029,23.634277318491872
-15535.897315227,37.01842441720488
-7387.908698139749,36.59621121258517
-9514.89312938445,26.28022836679576
-9826.765460434488,25.91532590252785
-9047.333499720327,27.20170607688317
-9863.938659217218,23.84441056974409
-11436.291985773443,36.18644355251131
-8137.141228542315,21.445839558321627
-11295.929635403416,24.377349804657285
-10109.712427017112,25.975826758331387
-18450.80726112786,25.46180534860576
-22530.649359425213,30.88527758713494
-10575.926361693946,37.79198604260468
-10552.530849663392,37.424879126959546
-9536.93585198977,34.59482682258063
-13265.939089919084,26.55757221818568
-13688.40853811469,28.60821615898056
-7773.429055193968,38.061462197476885
-14664.703115947215,30.93066410111383
-27456.91569711955,20.12142523431465
-8960.844096328343,27.682115880587865
-20625.562074614656,23.89434844644075
-13787.824707251952,34.87097908415335
-10603.175871285559,28.179167977526696
-7663.881558948601,34.87097908415335
-20400.508134209045,37.21455824969987
-13410.695583926805,25.975826758331387
-23242.301448306895,34.24810373671474
-12319.589133765512,38.35574790404051
-30918.109543919938,27.66410460043495
-6740.499731419379,25.6381268714252
-19195.593488437313,35.48794104479353
-11724.646987371749,25.9568290114522
-11993.181967649156,38.59436571998607
-15910.05045616972,36.18644355251131
-15239.70675400976,34.0840234334754
-12902.17928055241,38.14609730811835
-11511.038440211663,37.12391018969001
-17935.253933777673,33.465850046515826
-18463.039891853685,35.46200090328086
-20902.70878843325,37.01842441720488
-9439.268300963424,26.716134404846965
-6047.028932253897,34.78150641425992
-23260.25583867755,27.23029492891736
-16964.58166636127,35.46200090328086
-22539.35707362506,30.221990924441656
-10655.072617839884,39.689354456040704
-19658.84102293432,31.436060620423927
-11706.98663121128,20.146641489655405
-18407.947662282597,38.30479248816428
-13012.93590893702,27.20170607688317
-10639.964493373249,35.43969589984596
-9556.073941393528,23.634277318491872
-19119.21290285361,39.70178544635895
-11392.398641667685,36.18644355251131
-12404.451636655576,32.14515376327497
-7841.77215641666,29.98075197420983
-20463.944482413248,35.43969589984596
-6362.781792380607,24.75709700399736
-10149.025419361125,26.111065750636296
-25580.487128730572,31.436060620423927
-13472.522413541481,35.43969589984596
-9808.665173082718,32.03486507724899
-14985.835816943003,25.91532590252785
-9293.482072643941,29.98075197420983
-14922.704614656612,38.30479248816428
-32045.481716638336,33.190710519682085
-12624.944800153553,38.296041677123725
-23027.271469421474,23.84441056974409
-8215.285395731742,25.442805384741487
-15720.35079191367,37.12391018969001
-14296.392289287345,34.59482682258063
-6144.581672491211,24.377349804657285
-10821.364210426747,38.061462197476885
-19235.13028193845,36.021807982956105
-9363.564457290693,35.48794104479353
-14199.660015309832,30.518765731198098
-28710.194915323573,26.111065750636296
-10851.263996428432,35.47153369004087
-12741.903634458713,34.24810373671474
-10789.454102107893,33.2979334027342
-9855.778786782814,32.03486507724899
-7682.52790719846,25.46180534860576
-15163.826411046366,27.23029492891736
-15050.080914534228,25.6381268714252
-12309.309112297697,31.436060620423927
-22718.163200702293,35.46200090328086
-17129.303141419863,37.424879126959546
-24586.125454130182,33.2979334027342
-22287.522093292304,25.9568290114522
-13436.159420627242,36.59621121258517
-14130.131201398326,34.24810373671474
-17506.937151461447,30.09949130920913
-8514.951531773411,23.84441056974409
-18361.351036070915,26.28022836679576
-12802.10225389952,33.2979334027342
-12548.468678049303,29.199819087564737
-20774.167846147557,34.24810373671474
-21366.428058217025,39.70178544635895
-13995.882315643154,29.0419683726385
-18466.947795712877,27.66410460043495
-13644.251745851157,39.689354456040704
-12823.155032945044,27.20170607688317
-13725.355911972296,31.436060620423927
-11316.581636402809,36.66915348581493
-22973.62827262229,21.445839558321627
-12490.790542999865,27.66410460043495
-8838.541973407384,20.146641489655405
-7242.206331827368,28.937925992166647
-18362.364910341224,38.59436571998607
-26975.38662264504,24.48031723822925
-22992.289335263238,34.78150641425992
-14750.670040104047,36.895008747355305
-21595.645915791363,36.021807982956105
-9503.486294416263,24.48031723822925
-6447.075357458746,27.11781509568906
-15734.682424727258,37.01842441720488
-14294.184220951114,34.24810373671474
-17342.908942731767,23.84441056974409
-15432.428524139636,38.59436571998607
-24896.039549151916,27.682115880587865
-14086.946251348603,28.60821615898056
-13937.658878870052,33.465850046515826
-21651.003710231496,21.445839558321627
-12831.803892502672,27.66410460043495
-24916.64445034147,38.061462197476885
-10988.119854220033,36.895008747355305
-14740.823281274448,26.28022836679576
-11282.166233928761,34.0840234334754
-8829.21697935247,36.021807982956105
-14700.685916814287,20.63169958684676
-18062.290802300166,29.98075197420983
-11605.560777685812,37.31673442662566
-12537.86763678593,38.14609730811835
-18976.880409313417,36.59621121258517
-17911.88097098282,37.424879126959546
-14555.764470964186,38.35574790404051
-30861.431253359402,32.02921160100115
-9967.614865172705,33.9596994808174
-22649.32207580265,37.79198604260468
-12777.61769767942,22.876594638877435
-12089.91917202884,35.43969589984596
-16086.17257759767,37.12391018969001
-12036.93445391451,24.48031723822925
-8570.237958672893,30.09949130920913
-12970.83867824828,27.20170607688317
-18830.900788747746,39.53053733424087
-28739.31750841793,29.0419683726385
-20908.861177368144,38.30479248816428
-7731.318029455195,28.937925992166647
-9762.184787175129,38.77222685532345
-7617.478444100372,29.0419683726385
-11684.077637451688,37.21455824969987
-5218.243661964855,30.518765731198098
-18680.027017675908,35.30285648719705
-27321.1565956818,20.146641489655405
-8348.690194203307,38.296041677123725
-7692.533397839466,36.3573875871551
-20291.48834324628,36.66915348581493
-22434.18761842436,37.01842441720488
-9353.316919144767,38.59436571998607
-7831.839942361966,32.03486507724899
-13512.688043012879,35.46200090328086
-16176.615820073324,38.35574790404051
-7670.023644953717,27.20170607688317
-23606.303027179885,32.03486507724899
-13379.648731078236,37.424879126959546
-9671.431773869392,38.35574790404051
-8992.717943963016,23.84441056974409
-21449.824797472014,39.53053733424087
-13716.201832227061,34.24810373671474
-11771.248044573214,37.31673442662566
-8620.71061032248,37.79198604260468
-15323.568341873617,29.98075197420983
-6992.530111402157,30.221990924441656
-21834.914426220115,32.03486507724899
-11376.575681212624,32.02921160100115
-29822.499073066658,27.23029492891736
-15442.855730921114,26.716134404846965
-7659.300940827706,24.48031723822925
-24849.807563166356,29.199819087564737
-12184.363788720166,33.2979334027342
-11892.21991212558,37.21455824969987
-17148.717812510953,24.75709700399736
-11492.41267372528,34.0840234334754
-10929.082432057408,20.146641489655405
-10347.862411657696,24.043591501893573
-27569.861940077262,30.019946390682776
-11270.325877669156,36.66915348581493
-11104.92683704602,38.59436571998607
-8136.376869903758,26.28022836679576
-16972.316837172268,23.634277318491872
-17913.213621510404,37.12391018969001
-24626.34140457664,38.30479248816428
-8199.919254994405,26.111065750636296
-21498.187481777986,25.442805384741487
-16521.720303271664,22.876594638877435
-18669.783011428222,22.876594638877435
-22443.664741111217,23.89434844644075
-7950.755868989582,28.179167977526696
-17719.169761489546,33.465850046515826
-11962.93161254923,34.59482682258063
-9291.956946440634,25.9568290114522
-13466.115153980427,39.63041727705111
-18158.626959190577,29.0419683726385
-16328.515767458171,33.9596994808174
-30131.979729125065,25.975826758331387
-23658.52842511888,33.465850046515826
-11729.56128528251,27.11781509568906
-21815.320091662605,30.88527758713494
-16410.81366043374,35.48794104479353
-24610.509076017865,24.377349804657285
-28949.6047860627,24.82275449516596
-9644.422243889212,33.2979334027342
-19665.419685633693,36.18644355251131
-18656.293124640473,25.91532590252785
-11039.266914132408,32.02921160100115
-18529.26829839514,37.424879126959546
-6566.741510245512,36.59621121258517
-16791.195370123656,37.424879126959546
-14348.381306009227,28.60821615898056
-21161.723122727006,37.79198604260468
-25833.18785674371,33.190710519682085
-16377.328964084962,38.30479248816428
-21337.709551562664,31.436060620423927
-17376.177990094824,20.146641489655405
-24035.118722347444,25.91532590252785
-12158.687681012456,36.021807982956105
-20057.9150966921,33.9596994808174
-21011.439884359806,30.93066410111383
-19997.691107275885,34.24810373671474
-20057.897620968768,36.895008747355305
-11478.166527737005,28.937925992166647
-11372.517984019187,33.190710519682085
-21322.749443258937,38.59436571998607
-11039.681965616055,36.021807982956105
-20267.987929298695,20.63169958684676
-21216.01440141595,39.70178544635895
-10183.024469677583,37.31673442662566
-25454.88806454342,35.30285648719705
-15076.001905050478,38.296041677123725
-9351.929389624242,30.88527758713494
-15232.533427748922,38.35574790404051
-6718.049066654356,27.23029492891736
-12079.035842228492,32.02921160100115
-19073.591005142836,38.14609730811835
-5837.42087974016,28.937925992166647
-7812.413610850514,38.30479248816428
-20432.624102026515,32.03486507724899
-25031.70791821177,37.31673442662566
-27503.09665757842,34.59482682258063
-12454.223894889388,24.75709700399736
-24194.36224062479,25.9568290114522
-20465.77877383635,36.3573875871551
-8540.880469845715,25.975826758331387
-13529.8575295132,26.111065750636296
-18551.76336537973,38.30479248816428
-16561.064201004323,25.975826758331387
-15797.8109472135,36.18644355251131
-7061.378332322012,27.23029492891736
-8444.192161542418,36.36929448528463
-22354.819182371455,22.876594638877435
-23314.823736539936,28.179167977526696
-19961.490071847467,25.975826758331387
-9036.355889384764,30.09949130920913
-20105.317927544715,38.77222685532345
-30142.25936121442,27.20170607688317
-16249.435776698258,25.91532590252785
-18614.692101307985,32.14515376327497
-21911.748520743327,20.146641489655405
-7069.396846874375,36.895008747355305
-10485.188115263067,24.82275449516596
-15680.09576829275,36.3573875871551
-18630.553355740554,26.111065750636296
-17432.17535893195,30.019946390682776
-12173.036810505198,32.02921160100115
-19613.74381216648,38.59436571998607
-8917.572739872041,27.11781509568906
-9982.04365205593,35.47153369004087
-18244.446663476167,35.43969589984596
-13125.722098046188,38.35574790404051
-7853.792153627973,25.46180534860576
-8176.752174990058,33.2979334027342
-9204.666673602535,35.30285648719705
-11156.897674444266,28.179167977526696
-11692.365565653936,24.75709700399736
-19897.496220592235,39.689354456040704
-10528.978829132182,27.66410460043495
-14558.249669803527,25.442805384741487
-6618.11474575365,33.190710519682085
-7928.360623443785,32.14515376327497
-29379.30887618359,32.14515376327497
-9042.487447726431,30.09949130920913
-18976.405877130637,38.77222685532345
-13349.83442269191,38.77222685532345
-6550.892379328759,30.221990924441656
-7631.215681909116,34.87097908415335
-9616.924816880975,37.79198604260468
-11523.962949023438,25.442805384741487
-17788.53988781189,38.35574790404051
-10657.732187222642,39.16550782865332
-23378.856548478507,37.424879126959546
-11166.491936170412,37.12391018969001
-24713.816999222832,25.6381268714252
-11801.932054868623,28.60821615898056
-8935.8726799029,27.23029492891736
-6655.960689503578,25.6381268714252
-16426.907183273368,23.84441056974409
-14864.419278952706,24.377349804657285
-16417.955434719053,38.30479248816428
-14166.0613822591,30.019946390682776
-16967.116482182835,24.043591501893573
-8406.855443428878,24.48031723822925
-12857.629116688444,39.16550782865332
-12897.51778400255,37.31673442662566
-9250.890636010367,30.019946390682776
-9696.721982080056,36.895008747355305
-13258.083074957336,38.59436571998607
-7019.8028029862535,33.190710519682085
-14670.4276101835,38.061462197476885
-18761.218791912615,20.146641489655405
-16119.242823718818,36.18644355251131
-14763.865428999348,20.146641489655405
-16280.297034074609,38.77222685532345
-24995.059944711385,30.93066410111383
-8234.750330198882,29.0419683726385
-7045.172761854934,35.47153369004087
-10384.851638030135,26.28022836679576
-17383.14495532973,33.465850046515826
-10285.468691582986,20.63169958684676
-9434.986029230735,30.221990924441656
-17849.281179936945,32.14515376327497
-22587.153487722215,24.043591501893573
-5953.34715748344,29.199819087564737
-12213.687679140528,25.46180534860576
-9563.531115907157,25.442805384741487
-19405.8329617728,26.111065750636296
-13982.612021861112,23.89434844644075
-15434.383153742248,25.9568290114522
-8283.827914812566,35.30285648719705
-12895.486578585824,36.021807982956105
-17509.535806687207,37.01842441720488
-12140.764019666949,20.12142523431465
-13176.321156149184,39.70178544635895
-15329.023708520954,30.019946390682776
-12492.06871508899,28.179167977526696
-11118.4381673023,36.66915348581493
-18604.302968970605,32.02921160100115
-15119.702790774601,31.436060620423927
-8444.647883666225,36.36929448528463
-23189.35875513973,27.23029492891736
-28869.839924948064,36.36929448528463
-9136.078609144482,20.63169958684676
-9698.311145112675,21.445839558321627
-8965.459306396731,23.84441056974409
-16183.342295927414,23.634277318491872
-10505.564586118155,28.60821615898056
-14641.233782098605,33.2979334027342
-15882.352970679713,38.14609730811835
-14352.005541435135,35.43969589984596
-10044.574131438181,36.36929448528463
-32405.42241882872,28.179167977526696
-12247.458648889764,39.70178544635895
-14535.931638102244,35.47153369004087
-15677.808947816473,36.59621121258517
-25789.22377400623,30.09949130920913
-12459.55650332567,27.20170607688317
-16400.285718002775,36.66915348581493
-22828.323024655703,24.75709700399736
-17054.369550856038,34.0840234334754
-12658.169942281365,38.061462197476885
-10994.598815241457,33.9596994808174
-11496.31965241046,30.221990924441656
-14561.63625910991,26.28022836679576
-11009.72652838071,30.09949130920913
-9422.277018600264,38.296041677123725
-7933.369786543114,37.21455824969987
-14274.55871751111,26.28022836679576
-8817.180077731044,30.019946390682776
-6302.810169912218,28.179167977526696
-7871.719672930419,24.82275449516596
-29970.8183732287,36.59621121258517
-9428.105588972096,35.30285648719705
-7167.479878650126,36.36929448528463
-21433.406960573142,32.03486507724899
-10581.492376773342,25.9568290114522
-19953.062647662093,32.585451779770615
-9603.717519615664,37.01842441720488
-13564.65537429027,25.442805384741487
-8841.543438808332,36.3573875871551
-17415.903415470482,24.75709700399736
-11590.488158396614,32.585451779770615
-9712.231596946305,25.442805384741487
-15083.743553282355,31.436060620423927
-29696.204949429906,30.019946390682776
-16025.920255916486,25.91532590252785
-18115.121476051605,26.55757221818568
-13205.37938131638,39.63041727705111
-13146.073713988058,37.31673442662566
-18081.643987491196,24.043591501893573
-15966.307184818124,34.24810373671474
-9324.68874114486,29.199819087564737
-12740.050048308707,21.445839558321627
-7567.280067437285,34.59482682258063
-11916.662052858417,20.98878429639096
-17565.358600921332,37.79198604260468
-10825.970574447429,32.03486507724899
-11168.59993024974,28.179167977526696
-12229.756650445554,35.43969589984596
-18110.34005260866,35.43969589984596
-12761.26277908538,25.442805384741487
-15626.03828451027,36.66915348581493
-10883.629263455035,39.63041727705111
-27019.371433644475,26.111065750636296
-19531.92808667301,30.221990924441656
-17277.85390200852,39.63041727705111
-11201.927405614297,30.93066410111383
-14047.6007398386,37.21455824969987
-10085.266952636568,27.20170607688317
-11877.788194191378,30.93066410111383
-14468.43612982526,32.585451779770615
-8926.50099737614,33.2979334027342
-11622.305938479993,38.77222685532345
-18914.70803730239,37.424879126959546
-14697.792442781833,33.2979334027342
-15774.05995905765,37.21455824969987
-15056.390996359927,24.82275449516596
-15244.844295226998,24.75709700399736
-9421.000761824493,32.02921160100115
-9728.979896479519,28.937925992166647
-23150.48010593296,25.975826758331387
-18842.86224105131,37.424879126959546
-13761.56218801488,24.82275449516596
-15861.92957407951,35.47153369004087
-9953.88992698081,24.75709700399736
-19212.936883812272,37.424879126959546
-19945.087907800873,39.16550782865332
-6106.545676348338,38.59436571998607
-8359.11311772006,38.296041677123725
-11029.519019908677,20.98878429639096
-18981.06489453432,25.442805384741487
-7074.722863040921,20.146641489655405
-13107.27711277509,38.30479248816428
-13704.931882736502,38.061462197476885
-9451.639887229318,33.9596994808174
-10892.705571908544,20.146641489655405
-18372.86953072315,39.16550782865332
-23920.540711484708,27.23029492891736
-19970.645784246473,27.20170607688317
-19303.04536561903,39.63041727705111
-8844.42559217456,35.30285648719705
-22742.55538746882,27.66410460043495
-30394.74203640147,20.63169958684676
-20062.400515894406,35.46200090328086
-20034.92939951686,37.01842441720488
-8140.358744140231,33.190710519682085
-12660.07630224354,30.88527758713494
-23164.10245147357,23.89434844644075
-20031.59472045719,32.14515376327497
-7628.801686738112,25.975826758331387
-11593.802303601826,28.60821615898056
-15416.874847153886,39.70178544635895
-16392.764948125536,23.634277318491872
-20982.911638308215,20.12142523431465
-23123.1333416442,27.11781509568906
-7009.491206489212,24.48031723822925
-11794.171683489378,20.98878429639096
-30448.31568561167,20.98878429639096
-10054.791977863431,30.88527758713494
-10611.698283536825,20.98878429639096
-17357.733292727997,25.46180534860576
-7880.343016996171,35.46200090328086
-7810.491139018139,26.55757221818568
-9593.315607553432,28.179167977526696
-10428.415274833507,36.021807982956105
-13095.344117518178,32.02921160100115
-11628.691766591142,34.24810373671474
-10306.103685823986,20.63169958684676
-16186.505907377317,20.12142523431465
-10790.848438657473,26.716134404846965
-19261.71377683419,39.53053733424087
-12085.828279775158,30.019946390682776
-20903.177606216497,37.01842441720488
-8028.894611108,24.75709700399736
-6152.03029175805,30.09949130920913
-24045.39660581696,25.442805384741487
-9337.86195850909,20.63169958684676
-28510.10049388405,22.876594638877435
-5620.74057334162,21.44583955832163
-6345.614223744763,29.0419683726385
-15641.645713588176,37.12391018969001
-15616.206268255388,37.31673442662566
-10337.794326986965,25.975826758331387
-13116.466125033025,38.77222685532345
-20738.878923246757,24.48031723822925
-17710.216322332228,36.36929448528463
-10731.990180909726,39.70178544635895
-10981.179092520752,34.0840234334754
-15617.128829230256,30.019946390682776
-16426.8462565529,30.09949130920913
-17463.14167061137,30.88527758713494
-11358.839413463576,34.87097908415335
-13503.190920746696,34.24810373671474
-20786.168766852465,27.682115880587865
-14831.638810084864,24.48031723822925
-6847.489182717523,25.6381268714252
-11473.927187258352,27.20170607688317
-29897.21565449572,37.424879126959546
-14514.26371975373,36.3573875871551
-18688.31282733628,38.77222685532345
-8716.110025852173,27.66410460043495
-17133.846786106435,39.63041727705111
-25318.425006879712,24.377349804657285
-20784.494503535436,39.63041727705111
-22412.37737567893,30.518765731198098
-11640.522521400198,39.53053733424087
-9143.184042640856,28.60821615898056
-18746.350776170017,38.35574790404051
-15353.40098554924,38.296041677123725
-11994.47809749932,38.30479248816428
-21384.680338070448,36.59621121258517
-13768.969654856379,30.019946390682776
-15291.640478295358,32.585451779770615
-13138.120964763246,27.23029492891736
-14234.405172629118,26.111065750636296
-21019.922656335006,23.89434844644075
-25225.312096427053,32.585451779770615
-12147.576146026762,28.179167977526696
-10777.12808772404,20.98878429639096
-24883.19160794666,20.98878429639096
-7959.840580793697,24.48031723822925
-9998.89767763468,32.585451779770615
-13769.513877159974,38.30479248816428
-7263.929093083854,20.146641489655405
-23392.061257617457,34.24810373671474
-7808.430594365159,32.03486507724899
-10184.07329056715,28.179167977526696
-11127.725511643996,30.019946390682776
-6486.655561404987,28.937925992166647
-9700.5071223615,26.55757221818568
-15652.000453420675,34.24810373671474
-18283.600648377796,30.09949130920913
-16385.75168524214,20.12142523431465
-8406.204269891095,36.3573875871551
-20405.620280389307,26.111065750636296
-24289.46913616541,24.75709700399736
-12782.724403435743,35.47153369004087
-18079.581486586932,37.79198604260468
-9355.890329838294,33.2979334027342
-7588.245948759898,26.111065750636296
-24299.811850814767,39.63041727705111
-7651.277724475083,38.061462197476885
-13394.261575131168,34.59482682258063
-23000.90877878681,38.30479248816428
-13830.100853743563,20.12142523431465
-29378.495218673634,29.98075197420983
-13098.291981773598,37.424879126959546
-18289.910680626446,25.6381268714252
-26270.80451697343,35.30285648719705
-18539.649414482188,38.30479248816428
-5343.887791392488,28.179167977526696
-30420.4890381213,35.47153369004087
-9152.83569053179,27.11781509568906
-9423.097157621547,26.28022836679576
-17790.272827852066,22.876594638877435
-18898.83133418504,23.89434844644075
-13026.969953041576,29.0419683726385
-13357.734129350107,37.79198604260468
-9012.204018298402,37.31673442662566
-16310.158588879272,28.179167977526696
-27404.303367819455,34.59482682258063
-13989.255188436035,37.21455824969987
-10553.302775272963,36.021807982956105
-6117.907863348899,28.937925992166647
-6359.719487167947,37.31673442662566
-18096.18464513751,32.03486507724899
-19806.26208354762,30.88527758713494
-16275.994660161186,22.876594638877435
-18447.008369558116,27.682115880587865
-8754.509283651701,23.84441056974409
-21273.992049288056,23.89434844644075
-12415.289494188692,24.377349804657285
-20618.694727199258,28.937925992166647
-29386.86596347485,29.199819087564737
-6736.246563001612,34.59482682258063
-22395.88886655747,23.89434844644075
-10787.478739293289,36.18644355251131
-16594.793407873065,39.63041727705111
-15290.906533370493,35.46200090328086
-11653.367468093145,38.35574790404051
-12295.202490219312,33.9596994808174
-19950.88566440236,35.46200090328086
-10706.571089089433,25.9568290114522
-19518.827705313088,34.87097908415335
-21118.457369616557,38.35574790404051
-19765.647482831537,29.0419683726385
-20840.057935131354,37.79198604260468
-22535.46132397766,30.019946390682776
-12728.255087014213,38.35574790404051
-20017.24369036546,36.59621121258517
-21236.568112380322,35.48794104479353
-23188.47425025804,38.30479248816428
-8549.512056296899,33.9596994808174
-11524.264423675795,36.3573875871551
-15228.38121905398,36.3573875871551
-19866.194175647146,39.16550782865332
-6778.863688798261,21.445839558321627
-10961.239753530226,34.59482682258063
-12472.110139147411,38.296041677123725
-18761.062154732328,26.28022836679576
-14719.219677266918,26.111065750636296
-20462.084616064752,30.09949130920913
-15439.252913192093,36.3573875871551
-9233.722612384177,39.70178544635895
-19377.31223882359,26.111065750636296
-7317.977237779086,26.28022836679576
-19090.492777724747,30.019946390682776
-12955.150045936833,37.01842441720488
-9887.014843123185,28.179167977526696
-13928.241119912738,21.445839558321627
-22738.312925154496,25.975826758331387
-16891.014203025778,33.465850046515826
-10006.655475250775,36.3573875871551
-22721.57893851944,28.60821615898056
-8682.557315898768,35.47153369004087
-17365.48397661949,38.77222685532345
-8837.698409465807,27.11781509568906
-20251.75070417894,34.24810373671474
-10330.051431394459,34.87097908415335
-2874.9361997235883,29.98075197420983
-11966.902669508605,23.634277318491872
-10469.276227579581,38.77222685532345
-12192.298799365653,35.30285648719705
-17136.57046186351,35.48794104479353
-13868.171861850251,38.35574790404051
-18683.192841937875,39.63041727705111
-19769.25124267744,39.53053733424087
-20108.364831419505,35.47153369004087
-7729.749496976156,34.0840234334754
-24688.773005833387,39.70178544635895
-12860.58619896051,36.59621121258517
-12454.540671803421,24.377349804657285
-18912.065657062096,38.14609730811835
-11804.420737184546,36.895008747355305
-19990.75574256268,37.79198604260468
-18408.491915834617,34.59482682258063
-11605.777819875815,23.634277318491872
-8720.386337150183,25.442805384741487
-15497.118812084238,35.47153369004087
-16628.216408323835,27.66410460043495
-17353.977702883458,38.35574790404051
-11539.6194812141,26.716134404846965
-8581.023949426688,24.48031723822925
-19250.793715169923,32.14515376327497
-17432.41273908749,36.36929448528463
-14121.246915947047,27.20170607688317
-13694.14822964765,33.9596994808174
-23571.18942205588,27.20170607688317
-12659.676569144835,23.84441056974409
-12623.354284279521,26.55757221818568
-7967.844696336377,20.146641489655405
-18816.993379600295,32.03486507724899
-10660.29367788763,26.28022836679576
-9746.439728805793,23.89434844644075
-17434.91253491035,29.0419683726385
-18954.44898829812,33.2979334027342
-14634.72418672669,37.31673442662566
-11378.730576722717,24.043591501893573
-10325.577251199735,35.47153369004087
-23589.46612361468,26.111065750636296
-18106.304052321586,36.18644355251131
-11397.330985055776,32.585451779770615
-17637.532801332396,20.98878429639096
-13614.857500795115,37.12391018969001
-13575.734119147812,36.59621121258517
-18894.624397152438,24.48031723822925
-6808.0507271380775,29.199819087564737
-9041.24243824428,34.0840234334754
-16744.439399209237,28.937925992166647
-8459.13627562264,29.0419683726385
-17480.396769621264,27.20170607688317
-9356.08867044613,34.87097908415335
-21440.917939748302,35.30285648719705
-20605.74665882774,38.30479248816428
-15793.034638453799,34.78150641425992
-11238.502441842425,32.02921160100115
-8227.525917054048,25.46180534860576
-18514.64013259225,27.682115880587865
-14675.95118261878,25.46180534860576
-6377.802234082715,38.35574790404051
-26325.908265851627,36.021807982956105
-10153.835369007857,25.442805384741487
-7732.8451173439125,37.12391018969001
-17660.82481870395,35.47153369004087
-11710.572915167402,27.66410460043495
-12002.997785893402,35.43969589984596
-20870.745019359245,35.43969589984596
-19999.644580266075,30.221990924441656
-6854.4640649555295,26.111065750636296
-30669.102673151203,34.0840234334754
-17374.6249065044,38.296041677123725
-15297.20719716859,26.28022836679576
-26469.445400220757,36.59621121258517
-26586.657831600394,25.46180534860576
-14612.348579628924,30.88527758713494
-13989.630826499402,35.48794104479353
-10900.543209680895,38.14609730811835
-8717.031274929104,36.895008747355305
-21837.591714872233,20.12142523431465
-11263.329823777078,20.63169958684676
-17047.653801235316,27.11781509568906
-11704.843694455722,24.043591501893573
-21234.66365193126,30.019946390682776
-7599.9690076587885,25.6381268714252
-27549.340673996237,34.0840234334754
-6731.085076275214,26.111065750636296
-24333.410679789646,39.53053733424087
-11024.103205934425,24.48031723822925
-18226.125960563208,33.2979334027342
-8986.480265069924,30.88527758713494
-5104.141432001785,27.20170607688317
-13572.95888951984,38.77222685532345
-6568.5655285140465,24.48031723822925
-21514.62231872877,25.442805384741487
-7098.597698080178,27.11781509568906
-11015.274210583288,39.70178544635895
-13614.832056680982,39.63041727705111
-8658.477220024157,23.84441056974409
-13667.994232709036,26.55757221818568
-8782.162236172764,38.77222685532345
-20295.785650006866,24.043591501893573
-14949.563676160418,30.221990924441656
-11782.112515844996,38.14609730811835
-18614.167877968575,38.30479248816428
-20079.994544508212,32.14515376327497
-8019.707098005853,25.9568290114522
-14300.021679993093,26.716134404846965
-18459.044383649856,38.35574790404051
-16250.77954945107,34.59482682258063
-8850.138774472865,25.9568290114522
-21633.851601191396,38.77222685532345
-6846.135114276283,30.09949130920913
-24061.544845354983,37.21455824969987
-17344.037454740992,32.03486507724899
-15352.055091739272,36.36929448528463
-19074.948215784047,36.66915348581493
-10156.921556160341,30.93066410111383
-23485.99487233935,30.221990924441656
-24249.819608419024,39.63041727705111
-7396.740937765541,39.70178544635895
-14973.565034279185,25.975826758331387
-13637.173307209834,38.30479248816428
-25894.159311909556,37.31673442662566
-14219.440795331248,38.14609730811835
-19856.79735257549,30.518765731198098
-12392.00045803627,26.716134404846965
-9135.729353871906,29.199819087564737
-15352.868983067825,26.716134404846965
-11686.462668438078,30.221990924441656
-11483.925043085696,38.35574790404051
-10980.636819884698,29.199819087564737
-9766.496432908238,36.36929448528463
-21061.281514475286,36.18644355251131
-5651.889393275529,24.48031723822925
-14836.168577711678,39.70178544635895
-9576.438484014667,34.781506414259916
-11642.550199979903,25.46180534860576
-16437.135691960953,38.061462197476885
-9594.593258054525,35.48794104479353
-25240.292929459316,30.09949130920913
-14325.515289488128,37.31673442662566
-18851.306402367507,27.682115880587865
-6730.608204359774,27.20170607688317
-21130.395617537873,30.221990924441656
-11647.0874136097,34.24810373671474
-17440.837385615356,36.59621121258517
-10372.354758465994,22.876594638877435
-19789.10608511647,25.6381268714252
-7052.476395126125,27.11781509568906
-9697.414977411056,29.98075197420983
-26664.015568275063,39.63041727705111
-21696.786649290778,38.30479248816428
-7527.650314580816,30.221990924441656
-20189.63040899101,38.77222685532345
-27743.5221050919,32.03486507724899
-16087.586468121743,25.9568290114522
-13359.92673467516,39.53053733424087
-21370.947953621806,36.18644355251131
-10350.17760562362,26.111065750636296
-12939.811290297512,34.87097908415335
-8983.94158103543,35.47153369004087
-8060.863581950776,25.975826758331387
-9548.029206218396,32.03486507724899
-18003.057282651316,38.77222685532345
-12996.18737781925,27.682115880587865
-13462.039961274782,27.23029492891736
-9111.268304719115,28.60821615898056
-26554.48389125077,27.23029492891736
-11935.189000255092,30.221990924441656
-21334.021218489946,37.424879126959546
-19550.81856564562,36.021807982956105
-17122.47800250689,38.296041677123725
-7653.161745233861,25.9568290114522
-12543.719124218867,38.35574790404051
-20171.945971774083,21.445839558321627
-11658.182536028418,36.66915348581493
-9453.386710368974,30.221990924441656
-7295.270003263568,34.78150641425992
-32311.753079302936,28.179167977526696
-16508.30004585018,38.77222685532345
-23619.003708200427,20.98878429639096
-16128.12399556248,30.221990924441656
-24498.562609574685,29.199819087564737
-20705.810436946267,25.442805384741487
-11220.17824310005,26.55757221818568
-19182.080909397017,32.03486507724899
-17029.63787178746,30.88527758713494
-21752.819991515764,32.14515376327497
-19893.302186915957,35.48794104479353
-25253.621882922263,39.63041727705111
-28523.28017336056,34.24810373671474
-21880.860706950283,35.30285648719705
-16721.296944393314,30.518765731198098
-28507.25600404459,21.445839558321627
-13238.038458566058,32.03486507724899
-10804.249453023134,37.31673442662566
-7550.038621847141,23.84441056974409
-6832.557138570472,30.518765731198098
-21437.957285899938,34.0840234334754
-24008.161708774256,27.11781509568906
-23393.100996832887,39.70178544635895
-9257.774356111455,29.0419683726385
-14576.618632504353,39.16550782865332
-7373.721154573284,33.2979334027342
-9982.007631256898,35.30285648719705
-16353.929875470647,39.70178544635895
-5925.557372825717,32.585451779770615
-9678.998190470078,30.019946390682776
-11831.271479284389,26.55757221818568
-16197.03185898711,38.59436571998607
-8288.863075565278,27.11781509568906
-16986.198457206578,36.59621121258517
-8880.258636299199,24.480317238229254
-7692.0350450360565,34.87097908415335
-9565.859206031919,23.89434844644075
-17267.17334196785,37.31673442662566
-10914.314786778607,37.79198604260468
-12099.619507359152,39.16550782865332
-6163.373716157857,27.11781509568906
-20168.97999368133,37.12391018969001
-22453.264477329445,33.2979334027342
-9455.131720173515,30.518765731198098
-20777.445384512466,23.89434844644075
-6241.1409827825855,25.46180534860576
-21777.111776575526,39.63041727705111
-26397.17430538663,33.9596994808174
-9374.149537574955,27.682115880587865
-15070.770539512358,26.716134404846965
-10480.00419116149,32.585451779770615
-21286.615241326515,36.021807982956105
-20311.941236366398,38.59436571998607
-13112.602395660531,35.30285648719705
-7398.583884834764,24.82275449516596
-12996.093553821702,28.179167977526696
-13674.148179581276,35.46200090328086
-12940.926498461911,29.199819087564737
-17051.14554610012,34.78150641425992
-11465.83584035519,32.03486507724899
-7791.879976048743,23.89434844644075
-13469.918080458363,24.48031723822925
-20213.829542827534,36.18644355251131
-18486.554626377627,32.14515376327497
-10012.472266016444,37.21455824969987
-16726.473407513837,24.82275449516596
-8979.272963473497,34.87097908415335
-9456.358867752604,34.0840234334754
-13050.100425207907,37.31673442662566
-17624.82317563435,35.48794104479353
-12462.763649038254,39.689354456040704
-13432.378468205501,31.436060620423927
-18155.23532937181,23.634277318491872
-10167.053382364451,30.518765731198098
-9434.950910826394,25.442805384741487
-9373.340053273028,20.146641489655405
-20957.50603889308,33.190710519682085
-22890.557294990573,38.14609730811835
-12264.10017477049,34.0840234334754
-17738.27672554201,37.424879126959546
-18481.085277955728,36.59621121258517
-9841.828781659053,33.465850046515826
-7158.46298365383,32.14515376327497
-19805.027513062796,33.190710519682085
-7774.599216699561,26.111065750636296
-16447.420467286727,26.716134404846965
-12113.440602329802,23.84441056974409
-8861.080542399459,37.21455824969987
-23029.20215420378,25.442805384741487
-13771.269408397266,26.111065750636296
-11008.62370050881,34.0840234334754
-8673.830967636748,35.30285648719705
-11581.382408508452,34.87097908415335
-33969.058796420504,23.634277318491872
-19489.140613690666,39.689354456040704
-25554.858905009183,38.30479248816428
-13297.927834781529,27.66410460043495
-20949.09955323038,30.09949130920913
-9609.303138235096,34.87097908415335
-21521.81772097936,30.518765731198098
-12364.906504988468,25.46180534860576
-9730.928205042914,37.424879126959546
-19371.891811696856,29.0419683726385
-8675.14462309599,27.682115880587865
-32474.067007085374,20.63169958684676
-22648.3050120328,27.11781509568906
-15593.205115187098,29.98075197420983
-27615.2424088018,35.46200090328086
-6337.674405871329,25.9568290114522
-8559.218273761468,35.47153369004087
-20360.365041915342,31.436060620423927
-27722.04294266723,29.0419683726385
-8663.9900516621,29.98075197420983
-14950.639116121747,30.221990924441656
-9877.467853040245,20.98878429639096
-14886.980962684627,32.14515376327497
-9365.453933233519,26.111065750636296
-21374.630001612568,25.975826758331387
-18237.05442310063,34.59482682258063
-5753.075981033927,25.6381268714252
-16407.687606997788,36.3573875871551
-14896.467918169197,35.43969589984596
-22141.20332682658,29.199819087564737
-18772.858150263608,33.190710519682085
-6342.68377694472,28.937925992166647
-9577.037186004207,32.14515376327497
-10267.528892202594,29.0419683726385
-9387.554065768993,30.518765731198098
-23926.76459460779,34.59482682258063
-22881.07438347242,23.89434844644075
-8292.286003476762,30.221990924441656
-14597.732153792058,37.21455824969987
-10396.509508828014,20.12142523431465
-12163.591135646928,39.53053733424087
-16766.825031936754,37.21455824969987
-18528.986479524927,34.0840234334754
-11162.342139408789,20.98878429639096
-30234.364812880456,27.23029492891736
-14829.785050256105,37.79198604260468
-19885.386266825997,28.937925992166647
-9224.243112826152,30.518765731198098
-7827.69370492353,24.48031723822925
-19095.301452243584,29.98075197420983
-17292.586496892665,32.03486507724899
-10402.521342066077,38.30479248816428
-21204.151651828033,33.9596994808174
-11657.589282948189,39.16550782865332
-12189.960543097815,38.77222685532345
-19306.59110446376,20.98878429639096
-32158.39701323661,28.937925992166647
-12344.032498908935,35.43969589984596
-8365.432225186998,39.53053733424087
-20815.253008857042,28.937925992166647
-17166.4426017074,24.82275449516596
-13417.96086105478,38.59436571998607
-8959.12610276923,23.634277318491872
-16823.395192775522,25.46180534860576
-19507.01068117531,27.11781509568906
-18096.58335374295,32.585451779770615
-13992.017705205539,36.59621121258517
-8529.778475995157,38.061462197476885
-25893.430491330808,23.634277318491872
-18283.693164769247,27.66410460043495
-8189.718017740304,23.89434844644075
-20937.178246251686,37.79198604260468
-10738.311067306111,30.019946390682776
-9038.153372061974,25.46180534860576
-10156.559630021125,20.63169958684676
-8488.173665233213,30.93066410111383
-6244.088813075545,24.48031723822925
-11558.598628488038,25.46180534860576
-8509.998709225096,36.66915348581493
-14321.68935726133,38.77222685532345
-13494.131532522351,24.043591501893573
-7104.435364829249,27.20170607688317
-7634.368702289054,24.82275449516596
-24560.036411200905,24.82275449516596
-7148.662729491329,30.518765731198098
-6741.749205658847,28.179167977526696
-10994.466462608269,30.221990924441656
-5264.7562246478865,27.20170607688317
-28795.025602746966,29.98075197420983
-22402.45137645479,26.28022836679576
-9751.064324074508,34.59482682258063
-9945.350995680925,35.46200090328086
-18719.742633901085,25.91532590252785
-9455.046039261822,34.78150641425992
-9724.21689548133,36.3573875871551
-14519.980688212054,38.77222685532345
-15175.1013506919,34.87097908415335
-9845.7651831691,39.63041727705111
-9683.851406024016,26.111065750636296
-16979.206241017644,36.895008747355305
-15894.566900084992,28.937925992166647
-23662.628636207693,37.01842441720488
-9939.731281707076,37.424879126959546
-21756.702631998676,34.78150641425992
-10343.237869076704,30.88527758713494
-12980.788366406445,30.019946390682776
-16458.663278512184,28.179167977526696
-22532.46279462075,39.53053733424087
-15328.662959345937,39.63041727705111
-23835.82341348505,30.09949130920913
-16965.06282536629,38.59436571998607
-13117.56943181877,26.111065750636296
-7596.7204361615295,20.98878429639096
-10300.299506739255,34.87097908415335
-13350.929363284115,25.9568290114522
-22081.664375089968,38.77222685532345
-9334.955490510783,23.89434844644075
-9299.137845272002,28.60821615898056
-30682.32396446414,35.43969589984596
-31019.510847180085,32.02921160100115
-16643.468291571604,29.98075197420983
-16953.165320586333,37.31673442662566
-17411.72615397077,39.53053733424087
-16467.09168648744,34.24810373671474
-16893.067891417588,35.47153369004087
-28481.60100434071,39.689354456040704
-20278.745733194046,27.66410460043495
-28581.760454389056,30.88527758713494
-11208.70373205985,27.23029492891736
-17087.25666227844,30.221990924441656
-10702.53713176673,32.02921160100115
-7852.380497248145,38.061462197476885
-17123.35376633094,35.46200090328086
-15779.626266047126,39.16550782865332
-7545.327260811391,34.87097908415335
-21498.3960210833,36.021807982956105
-11300.252952536395,29.199819087564737
-9945.904904782858,26.716134404846965
-6901.252642418762,35.43969589984596
-8456.852055673051,31.436060620423927
-15207.82673926665,22.876594638877435
-7316.444467783842,37.21455824969987
-9967.794075009326,25.6381268714252
-14466.807594504608,38.30479248816428
-25327.1498735965,39.70178544635895
-9481.215950388947,37.424879126959546
-8047.2792571136415,30.518765731198098
-10801.774479249298,20.146641489655405
-16478.79075281276,34.24810373671474
-11548.439134683598,26.28022836679576
-10400.685234073095,29.0419683726385
-9286.175870574538,32.585451779770615
-17787.702977788504,25.975826758331387
-17420.083384075093,36.021807982956105
-21705.724342382346,27.682115880587865
-10700.826966661542,33.9596994808174
-7687.199661643599,26.716134404846965
-10140.431645621757,28.179167977526696
-30679.919638381536,37.424879126959546
-30156.747926786113,20.98878429639096
-15623.902077719818,39.70178544635895
-14021.017235470068,30.019946390682776
-20433.186341736255,36.59621121258517
-16952.01933904668,24.043591501893573
-26877.426538068663,27.23029492891736
-13566.55921579433,32.02921160100115
-10847.286658907939,38.59436571998607
-14579.676691098555,34.59482682258063
-13877.341795392193,26.28022836679576
-12856.149464881433,32.585451779770615
-18899.96959550592,27.23029492891736
-11391.127227714747,27.682115880587865
-29851.007760419514,25.6381268714252
-19501.8787437415,38.061462197476885
-26902.692225420727,29.98075197420983
-11137.243598396535,31.436060620423927
-13318.163646276871,25.975826758331387
-23382.044979736278,24.48031723822925
-19606.9079050196,36.66915348581493
-10956.721685564498,24.75709700399736
-18840.695545094917,24.377349804657285
-16409.811580679125,33.190710519682085
-10191.127638065227,27.682115880587865
-22698.56674713318,33.2979334027342
-9790.66800783454,36.3573875871551
-19396.156032473642,30.518765731198098
-18742.34449446149,38.35574790404051
-11095.429892654267,34.0840234334754
-27095.293433345272,20.63169958684676
-8328.44618019589,20.98878429639096
-10783.097151419322,24.75709700399736
-15654.577179113152,20.12142523431465
-20410.24572453672,27.682115880587865
-15125.034137710238,21.445839558321627
-21818.427655576612,35.48794104479353
-8564.166180590106,22.876594638877435
-7255.992509651586,26.716134404846965
-8385.73236922144,20.63169958684676
-9767.304896420943,37.424879126959546
-10525.965572332689,20.146641489655405
-6488.054482589921,34.78150641425992
-9059.15166840968,27.20170607688317
-22897.63903365265,38.296041677123725
-13431.098151395998,31.436060620423927
-12025.269861971792,24.75709700399736
-12654.69200162301,34.87097908415335
-13240.453507154041,39.63041727705111
-15804.10919601935,35.43969589984596
-12344.518624252489,26.28022836679576
-11884.453810512065,24.48031723822925
-13471.545169976482,38.59436571998607
-21145.77436304021,26.111065750636296
-20101.01835651328,28.937925992166647
-22801.170991260246,37.31673442662566
-19616.543198570456,23.89434844644075
-7118.153182264976,33.465850046515826
-22985.388512089354,37.31673442662566
-20208.900944322544,25.442805384741487
-7522.920173686285,29.199819087564737
-19375.081635119757,34.24810373671474
-30512.425005309018,36.021807982956105
-7941.356346653392,33.2979334027342
-19324.485270419307,26.111065750636296
-20436.004427955442,39.70178544635895
-7557.206301007404,30.93066410111383
-24571.66526747832,39.70178544635895
-16048.52500934619,34.87097908415335
-15137.555833654791,36.18644355251131
-10779.150019661824,36.18644355251131
-16756.168561348095,37.79198604260468
-21250.22444912595,32.585451779770615
-11074.079595358522,33.9596994808174
-18397.34452305884,21.445839558321627
-15157.544564431855,38.296041677123725
-8262.832086479928,20.63169958684676
-32587.773620246495,26.111065750636296
-8225.505354901365,36.36929448528463
-11359.17143591143,35.43969589984596
-5232.474577244609,25.6381268714252
-25793.63265811141,35.47153369004087
-8968.84009604251,21.445839558321627
-11525.462249865597,30.09949130920913
-9465.156057705395,32.585451779770615
-11162.65360403013,34.78150641425992
-11989.294943851675,27.23029492891736
-9088.466697953834,30.221990924441656
-16025.724284274222,26.111065750636296
-16597.133941674125,30.93066410111383
-8957.682679309295,30.518765731198098
-8535.70046185353,25.9568290114522
-17930.026484707752,29.0419683726385
-21501.128553266008,25.9568290114522
-17033.362596110703,22.876594638877435
-12062.734913915037,33.9596994808174
-15998.854408113697,36.59621121258517
-16086.898252931398,37.31673442662566
-9252.181098900915,30.09949130920913
-4899.065355978022,24.48031723822925
-15745.533217167102,29.0419683726385
-15840.925656482847,20.12142523431465
-14933.851870976732,22.876594638877435
-9481.965347938945,29.199819087564737
-8617.171238201914,28.60821615898056
-18825.844333472745,38.59436571998607
-12531.285415102757,34.24810373671474
-14498.340055614712,25.442805384741487
-15103.215574597149,26.111065750636296
-17264.170282782772,32.585451779770615
-10087.42562823769,39.689354456040704
-15548.759664826306,33.465850046515826
-9665.465068307582,38.77222685532345
-12918.028487970794,20.12142523431465
-11501.312769448963,22.876594638877435
-14339.896615875574,21.445839558321627
-12158.222756600004,35.47153369004087
-16993.595532402054,21.445839558321627
-13262.294044468026,36.3573875871551
-20012.11572683743,29.199819087564737
-7437.367650214324,37.21455824969987
-17690.82974057814,35.43969589984596
-23925.911646914235,26.111065750636296
-11991.330320600604,26.111065750636296
-10428.710885219083,37.79198604260468
-17420.363220114137,26.55757221818568
-11964.194924844589,30.221990924441656
-27303.5777705969,35.43969589984596
-10463.96220561182,38.30479248816428
-25796.95135617015,25.46180534860576
-12248.027957072758,36.3573875871551
-23708.695092000955,29.199819087564737
-19115.33784217669,38.77222685532345
-4147.443305893127,25.6381268714252
-9101.067326272374,35.48794104479353
-18138.14409492441,30.93066410111383
-15416.777228701681,32.14515376327497
-27217.785755865265,31.436060620423927
-8499.587086885495,38.296041677123725
-10689.020328523631,28.179167977526696
-20091.79364121869,39.63041727705111
-11350.463496762724,35.46200090328086
-10531.848862263543,24.75709700399736
-21378.58813196736,33.190710519682085
-12659.94334445762,35.46200090328086
-23585.537797125602,23.84441056974409
-15452.564206568743,26.28022836679576
-10892.92430449948,20.146641489655405
-18388.632391745676,23.89434844644075
-20671.57619930544,21.445839558321627
-9197.919157443088,32.02921160100115
-21202.543680485574,32.02921160100115
-11542.971595294599,31.436060620423927
-4378.41077152369,29.98075197420983
-11995.149275647804,39.53053733424087
-30919.415760841337,30.019946390682776
-15307.148011033787,33.9596994808174
-4855.722331430384,25.9568290114522
-20777.452271940398,32.02921160100115
-21374.992053742888,25.91532590252785
-13321.59206925689,25.6381268714252
-7143.576807708131,23.89434844644075
-12884.97833631091,22.876594638877435
-9873.202242672152,23.634277318491872
-18290.65773959014,34.78150641425992
-22221.2182869174,20.98878429639096
-7572.425488331051,25.6381268714252
-21430.916504185523,26.28022836679576
-15562.504691703007,33.465850046515826
-9653.559184649614,25.46180534860576
-9893.93517744857,27.11781509568906
-14332.682128868653,34.24810373671474
-18900.360377612258,39.53053733424087
-14599.116831876023,37.01842441720488
-14064.361382579318,20.146641489655405
-7846.105691934166,20.146641489655405
-29577.294273439562,25.46180534860576
-12966.466634533635,37.21455824969987
-11922.82415896486,23.84441056974409
-12312.777209840537,39.16550782865332
-10589.884135184417,38.061462197476885
-11849.084619524638,39.63041727705111
-11810.615238958515,35.30285648719705
-24246.282368625725,37.424879126959546
-11055.009921325825,35.30285648719705
-13040.935894140313,20.98878429639096
-11140.711402591607,36.021807982956105
-10305.793334816264,25.9568290114522
-19562.27217108498,20.146641489655405
-20310.159642151222,21.445839558321627
-18676.306354667326,34.78150641425992
-16175.60287689919,38.77222685532345
-11432.982722900651,24.75709700399736
-27658.522340421587,32.14515376327497
-13440.851504243228,32.02921160100115
-21686.314377304636,33.9596994808174
-7369.57013557155,32.02921160100115
-21684.07585022177,34.24810373671474
-18585.73805917201,28.60821615898056
-7208.908920084482,32.03486507724899
-11417.293460683302,22.876594638877435
-12363.727332147102,33.2979334027342
-6947.143601842893,32.02921160100115
-9739.203245464258,27.682115880587865
-15334.84427597296,24.75709700399736
-7353.308929146687,30.221990924441656
-9906.280835831758,28.60821615898056
-17719.11570874533,39.53053733424087
-28796.92103498819,35.30285648719705
-23707.747918150228,28.60821615898056
-10922.109484956327,35.46200090328086
-14542.33871563174,35.48794104479353
-21947.446464726585,30.019946390682776
-18064.196824172686,36.021807982956105
-9694.358883186398,33.2979334027342
-18629.960202733586,20.63169958684676
-10278.739634644018,32.03486507724899
-9618.413746867736,25.91532590252785
-17108.307015077582,29.98075197420983
-4630.738680698407,34.0840234334754
-7847.608026632293,28.179167977526696
-13209.793402136167,35.48794104479353
-19056.833017035002,38.14609730811835
-11062.976042015871,36.36929448528463
-14202.351209360979,35.46200090328086
-11747.392489631678,34.0840234334754
-10122.371069874884,27.11781509568906
-16022.617960383934,36.59621121258517
-17382.670366539824,38.77222685532345
-8734.326031606386,36.66915348581493
-25519.88010252026,26.28022836679576
-16209.010946958328,34.78150641425992
-9773.009508086157,30.518765731198098
-22958.295716411805,30.88527758713494
-15268.098976015526,33.9596994808174
-6912.159340958594,37.31673442662566
-7876.815040420383,27.682115880587865
-9853.180456489816,27.11781509568906
-11842.96549745997,37.12391018969001
-7169.0224724382015,32.585451779770615
-12689.304183607404,36.021807982956105
-13350.195110466473,39.53053733424087
-9393.065218995178,28.60821615898056
-19710.342942837946,38.35574790404051
-12078.247907576428,38.59436571998607
-16950.812322166705,27.11781509568906
-12260.165925242287,29.199819087564737
-22687.678184371027,31.436060620423927
-13949.254258238878,32.585451779770615
-17268.362587486736,36.59621121258517
-8673.324821988235,26.716134404846965
-8880.311931536997,28.937925992166647
-9679.550696772532,36.36929448528463
-9169.730332475512,30.88527758713494
-9108.111894121821,32.03486507724899
-11500.857291336833,25.91532590252785
-13065.608252306276,38.30479248816428
-13340.611440815315,35.47153369004087
-11291.16113046958,36.3573875871551
-20020.165890210363,27.23029492891736
-17247.07495040272,26.28022836679576
-15908.644453033718,29.199819087564737
-9504.961376537465,36.021807982956105
-29369.664221534873,39.70178544635895
-14019.941913016815,35.47153369004087
-26812.747631998664,24.377349804657285
-20131.775399344326,39.63041727705111
-19255.694192723557,25.46180534860576
-6741.254659060328,30.221990924441656
-15157.06695741621,30.88527758713494
-9106.762246562983,37.31673442662566
-15464.37762411073,38.061462197476885
-22788.39979204732,34.59482682258063
-5645.542640974083,34.87097908415335
-18359.62488629686,25.91532590252785
-14656.394380969967,39.63041727705111
-18523.53951831729,30.019946390682776
-20015.518020279265,24.377349804657285
-12366.08482511008,20.12142523431465
-17378.383055497467,36.59621121258517
-9547.1573683931,38.30479248816428
-16402.000607448103,33.190710519682085
-8661.363991718645,24.82275449516596
-12863.181712270982,38.296041677123725
-10886.326365235365,35.47153369004087
-11876.952601016663,38.35574790404051
-18104.733988659267,29.98075197420983
-9802.882416054414,24.82275449516596
-13123.312273892901,36.36929448528463
-9813.738174139417,26.55757221818568
-13024.650218125547,37.424879126959546
-18797.388524468635,20.146641489655405
-13349.902032795855,36.59621121258517
-16560.52954724402,24.82275449516596
-10973.23539235333,24.377349804657285
-14335.7484277549,38.77222685532345
-13017.1148671638,22.876594638877435
-18266.625137892144,25.6381268714252
-19537.361109759444,26.55757221818568
-21350.070110334487,36.59621121258517
-12235.315784171016,26.111065750636296
-19819.05887996654,24.377349804657285
-28961.813539470848,25.9568290114522
-17931.623533637125,25.46180534860576
-10539.78389940461,25.9568290114522
-17656.297721994222,39.70178544635895
-24123.66370432463,29.98075197420983
-23295.779786978812,20.12142523431465
-21542.519551407437,23.634277318491872
-19444.417502617885,26.55757221818568
-22446.683194316036,27.66410460043495
-27976.05806242421,29.199819087564737
-17390.149160367626,34.59482682258063
-13576.783056572203,25.975826758331387
-7852.242680984146,26.28022836679576
-19040.91815835573,26.55757221818568
-12852.984945617998,33.190710519682085
-18260.435660268537,35.46200090328086
-17820.452081933763,35.30285648719705
-10959.090189639262,37.31673442662566
-15232.694926156137,28.179167977526696
-9618.753944973738,34.24810373671474
-11147.301165565126,38.061462197476885
-11910.419218634539,36.59621121258517
-11306.728405108213,27.66410460043495
-10609.454096295962,27.11781509568906
-10050.90759810802,36.3573875871551
-10639.023896174345,38.35574790404051
-9936.127134156739,23.84441056974409
-15227.514315238965,32.02921160100115
-10970.937011806114,32.03486507724899
-19935.68676704944,26.55757221818568
-12061.080235417161,35.46200090328086
-21335.312068543484,20.63169958684676
-17922.962499758778,24.48031723822925
-3107.5599895991713,24.75709700399736
-9124.086297772777,24.48031723822925
-23955.394793871197,38.14609730811835
-10908.812647994311,37.12391018969001
-13247.400693356418,38.296041677123725
-22288.35834434209,36.66915348581493
-9244.826105308122,38.296041677123725
-7568.766638930767,36.36929448528463
-9764.816722208001,23.84441056974409
-19363.606600212843,27.11781509568906
-24514.52101681246,38.296041677123725
-14972.074708920863,33.190710519682085
-20492.422969088882,32.585451779770615
-9332.838046196759,34.78150641425992
-12254.177634945785,36.66915348581493
-15335.893275919532,39.70178544635895
-14190.981106480052,37.01842441720488
-19551.7139543344,33.190710519682085
-16254.807316330225,25.6381268714252
-14250.575975145153,34.59482682258063
-35559.79296350488,27.682115880587865
-13144.739442692937,34.87097908415335
-13671.799784701665,38.30479248816428
-13889.36966415117,25.6381268714252
-6187.636716038443,34.59482682258063
-13983.6019106137,36.021807982956105
-5999.505754689869,34.87097908415335
-11086.068575114072,23.89434844644075
-24444.925570130737,38.14609730811835
-10172.74843187126,39.70178544635895
-17225.135720938437,20.98878429639096
-15870.487296539508,27.682115880587865
-9213.068728324843,28.60821615898056
-22322.626622467433,26.55757221818568
-23788.069353029437,22.876594638877435
-8118.786131299676,25.442805384741487
-9887.577816617746,35.30285648719705
-19582.551589711617,37.79198604260468
-22599.218146595886,27.682115880587865
-19616.177925693773,25.6381268714252
-11013.322373818199,33.465850046515826
-24279.927045909193,25.9568290114522
-13692.815999336914,28.60821615898056
-20981.092444794594,25.46180534860576
-22418.890707134804,37.79198604260468
-5998.688812612288,27.20170607688317
-13912.645453917663,36.18644355251131
-11652.8343301396,36.021807982956105
-8993.61795077091,36.3573875871551
-18819.053289151776,28.937925992166647
-20165.11527147165,37.01842441720488
-6688.774425804721,32.14515376327497
-16547.44023844496,26.28022836679576
-9963.577341912629,20.98878429639096
-20558.04500423819,33.2979334027342
-7649.79188278173,36.3573875871551
-28140.864569642043,27.20170607688317
-18728.537463073717,37.01842441720488
-27228.48220430601,38.296041677123725
-8947.878989159095,25.442805384741487
-16972.845929895557,27.23029492891736
-9406.27998362151,30.221990924441656
-17115.47979471344,36.18644355251131
-12012.939447752426,38.14609730811835
-17698.24813044237,24.48031723822925
-15217.804740318836,26.28022836679576
-17294.219310582695,28.179167977526696
-9029.812372836805,26.716134404846965
-21087.541106127508,27.11781509568906
-7364.364271076993,27.682115880587865
-10259.338336676154,39.689354456040704
-21113.925173186864,34.87097908415335
-11709.826844460624,39.70178544635895
-5338.000481021734,29.98075197420983
-21689.335542931505,25.975826758331387
-15014.218511205963,38.296041677123725
-20410.39607260978,36.59621121258517
-7331.535733988199,33.190710519682085
-15624.072579974389,38.59436571998607
-9546.681803920077,30.93066410111383
-15634.507484822203,32.02921160100115
-12024.947355627133,35.48794104479353
-10929.390323305324,32.14515376327497
-10983.766147050199,29.0419683726385
-12482.19051416861,36.36929448528463
-17640.861433032405,39.16550782865332
-17421.308902731627,28.179167977526696
-17132.544275383574,24.82275449516596
-29193.175251559333,30.09949130920913
-26458.170385348494,30.221990924441656
-7077.091012819625,30.88527758713494
-16515.033015658933,38.30479248816428
-18125.657295531608,29.199819087564737
-7240.60479233748,23.634277318491872
-9385.96072435139,36.895008747355305
-12369.92457066171,27.11781509568906
-18963.655172148145,26.111065750636296
-14712.190912069984,32.14515376327497
-18882.153214732243,24.48031723822925
-29346.879369013892,35.47153369004087
-9554.71895788865,29.0419683726385
-12062.092778971506,34.24810373671474
-13719.695356295255,30.518765731198098
-18680.87715485853,32.03486507724899
-29693.74657453625,29.98075197420983
-31814.956745545565,25.442805384741487
-10156.403563651607,30.518765731198098
-24685.20520908527,25.975826758331387
-14764.590241159074,35.43969589984596
-12089.13792538944,30.019946390682776
-9133.65220833867,27.682115880587865
-12588.639885805092,34.87097908415335
-9206.556735570663,32.14515376327497
-16020.599662489485,34.87097908415335
-9869.235546252154,23.84441056974409
-22477.391874522848,24.043591501893573
-10918.588098805933,25.442805384741487
-11029.792678401489,22.876594638877435
-10161.337805086616,35.47153369004087
-13073.58730438251,32.14515376327497
-30530.070211957518,24.043591501893573
-16171.468983034389,36.36929448528463
-18658.141678171596,36.021807982956105
-15327.855297811067,36.59621121258517
-25280.878192632932,24.377349804657285
-21611.117118496088,25.46180534860576
-19192.048158212794,37.01842441720488
-29896.84788663969,29.0419683726385
-10501.53469144426,24.75709700399736
-12401.818252148403,34.87097908415335
-5638.187054439216,23.89434844644075
-13001.656932404567,27.23029492891736
-16893.197134327642,34.87097908415335
-26021.216911763448,39.63041727705111
-8235.48861540686,32.14515376327497
-21904.076940288556,24.377349804657285
-23119.657116372277,30.93066410111383
-22007.609752002078,37.01842441720488
-17463.87689347414,38.061462197476885
-10878.417388363358,34.59482682258063
-30800.085649054083,29.0419683726385
-13062.459913292741,30.019946390682776
-10894.585685496004,21.445839558321627
-9934.085495491738,39.689354456040704
-10450.147914884648,28.60821615898056
-17995.01393892435,29.98075197420983
-11616.681609449417,27.682115880587865
-31433.965085750307,26.716134404846965
-13393.80461472788,25.9568290114522
-10798.553262120306,28.937925992166647
-16841.38923828197,39.70178544635895
-22867.66824095358,37.79198604260468
-6788.658552559517,35.48794104479353
-16854.5658107586,33.190710519682085
-13243.371802359678,23.634277318491872
-15242.127801064182,22.876594638877435
-5844.387442382336,27.20170607688317
-19992.146360071005,38.35574790404051
-10598.760003638312,39.16550782865332
-9382.936374228235,28.60821615898056
-12957.040372702728,20.146641489655405
-12042.100138686332,32.03486507724899
-9060.443745831531,36.895008747355305
-8609.878224526576,32.03486507724899
-14024.575566533033,34.24810373671474
-10416.665416067885,39.16550782865332
-27014.362825796572,30.019946390682776
-17248.8519304534,22.876594638877435
-10145.278618505674,39.53053733424087
-17694.59613088892,25.6381268714252
-27779.15488391545,20.98878429639096
-21189.891160567502,36.021807982956105
-17707.26496790272,30.93066410111383
-15585.706022287568,24.377349804657285
-15605.995893473078,24.377349804657285
-18801.50669681368,22.876594638877435
-14532.444236098352,38.77222685532345
-18617.23957752746,27.682115880587865
-15309.248064894515,39.16550782865332
-16847.927702369165,36.66915348581493
-5948.346117458904,33.190710519682085
-7432.6682724376,38.061462197476885
-23326.11825830244,36.895008747355305
-12534.232087239883,30.93066410111383
-9185.871861843625,21.445839558321627
-17757.830905928375,24.043591501893573
-10746.057232633606,26.716134404846965
-11859.526564458027,34.0840234334754
-14093.678053164169,33.2979334027342
-26291.697208187838,36.3573875871551
-26627.62178692827,27.66410460043495
-17859.93317526698,38.296041677123725
-8606.38973151603,38.35574790404051
-9780.38049274617,24.377349804657285
-28777.93141582593,34.0840234334754
-9903.287663147714,20.63169958684676
-20418.926402444467,37.424879126959546
-9650.607627026442,36.66915348581493
-29347.7206585358,34.0840234334754
-12700.356536979922,26.55757221818568
-17013.787061574138,29.0419683726385
-25679.31735055781,34.59482682258063
-11542.243007437137,30.93066410111383
-20611.566383921003,35.43969589984596
-16185.13192309254,36.36929448528463
