sal_5_lc2vs0_iate,reg_ser
-28715.249686179264,44.13662518418517
-41565.501973125996,43.794759766421855
-45772.818142885895,56.00156836204996
-38092.49604391926,55.61319381311606
-51264.53570445512,54.13462065843544
-31427.586397243245,51.64208012290497
-36321.626581250726,51.239202675284645
-42925.453129004156,51.239202675284645
-31801.108059058468,41.1263774068312
-48508.64573304874,50.918617138569005
-55624.60451616281,40.58472706107023
-55007.176340902086,52.81671062158314
-54994.699906349895,50.918617138569005
-42397.75749511925,59.16605356399492
-33971.06470117066,58.17571650868259
-57449.96176534514,57.707357830393605
-30471.792955020857,51.62276087243585
-53774.37312790059,40.50652664870855
-34413.43164460671,45.62378915966991
-56979.30476848636,46.71352130193502
-54862.498398136726,59.16605356399492
-32576.349227631345,40.424467677940896
-38390.6195125575,42.17211466032058
-58376.53989406923,41.04762817418116
-54424.272960833405,47.94886509813647
-56812.901297699864,44.13662518418517
-49155.88018186944,51.62276087243585
-31572.91769448224,43.199874437569264
-29560.64817528914,47.1570315638461
-55984.47487845683,51.239202675284645
-40860.47167776924,45.62378915966991
-56830.632379196046,43.794759766421855
-41598.787718314146,54.86573122936064
-48573.57234004096,59.47595778135059
-38769.7440509272,44.82253612444929
-46115.905968485546,40.1215023000053
-47968.37160784687,51.99242497994736
-50631.544597811204,56.19212068260055
-40771.60620038542,55.88635513910959
-47538.03513272312,56.45104328229763
-35389.99247527305,40.31705615821635
-57539.13597286692,54.89502272010587
-42903.002437973424,40.50652664870855
-52052.51878129842,54.89502272010587
-62298.25660100421,40.58472706107023
-47785.32682037818,44.13662518418517
-60560.801472904,48.36277186842874
-35776.1918749549,57.91932836569297
-28610.462477439338,44.34699704539882
-55915.250933526826,40.1215023000053
-30129.517317308568,41.797024702686336
-62057.930504667485,42.793960732726966
-36999.93456422009,51.20649072287212
-52017.118172786984,49.76105210425247
-41302.55900192101,58.54521222112821
-38780.59998374518,58.54521222112821
-58994.0473697041,55.505871920133245
-36280.97437566454,46.71352130193502
-41931.338440805936,57.707357830393605
-47371.27750761547,41.04762817418116
-35760.5629610708,43.794759766421855
-30304.7843919838,49.64290509414352
-59684.60426132793,50.918617138569005
-32283.378069454506,41.48296305222163
-37197.107334372784,43.19639221231764
-51444.74602776311,55.918969385169504
-30302.800736185134,50.71721377412224
-32305.166432921542,40.1215023000053
-32455.524180789685,58.54521222112821
-39599.358166024,40.50652664870855
-33856.77366023425,47.05410925021325
-57827.23328703434,50.71721377412224
-51422.9465144251,47.97189674292668
-33738.875444118494,51.62276087243585
-54932.46906915153,53.08541388864003
-54766.726933848535,48.36277186842874
-41413.195456283865,57.707357830393605
-34091.34259616437,54.89502272010587
-32469.271067910955,50.71721377412224
-54927.490690077604,40.31705615821635
-57389.92047648161,59.16605356399492
-55877.350008633235,56.00156836204996
-36792.01156735611,52.40854258551276
-55398.932277917804,43.49521587724775
-38943.12351971055,41.57278495048693
-39864.11067168159,51.11621272212679
-28596.413759058592,57.267873487302026
-60550.80640833221,54.1093094876617
-31374.760551440566,48.04528843141448
-50126.200210622774,41.797024702686336
-41096.69278549947,55.1660020929033
-37432.63442104671,43.940765365608506
-52491.99341423507,53.89097997615204
-29221.398805773173,51.99242497994736
-51986.86123558467,52.81671062158314
-50665.76135500006,57.267873487302026
-43611.50446925066,55.1660020929033
-38960.767030979485,47.94886509813647
-30182.191971436994,53.3341229438205
-44002.68352953189,59.47595778135059
-52296.89761674216,51.64208012290497
-56545.45227857237,51.99242497994736
-51659.57263205854,40.45295140473965
-34912.845481867014,43.794759766421855
-30394.991546714224,54.1093094876617
-55210.79585532325,44.47355487462248
-45314.943382418394,56.00156836204996
-45701.52394466547,53.89097997615204
-34701.91175948195,43.794759766421855
-60672.94457311327,47.05410925021325
-37952.1105548299,41.57278495048693
-50374.74332741147,54.13462065843544
-31704.67228474959,49.76105210425247
-42327.19908077008,56.45104328229763
-50366.3321242972,53.08541388864003
-31251.270175556772,57.267873487302026
-42793.2846417296,58.54521222112821
-38974.24598413348,51.32189870085669
-40406.416708744495,44.82253612444929
-59001.31917561738,40.45295140473965
-48211.94549755275,47.94886509813647
-53256.96902039189,51.99242497994736
-55153.56546992407,50.918617138569005
-40238.9957043749,41.48296305222163
-37624.2904469934,44.34699704539882
-42274.67087459547,45.62378915966991
-62164.25919405972,58.54521222112821
-39667.33855062847,48.36277186842874
-52014.77129809444,51.99242497994736
-42663.7279547773,42.44907434855431
-32640.73627842037,44.770034590453946
-43238.18087518902,58.17571650868259
-54252.249936752225,48.027022042691215
-33334.59829274801,53.70325408375153
-31823.39801214051,51.20649072287212
-43780.51205337726,48.04528843141448
-52248.53102550645,40.58472706107023
-55057.42840722151,43.49521587724775
-62651.83054914286,47.97189674292668
-30761.444930302412,41.57278495048693
-51274.14789678805,55.58419079695274
-28788.66817941276,55.1660020929033
-60119.619066311585,51.62276087243585
-41640.102321285536,44.34699704539882
-53467.22610338758,41.797024702686336
-50730.84308675654,57.81954827121653
-60527.72596346497,43.05248972136468
-31904.362523116746,55.61319381311606
-41503.91135932377,55.7427690131515
-32551.883297933127,55.88635513910959
-58923.56160052892,47.97189674292668
-31215.84115139151,43.05248972136468
-34697.748225772535,57.267873487302026
-62323.205092380085,48.027022042691215
-31216.21464160476,44.13662518418517
-39129.47066695505,56.00156836204996
-40820.982509502064,43.49521587724775
-46323.33266134393,48.027022042691215
-32417.74941248364,48.045288431414484
-36459.74593653593,58.54521222112821
-59821.210136474416,41.48296305222163
-52378.09714171653,41.04762817418116
-30694.714537425953,51.11621272212679
-54697.9185427256,42.17211466032058
-41171.57488402021,47.97189674292668
-57986.42254048781,43.199874437569264
-42980.22223180061,55.7427690131515
-59316.621832837845,57.267873487302026
-50086.66028685759,40.4804701361369
-43659.32483401624,50.918617138569005
-52447.27530406219,51.64208012290497
-34224.785418814914,53.89097997615204
-59490.235588855765,45.92750305292296
-54685.619512942794,51.64208012290497
-42209.24786724504,57.91932836569297
-36439.21384011111,44.47355487462248
-38420.18315601151,52.41398546391687
-50287.10396309861,51.32189870085669
-33538.64605089207,56.45104328229763
-54922.14816032328,53.89097997615204
-28771.838683319857,56.45104328229763
-41566.31556162753,47.05410925021325
-41729.36190838968,55.62658867338667
-30303.19001635342,40.58472706107023
-30971.53527809853,41.48296305222163
-61640.082234842936,43.794759766421855
-43706.60639052616,53.3341229438205
-31312.143512975563,51.64208012290497
-58777.99938382319,56.45104328229763
-59396.82876592381,51.239202675284645
-58605.386121267016,59.47595778135059
-54173.93622781098,55.1660020929033
-48203.087990308086,51.20649072287212
-36706.41293495585,57.707357830393605
-41252.97428597145,51.20649072287212
-59607.62738141026,43.940765365608506
-34228.46577858094,41.48296305222163
-36090.85972234757,56.19212068260055
-51286.32346384804,41.797024702686336
-29133.956072401765,57.91932836569297
-35772.792306825184,44.770034590453946
-58661.88934686985,43.05248972136468
-37835.46915149411,51.20649072287212
-28589.38640347129,55.61319381311606
-34945.52606602938,56.99131509722156
-45919.3743397394,46.71352130193502
-36935.29135171294,43.794759766421855
-36554.641972582176,43.199874437569264
-41802.934438511395,52.98577499952053
-35318.39296527913,43.199874437569264
-45999.32955195254,41.48296305222163
-42435.53097334182,42.793960732726966
-59748.96309965047,51.62276087243585
-45665.31358212522,53.70325408375153
-52460.170736522996,53.26971923443569
-51859.328809365135,55.1660020929033
-55584.94084572646,48.335633078085934
-53132.5203526928,53.3341229438205
-56358.439667228195,41.1263774068312
-51135.052190049486,55.62658867338667
-28482.67798580643,46.71352130193502
-50821.59223354857,58.54521222112821
-35380.60770382152,57.267873487302026
-33013.08221780132,47.94886509813647
-50183.74091684386,51.99242497994736
-43205.575097367444,47.97189674292668
-31612.74166475369,53.280960100439536
-46704.817711159296,40.58472706107023
-41128.92407936568,42.793960732726966
-37531.557321233915,40.45295140473965
-42429.73100793613,53.70325408375153
-43691.548086423696,56.00156836204996
-50601.829310322006,55.918969385169504
-45935.04049140933,54.1093094876617
-29397.00890420819,55.46991151542508
-57343.20286396248,43.19639221231764
-51738.06696872513,58.49033378788792
-40702.56896795514,54.86573122936064
-53151.73381818073,48.027022042691215
-39053.330592124854,53.26971923443569
-60802.72070355086,43.49521587724775
-54263.14238906717,56.19212068260055
-57446.850140371535,56.19212068260055
-37373.10408515264,53.70325408375153
-44766.04315102434,47.97189674292668
-43017.294075881364,47.94886509813647
-51423.391964083894,40.1215023000053
-55091.652510234344,58.54521222112821
-32015.384040561086,54.1093094876617
-63067.97220150838,44.34699704539882
-30165.02175256297,45.92750305292296
-45912.93807434887,50.71721377412224
-37297.45991755476,53.08541388864003
-59644.76009299832,40.1215023000053
-48355.985403433966,58.17571650868259
-59991.60497889083,56.99131509722156
-57282.54457584222,42.44907434855431
-30181.415629577557,44.47355487462248
-60647.179740427324,44.47355487462248
-50684.91417180546,52.81671062158314
-58311.41424339509,57.707357830393605
-55829.148877668675,59.47595778135059
-52540.70581406061,58.54521222112821
-49873.17072216083,55.918969385169504
-55452.761735022206,44.47355487462248
-53720.306714589475,55.505871920133245
-46053.34056726598,55.7427690131515
-33465.08709001107,58.49033378788792
-28640.639015597197,53.280960100439536
-40979.83910366209,44.82253612444929
-58761.55175783551,57.91932836569297
-37635.01504533409,59.16605356399492
-40445.1419957479,48.335633078085934
-56010.16579163025,47.05410925021325
-31371.930982226473,48.36277186842874
-39124.4370569916,45.92750305292296
-47561.61514914325,47.1570315638461
-30805.77045990318,44.82253612444929
-55044.67172263587,53.08541388864003
-40328.820057502526,40.4804701361369
-42607.318233895465,54.89502272010587
-39224.513650440786,54.89502272010587
-35137.02375118504,50.71721377412224
-36393.256550058104,56.19212068260055
-54237.667060171036,43.49521587724775
-49732.246937498494,47.05410925021325
-52571.790250361984,55.62658867338667
-34133.02854636857,51.20649072287212
-38342.94759502422,53.08541388864003
-39793.675739769,58.54521222112821
-54171.79131030962,51.99242497994736
-35186.12318212549,57.81954827121653
-59041.6502330114,47.94886509813647
-37383.6398892759,41.04762817418116
-36567.176838289386,52.40854258551276
-43423.63358862846,51.20649072287212
-29488.608618845297,59.47595778135059
-51786.95643444762,53.3341229438205
-28728.021933360615,56.45104328229763
-44026.75767679905,47.94886509813647
-32310.802899377093,51.64208012290497
-41383.61880264395,44.13662518418517
-40783.699530575796,42.17211466032058
-59604.95862828419,40.1215023000053
-42211.67720078374,41.797024702686336
-36491.598242943364,40.1215023000053
-35541.4186364126,51.62276087243585
-55644.27422154048,51.32189870085669
-42164.90732020772,43.794759766421855
-48644.24264766915,50.918617138569005
-37035.66293959229,40.1215023000053
-29520.778104798494,43.49521587724775
-60175.80177226868,44.770034590453946
-40467.35927284875,48.335633078085934
-35694.25849234307,51.64208012290497
-62535.5720954726,41.1263774068312
-55810.86372258664,40.31705615821635
-29325.89070938416,54.13462065843544
-58109.17368147272,51.99242497994736
-39350.130190372285,55.918969385169504
-53335.49326033819,50.918617138569005
-29183.764188705376,51.239202675284645
-58296.14480818972,55.88635513910959
-30173.239978544316,51.11621272212679
-44573.750430446555,52.81671062158314
-44590.831254360586,47.1570315638461
-39354.374449837094,44.47355487462248
-30920.91867421205,51.11621272212679
-40902.81547857897,55.88635513910959
-33722.02366983726,44.770034590453946
-28854.573966013377,57.91932836569297
-48790.761352679554,47.1570315638461
-60781.196168725975,42.17211466032058
-52932.13723819622,51.99242497994736
-43769.29207097237,51.32189870085669
-41164.99230156542,42.17211466032058
-33156.33508692235,58.54521222112821
-37313.19816950017,56.45104328229763
-29603.666016667157,40.4804701361369
-55182.83919534911,44.770034590453946
-38453.14354407356,40.31705615821635
-35437.71948990795,56.19212068260055
-52922.93532643164,54.86573122936064
-57302.37074731577,59.16605356399492
-57058.1761482939,42.793960732726966
-50129.63850371418,55.58419079695274
-42082.858450893786,43.49521587724775
-54230.424815575636,54.13462065843544
-37387.5785147757,41.1263774068312
-42078.48440957941,47.97189674292668
-56017.17949018752,40.58472706107023
-32836.279766912296,54.89502272010587
-28102.446351187573,43.05248972136468
-52988.10257254014,58.54521222112821
-34396.28496183982,56.45104328229763
-42145.32242601464,54.1093094876617
-32948.94718686836,40.4804701361369
-41277.73494444862,43.49521587724775
-31640.075481812386,42.17211466032058
-43250.48640211301,52.41398546391687
-42544.2053776624,40.31705615821635
-62501.94591845115,51.32189870085669
-47980.29364726345,54.89502272010587
-53438.377904608744,54.1093094876617
-29290.476062290163,44.47355487462248
-40546.710595450146,54.13462065843544
-38466.564150677725,53.89097997615204
-58702.82115932193,40.45295140473965
-58480.35948481484,52.40854258551276
-43224.34900652067,58.49033378788792
-36467.44082863019,40.31705615821635
-31234.721557889618,44.82253612444929
-57692.2191531752,58.54521222112821
-58933.429036826215,56.00156836204996
-43052.079457583815,51.32189870085669
-36144.89034667432,41.48296305222163
-42214.54912260525,54.86573122936064
-55598.190261799464,52.98577499952053
-60489.820082307764,53.3341229438205
-43678.24247446909,40.45295140473965
-31059.280225307033,53.26971923443569
-41466.58461700556,51.62276087243585
-30396.022349913856,57.707357830393605
-28635.090241840837,43.794759766421855
-38522.59997101303,42.44907434855431
-59679.207332003585,40.1215023000053
-52001.59498246189,53.08541388864003
-43279.976685717025,55.58419079695274
-55735.579058566946,55.58419079695274
-32517.952751827776,52.41398546391687
-60948.49754062819,44.47355487462248
-57910.79032323443,55.88635513910959
-60047.05667860758,58.54521222112821
-44375.274649755076,52.98577499952053
-41835.65035885676,56.19212068260055
-32099.662672253806,48.335633078085934
-40572.73983736985,56.45104328229763
-34874.36897592294,55.1660020929033
-47894.74336803074,43.19639221231764
-30640.564736759137,51.239202675284645
-55694.53685918315,40.31705615821635
-46928.419750739704,41.57278495048693
-29451.477646693093,41.48296305222163
-53387.2926030589,58.17571650868259
-49018.378567729254,53.26971923443569
-34647.489120397804,46.71352130193502
-36416.55378650219,49.76105210425247
-28602.969904015903,43.49521587724775
-40356.53827605245,40.50652664870855
-32861.93896005655,43.19639221231764
-51773.38234393599,54.1093094876617
-52914.134541173975,53.89097997615204
-46610.17439979459,53.3341229438205
-42091.33639710627,41.57278495048693
-30901.25374034355,43.199874437569264
-42254.26043688933,41.57278495048693
-54559.34706519151,55.7427690131515
-48434.188882046095,53.70325408375153
-41089.78652528753,51.99242497994736
-57994.803080189304,41.57278495048693
-45271.04561853029,43.199874437569264
-59000.98318400991,57.267873487302026
-44551.60134630702,54.13462065843544
-30699.257014785835,43.940765365608506
-40867.407607107816,51.99242497994736
-42890.84254643809,53.70325408375153
-56053.220023682836,51.64208012290497
-29172.57395128511,45.62378915966991
-30911.275691296134,57.707357830393605
-46553.30568968046,50.71721377412224
-43091.510091269876,53.70325408375153
-52589.69361914155,44.47355487462248
-33073.934661387924,42.793960732726966
-40211.809132907656,44.770034590453946
-46709.67457756543,44.34699704539882
-41235.67204959024,55.88635513910959
-57446.30800250353,42.17211466032058
-44978.97043082993,46.71352130193502
-42441.75253404424,41.57278495048693
-39111.03979245308,57.26787348730202
-51023.83075267968,40.424467677940896
-49158.68133972831,46.71352130193502
-53444.65370381455,47.05410925021325
-31211.562510322357,40.4804701361369
-57197.768549515924,45.62378915966991
-37638.24378512871,43.05248972136468
-56827.72270338197,40.584727061070225
-51702.140276086866,47.97189674292668
-61536.27535225736,53.08541388864003
-47661.78979147467,50.71721377412224
-41538.310929720974,58.54521222112821
-38724.72872240059,41.1263774068312
-28345.34405806085,55.1660020929033
-35423.81633280586,41.48296305222163
-29489.681943211075,51.32189870085669
-32283.70054510025,50.71721377412224
-36648.904079690066,40.45295140473965
-40183.8112355442,55.46991151542508
-54739.494656630384,44.82253612444929
-40804.43216133442,56.45104328229763
-30865.740233437988,41.04762817418116
-49137.74947826976,52.40854258551276
-30770.33991342102,56.45104328229763
-57221.720096307996,54.86573122936064
-48374.752544266186,48.027022042691215
-39472.80878213661,51.11621272212679
-30113.647786057812,58.54521222112821
-43678.168887176675,49.76105210425247
-30492.88979396741,55.58419079695274
-62394.962290977186,52.41398546391687
-32844.58450105405,56.99131509722156
-53778.402417827136,54.1093094876617
-29416.97331835586,58.49033378788792
-51640.03909077295,50.71721377412224
-38100.54585587649,49.64290509414352
-38716.86419690672,47.05410925021325
-47432.51331535808,40.45295140473965
-52590.755146406475,53.280960100439536
-55283.71172597821,42.17211466032058
-57588.0175394682,57.267873487302026
-40835.42107034305,40.1215023000053
-56230.997156075886,55.61319381311606
-32108.687433816194,42.793960732726966
-41665.96768080083,43.05248972136468
-37091.895350255145,43.199874437569264
-55393.85574817416,55.1660020929033
-39768.27373576281,51.64208012290497
-59654.66018840205,53.08541388864003
-54862.47144879312,58.54521222112821
-35904.919956558624,40.50652664870855
-53188.78302240845,50.71721377412224
-52179.4785917725,41.1263774068312
-47839.017962302605,51.20649072287212
-39661.335889040995,52.41398546391687
-36504.93909631015,56.45104328229763
-34944.140136400194,59.47595778135059
-33154.1693532854,52.41398546391687
-52792.358715127586,49.76105210425247
-29592.551486973047,40.4804701361369
-53809.2910297924,43.05248972136468
-55000.2768898955,56.99131509722156
-29516.09798359116,44.13662518418517
-55981.956006518194,55.918969385169504
-50112.936006178934,51.20649072287212
-29259.307018205003,41.57278495048693
-45002.17922186604,43.794759766421855
-54754.7027833786,42.44907434855431
-34389.54761327584,42.44907434855431
-49723.4364518629,50.918617138569005
-52768.1673290622,54.89502272010587
-42425.58400365441,41.1263774068312
-37570.21938458023,48.335633078085934
-28472.308416532305,57.91932836569297
-30114.880036727518,40.424467677940896
-40323.382812038064,50.918617138569005
-57457.67453208958,51.62276087243585
-59261.76396676236,53.08541388864003
-31544.546256429418,58.49033378788792
-59340.20684653721,56.45104328229763
-46655.08680652478,43.794759766421855
-59855.99484700586,55.7427690131515
-43940.46728764572,54.13462065843544
-33448.758327223804,49.64290509414352
-28547.111844440024,40.31705615821635
-40628.025873931634,55.918969385169504
-40179.49948740159,47.94886509813647
-40004.44462582783,47.05410925021325
-48605.05193896657,51.99242497994736
-32800.47844276104,41.57278495048693
-61458.45340528108,51.99242497994736
-37926.99866039834,53.3341229438205
-59312.741641132416,47.1570315638461
-30095.31346054504,40.4804701361369
-57081.62389825001,50.918617138569005
-53924.9432359274,44.770034590453946
-39714.15294658809,40.50652664870855
-39060.71759872597,47.94886509813647
-58091.291094483706,41.95976623989256
-46598.446418889675,55.61319381311606
-41357.419881096386,43.49521587724775
-38398.87458567514,47.05410925021325
-51214.274847945955,40.50652664870855
-38786.03791666984,57.707357830393605
-59321.105338665424,47.05410925021325
-29570.952444463488,56.45104328229763
-55278.103360590016,55.46991151542508
-32423.41376551493,57.267873487302026
-36423.93983286583,49.64290509414352
-45907.26079526348,40.58472706107023
-31291.63266771402,57.267873487302026
-60198.040457002586,51.11621272212679
-40463.4296919785,55.505871920133245
-59170.14352073849,55.918969385169504
-50604.24959689607,44.47355487462248
-44454.15328465455,52.98577499952053
-37169.72063225992,55.88635513910959
-61624.87148928823,42.44907434855431
-55297.115788342126,55.1660020929033
-56503.24917597134,40.50652664870855
-29661.295179314067,55.505871920133245
-57106.71227553868,49.64290509414352
-56878.68832367925,40.58472706107023
-62571.09028741787,43.05248972136468
-56824.61751413417,52.41398546391687
-32566.676156568567,54.86573122936064
-33087.65492750659,59.16605356399492
-41098.876448567375,44.47355487462248
-46416.10675486471,44.47355487462248
-34942.599213359346,58.49033378788792
-42136.37532263064,43.49521587724775
-29012.46081650983,55.88635513910959
-39411.25071214297,41.48296305222163
-40957.55190465215,57.91932836569297
-57931.4702327622,50.71721377412224
-61133.07143552332,41.48296305222163
-56754.89757311215,48.36277186842874
-34126.764463420506,57.91932836569297
-33723.452751928635,46.71352130193502
-52684.48111925079,55.46991151542508
-45743.34077222516,52.40854258551276
-42614.01679202673,47.05410925021325
-62348.68389286651,57.91932836569297
-61345.427192399635,41.1263774068312
-32775.027344966446,41.48296305222163
-34644.23233149899,44.770034590453946
-56913.95208181525,55.58419079695274
-40279.27318815654,52.41398546391687
-40308.256563922165,44.47355487462248
-50900.75793288994,55.918969385169504
-29745.72295111011,57.267873487302026
-43208.85033972498,45.62378915966991
-43809.04564549462,53.70325408375153
-55601.23466366978,45.92750305292296
-28562.791957960697,50.918617138569005
-43297.01656956543,54.89502272010587
-47598.614053236524,40.4804701361369
-29651.551457340523,53.70325408375153
-35573.98099352649,55.505871920133245
-42278.20123251068,55.88635513910959
-46459.70596401504,52.41398546391687
-61886.60003349921,43.940765365608506
-35385.3304859285,51.239202675284645
-42261.630529210066,55.46991151542508
-56073.20737384665,52.40854258551276
-35270.43753358656,51.99242497994736
-32460.124632256735,51.239202675284645
-58329.696420916334,47.97189674292668
-30617.744754724474,59.47595778135059
-42660.842742513356,45.92750305292296
-35435.117614879746,48.335633078085934
-32998.25278978597,43.940765365608506
-58870.24593319163,40.45295140473965
-51848.76994035659,41.57278495048693
-57414.95878929569,44.47355487462248
-47305.49116749143,44.82253612444929
-42089.09539758311,44.82253612444929
-55194.444349652826,51.239202675284645
-46491.523419242614,57.267873487302026
-30868.435195398994,43.940765365608506
-59230.896315726604,41.797024702686336
-56816.90861544682,53.3341229438205
-45936.893478505124,42.793960732726966
-29588.14626187977,47.97189674292668
-33122.61379781825,44.82253612444929
-41891.34139270513,53.280960100439536
-57241.86872776687,43.19639221231764
-60133.12793348129,53.70325408375153
-30941.967418355238,58.17571650868259
-38298.63214125367,52.40854258551276
-45031.077418078254,43.794759766421855
-43397.4289647315,41.57278495048693
-42228.12389730721,49.76105210425247
-29314.08739513091,40.58472706107023
-55655.827195942155,52.41398546391687
-34376.63965992061,44.47355487462248
-40606.59001563627,56.19212068260055
-59826.695383703816,46.71352130193502
-39496.92660681013,40.58472706107023
-45716.90820735856,40.424467677940896
-52742.22828010362,45.62378915966991
-51881.19746850149,56.00156836204996
-37831.01415456553,55.58419079695274
-38020.9462169527,57.267873487302026
-37580.57730498747,55.46991151542508
-58794.90444650003,57.81954827121653
-47451.81512729968,50.918617138569005
-41770.478032521496,44.770034590453946
-46278.75026657763,48.04528843141448
-58291.966797193396,43.940765365608506
-47262.224216189206,43.49521587724775
-44256.194867907914,51.239202675284645
-57903.44619185267,40.58472706107023
-38280.594791170275,53.08541388864003
-59422.3113879769,43.794759766421855
-54857.44537705304,51.32189870085669
-56003.39030603291,43.05248972136468
-51332.15384342345,49.64290509414352
-60777.23570885285,51.20649072287212
-31415.223924911697,50.918617138569005
-45730.64164606569,56.19212068260055
-40036.08581669844,50.71721377412224
-45114.4542843823,47.05410925021325
-30122.887076611783,40.1215023000053
-45178.811044988644,57.267873487302026
-33757.78722655882,40.31705615821635
-33700.9849804248,47.05410925021325
-41095.35207475719,44.82253612444929
-54689.02754297521,43.05248972136468
-39457.97726596416,48.36277186842874
-44567.62244716339,50.918617138569005
-36914.39809055797,53.3341229438205
-35011.368470435744,59.47595778135059
-53385.72789583863,52.81671062158314
-34876.738905298465,51.99242497994736
-30655.33798489353,54.86573122936064
-29867.495367373915,42.793960732726966
-52104.693431448126,51.62276087243585
-34682.2095932011,42.44907434855431
-54070.98478063929,55.918969385169504
-49395.5452714828,52.40854258551276
-60099.912775303485,47.94886509813647
-43845.32770523433,55.505871920133245
-40656.284383220125,57.81954827121653
-46687.10991851188,41.1263774068312
-39894.49989854714,55.88635513910959
-49314.688127778354,51.11621272212679
-31195.148221065814,43.940765365608506
-29055.13214266577,40.1215023000053
-52862.599872880724,58.54521222112821
-59393.538316733386,44.47355487462248
-30459.958614468356,40.4804701361369
-58158.16200888911,53.280960100439536
-54455.542640374726,48.36277186842874
-28132.514864401997,53.70325408375153
-31163.95477265943,48.36277186842874
-43714.69913804914,51.20649072287212
-45993.05718947068,52.40854258551276
-46755.33933842633,54.1093094876617
-32791.070628040936,56.99131509722156
-57489.66640325301,56.19212068260055
-42284.26966539349,43.49521587724775
-57751.52469971366,51.239202675284645
-50986.28904637742,57.91932836569297
-38496.39904388262,53.08541388864003
-40086.35243170708,51.62276087243585
-54428.811015913714,40.31705615821635
-29801.022876045037,55.1660020929033
-31213.482376492735,49.64290509414352
-45941.11600332495,47.97189674292668
-51617.38637578163,55.7427690131515
-55590.842434643535,53.3341229438205
-31379.39160853366,48.027022042691215
-38738.03472557543,57.267873487302026
-61140.48238111929,55.61319381311606
-38647.62468337738,55.7427690131515
-43856.843645898785,40.45295140473965
-35628.290294684266,43.19639221231764
-52543.06059409766,52.98577499952053
-37094.95714940418,42.17211466032058
-41676.931625074736,56.00156836204996
-46944.84741815773,54.86573122936064
-30055.926715542595,54.13462065843544
-41027.86296014085,50.918617138569005
-50079.776211411474,59.16605356399492
-31848.898251873336,51.62276087243585
-52286.541703258925,53.89097997615204
-40570.06607990937,45.92750305292296
-57524.15774742741,54.13462065843544
-41211.92979070471,56.45104328229763
-33262.86617186158,52.41398546391687
-59255.3123572071,52.98577499952053
-54904.80673709672,54.13462065843544
-41626.57440455166,51.32189870085669
-48027.338548099375,51.99242497994736
-42495.74152248328,45.92750305292296
-44293.91420560164,56.00156836204996
-63136.40417358858,40.50652664870855
-37863.55387913956,49.76105210425247
-59784.522197168066,42.793960732726966
-44364.715989204466,44.13662518418517
-58695.71432177103,49.64290509414352
-40152.7479599348,55.88635513910959
-33643.26433914254,55.918969385169504
-41529.60729493818,40.1215023000053
-57764.258900834575,51.64208012290497
-40063.10147741955,51.239202675284645
-31061.252274238363,43.199874437569264
-60311.01127834335,52.41398546391687
-32428.56126342717,41.95976623989256
-41411.46207904068,54.1093094876617
-46290.91424731545,47.05410925021325
-34554.43641083324,51.32189870085669
-28181.581083253626,47.94886509813647
-52919.598128372534,55.61319381311606
-37694.94209062123,43.49521587724775
-35633.601543700075,52.98577499952053
-54163.35228722531,55.7427690131515
-56327.62741445499,41.1263774068312
-56603.248297797145,47.05410925021325
-61695.849133878044,57.91932836569297
-50953.1331665301,59.47595778135059
-42128.9172384798,54.1093094876617
-56928.92212958918,48.335633078085934
-32104.69309751664,42.793960732726966
-37586.596702971416,52.81671062158314
-29586.452068087816,47.05410925021325
-53789.90213767087,41.57278495048693
-57213.47849218123,54.1093094876617
-60597.15447946911,59.16605356399492
-53010.54438498499,58.17571650868259
-43405.737443548394,56.19212068260055
-40655.86590436488,43.19639221231764
-34790.530833523495,54.86573122936064
-37243.27297861661,52.98577499952053
-35850.49701573914,50.71721377412224
-41389.8575835389,42.44907434855431
-30373.147772494667,56.19212068260055
-37250.49397954746,42.17211466032058
-29000.068278536288,58.49033378788792
-41597.22148764268,53.08541388864003
-60189.69767609934,43.794759766421855
-55489.172935806695,57.267873487302026
-52124.606513647486,44.34699704539882
-56528.86127177224,51.64208012290497
-29087.917159182984,43.794759766421855
-28843.05147751742,47.1570315638461
-53924.504476558395,53.3341229438205
-29849.73331100489,54.1093094876617
-50563.38290537672,42.793960732726966
-54504.16078027396,53.08541388864003
-50600.31834238082,40.4804701361369
-36420.64667911112,43.940765365608506
-40192.467695807616,47.97189674292668
-62633.94716439305,42.44907434855431
-41949.03096969674,56.192120682600546
-56327.286304475245,40.1215023000053
-29222.059340936117,44.34699704539882
-41057.525252924686,52.81671062158314
-30364.784644981948,40.31705615821635
-36793.098364106525,51.64208012290497
-47977.75221551909,43.05248972136468
-57851.48644218047,45.92750305292296
-32186.71411075066,45.62378915966991
-38111.937912450514,55.1660020929033
-58437.21122217857,59.47595778135059
-53095.59691229256,41.1263774068312
-52769.648712329494,56.99131509722156
-59515.12103572427,44.82253612444929
-34696.55781776325,57.707357830393605
-43169.098698826434,57.81954827121653
-49197.21741432236,46.71352130193502
-53016.21038241127,54.13462065843544
-50448.978294125096,49.64290509414352
-41373.45292150728,43.794759766421855
-30116.75172363628,48.33563307808594
-43545.49912575201,54.86573122936064
-51005.86411111688,55.58419079695274
-61182.9443832249,58.17571650868259
-45463.6518478011,56.00156836204996
-34683.3041338681,58.49033378788792
-35865.29092028302,41.04762817418116
-40894.848424005744,58.17571650868259
-39160.984654124906,51.20649072287212
-28666.921177091066,43.199874437569264
-52707.953657615304,53.26971923443569
-56028.57422641719,42.17211466032058
-30649.15190284695,49.76105210425247
-37306.65380609137,40.424467677940896
-40962.56531427613,50.71721377412224
-59297.43225146084,53.3341229438205
-30981.202626034163,53.08541388864003
-34733.24213834223,51.32189870085669
-53355.56396390565,55.7427690131515
-40925.071702328736,56.99131509722156
-29666.13173000049,54.86573122936064
-54144.05789355774,51.32189870085669
-34736.071551001085,41.1263774068312
-33422.242274194716,56.99131509722156
-39632.696065426135,42.793960732726966
-58222.24505050633,55.58419079695274
-43926.079514576086,54.1093094876617
-47955.38733690642,45.62378915966991
-31957.436445183164,57.81954827121653
-51312.65571756703,45.92750305292296
-41967.48114891373,40.45295140473965
-56339.75393070998,51.32189870085669
-29584.319346140826,44.82253612444929
-59704.52708303983,55.61319381311606
-53890.674562661006,48.027022042691215
-30044.089432774574,43.794759766421855
-60998.174999088944,41.57278495048693
-32379.304546408843,47.05410925021325
-42881.040397029996,51.20649072287212
-56801.04251753871,56.45104328229763
-39465.41482008598,40.31705615821635
-49290.87062931832,42.17211466032058
-31261.053190312363,41.48296305222163
-60048.60366686444,55.62658867338667
-46711.45725184028,50.71721377412224
-44330.86231181479,53.08541388864003
-35258.10951588306,52.81671062158314
-44448.7214880229,50.918617138569005
-51194.4850547089,49.64290509414352
-53381.31050958007,56.00156836204996
-51610.46220065802,52.41398546391687
-39566.74162832049,44.13662518418517
-52076.43678097206,46.71352130193502
-49394.92536013533,46.71352130193502
-57475.5622617165,53.280960100439536
-34811.152774574046,53.70325408375153
-57069.9394562371,47.97189674292668
-30556.6127855463,55.88635513910959
-46602.9649567614,57.91932836569297
-40822.64442115769,44.770034590453946
-40302.587742435964,58.17571650868259
-55496.392829345845,57.707357830393605
-60673.72611993522,52.40854258551276
-52368.28312667586,47.97189674292668
-36973.696449559095,47.1570315638461
-55779.41123524647,55.505871920133245
-41361.314962524084,51.239202675284645
-57607.95717829147,55.918969385169504
-62330.08579784866,54.89502272010587
-38999.61262179143,47.05410925021325
-44630.997926779644,51.62276087243585
-39783.371318995356,51.99242497994736
-30137.881528279075,44.82253612444929
-37879.07915036447,41.1263774068312
-31505.795690998686,59.47595778135059
-51474.15481921501,41.1263774068312
-43648.31640147758,43.940765365608506
-43117.75040256385,57.81954827121653
-60972.111146908894,40.50652664870855
-46767.49739782015,56.00156836204996
-48518.24833265154,52.98577499952053
-32715.272000276324,42.17211466032058
-58670.60852992089,51.99242497994736
-37995.45828715647,51.64208012290497
-40757.37161570125,57.707357830393605
-57146.689624757695,58.54521222112821
-55047.096697255925,54.1093094876617
-56591.100009490394,44.34699704539882
-53243.052550053864,58.49033378788792
-44774.867277395526,40.50652664870855
-61316.69459749997,53.08541388864003
-41876.65774107484,51.64208012290497
-59694.307005920506,43.05248972136468
-51053.528296513934,59.16605356399492
-29263.216641459367,45.62378915966991
-62147.515336233046,53.26971923443569
-56452.31534291728,49.76105210425247
-31288.258172117603,55.505871920133245
-50648.85076897752,56.99131509722156
-34015.60604774245,55.61319381311606
-41443.19506393777,44.82253612444929
-43905.26787592901,55.1660020929033
-29607.009075047736,58.49033378788792
-41144.74306419524,56.00156836204996
-44612.4504411819,51.32189870085669
-63327.56559056968,45.62378915966991
-55675.67747754898,55.88635513910959
-36957.650159676385,56.45104328229763
-60998.94131029574,57.91932836569297
-50296.63926617308,40.424467677940896
-35109.70719122664,52.40854258551276
-36145.37021157051,52.41398546391687
-53675.57322811529,56.00156836204996
-51434.1513072168,52.40854258551276
-52032.28914270199,51.62276087243585
-29814.718586259103,55.61319381311606
-50818.21355016026,41.79702470268633
-40096.331550601055,46.71352130193502
-59684.00691924698,53.70325408375153
-48750.39751880299,52.40854258551276
-36820.725052440066,48.335633078085934
-48632.07238982694,41.04762817418116
-60885.557183906305,54.86573122936064
-54188.47839516563,51.99242497994736
-35765.316317452,53.89097997615204
-61437.05968409229,42.17211466032058
-39549.712829560245,44.34699704539882
-53930.05493462998,54.89502272010587
-50414.55621730928,40.424467677940896
-48863.22117807697,52.41398546391687
-44262.26770409985,55.62658867338667
-41054.656856096415,44.82253612444929
-54218.752208038386,53.08541388864003
-41821.255672233856,47.1570315638461
-34684.81952911309,41.95976623989256
-55248.12590375973,54.13462065843544
-32617.74471106852,56.99131509722156
-46663.89251867071,47.94886509813647
-41076.201551169004,47.05410925021325
-32216.486633662207,53.26971923443569
-30077.18979270423,53.70325408375153
-47749.53354992129,56.45104328229763
-60318.85143148237,43.19639221231764
-41619.731288322415,56.19212068260055
-54017.64295740879,44.13662518418517
-41642.08847682504,40.50652664870855
-52201.546113125594,53.89097997615204
-56986.98501494508,53.89097997615204
-30401.58099343131,48.335633078085934
-37899.14210268888,41.04762817418116
-43880.79439051767,41.04762817418116
-47847.64418360652,40.45295140473965
-51970.819901541996,48.36277186842874
-29974.40445428997,57.81954827121653
-54136.10049551939,44.136625184185164
-39525.1697086324,56.99131509722156
-44620.079797467515,48.04528843141448
-57764.06540848039,41.1263774068312
-42677.73897178548,49.64290509414352
-43525.687136654655,43.49521587724775
-42790.2895974976,43.940765365608506
-29749.903136275047,55.61319381311606
-42547.869623778475,43.49521587724775
-55220.760282175615,42.793960732726966
-43871.3351871872,55.918969385169504
-37868.30495576351,56.00156836204996
-53456.75359537687,55.62658867338667
-33366.03381046423,41.48296305222163
-29357.38768363239,43.794759766421855
-55038.68055934127,48.04528843141448
-52916.04293296448,45.62378915966991
-41694.029263026954,55.62658867338667
-34745.25905415698,44.34699704539882
-29132.89157954266,53.08541388864003
-29734.835686139646,40.50652664870855
-44312.32180593303,40.1215023000053
-55001.68149841634,42.17211466032058
-56631.11934437495,51.62276087243585
-38835.849579667076,42.17211466032058
-47415.480418878695,41.04762817418116
-54771.44103876272,58.54521222112821
-45229.854434295405,58.17571650868259
-41941.724742676044,41.95976623989256
-40213.42462544196,52.81671062158314
-58233.92691546774,47.97189674292668
-34532.925327425735,43.05248972136468
-40569.70204217987,40.45295140473965
-43026.874857665425,53.89097997615204
-47813.10832983931,41.48296305222163
-41930.63422733403,41.57278495048693
-33225.31035405608,47.94886509813647
-50416.68131683417,44.13662518418517
-61389.233316300466,52.41398546391687
-52150.08964299034,53.280960100439536
-57910.869588645,57.91932836569297
-30584.77339087687,53.26971923443569
-52271.377553655664,51.64208012290497
-41820.24334329481,53.3341229438205
-29763.653680915475,44.47355487462248
-32187.933404216048,59.16605356399492
-50658.569394129256,55.62658867338667
-37416.78930498458,53.70325408375153
-43128.224557383,50.71721377412224
-59594.52586530019,44.82253612444929
-40536.54875358819,52.98577499952053
-33748.16583940909,41.797024702686336
-57001.55147638193,55.61319381311606
-57921.965568468004,41.797024702686336
-29194.354847583214,43.05248972136468
-29233.0941249408,42.44907434855431
-41089.10855675669,42.793960732726966
-51515.744350004796,50.918617138569005
-35726.56830128621,43.940765365608506
-55617.922899304875,47.05410925021325
-45179.24933312709,55.1660020929033
-52583.51013381921,54.13462065843544
-40987.06323109731,41.797024702686336
-62057.24582342802,53.70325408375153
-51023.417170484056,59.16605356399492
-29245.180382453644,41.95976623989256
-42272.3721533256,59.47595778135059
-54456.114402048195,48.335633078085934
-35389.681282716716,54.86573122936064
-53984.218501884665,50.71721377412224
-52581.31617701188,56.45104328229763
-47253.05070474728,40.31705615821635
-33367.59400298639,40.1215023000053
-29900.09900756424,57.707357830393605
-49597.80915013063,40.45295140473965
-54768.8289321431,52.81671062158314
-36447.22847971148,48.335633078085934
-35950.02780735348,49.76105210425247
-31589.06575877381,51.20649072287212
-38766.65400398582,52.81671062158314
-39733.905611522525,55.62658867338667
-31905.231416335595,53.70325408375153
-29163.573941335013,54.89502272010587
-60668.24775782879,59.47595778135059
-32656.354922438935,53.26971923443569
-31697.37927449724,41.797024702686336
-61805.224440487276,51.32189870085669
-31549.371916569777,57.91932836569297
-42277.77784816994,55.46991151542508
-41611.53545441438,53.3341229438205
-31088.775240082596,44.13662518418517
-29245.933176019087,40.424467677940896
-35319.681160190026,56.45104328229763
-48562.484330278676,55.46991151542508
-31672.591743038258,44.13662518418517
-41367.91286004792,52.98577499952053
-60369.05867978756,55.62658867338667
-41537.56480516104,51.99242497994736
-35386.27948603261,51.11621272212679
-30785.93981490973,44.770034590453946
-45221.364325060305,45.62378915966991
-49200.80920559433,41.48296305222163
-51055.8589144166,54.1093094876617
-30620.405658507192,41.57278495048693
-43372.84456490308,42.44907434855431
-30247.81032886587,55.88635513910959
-28924.899696685072,40.58472706107023
-60108.11868255535,57.81954827121653
-38807.04147371728,51.32189870085669
-30851.48332842812,53.70325408375153
-52046.76531137673,54.13462065843544
-51553.41513447026,54.13462065843544
-42298.1252140938,44.13662518418517
-45868.12747939474,50.71721377412224
-48869.524339863114,44.770034590453946
-62280.75983504189,52.41398546391687
-58488.76135124368,40.45295140473965
-31559.82953400742,44.770034590453946
-34215.65000373769,58.54521222112821
-52532.22777423326,51.20649072287212
-36582.28286688503,54.86573122936064
-39503.14480578536,58.54521222112821
-35115.07671017848,55.46991151542508
-39179.17974717554,47.05410925021325
-53024.58539419375,41.04762817418116
-35569.344967484474,41.1263774068312
-43644.19892859454,47.05410925021325
-46040.27310811632,51.20649072287212
-32059.600208230226,54.89502272010587
-32245.71503801788,56.45104328229763
-31201.446749777035,44.82253612444929
-40315.19836458099,58.49033378788792
-58698.07837175217,52.40854258551276
-49920.3839778783,41.1263774068312
-57654.1508295092,54.89502272010587
-36795.982889520106,41.95976623989256
-29584.803960366782,56.45104328229763
-49105.06469918504,41.1263774068312
-40569.23168646391,48.04528843141448
-41377.043932080356,53.08541388864003
-40231.9698268238,49.76105210425247
-52971.989777934505,40.58472706107023
-55124.831914349954,44.13662518418517
-42045.23069450956,42.17211466032058
-42579.879613528436,56.00156836204996
-45992.46701242446,40.1215023000053
-38680.32544637358,57.707357830393605
-29643.591054123233,42.17211466032058
-55769.96442077708,48.04528843141448
-57362.47880164896,55.61319381311606
-56304.64348376705,54.86573122936064
-47912.564305053675,44.770034590453946
-39011.203326688505,53.26971923443569
-56727.68085821571,56.19212068260055
-60209.34262071276,43.05248972136468
-42412.41923787424,55.7427690131515
-42708.76951614704,53.3341229438205
-39272.43982627843,40.50652664870855
-30955.19521026487,55.505871920133245
-59307.13432979165,53.280960100439536
-40316.362080531304,53.89097997615204
-52411.022603219404,52.40854258551276
-29308.022445942956,43.940765365608506
-36770.20619401553,59.16605356399492
-53139.86859475405,50.918617138569005
-43811.52237189647,44.47355487462248
-52068.106116431416,47.1570315638461
-39506.33781305887,43.794759766421855
-30999.05831336231,40.58472706107023
-61004.68457808794,40.58472706107023
-36686.566833299556,55.505871920133245
-31687.775616595623,40.58472706107023
-38178.13047120472,47.94886509813647
-31288.45610313492,55.7427690131515
-36233.5019454439,51.11621272212679
-35773.08351771297,53.70325408375153
-40420.82729711768,51.64208012290497
-39699.23031612137,44.82253612444929
-31268.502443932433,54.1093094876617
-49562.54232924474,43.05248972136468
-48419.341465054895,44.47355487462248
-36030.2079659531,48.027022042691215
-44807.16033557776,55.58419079695274
-41005.219386034325,55.62658867338667
-55504.65986656325,53.3341229438205
-30998.659739124116,56.45104328229763
-29669.52033338069,48.335633078085934
-45363.06713181412,44.13662518418517
-37300.77937350594,43.05248972136468
-58058.388217516156,46.71352130193502
-34362.178611817064,42.44907434855431
-29321.680079998067,58.17571650868259
-40874.18273698776,49.64290509414352
-51901.14694358099,45.62378915966991
-40091.27860279038,52.40854258551276
-43844.84882143567,41.04762817418116
-62489.32065430463,43.794759766421855
-46845.33417109934,41.797024702686336
-40236.864808481616,59.16605356399492
-34473.004727597436,40.31705615821635
-39987.174134940266,55.62658867338667
-56245.43522158974,48.335633078085934
-54646.3542242245,55.505871920133245
-47396.9857321825,48.36277186842874
-42158.900530364735,54.1093094876617
-42514.23084787621,40.4804701361369
-31729.14620402445,43.794759766421855
-35203.83850581873,43.49521587724775
-34193.44647024131,54.86573122936064
-62556.439314112155,41.1263774068312
-51094.04808663062,40.424467677940896
-36051.279554161774,41.04762817418116
-39644.71103390339,56.19212068260055
-51041.43511216197,44.770034590453946
-58729.481234509214,55.918969385169504
-53551.52462045691,44.770034590453946
-62197.63287063795,43.199874437569264
-37215.966085314765,55.58419079695274
-29373.768383950784,43.940765365608506
-57399.65731709219,56.99131509722156
-49071.00648892233,49.76105210425247
-29338.771620861175,56.00156836204996
-57925.60904601771,59.47595778135059
-52311.60689273075,55.62658867338667
-51758.85775944436,55.46991151542508
-51745.91050350884,55.61319381311606
-46639.330707199624,52.41398546391687
-59039.28092107875,53.280960100439536
-59722.30976873651,55.46991151542508
-30777.14028487853,53.70325408375153
-42496.188113392345,40.58472706107023
-46275.1708530278,40.58472706107023
-37704.66024783343,43.794759766421855
-41636.557712572605,55.46991151542508
-41425.5343381327,56.00156836204996
-39840.178943808656,42.17211466032058
-58737.642456254296,54.1093094876617
-41385.22034710329,51.32189870085669
-31186.05684766532,53.70325408375153
-52061.60352185307,55.62658867338667
-37548.50601609924,58.49033378788792
-44583.56644369973,51.11621272212679
-47296.77910335446,54.1093094876617
-35374.7943575871,48.335633078085934
-45791.527765877916,44.47355487462248
-40057.272801785104,40.424467677940896
-56307.709746622386,52.41398546391687
-60531.38471731423,56.45104328229763
-52381.75230363052,41.95976623989256
-57022.71355570786,57.81954827121653
-33531.66901940086,47.05410925021325
-41235.2796659522,52.41398546391687
-52162.974251154956,44.770034590453946
-29436.67301549578,40.1215023000053
-41100.48854886579,55.88635513910959
-61458.51711999666,56.00156836204996
-40305.085652600945,44.47355487462248
-57459.915011431905,45.92750305292296
-46036.22146028139,41.1263774068312
-40219.478523112804,43.49521587724775
-49266.311208365,53.26971923443569
-62189.81370909834,56.00156836204996
-42041.1939693359,53.70325408375153
-61522.063995638244,41.95976623989256
-30210.47044280383,47.1570315638461
-31561.440241310378,52.81671062158314
-49241.277785318875,46.71352130193502
-55709.97334062161,53.280960100439536
-35219.140221472924,58.17571650868259
-45757.5780411696,57.81954827121653
-30367.200819784073,45.62378915966991
-47944.476673732104,53.70325408375153
-59638.89922284422,55.88635513910959
-33621.62683636875,51.20649072287212
-29846.65790168906,51.64208012290497
-35424.406395247934,58.49033378788792
-29725.627332806285,45.62378915966991
-54182.668747609045,51.32189870085669
-42268.32691035008,55.505871920133245
-52588.13920842696,46.71352130193502
-37813.02828283538,40.4804701361369
-50767.62495229544,42.793960732726966
-61209.9924656283,53.280960100439536
-29842.497931189126,55.918969385169504
-48727.29210298142,58.49033378788792
-58542.43811884987,41.57278495048693
-38706.414028661195,55.88635513910959
-57917.45174922446,53.280960100439536
-30150.4344095189,51.62276087243585
-35726.92271270026,44.770034590453946
-52857.37567547529,55.7427690131515
-35002.87600286318,56.99131509722156
-52640.10656091311,57.707357830393605
-59116.171184515944,55.7427690131515
-47535.73952090656,57.91932836569297
-39420.12606581372,48.36277186842874
-41627.64632372814,56.99131509722156
-57151.143686732474,58.17571650868259
-42252.85853050815,57.81954827121653
-49414.602656353214,55.62658867338667
-48301.33882444839,56.99131509722156
-55485.242774825696,59.47595778135059
-61058.10961656265,51.239202675284645
-47639.958092367975,56.00156836204996
-42335.87249277187,57.707357830393605
-29902.725079706852,40.424467677940896
-41919.40796666323,40.424467677940896
-60336.307894501195,48.04528843141448
-49048.06046863522,42.44907434855431
-38572.88293040612,55.88635513910959
-32065.1252217004,49.76105210425247
-41239.608393829214,52.81671062158314
-50165.72105703132,52.41398546391687
-39711.482770905364,48.335633078085934
-53908.16314595049,40.424467677940896
-39524.929004921185,59.16605356399492
-60186.02426768148,52.41398546391687
-40664.03598900186,52.81671062158314
-58566.874543515565,55.62658867338667
-31738.30748064712,53.3341229438205
-53704.884221874076,53.70325408375153
-30719.679086572636,42.44907434855431
-51395.55807150886,52.40854258551276
-58217.13625548633,47.97189674292668
-38255.08920026915,40.424467677940896
-56765.73807929585,43.940765365608506
-36843.457604282485,41.95976623989256
-33585.677855846734,41.04762817418116
-32233.63753197212,47.1570315638461
-45467.183524577486,54.1093094876617
-42564.225396179434,48.36277186842874
-40789.94061463781,45.92750305292296
-38871.164754898666,50.918617138569005
-40601.43068328344,41.04762817418116
-36225.544395376666,53.26971923443569
-42021.84290380059,51.239202675284645
-31362.817538307852,56.99131509722156
-53757.2951191154,44.770034590453946
-55978.4045569461,55.58419079695274
-56862.673203820865,41.95976623989256
-40063.35641238677,40.31705615821635
-55981.858464460514,59.16605356399492
-41504.477971161454,59.47595778135059
-40987.74134414744,55.918969385169504
-46737.177189919035,55.1660020929033
-47660.37302297595,44.34699704539882
-50265.37390338516,57.81954827121653
-52636.10052729878,55.88635513910959
-31356.148658293823,50.918617138569005
-44653.57691016414,44.13662518418517
-30891.635158336056,41.95976623989256
-36081.8048560647,56.19212068260055
-53619.505404989584,56.99131509722156
-30214.242335636794,48.027022042691215
-30828.111512477197,43.794759766421855
-52218.94368311294,53.89097997615204
-52715.89577396012,41.797024702686336
-39937.81660185727,54.86573122936064
-34112.237007335745,57.707357830393605
-55952.01724629618,54.86573122936064
-57096.88107289444,42.793960732726966
-49265.53237688985,51.11621272212679
-31583.057150561654,42.17211466032058
-42712.0846043576,51.32189870085669
-29816.144221450802,52.81671062158314
-42056.91508188858,53.280960100439536
-38794.089327362155,58.17571650868259
-49924.83269626697,47.05410925021325
-57243.59128691105,45.62378915966991
-33708.61301749386,41.48296305222163
-37689.425403301495,41.95976623989256
-40530.88790876563,52.41398546391687
-50604.634479774206,51.62276087243585
-38415.66759989895,55.46991151542508
-35344.210931564725,40.58472706107023
-54859.99222347245,49.64290509414352
-52453.20985209994,59.47595778135059
-49392.13132719102,43.794759766421855
-40518.92993321744,41.57278495048693
-34219.88223123098,40.31705615821635
-52459.49240656309,58.49033378788792
-49539.18935391265,58.17571650868259
-49655.33394269955,54.86573122936064
-42045.41265656989,48.36277186842874
-58578.597332454236,53.26971923443569
-58059.332981907515,56.00156836204996
-54096.37900573219,57.267873487302026
-29982.842636670222,44.82253612444929
-28752.020145993753,47.94886509813647
-58618.69307465441,40.4804701361369
-57141.97678243273,47.94886509813647
-42693.27231780207,56.99131509722156
-59467.68128867977,51.64208012290497
-35736.34161109259,44.13662518418517
-35509.82054131948,49.64290509414352
-59093.350057082476,41.95976623989256
-38090.39378171017,56.19212068260055
-36401.62792400352,54.13462065843544
-59599.05086261355,54.13462065843544
-56213.05041112994,40.45295140473965
-37937.32160745573,52.41398546391687
-60268.61720376936,40.31705615821635
-57704.47131936121,49.76105210425247
-48828.097570764294,52.81671062158314
-56700.583074322305,59.47595778135059
-56885.23615504148,47.94886509813647
-52472.35898863684,55.505871920133245
-38642.84126672269,51.239202675284645
-32259.40758530033,55.1660020929033
-33064.441160469345,44.34699704539882
-54905.45606333716,44.47355487462248
-37713.45372222166,43.05248972136468
-39533.547532655255,47.1570315638461
-34549.41838162772,41.48296305222163
-42622.849614998115,55.62658867338667
-31966.740152790444,43.49521587724775
-48455.66376433669,40.31705615821635
-29141.924907560206,52.41398546391687
-55535.77710605778,55.58419079695274
-30596.431617647322,43.794759766421855
-58654.19222357379,47.05410925021325
-42374.95580824753,55.505871920133245
-40034.066054719384,54.86573122936064
-52302.38412967715,41.04762817418116
-40118.61775976044,43.794759766421855
-61421.751143036134,44.13662518418517
-29679.737811517036,47.1570315638461
-49627.46222594495,59.16605356399492
-30111.846691244602,44.770034590453946
-34415.55162781255,42.793960732726966
-30892.88707656764,51.11621272212679
-50373.1782173848,41.04762817418116
-58104.49247962507,41.48296305222163
-53428.76133708261,40.45295140473965
-32714.34378285068,55.1660020929033
-46644.60545969542,56.00156836204996
-54314.467503312924,53.89097997615204
-28705.871214765986,57.91932836569297
-51420.17383556676,48.027022042691215
-46379.776515261205,56.99131509722156
-51726.89201003376,55.88635513910959
-35255.127597858496,57.91932836569297
-55938.22072876702,41.04762817418116
-42664.00638300962,48.335633078085934
-62873.48899960519,51.20649072287212
-50681.49044118356,51.32189870085669
-41465.92503809114,41.797024702686336
-57739.61290443259,50.71721377412224
-29188.007949540566,58.54521222112821
-54846.175260341,40.45295140473965
-52320.0399451518,44.770034590453946
-36377.40495924617,59.16605356399492
-42368.72265186722,52.40854258551276
-28972.2004018304,56.00156836204996
-55583.67042896211,45.62378915966991
-51612.655806426206,55.1660020929033
-61685.318998782306,43.199874437569264
-31372.59934825605,48.027022042691215
-39932.2844045466,41.57278495048693
-39134.49906390336,48.027022042691215
-53491.644644097985,40.45295140473965
-33083.21843242501,56.99131509722156
-52612.05265517038,41.57278495048693
-46438.131710562375,41.797024702686336
-45617.57632093104,51.62276087243585
-41472.29353623537,43.794759766421855
-58477.809721671976,59.16605356399492
-35506.839865563044,57.267873487302026
-49570.07729630763,47.94886509813647
-57519.7486474311,40.1215023000053
-30278.948690405956,51.239202675284645
-60032.33114110405,48.335633078085934
-56619.65356870987,45.62378915966991
-54206.096390759754,40.4804701361369
-33065.903200208544,54.86573122936064
-43400.23467113671,40.45295140473965
-30282.71273585762,54.1093094876617
-52862.28853024932,59.47595778135059
-30357.76055502024,46.71352130193502
-38951.63576825712,43.49521587724775
-28985.523224841498,47.1570315638461
-41924.48391343908,45.92750305292296
-59504.79495952296,44.770034590453946
-54286.96745074185,56.00156836204996
-28111.26909833562,40.45295140473965
-58724.11592066991,41.04762817418116
-56432.377216287074,51.32189870085669
-35539.07661192346,57.91932836569297
-54662.126160475236,55.58419079695274
-48346.07925739758,51.62276087243585
-39265.54878576844,52.41398546391687
-50722.223947982624,48.36277186842874
-35659.017586775895,41.95976623989256
-32430.661826319894,52.40854258551276
-36689.68980589737,51.32189870085669
-57128.81176871489,41.04762817418116
-42532.91375400285,40.4804701361369
-39455.91827823336,55.61319381311606
-34290.48679375534,43.940765365608506
-59230.59817125824,55.61319381311606
-32423.778777909738,40.45295140473965
-40656.17263953876,41.1263774068312
-45298.35583347496,51.64208012290497
-59286.65295612572,49.76105210425247
-29505.3829961577,57.91932836569297
-49067.845994713985,56.99131509722156
-61712.72379537267,42.44907434855431
-42257.7984708914,50.71721377412224
-47231.17631419325,40.45295140473965
-32078.936121700677,57.267873487302026
-62159.41121205181,53.70325408375153
-58671.8061853059,41.04762817418116
-57969.84372798723,40.58472706107023
-56821.72218184022,40.45295140473965
-46743.35950843799,41.57278495048693
-62488.44648067764,44.13662518418517
-45268.132142269074,51.11621272212679
-35867.684201544645,51.32189870085669
-50595.932952674135,55.505871920133245
-56336.397850292466,53.89097997615204
-42947.01738760698,51.239202675284645
-62659.456857479716,44.770034590453946
-60498.853539202086,54.1093094876617
-54242.227573686585,53.26971923443569
-56841.0415134193,43.199874437569264
-62708.001583891695,42.44907434855431
-48928.191682164426,51.3218987008567
-52405.323259754005,45.62378915966991
-39550.70935320569,42.793960732726966
-39973.500657068165,43.199874437569264
-57422.852871768206,40.31705615821635
-59266.05867536025,47.1570315638461
-55938.68156386116,59.16605356399492
-40194.895721451714,58.17571650868259
-56314.525716636184,48.04528843141448
-49114.056430633456,47.05410925021325
-41101.706826603106,53.26971923443569
-58164.21079905757,59.16605356399492
-40329.62036776368,55.46991151542508
-29727.901702574054,55.62658867338667
-31888.875605037658,51.11621272212679
-57444.30353274237,53.08541388864003
-51450.19758490958,47.1570315638461
-51898.16228469837,59.47595778135059
-44703.75599701388,43.794759766421855
-51582.89983287122,48.36277186842874
-40266.79388440767,53.280960100439536
-55087.43886915549,45.62378915966991
-52875.71870421564,57.81954827121653
-28156.564369008378,48.04528843141448
-43458.20967703137,47.1570315638461
-55506.79492812023,49.64290509414352
-57787.94525200807,47.05410925021325
-51527.162627253514,43.199874437569264
-54226.06865866533,53.280960100439536
-41196.63584999315,47.94886509813647
-50638.13239515631,44.770034590453946
-60083.95134382243,57.707357830393605
-29667.419773927148,40.4804701361369
-57524.29410850193,48.027022042691215
-38160.9793953841,55.46991151542508
-54436.96137486001,51.64208012290497
-52513.26458903866,53.08541388864003
-36972.78211192344,53.26971923443569
-34187.59583928603,54.89502272010587
-36312.09078609204,53.70325408375153
-53660.162579147465,55.7427690131515
-54469.3928963272,41.57278495048693
-40029.06223871493,57.267873487302026
-29473.429658404955,51.32189870085669
-29131.022166541487,53.280960100439536
-57180.76766514544,43.794759766421855
-49674.508922318964,51.62276087243585
-44990.705038127475,53.89097997615204
-32690.297432587995,51.20649072287212
-51633.85635651718,54.89502272010587
-37742.054957110624,48.36277186842874
-29949.53164254356,40.31705615821635
-37285.24123503087,45.62378915966991
-49285.16835429672,51.239202675284645
-52313.96765124603,43.19639221231764
-30585.796065785245,52.98577499952053
-55073.75026493544,50.918617138569005
-46888.68930847782,43.199874437569264
-43651.12452581017,44.13662518418517
-40876.926140780284,42.17211466032058
-61059.298454589145,40.50652664870855
-51925.12159119486,55.1660020929033
-41773.12309757063,40.31705615821635
-55790.87734520764,41.1263774068312
-40929.4746469885,59.47595778135059
-57353.833346698906,47.97189674292668
-41781.63722105272,53.89097997615204
-61280.29208940523,40.50652664870855
-42487.01449299901,52.41398546391687
-39086.246528665426,48.027022042691215
-53520.55781077707,42.793960732726966
-37658.53448283365,51.20649072287212
-41990.41606775231,44.13662518418517
-59031.72651963469,52.41398546391687
-33318.468241854855,40.31705615821635
-45180.69342381551,53.26971923443569
-28780.223505773676,48.36277186842874
-61541.34606221926,50.918617138569005
-55478.972610158315,43.19639221231764
-58827.207388948234,56.00156836204996
-38303.832749051006,56.19212068260055
-48908.679893806155,48.335633078085934
-30302.294049129898,48.36277186842874
-38515.53150087764,43.199874437569264
-36360.928949690926,47.94886509813647
-29443.430752527333,41.1263774068312
-55959.160669201796,58.17571650868259
-46806.95523574122,40.4804701361369
-61761.63376340608,43.05248972136468
-56892.14860045104,47.1570315638461
-34458.41682695714,45.92750305292296
-61752.02735095301,55.7427690131515
-29469.83855465903,57.91932836569297
-35710.844393296036,41.95976623989256
-61414.505609897475,52.98577499952053
-59870.99751684923,58.17571650868259
-38225.135352198995,45.92750305292296
-48593.880072750544,40.45295140473965
-33939.461629606274,40.58472706107023
-54108.6824207088,53.89097997615204
-28700.406003289238,52.41398546391687
-52820.53857867163,52.40854258551276
-52346.51950833483,55.88635513910959
-33038.274030447465,43.49521587724775
-58422.1917233734,40.424467677940896
-45185.998844079964,54.13462065843544
-55179.897788985276,41.57278495048693
-58208.1466096559,40.50652664870855
-41945.63199087682,58.49033378788792
-41887.66205052371,53.89097997615204
-35623.55352545903,58.17571650868259
-31010.665659137434,43.199874437569264
-60871.59146791799,55.88635513910959
-56980.66715398822,53.280960100439536
-29800.703817350666,40.45295140473965
-29713.291502521282,51.20649072287212
-35495.517272133395,44.47355487462248
-31516.02951535065,55.58419079695274
-56569.04297540753,51.20649072287212
-56781.24169264745,40.31705615821635
-48863.68222147987,40.58472706107023
-58701.70229881717,55.61319381311606
-37975.36339825686,57.81954827121653
-39644.20001474135,58.49033378788792
-28429.56795409717,43.199874437569264
-40514.21565338118,43.794759766421855
-56474.64481958517,45.92750305292296
-56558.80584241316,51.32189870085669
-34818.10044988874,56.00156836204996
-54410.22997539576,57.707357830393605
-30962.577525828456,48.04528843141448
-45895.0648271956,41.04762817418116
-52442.45395089264,40.58472706107023
-57597.70163312569,58.49033378788792
-47114.39898891245,54.13462065843544
-42822.961746875495,55.58419079695274
-43137.77365382754,58.49033378788792
-40475.96581674024,54.89502272010587
-38382.28748716247,53.08541388864003
-32661.492835899076,50.918617138569005
-34549.39083345425,47.94886509813647
-43872.78792173447,47.1570315638461
-56077.967253831244,55.46991151542508
-41457.506265084194,59.47595778135059
-38623.48608259596,40.1215023000053
-43705.95052344293,50.918617138569005
-49910.053657115,56.19212068260055
-31803.263093945676,53.280960100439536
-58616.77071711121,57.81954827121653
-41508.62268454426,55.62658867338667
-31896.991332003294,47.94886509813647
-52465.48589362459,43.05248972136468
-39687.47674718845,58.54521222112821
-33030.657062167076,43.794759766421855
-49370.89618309857,47.94886509813647
-34330.04686179388,50.71721377412224
-37711.631200903015,41.04762817418116
-30197.879711500897,41.48296305222163
-33055.40664948437,54.86573122936064
-27722.77283695978,54.89502272010587
-59238.56067391296,54.89502272010587
-34678.00469284497,43.199874437569264
-28455.752881536937,53.70325408375153
-29641.952107041663,40.45295140473965
-41484.33588853627,54.86573122936064
-61727.51897501034,45.92750305292296
-56993.39921075445,52.81671062158314
-29296.741577864228,55.88635513910959
-31727.132551363058,55.7427690131515
-54174.32944145518,51.99242497994736
-36569.82869667751,57.267873487302026
-28960.25649856343,40.424467677940896
-51313.863311795474,41.04762817418116
-53308.34660712642,48.36277186842874
-38498.633682621345,44.770034590453946
-38181.084160492304,52.41398546391687
-34832.58332955383,44.34699704539882
-54626.81740682342,58.49033378788792
-59370.94811384833,53.3341229438205
-53778.865528804316,41.1263774068312
-55851.620194048446,57.267873487302026
-37449.26032641003,55.505871920133245
-45051.50231041934,55.62658867338667
-47563.073645324825,53.70325408375153
-59197.323346204794,55.58419079695274
-45259.72708759004,44.770034590453946
-56131.21988485874,48.335633078085934
-53505.294844367796,53.08541388864003
-33967.46078957534,52.41398546391687
-29994.269080098828,40.58472706107023
-32519.26586166968,48.36277186842874
-51849.193695558875,57.91932836569297
-48526.794748547036,41.04762817418116
-44084.73907385234,53.280960100439536
-44253.49469017417,43.940765365608506
-57159.013038044824,54.13462065843544
-56090.91832773853,44.82253612444929
-48903.768440413,45.92750305292296
-51659.48670936117,45.62378915966991
-57783.89860997741,55.58419079695274
-40790.52365288875,54.1093094876617
-55678.671372281795,41.95976623989256
-61679.818229311946,43.19639221231764
-40717.513746171215,56.19212068260055
-58416.059885101124,55.505871920133245
-41010.97361916203,55.61319381311606
-58154.66036058776,40.45295140473965
-40775.73415811877,44.82253612444929
-49287.68532354671,40.1215023000053
-37564.53543630279,55.7427690131515
-52372.7059766566,48.04528843141448
-39953.05203458512,48.36277186842874
-59275.720952058065,51.64208012290497
-34454.543314892566,41.57278495048693
-32017.62712291124,48.027022042691215
-42169.8480307312,54.13462065843544
-48901.66102529943,52.98577499952053
-36142.20819160451,46.71352130193502
-36703.48534646241,51.20649072287212
-41120.87625083918,43.49521587724775
-56932.98188471655,56.00156836204996
-60479.76359392516,59.16605356399492
-37505.47405152707,41.1263774068312
-33174.31972583356,43.199874437569264
-40967.644132085945,42.17211466032058
-54179.95043122415,54.1093094876617
-38611.82681946577,52.81671062158314
-33526.71873988515,58.17571650868259
-36303.396169512715,55.46991151542508
-56299.16078296719,52.40854258551276
-52735.87150195455,51.64208012290497
-41328.88066096725,40.4804701361369
-35768.97620234336,57.707357830393605
-45772.91297261303,48.027022042691215
-29622.930650887953,53.70325408375153
-63393.185761923385,41.1263774068312
-55884.01464236085,40.58472706107023
-36395.36491624238,59.16605356399492
-36447.046461894344,55.62658867338667
-57994.99759978166,59.47595778135059
-45310.606767467296,41.48296305222163
-61393.23596986411,55.61319381311606
-45939.57845788115,44.82253612444929
-49507.48455128053,53.08541388864003
-43646.95581633609,55.88635513910959
-39629.75886712235,52.81671062158314
-51209.96899570359,55.46991151542508
-48669.691495963154,55.61319381311606
-42715.70651125787,40.4804701361369
-57034.152540039584,43.49521587724775
-56622.44280195325,40.1215023000053
-52846.784059506295,45.92750305292296
-34945.47934206042,52.98577499952053
-38204.178010878066,52.40854258551276
-59983.066939910495,43.794759766421855
-52440.62537882224,50.71721377412224
-29961.12568637998,56.45104328229763
-54047.46827172514,55.918969385169504
-50702.53061003283,40.50652664870855
-31749.183699309884,40.4804701361369
-42331.418663130884,47.05410925021325
-42969.51370728536,40.424467677940896
-62377.97526494076,43.199874437569264
-43975.07517182754,56.99131509722156
-44641.73725319968,40.31705615821635
-63397.49026337787,43.05248972136468
-52992.44128261437,40.58472706107023
-41657.294352824974,56.45104328229763
-38620.66087590611,44.47355487462248
-59056.41165174173,40.48047013613689
-60645.65915578506,42.44907434855431
-57191.09869429098,51.239202675284645
-28578.99920050169,46.71352130193502
-39807.66891978335,48.027022042691215
-30915.6468104463,43.05248972136468
-40819.93745519985,41.1263774068312
-41975.58852465365,42.17211466032058
-30195.438813046432,57.267873487302026
-40583.98689902217,54.86573122936064
-54970.474236751426,49.76105210425247
-53284.030542738394,52.98577499952053
-29052.81163269985,56.45104328229763
-40202.98816196844,48.36277186842874
-34340.399308179854,44.770034590453946
-54395.44844239485,54.13462065843544
-50460.57313052089,52.81671062158314
-51292.02757730002,43.794759766421855
-41360.26155393215,53.08541388864003
-42909.73850537564,52.41398546391687
-41230.85280761114,58.49033378788792
-47010.499210090726,45.62378915966991
-57344.64587295827,53.280960100439536
-39781.7587813501,47.97189674292668
-48285.8047440517,45.62378915966991
-36030.31795467671,44.13662518418517
-43280.872709591786,41.57278495048693
-52851.93006848426,54.1093094876617
-60546.28686928901,51.64208012290497
-38525.31017735563,47.05410925021325
-60874.68845712126,52.41398546391687
-59685.83125481417,59.16605356399492
-43946.7004322061,58.54521222112821
-54818.86172774584,59.16605356399492
-52558.51418505717,48.36277186842874
-42216.22308948603,51.62276087243585
-46871.76085407192,51.62276087243585
-44256.031445995526,57.81954827121653
-60934.64816248491,55.46991151542508
-36987.270661184244,57.707357830393605
-42316.20462659051,42.44907434855431
-42739.82685155882,49.76105210425247
-36127.85757377071,43.05248972136468
-60254.92789904527,52.41398546391687
-40555.489147749686,41.797024702686336
-30769.987141751008,54.13462065843544
-34883.83643672157,43.49521587724775
-63321.90591105755,41.95976623989256
-44452.89946111848,42.44907434855431
-41384.01596009228,48.335633078085934
-43831.07033577,55.46991151542508
-44047.842749633564,57.267873487302026
-41557.746526056035,55.61319381311606
-43776.97093220787,40.45295140473965
-29956.43786605903,52.41398546391687
-53770.09557219874,58.54521222112821
-40103.837489535304,43.199874437569264
-31859.052660075093,57.91932836569297
-55217.69368687794,58.17571650868259
-57395.226355707186,57.91932836569297
-44382.31643006757,46.71352130193502
-30185.88834876056,57.707357830393605
-41737.399626753904,59.47595778135059
-56257.70823496052,45.62378915966991
-37623.233476302456,48.335633078085934
-44125.785318398055,43.794759766421855
-43190.83136560116,58.17571650868259
-52622.185735217914,44.47355487462248
-44199.53643452158,46.71352130193502
-29976.193974081783,41.57278495048693
-29840.599099797637,43.940765365608506
-50414.83627012036,53.08541388864003
-37939.592758637424,54.1093094876617
-56403.00907874231,44.13662518418517
-47262.490708259545,52.41398546391687
-51549.658133622725,55.46991151542508
-31890.288372466493,43.19639221231764
-38072.128807046895,47.97189674292668
-29152.508184274924,41.04762817418116
-43930.482316728936,44.47355487462248
-36385.99546978964,46.71352130193502
-55144.239264494856,42.44907434855431
-40773.14968440365,41.95976623989256
-57264.36681657888,42.44907434855431
-53272.3335312927,40.424467677940896
-49931.744074873044,41.57278495048693
-39175.20753713819,51.20649072287212
-40685.378850143796,54.13462065843544
-42860.379671799834,52.41398546391687
-30434.49701415377,52.41398546391687
-34696.51179047788,57.81954827121653
-59312.55329897825,51.11621272212679
-31210.324541623617,40.45295140473965
-59082.11121171504,54.13462065843544
-30949.857921915198,56.00156836204996
-42843.21947217721,47.94886509813647
-51827.876525312946,40.424467677940896
-41807.023652039345,41.57278495048693
-46352.63078053194,41.04762817418116
-29224.04598317937,43.49521587724775
-36493.571483190084,51.239202675284645
-40234.69837458523,58.54521222112821
-58290.86267331365,53.89097997615204
-59345.04361731181,52.98577499952053
-33253.26891730063,49.76105210425247
-39503.825497651495,53.70325408375153
-44188.00093126175,44.770034590453946
-29528.857638186597,55.7427690131515
-37547.12885915216,56.45104328229763
-43135.55462759407,40.50652664870855
-44060.50137013892,55.7427690131515
-59265.89025548476,42.793960732726966
-38911.948734385216,52.81671062158314
-29582.901354704405,42.17211466032058
-36574.54722948087,53.280960100439536
-39940.71317849915,42.44907434855431
-32971.616866471515,44.82253612444929
-57815.08880632387,44.82253612444929
-38878.43991890066,52.98577499952053
-37169.61655215817,45.92750305292296
-29373.880428017117,55.58419079695274
-57083.85539860446,55.62658867338667
-56679.619697786744,57.707357830393605
-32532.825217110025,57.91932836569297
-48169.63282078235,44.82253612444929
-37742.850976831,51.99242497994736
-29574.211947977623,43.49521587724775
-29392.387187444718,53.280960100439536
-40057.17983120828,46.71352130193502
-31719.980662523518,50.918617138569005
-54163.982257665964,57.267873487302026
-40085.25403929295,40.58472706107023
-40973.08604898819,43.49521587724775
-56006.49314402793,52.81671062158314
-54129.49730446889,47.97189674292668
-53106.69199513423,47.94886509813647
-50924.99343144096,47.1570315638461
-40033.21787165826,54.1093094876617
-58815.404671195916,55.58419079695274
-37918.53923965659,53.3341229438205
-32675.032067649507,42.17211466032058
-35497.33342519594,42.17211466032058
-62478.45112403702,47.94886509813647
-43017.43523916401,51.20649072287212
-45336.128007656545,42.793960732726966
-33398.83360569902,48.04528843141448
-48444.072155643895,40.1215023000053
-30860.742896543765,44.770034590453946
-52661.33509862522,53.26971923443569
-57085.080768907465,41.1263774068312
-52781.2442157866,53.26971923443569
-37320.09717333394,40.58472706107023
-29714.258421617953,51.64208012290497
-46691.15190590665,57.91932836569297
-61288.590804042986,42.17211466032058
-60176.788660864404,42.44907434855431
-38194.40098542538,57.267873487302026
-49978.59972392838,41.04762817418116
-44615.64519659169,56.45104328229763
-56613.24156587117,53.89097997615204
-48617.79008295959,44.82253612444929
-55117.44253915157,57.707357830393605
-29233.38350723924,44.82253612444929
-55960.64557385379,54.1093094876617
-51961.74719355879,43.940765365608506
-28728.673082177353,51.32189870085669
-46402.63622085189,46.71352130193502
-50294.66036614921,47.05410925021325
-42516.09912236755,44.82253612444929
-33357.79379767422,40.4804701361369
-38778.96700361961,56.45104328229763
-29143.421439464775,40.45295140473965
-43339.750059418206,43.940765365608506
-56909.96353792495,55.58419079695274
-58778.85089911903,53.26971923443569
-59828.4945162416,43.940765365608506
-50447.18988199593,55.7427690131515
-55566.81693288636,51.239202675284645
-57135.06345597857,55.62658867338667
-53830.849173026945,51.64208012290497
-39092.26940109313,47.05410925021325
-42715.91166863482,43.05248972136468
-52765.35881149562,51.32189870085669
-29895.551474044987,51.99242497994736
-57340.4129212533,45.92750305292296
-31104.999900403618,40.31705615821635
-47289.78076938917,53.70325408375153
-44434.12135492978,51.239202675284645
-41127.25746301149,55.1660020929033
-33780.93037474953,41.797024702686336
-52329.32675685668,55.7427690131515
-41384.39391490041,40.31705615821635
-44275.048685499976,47.1570315638461
-50138.1206048176,59.47595778135059
-59175.49302509497,41.04762817418116
-42130.48921712091,50.71721377412224
-59244.57206388918,52.81671062158314
-44365.221986783166,57.267873487302026
-34449.45853757682,43.199874437569264
-53182.57293877832,55.505871920133245
-41240.38762753627,57.707357830393605
-41181.63299121449,45.62378915966991
-50086.88826835389,40.4804701361369
-48576.16632570292,47.1570315638461
-29286.990210570166,49.64290509414352
-32095.513423824148,55.46991151542508
-31462.460417598628,51.64208012290497
-31299.05042603035,55.58419079695274
-43692.19695660686,43.940765365608506
-54875.360012140474,56.99131509722156
-34742.65885968469,53.08541388864003
-47362.01970797154,47.1570315638461
-48421.2706390057,41.57278495048693
-53776.977756690176,52.98577499952053
-53219.69583835767,55.46991151542508
-41282.26832308626,59.47595778135059
-31702.76728523844,48.027022042691215
-31185.356022335855,58.49033378788792
-32999.539165223105,41.797024702686336
-37843.95665076519,55.505871920133245
-39028.110093101015,51.32189870085669
-30473.04092254616,51.99242497994736
-35013.25552539939,56.00156836204996
-36014.8637742748,41.95976623989256
-33078.6795728847,40.424467677940896
-51077.85588486702,55.61319381311606
-52813.59679375628,52.81671062158314
-43020.76462392545,41.57278495048693
-49636.31599009033,51.64208012290497
-60575.31541069347,59.16605356399492
-44105.81349176277,41.95976623989256
-56907.20547901837,55.918969385169504
-60382.82500712511,44.770034590453946
-42198.30196366274,47.94886509813647
-36348.50964123038,40.45295140473965
-54730.72861900462,55.505871920133245
-47317.03856172051,45.62378915966991
-56296.87044298792,40.1215023000053
-62153.293925796395,55.88635513910959
-38959.264991235825,48.36277186842874
-58650.69816814485,51.99242497994736
-54418.10973807719,44.770034590453946
-37628.9843908776,55.62658867338667
-54724.312119588256,55.918969385169504
-28799.38560847084,44.47355487462248
-42754.2197040239,59.47595778135059
-41156.780770050624,56.00156836204996
-39939.45009189927,40.50652664870855
-40955.90826449812,54.89502272010587
-32031.02782849835,49.76105210425247
-33274.12934540623,41.95976623989256
-40404.0893604159,56.99131509722156
-39767.797697225236,45.92750305292296
-30070.27305776073,54.89502272010587
-37385.38528223608,41.797024702686336
-34846.94852593758,51.11621272212679
-48863.8883760928,41.1263774068312
-51682.85298024947,42.17211466032058
-49343.67360170526,59.47595778135059
-50644.71693607979,54.89502272010587
-45486.92027320921,55.918969385169504
-45096.58356678589,41.04762817418116
-35084.95115921611,46.71352130193502
-53727.95311880349,43.49521587724775
-37879.9485990472,51.11621272212679
-60158.45457878565,59.47595778135059
-30129.81237823763,52.41398546391687
-43434.45003429798,55.918969385169504
-53487.17717373997,57.91932836569297
-38589.001641721195,47.94886509813647
-39001.78916400777,57.91932836569297
-46201.39285947945,59.16605356399492
-51103.11499321899,45.92750305292296
-59278.36939061902,44.47355487462248
-58305.600389106854,50.918617138569005
-56506.74888720718,51.11621272212679
-54624.90591559138,56.19212068260055
-60665.86072647241,41.57278495048693
-54390.09583161253,55.88635513910959
-37585.4515998804,52.40854258551276
-44495.34437759528,52.81671062158314
-57782.20222914621,51.11621272212679
-54658.13288951615,40.50652664870855
-56981.71026864147,55.7427690131515
-53206.06792494198,53.26971923443569
-32194.73394713575,45.62378915966991
-37902.04605613807,53.70325408375153
-31166.41880050207,54.1093094876617
-50612.11840665337,40.1215023000053
-28770.085343291983,59.47595778135059
-33410.10497560445,56.19212068260055
-51977.735086730085,47.1570315638461
-31305.427660810936,40.424467677940896
-35011.97437751153,56.99131509722156
-53957.05124054791,42.793960732726966
-50843.81137233964,44.82253612444929
-46185.62263326022,51.32189870085669
-54840.33550058148,51.11621272212679
-28671.186162313614,55.7427690131515
-59504.465825384614,43.05248972136468
-59161.38393015706,43.794759766421855
-39722.9454115712,56.45104328229763
-29648.88341943158,43.794759766421855
-62068.63568165149,55.1660020929033
-37142.52857422694,49.64290509414352
-41236.11298809099,49.76105210425247
-44958.91546870668,50.71721377412224
-29182.978637670072,49.76105210425247
-30627.459748896097,41.797024702686336
-38441.77505278176,42.793960732726966
-58951.04930391947,47.1570315638461
-58422.233238507004,49.76105210425247
-53475.948720249944,40.50652664870855
-57600.06228792769,55.46991151542508
-29461.49922670434,57.267873487302026
-40818.51839591947,50.71721377412224
-38524.274050216045,59.16605356399492
-58084.20605087817,53.3341229438205
-42908.29869897949,40.50652664870855
-30835.426034518256,43.49521587724775
-39242.053578800245,55.88635513910959
-63112.952499062485,40.4804701361369
-49511.8867304446,48.36277186842874
-30818.12899702848,56.00156836204996
-35995.95955750353,43.49521587724775
-38574.318921870516,55.88635513910959
-56230.54601044147,51.64208012290497
-42915.165202585325,48.36277186842874
-48317.28209190222,53.280960100439536
-54217.37614131134,55.1660020929033
-49776.436766071085,59.16605356399492
-55313.62910242584,40.58472706107023
-51528.31471132692,40.4804701361369
-37747.94089053967,43.940765365608506
-47835.39598060088,51.11621272212679
-56999.34039943932,46.71352130193502
-40823.71322923198,44.13662518418517
-52994.402351691926,53.26971923443569
-44670.36609435076,57.81954827121653
-60832.733474323235,40.4804701361369
-55068.01724361955,43.49521587724775
-54204.052741998916,47.97189674292668
-55278.9092160853,57.91932836569297
-52199.77126983291,43.940765365608506
-43282.655837582424,47.94886509813647
-57151.52928340089,57.81954827121653
-29425.160144683465,54.86573122936064
-39639.69894974354,51.62276087243585
-39924.652738045654,51.64208012290497
-30416.667080287985,40.424467677940896
-58692.9889923358,58.49033378788792
-47955.350017805235,53.3341229438205
-42275.02026766316,53.89097997615204
-53188.05219816875,52.81671062158314
-30495.574185548263,40.58472706107023
-41836.25363368055,47.05410925021325
-29264.230781291353,40.424467677940896
-55802.23614383933,54.86573122936064
-54613.53674276069,53.3341229438205
-59040.121746661964,49.76105210425247
-42282.3966742746,44.13662518418517
-48798.357888608356,55.61319381311606
-40897.39213263538,40.45295140473965
-52896.93699965885,51.62276087243585
-33208.95743210541,55.1660020929033
-45584.89911619453,43.794759766421855
-54383.406985586465,52.81671062158314
-57449.813147091496,53.70325408375153
-28654.121186441276,48.027022042691215
-59665.309665870554,47.1570315638461
-40024.1010368821,40.4804701361369
-44331.14090343436,43.19639221231764
-41368.81954907361,48.36277186842874
-42245.29463444229,59.16605356399492
-30226.13953080599,45.92750305292296
-49365.537013544206,52.40854258551276
-49068.071664955714,49.76105210425247
-44116.37343125182,59.47595778135059
-31628.50195614911,40.50652664870855
-41263.13973685945,53.08541388864003
-34397.5140429232,58.54521222112821
-41065.454734238025,44.82253612444929
-29179.19530932856,51.239202675284645
-31060.58260710701,53.89097997615204
-34250.38333671121,58.17571650868259
-52188.93214458476,41.797024702686336
-39499.53161443522,48.04528843141448
-38706.50184684921,53.70325408375153
-45620.68043423475,54.89502272010587
-58241.20690999697,48.335633078085934
-60336.59720173341,40.45295140473965
-42919.98748476328,55.505871920133245
-41857.99800562881,56.00156836204996
-35784.57063145627,41.57278495048693
-28891.163381339735,50.918617138569005
-32237.093544130366,44.34699704539882
-29952.297494244147,47.1570315638461
-57597.15436627405,52.41398546391687
-40795.602817025916,53.89097997615204
-37020.596567680055,43.794759766421855
-56383.71788063627,41.95976623989256
-32045.190139106453,58.17571650868259
-30464.783265314243,54.1093094876617
-36896.980444472465,43.199874437569264
-59566.51414001359,51.32189870085669
-58098.08827523407,45.92750305292296
-61506.81154721482,44.13662518418517
-35010.15697607805,43.199874437569264
-48030.6062438013,52.40854258551276
-32983.36514969595,54.13462065843544
-40564.67710963322,55.62658867338667
-31033.040821530183,40.4804701361369
-35398.93995716454,48.36277186842874
-40865.97741213369,53.89097997615204
-31217.189708079914,48.36277186842874
-38751.569056622684,42.79396073272697
-41075.356482896554,41.48296305222163
-36646.207592498846,44.13662518418517
-32190.366379933017,46.71352130193502
-42563.956332048896,41.95976623989256
-50434.02473488571,53.89097997615204
-59496.81307288101,41.48296305222163
-44821.51174857962,41.797024702686336
-41463.521249237456,51.64208012290497
-53568.56993976995,59.47595778135059
-63089.43160788158,55.918969385169504
-44852.409748507096,47.94886509813647
-40373.50663875378,53.3341229438205
-60381.69633974518,58.17571650868259
-29924.89774153166,56.45104328229763
-57822.45623912536,48.36277186842874
-33022.312916778385,53.280960100439536
-29174.337663550068,55.61319381311606
-58069.253890082575,48.36277186842874
-57262.297840287596,44.770034590453946
-35716.18026792192,53.89097997615204
-55567.71002104962,55.918969385169504
-56397.43903892131,58.54521222112821
-51402.41882738852,53.3341229438205
-60073.25123458501,40.1215023000053
-31587.87877228351,55.88635513910959
-60041.75512811161,58.17571650868259
-40940.73007463966,55.62658867338667
-54205.46655055652,42.44907434855431
-45337.51204946394,43.19639221231764
-30543.38135865347,43.940765365608506
-46105.62463589427,45.92750305292296
-55501.96398404945,40.4804701361369
-60399.91509451319,48.027022042691215
-33573.9834795069,57.91932836569297
-51201.14349545696,58.49033378788792
-59410.5288429212,59.16605356399492
-59766.39126644319,57.81954827121653
-41363.95100972903,51.239202675284645
-61132.37306436887,40.50652664870855
-42200.939070093795,50.918617138569005
-54147.51751237284,46.71352130193502
-41925.066781110116,54.86573122936064
-51042.738571701775,56.99131509722156
-41433.19881311373,48.04528843141448
-52028.71474359253,43.940765365608506
-52950.678353851734,42.17211466032058
-37624.87013363673,51.32189870085669
-38988.37641309813,44.34699704539882
-54116.43046402349,51.32189870085669
-30638.19573275492,54.1093094876617
-31996.877330106978,48.04528843141448
-58919.247813138994,55.62658867338667
-49930.85274069968,46.71352130193502
-34819.959496162846,55.58419079695274
-59957.5818597878,43.49521587724775
-57169.4909896662,40.58472706107023
-45919.61345156429,51.64208012290497
-40380.058196391736,58.54521222112821
-46145.28922669968,55.918969385169504
-48809.35935409396,55.918969385169504
-42970.11167168931,46.71352130193502
-38549.30315600005,41.04762817418116
-58453.22365809095,40.4804701361369
-42910.76846225557,48.04528843141448
-52795.37325276163,50.71721377412224
-40448.42697028199,40.50652664870855
-41102.760164928026,40.1215023000053
-61917.73730629347,44.34699704539882
-39346.8809357006,58.54521222112821
-28822.04057401551,42.44907434855431
-55054.11381184081,41.48296305222163
-32665.361121208123,48.027022042691215
-39071.453856129374,40.31705615821635
-52221.220703424035,47.05410925021325
-49569.72330922932,40.424467677940896
-60927.51132419624,56.19212068260055
-55898.4571445913,49.76105210425247
-38694.954523830296,56.99131509722156
-38403.10481587438,55.918969385169504
-50758.111125521624,40.31705615821635
-44126.2599529962,43.05248972136468
-40630.60791763403,41.1263774068312
-47700.84974498679,50.71721377412224
-59857.95952517346,40.31705615821635
-39634.88266987542,51.11621272212679
-55140.637648162134,58.17571650868259
-58831.2726513151,55.88635513910959
-30966.766788608882,58.54521222112821
-54719.46060372405,54.13462065843544
-33750.605268990344,41.797024702686336
