sal_avg_lc1vs0_iate,school
-463.513496485008,10.0
-1847.6121512813597,10.0
-3666.724739464621,10.0
-8612.12307443159,10.0
-2932.6937992341063,12.0
-5665.001479048336,10.0
-3441.4558967006274,8.0
-2838.081801430035,10.0
-5190.987333464111,10.0
-6679.015808655396,9.0
-21088.555720797518,10.0
-5050.337640104915,10.0
-4330.400558687103,9.0
-4328.147398870946,8.0
-227.3310448535001,10.0
-3114.3760810520707,12.0
-2435.8406409209138,9.0
-16801.22053844198,10.0
-6820.418310267503,10.0
-13760.996006129913,12.0
-18046.204079078827,9.0
-2321.9146750212035,9.0
-13241.46132851449,9.0
-3071.19154952596,12.0
-3206.1550970958815,12.0
-4154.286240049651,12.0
-15006.888634045421,10.0
-12021.335593992317,9.0
-2070.3202580666493,9.0
-18397.95356272177,10.0
-1889.9598735848053,10.0
-6092.692729795937,12.0
-7701.838036392345,8.0
-4284.474753541315,9.0
-3070.9207159497064,10.0
-10186.839265724966,10.0
-4058.7263050805213,10.0
-4234.555661910751,10.0
-14841.704162924554,10.0
-4721.648946031489,8.0
-146.3326538080487,12.0
-4296.263003798102,12.0
-3968.027247398873,9.0
-5487.076290863111,9.0
-10821.706583671672,12.0
-3549.0933660013325,12.0
-11176.520391528746,12.0
-396.6216945757328,12.0
-1308.7933614894812,9.0
-4321.738163391496,12.0
-1679.3250543333627,9.0
-13825.385441420818,10.0
-9705.903919529803,9.0
-1941.5600032764141,12.0
-17026.261987989732,9.0
-5681.74233304389,9.0
-20707.033050715305,10.0
-2715.2386861927325,10.0
-2681.99010470236,10.0
-2220.630708743636,12.0
-8836.78346681875,10.0
-4080.6812910874987,8.0
-3567.75067401295,12.0
-61.33569109278403,12.0
-11229.120037878332,8.0
-5514.657729756766,10.0
-8119.786103787981,10.0
-5653.523153591791,8.0
-3021.041312560856,8.0
-2202.385252410415,10.0
-13711.86613623781,9.0
-18989.89525567234,10.0
-3881.4391296977374,10.0
-8124.260113193132,10.0
-3051.0709837098966,12.0
-4554.147313564168,10.0
-2590.3474344504575,10.0
-6908.662810779986,10.0
-6718.468603575588,12.0
-20004.117829970786,10.0
-4994.176749152037,10.0
-5496.55923926767,12.0
-4302.962053225012,10.0
-5998.531895427333,10.0
-4408.920118722363,8.0
-3362.96784283539,9.0
-1128.8177198612439,10.0
-12334.234629367968,10.0
-12821.893128497695,9.0
-8054.5514265533075,9.0
-14090.634343899204,10.0
-7617.009346591939,10.0
-2796.7528572068677,12.0
-924.3493473975333,10.0
-6411.868072222465,10.0
-20986.804676169333,9.0
-3079.8646357343596,12.0
-11235.677003808369,9.0
-3300.177699021645,9.0
-6319.144300785712,10.0
-7220.067168747152,10.0
-3752.450922899925,12.0
-10122.392623717966,10.0
-2059.022433649012,10.0
-4420.459952515184,9.0
-3657.864961302712,12.0
-14497.581488513384,9.0
-3280.972619140175,10.0
-10016.712359354979,10.0
-14130.109560966343,10.0
-11526.239612007645,8.0
-9627.575265321331,10.0
-10242.502781571558,10.0
-12375.299110150592,10.0
-12775.022272749107,9.0
-2962.4747961838993,10.0
-5733.944012197649,10.0
-412.16662863333386,10.0
-4173.934912833149,9.0
-4446.523276926742,12.0
-5546.287796963205,9.0
-6644.113947641672,10.0
-20463.510461793707,10.0
-11421.985827900826,10.0
-14588.283114557971,9.0
-4296.9341605022455,10.0
-15308.381580177347,10.0
-1918.6337455126786,10.0
-4904.122555143581,9.0
-3782.712618864375,10.0
-4336.14058556478,8.0
-13019.588975640676,10.0
-4701.720109369653,9.0
-1862.2777478242606,10.0
-1651.7998929613914,9.0
-2245.9113882877136,12.0
-5098.816434561996,10.0
-16139.686901748268,10.0
-7755.282672002699,12.0
-5407.08598283951,10.0
-4648.452389895047,10.0
-520.2555182121823,10.0
-19495.373864824534,10.0
-4733.99346998361,10.0
-5677.709380763718,10.0
-5579.931288879409,9.0
-21197.190502766305,10.0
-14020.929154737749,8.0
-12981.516844003236,9.0
-2648.987215829232,9.0
-16753.22068041909,9.0
-8524.629155095867,9.0
-5975.722087964356,9.0
-9125.532586995547,12.0
-7619.046303009428,9.0
-2855.586163825934,10.0
-3025.8097797928276,10.0
-2497.1665053223387,12.0
-7184.193202091382,10.0
-2807.523195563472,9.0
-3080.209531283679,12.0
-5494.654000863124,9.0
-1819.1616023078786,10.0
-13599.512198976117,10.0
-4661.803029523228,9.0
-4762.071432685161,12.0
-5145.8303435802845,9.0
-21717.09240546481,10.0
-3919.964005010719,10.0
-4024.195172315309,10.0
-2932.832439347376,12.0
-4971.014798354618,9.0
-2767.8809390932056,12.0
-5493.866697337418,10.0
-3395.332213811672,12.0
-2909.1529854074083,8.0
-9920.038541856886,10.0
-4852.356244613504,10.0
-5584.926950041488,12.0
-7964.870549707955,12.0
1188.264489757641,12.0
-10620.14815116794,9.0
-1895.3452563455148,10.0
-797.0658975308497,12.0
-2664.5307177555405,8.0
-14399.804235434925,10.0
-2840.982919313621,10.0
-294.82386166505825,12.0
-3326.16243834518,12.0
-17341.001304706522,10.0
-13342.804826578384,10.0
-6679.770675387857,10.0
-10378.034609233018,10.0
-7586.032266469161,12.0
-2138.3843792674666,10.0
-2962.947797366007,12.0
-9445.061591712045,9.0
-4628.850483957177,9.0
-2371.945529551689,12.0
-2504.6642034590986,8.0
-7650.088853001283,10.0
-10049.364534438411,12.0
-16409.512754677424,8.0
-2227.1544694534746,10.0
-7726.152897312457,10.0
-14604.01587291501,9.0
-6757.192295640221,10.0
-7165.033228111048,12.0
-996.4244833159028,12.0
-13969.073750347066,9.0
-11130.593381398496,10.0
-11059.005339752526,9.0
-20418.00601613143,10.0
-4505.262376376644,10.0
-2650.541807093163,12.0
-4300.2829864926025,12.0
-4476.765153839629,10.0
-5152.243767786587,9.0
-2561.134512646271,12.0
-7682.127741808816,12.0
-1111.2948748196618,9.0
-4978.012447428833,8.0
-2407.823753415889,10.0
-12672.240773153246,9.0
-6232.158946257013,9.0
-18260.908580148935,9.0
-12529.22791783786,9.0
-14267.555802736057,10.0
-3386.4387374681355,10.0
-2321.113462848197,10.0
-6625.325877134188,10.0
-6255.207636035607,8.0
-2312.351440555054,12.0
-4528.12110400387,8.0
-2136.024496009291,10.0
-3797.049319575912,12.0
-2549.244477343338,12.0
-1035.8719310758015,12.0
-16020.440062487536,10.0
-7332.0449117115495,12.0
-12498.667019472758,12.0
-7674.683263877325,12.0
-5373.937467221862,10.0
-686.1375662136179,12.0
-2780.854156387918,10.0
-7917.3120189264855,9.0
-15153.016100497083,10.0
-2322.729195925518,12.0
-13659.446268026304,9.0
-6929.011200109049,12.0
-4178.24318679288,8.0
-6760.580360149945,9.0
129.0258704716989,12.0
-3188.3456954588783,12.0
-9516.46720148789,12.0
-12148.93119437116,9.0
-17467.404146722078,10.0
-99.55215731127976,12.0
-9954.110087712743,12.0
-12340.991839544762,10.0
-22115.340534184277,10.0
-13646.644695816767,12.0
-19331.30150918461,8.0
-5221.6323170013475,8.0
-9035.514445965619,12.0
-5633.825468059045,10.0
-3150.3597379570047,12.0
61.60349985900598,12.0
-809.3600076635769,12.0
-5088.28188985917,12.0
-9845.0089091722,12.0
-2325.1764468510314,10.0
-1401.3863216818309,12.0
-5462.314517675968,10.0
-9208.440692572243,10.0
-12060.361812287852,9.0
-1877.1333062559233,12.0
-7939.821816474209,10.0
-4289.047389677109,10.0
-4329.475988185808,10.0
-6057.285302540814,8.0
-12858.643002236695,9.0
-3233.468108602967,9.0
-15721.164024572408,9.0
-4019.193578120883,12.0
-4551.624874001085,10.0
-12667.710940098934,10.0
-7407.42116595402,12.0
-791.8595690477705,12.0
-516.7286420895107,12.0
-4374.179819366849,10.0
-9612.92341891613,9.0
-3124.1194900100436,12.0
-4393.087762808688,9.0
-9281.123888493767,10.0
-13369.916645841364,9.0
-332.6247287640011,12.0
-4420.848347727806,10.0
843.4764231047986,10.0
-4501.6520178244255,10.0
-14574.756331154886,8.0
-5898.811925904288,9.0
-10915.62995720756,10.0
-3393.5474613805527,12.0
-1790.2938023615297,10.0
-6779.62190486842,10.0
-11186.295105876992,10.0
-2072.3387249033312,12.0
-4728.134292884335,9.0
-2464.544454967063,12.0
-4890.754711351303,8.0
-1975.4436891613843,9.0
-14353.168442913953,10.0
-5248.791732272066,9.0
-3258.65984380615,12.0
-14484.53520635545,10.0
-13719.42061313944,9.0
418.7795160312018,12.0
-5820.403460492718,10.0
-3923.809481553683,10.0
-6012.458123978593,9.0
-1908.310015637578,10.0
-9083.872791494337,12.0
-998.0694382643395,10.0
-6671.742299915236,10.0
-12379.881014613524,9.0
-4216.2192773216475,10.0
-6693.013615916121,10.0
-11071.2085680109,9.0
-2478.543754149246,12.0
-488.413374051133,10.0
-13691.72052806198,9.0
-14128.533776318436,10.0
-15912.337258743926,10.0
-6756.4589075064405,10.0
-8183.009400915584,8.0
-9451.040630731291,10.0
93.47101372796897,12.0
-915.5316926913898,10.0
-13203.22852541862,8.0
-8542.443471992334,10.0
-11755.0004357309,8.0
-10728.017803723185,12.0
-4820.271094648853,10.0
-5014.965581160821,10.0
-5736.63685391739,9.0
-12197.97238310924,9.0
-4411.591303861553,10.0
-8965.257763357766,10.0
-4581.807766112252,10.0
-5883.638922952283,10.0
-1220.4746276351075,10.0
785.5890665439154,10.0
-4930.2394592706505,8.0
-7355.3104714523215,12.0
-6842.912065521707,8.0
-8311.348487358666,10.0
-15470.406179081358,8.0
-1384.8947845838254,10.0
-5625.061268035523,8.0
-5395.67485102924,10.0
-15147.025265905453,10.0
-2822.5401888264714,12.0
-6903.310919547794,10.0
-423.39900864083916,10.0
-3055.2002107567846,10.0
-13555.96118554968,10.0
-3565.720696760329,12.0
-2868.266246380026,12.0
-4596.493203592745,10.0
-6738.5403138022575,10.0
-6028.078368799315,10.0
-14046.276332787986,10.0
-5652.72043934389,10.0
-6392.651848260659,10.0
-11651.224493031139,9.0
-5094.066725552313,12.0
-3774.519378786783,10.0
-11254.285114087923,10.0
-4794.233587543226,9.0
-2693.174591155995,9.0
-5392.059907346633,9.0
-986.6002414598258,10.0
-281.54675123060633,10.0
-9157.941354466155,10.0
-13578.04074563397,8.0
-7487.506792336428,9.0
-3109.370698012696,10.0
-3913.2121345586183,10.0
-14162.201534433103,8.0
-12089.657537156761,12.0
-4952.782302663369,10.0
-21019.058765765585,10.0
-14377.80278587337,10.0
-1768.7706594950723,12.0
-13032.786842559997,8.0
-1578.4339274905042,12.0
-2951.3700701380494,12.0
-15797.855253188935,10.0
-4429.474466530128,8.0
-4838.923590867564,10.0
-4005.9592596586826,10.0
-2919.7176323197973,9.0
-4806.106171835136,12.0
-3854.880291943179,10.0
-5716.18291391208,9.0
-1170.2571990466831,10.0
436.6982479815158,10.0
-3219.776626640809,9.0
-1996.0484140403523,9.0
-18129.880000110792,9.0
-18359.97289274449,10.0
-8083.324319560274,12.0
-1210.0758095611673,12.0
-8592.231622147412,9.0
-5871.968701092864,8.0
-11569.190347748565,9.0
-6968.749078568313,9.0
-3664.6796309003876,9.0
-5548.876307371849,10.0
-5627.451770555056,9.0
-8283.52835393668,12.0
-7160.9910878070605,9.0
-310.37168021049644,10.0
-1435.81757479522,10.0
-7042.406618480247,8.0
-4984.466581442169,10.0
-56.33232408046345,12.0
-890.7201069562046,10.0
-5623.532942652186,10.0
-5396.959513890426,10.0
-6354.2047238725245,9.0
-13081.173822566274,9.0
-3516.0683503919918,10.0
-13179.946094300194,9.0
-1402.111887458308,12.0
-5064.680268330811,12.0
-15142.03915054749,10.0
-12184.736648898739,10.0
-11721.25805756469,8.0
-3554.0336516271745,10.0
-2336.861100870028,12.0
-3087.421922571015,12.0
-8116.2432350993,9.0
-4256.0200047777635,10.0
-3166.2687227382407,9.0
-5083.098479900222,12.0
-7249.239492437258,9.0
-7654.06532204916,12.0
-5036.03412197274,10.0
-2927.630551073811,10.0
-1845.1371319304158,9.0
157.73924563196465,10.0
-1310.7774424573422,12.0
-3778.114919996483,9.0
-2314.6919275686764,12.0
-12962.884879629297,9.0
-3063.3670505006544,10.0
-20362.931802059928,10.0
-15476.810906670038,8.0
-7412.540871392797,10.0
-11445.4817573018,8.0
-2723.537583021282,10.0
-2675.1133827060294,12.0
-4006.180352637505,12.0
-3638.1642275587865,8.0
-1908.294428524015,9.0
-9689.44098313031,10.0
-2557.6141537202516,8.0
-16016.323432450354,10.0
-9480.106396580893,8.0
-6308.700603407122,10.0
-979.3349252982796,10.0
-3821.86625847277,12.0
-10013.19827576287,10.0
-6690.749180257396,10.0
-13466.165737206347,10.0
-4166.463158603381,10.0
-6964.490701030812,10.0
-5169.819878103175,10.0
-2257.6984564895297,10.0
-13247.345947612273,9.0
-1294.5215235593964,10.0
-4270.438668968396,8.0
-5388.595103984488,12.0
-17338.561453190447,10.0
-8050.913766130763,10.0
-3428.049271649319,12.0
-5141.046663683175,10.0
-9916.177181186193,10.0
-4320.656988476179,10.0
-4407.522207813248,9.0
-2230.1933231354724,12.0
-2217.3322666341087,12.0
-2434.1966156409608,12.0
-1330.1147751756966,10.0
-5202.01330874447,12.0
-5142.564051904001,10.0
-51.97855476979453,10.0
-16293.842130432646,10.0
-6083.449440380387,9.0
-1697.25343347294,9.0
-5329.038740216332,9.0
-10995.475890302167,10.0
-1936.9311912179614,8.0
-7147.902861578556,8.0
-5789.560563698852,10.0
-3384.6712028387556,10.0
-4309.1454297339005,10.0
-18055.148318792264,10.0
-12295.465366261202,8.0
-3357.19115057234,8.0
-96.74307384329427,10.0
-55.19507577970222,12.0
-3596.1298118226423,10.0
-4652.364577773316,10.0
-11656.60853093363,10.0
-6822.059793696728,10.0
-3062.0748199785485,12.0
-14704.13996861499,10.0
-22613.33495117436,10.0
-11681.714306483213,10.0
-2690.328832907178,10.0
-145.76452319616465,10.0
-9534.153239810177,10.0
-8783.251104575225,10.0
-11848.243754399995,10.0
-6825.626377529973,9.0
-5914.429739644209,12.0
-18599.305977015687,10.0
-11797.697044277511,9.0
-11779.350052012396,12.0
-1228.144689300819,8.0
-5070.627808423444,10.0
-2013.7771281006735,12.0
-4184.450382434787,9.0
-4429.686481721787,10.0
-15704.460182145112,10.0
-17538.792802188327,8.0
-15469.449232276142,9.0
-6605.8529427610465,9.0
-6822.9162540114085,9.0
-2804.1733946980526,9.0
-14581.692431403177,10.0
-2898.821256782981,8.0
-12532.896318914685,10.0
-9409.879074009157,8.0
-811.951978044432,12.0
-6835.83232084338,10.0
-7881.885374983099,10.0
-4014.51886706782,12.0
-8848.296479403356,10.0
-4922.656449051392,10.0
-7944.97828854921,10.0
-3316.8892568799674,10.0
-15515.62960784151,8.0
-20928.293569871956,10.0
-10876.75302727928,10.0
-15384.926845707749,9.0
-2208.539319741446,9.0
-4678.384697793139,10.0
-5325.26382253275,10.0
-20550.250884253855,10.0
-13565.752192353077,12.0
-13920.475668151386,9.0
-3002.2481816884783,10.0
-4031.360242911709,10.0
-8808.473852875817,9.0
-10102.307806520617,10.0
-5954.354116014112,10.0
-834.0120585124301,10.0
-8727.131418268327,10.0
-6971.425860202112,12.0
-18402.801206939464,10.0
-17242.613398071877,10.0
-14923.882998099945,8.0
-5249.849177096246,12.0
-6792.929377688577,8.0
-6525.790521230949,10.0
-15448.370582953497,10.0
-8992.764398352394,10.0
-7627.7835946544765,12.0
-8520.930671184014,12.0
-563.6565441697796,10.0
-11149.090747767623,9.0
-17383.33206356701,10.0
-7822.022903112245,8.0
-2240.4664548704013,12.0
-6999.3454986042525,10.0
854.0491751777736,12.0
-4172.757175669629,9.0
-4827.962497706103,10.0
-20328.30628333887,9.0
179.93305316258136,10.0
-7097.035159534632,8.0
-5106.777566478966,9.0
-4588.038865725401,8.0
-11884.86326199716,10.0
-6265.209999379702,10.0
-6140.083691610969,10.0
-9357.132773341014,12.0
-1077.826536331635,10.0
-10621.559893547777,12.0
-5028.92848210696,10.0
-7075.662948813216,10.0
-8751.812149945432,9.0
-3099.572125634313,12.0
-725.2681902015559,12.0
-4552.88559658112,10.0
-9775.89109350858,10.0
-8843.300149767407,10.0
-14507.234004725078,10.0
-5470.599287948854,10.0
-20249.100494719503,10.0
-7580.671063053526,12.0
-5677.719525156944,12.0
-2985.9782101468663,12.0
-4134.77720835058,10.0
-10102.496198394962,9.0
-4030.7429259494365,12.0
-12751.77322724172,10.0
-3534.2888404419527,10.0
-6909.004513306612,10.0
-1383.0933088536685,12.0
-4719.557733115278,9.0
-20228.16106050703,9.0
-20154.06996006283,10.0
-5407.687868960819,10.0
-9282.951957435827,10.0
-1685.250217339345,12.0
-8002.189413050945,12.0
-1505.1932702048953,12.0
-163.1673253667782,10.0
-3364.229114852491,12.0
-12382.373611012477,8.0
-785.2656016715882,12.0
-11640.28117251274,12.0
-11242.977710466548,9.0
-9273.244449386284,10.0
-3677.4248579031373,12.0
-6716.901219636151,10.0
-10287.624947000357,9.0
-11098.278693646747,10.0
-2152.3303372994674,10.0
-12967.934148519556,10.0
-7838.683888259628,9.0
-10298.123622814575,10.0
-3768.7738584967756,10.0
-5105.713567523018,10.0
-5395.137279406862,10.0
-5842.417922098269,10.0
-3478.2529983768654,12.0
-16469.919254384844,9.0
-5090.7367118510465,12.0
-6412.188938437743,10.0
-2126.6436903543436,12.0
-18716.298248804593,9.0
-18466.448424001956,10.0
-12797.577331980196,8.0
-13327.799092772619,10.0
-4226.485652105521,10.0
-4804.748310744681,9.0
1194.0434589090614,12.0
-5720.66564614251,10.0
-3357.9227056011405,8.0
-13508.648013609103,9.0
-1349.949124080772,12.0
-5661.023288830345,9.0
-3564.0472339018597,10.0
-5505.914221874664,8.0
-2140.77813731048,10.0
-3790.6347991416933,9.0
-6906.446417577072,10.0
-4191.59070648288,10.0
-217.50414105855657,12.0
-324.4153535022249,10.0
-13033.596202381646,9.0
-2802.519107376115,10.0
-11595.110095012258,8.0
-7061.107339875247,9.0
-4335.72016988378,12.0
-9068.693718997742,12.0
-6376.66007604625,9.0
-5077.695211014554,9.0
-1851.369301939516,9.0
-5424.4691883584,9.0
-7440.315465169034,10.0
-466.8693287251152,10.0
-6076.861719903968,9.0
-15158.08268129647,10.0
-345.9548637861244,12.0
-4566.201747230991,10.0
-4279.348258360926,10.0
259.818097261558,10.0
-1072.0231667021515,10.0
-5737.331406914178,12.0
-6026.481655128593,10.0
-3107.4482519535068,12.0
-3074.1106843205566,8.0
-11671.155414348235,12.0
-5123.687208246411,9.0
-3733.63496940585,12.0
-5090.046314249408,10.0
-5203.400546725425,9.0
-3704.2742463124423,9.0
-6210.365746286256,10.0
-966.6440061212469,9.0
-9224.913670956226,10.0
-18670.561969752744,8.0
-13722.053139772592,9.0
-14444.355520263085,10.0
-8999.65545879015,9.0
-3843.336820733084,9.0
-17227.20553377229,10.0
-10321.073220665112,10.0
-6285.26855740175,12.0
-13660.553946703412,8.0
-3921.7643673284892,10.0
-12904.248237718628,9.0
-15071.090992090803,10.0
-6644.231587323618,10.0
-1951.4879162243396,10.0
-1958.8129126163522,10.0
-1954.431860891429,12.0
-956.7519150471438,10.0
-4764.917144147628,10.0
-3156.678973509528,10.0
-13636.844949685137,9.0
-5089.585021288243,10.0
-381.75481818053504,12.0
-16280.71806828749,10.0
-4190.076540213204,12.0
-4515.327060372217,12.0
-16278.173398129758,9.0
-6629.478277144476,10.0
-3943.0299898050603,9.0
-9866.98087712207,12.0
-5617.872243598027,8.0
-15395.508036094405,9.0
-5511.373599534315,8.0
-11911.48166490336,10.0
-16546.23974872805,9.0
-9389.747995401638,9.0
-2490.5231286882863,10.0
-5290.95325076227,10.0
-1789.832532866987,10.0
-8350.629791368505,10.0
-12565.851097279392,12.0
-3611.368895360154,10.0
-3160.4273083338785,9.0
-4092.3266513059525,10.0
-14305.763846117105,9.0
-329.22132879383275,10.0
-3641.7268438915253,10.0
-8604.512730170918,10.0
-1812.4775095178616,10.0
-18515.041897015977,10.0
-4339.65173636213,10.0
-14006.05656187819,10.0
-8249.955986238187,12.0
-3936.6379086953975,10.0
-3724.7312005067997,10.0
-4839.155920789715,10.0
-8941.267333289972,8.0
-10027.808965388951,10.0
-1116.7150087366201,12.0
-3096.2155559747735,12.0
-2746.0566670300395,12.0
-10720.364400572636,12.0
-4473.279735240896,10.0
-14705.375014209054,10.0
-9730.080563925556,10.0
-6880.833047391676,10.0
-2419.6823100288384,12.0
-5873.9574890492695,8.0
-5730.993447162773,12.0
-7084.483078169513,10.0
-1069.3471572078292,10.0
-2345.675361204915,10.0
-3319.6144811151657,10.0
-15521.48440904756,9.0
-16406.390510099984,8.0
-2767.2507136746462,12.0
-18705.528106170586,10.0
783.8205406733853,12.0
-2382.6443541126837,9.0
-4313.4433853111605,10.0
-1563.4847888858574,10.0
-2858.1618198331325,12.0
-6762.923043735171,10.0
-12463.632193904388,10.0
-7638.508927584453,10.0
-17188.782326051616,8.0
-11369.334139864824,12.0
-4119.110626717643,10.0
-18992.844319271117,9.0
-4578.749643905232,8.0
-2579.96198903777,10.0
-2965.953557012483,8.0
-3855.2505830849577,8.0
-14958.29205856573,8.0
-4054.2127688174496,12.0
-8067.13580148413,9.0
-1006.2162749109589,10.0
-3836.3663616426747,12.0
-5634.116962650967,10.0
-18348.01718697778,9.0
-9342.519633761462,12.0
-5079.603196041396,8.0
-9184.157053538038,12.0
-6495.098039064708,9.0
-11251.926781849654,9.0
-3260.026322308977,10.0
-12543.555167161436,9.0
-2844.3496622563966,9.0
-15563.392937498336,9.0
-4088.5696819064224,10.0
-13841.827821018851,10.0
-1109.3245971653341,12.0
-5299.953273290589,9.0
-3448.9450884103057,9.0
-945.2162192501019,12.0
-1258.2975223978383,12.0
-254.78076998738788,10.0
-11649.573455353051,10.0
-20649.850181952814,9.0
420.39327705958493,12.0
-3164.6208812525797,9.0
-8574.631855224217,12.0
-14767.521795574252,9.0
-5021.566986475802,8.0
-799.9948775184605,10.0
-5698.792051681788,9.0
-3565.114789417295,10.0
-1901.6343314241012,9.0
-16762.88744233713,10.0
-12868.90106118521,9.0
-635.8986662509295,10.0
-6140.4906402727775,9.0
-2127.5440853736654,12.0
-6572.773337574739,9.0
-5295.141076184427,10.0
-3377.5145524417076,9.0
-2407.924195593372,12.0
-6588.662780477194,8.0
-3455.426665905634,12.0
-371.26488676510735,10.0
-8556.520639013868,12.0
-2754.7909325634046,12.0
-2682.1624889750346,8.0
-11796.552501780558,12.0
-13969.842588507103,9.0
-3927.733335006027,9.0
-5255.988148959441,10.0
-2584.1351879408485,9.0
-6311.568973418749,10.0
-7912.399043235382,9.0
-17552.859763443717,10.0
-3418.994828319377,10.0
-6454.937226118989,9.0
-2172.3382869399557,10.0
-2416.042198883538,12.0
-19453.168489302567,8.0
-15638.424688628531,10.0
-14245.456100122716,8.0
-9626.084246129867,10.0
-5763.03907763655,10.0
-8674.384727513097,12.0
-3102.2337217859204,12.0
-11405.421282696272,8.0
-14384.035086786567,10.0
-6487.989134462951,10.0
-4102.771674107285,10.0
-15275.907712442808,9.0
-14077.53188084977,10.0
-5949.318314520016,10.0
-19805.34713905475,10.0
-17846.138204066796,10.0
-15233.524305527219,9.0
-4811.730053179519,12.0
-10359.605493926145,10.0
-17919.722050939527,10.0
-7937.676237930578,12.0
-6009.106275202472,10.0
-15472.750588417177,10.0
-5945.986877815684,12.0
-3360.8295278863925,9.0
-6956.90262835911,12.0
-2046.7535187907233,10.0
-5368.296531277281,10.0
-3437.7596246061926,10.0
-10732.58486714787,12.0
-11359.553572837627,12.0
-3825.9752090761976,9.0
-1336.984132399859,12.0
-5615.322207070289,12.0
-13205.616897701198,10.0
-5290.836014980232,9.0
-15153.633203338137,10.0
-3655.175989096482,12.0
-16169.361967732735,9.0
-15135.510108805789,10.0
-4771.949467961926,10.0
-3028.49186554453,10.0
-12971.791516916337,10.0
-3309.571277842748,10.0
-3918.672717957141,12.0
-11583.46980423159,10.0
-1922.5718819330837,9.0
-14188.265867126851,10.0
-2652.057164398164,12.0
-7379.305587682102,10.0
-6981.4435278078545,10.0
-1247.4708126816731,10.0
-2872.3175539031245,10.0
-3414.276141268537,10.0
-1695.503693065273,10.0
-5679.082997104733,8.0
-14698.484170428215,10.0
-13660.97192894674,10.0
-21740.211177806133,10.0
-7266.30183218813,10.0
-16573.189335640953,10.0
-15184.438251208678,10.0
-1924.4791151258273,10.0
-3799.1964429037325,12.0
-4820.368538620203,10.0
-4441.810448074274,10.0
-7166.968812804069,9.0
-1386.9502094847285,8.0
-8019.997209089301,9.0
-6678.8689579282745,12.0
-5086.248013597291,10.0
-12302.107758479102,10.0
-6190.457907944236,8.0
-1554.9492896951342,12.0
-19549.702743126127,10.0
-5213.834295295968,10.0
-12520.036304014451,10.0
-10279.804662293851,12.0
-6404.71208967454,8.0
-5811.9528774994415,9.0
-6622.333483545698,9.0
-19803.051719232488,9.0
-3486.0685416798005,10.0
-4205.009179847081,10.0
-6620.442156486022,10.0
-1496.87620306619,12.0
-428.1619432814498,10.0
-2973.522419416826,12.0
-8721.083702069336,10.0
-5757.828312046535,9.0
-4691.857219136406,10.0
-9513.222637004255,8.0
-9349.293195736622,10.0
-4058.4473319383533,10.0
-13327.397358745782,9.0
-2795.4446538236107,10.0
-5122.333873568321,10.0
-3119.002704632814,10.0
-4332.069156000227,9.0
-21262.861672225048,10.0
-984.8781735162906,12.0
-8493.509881976222,10.0
-6938.316765904692,9.0
-4883.7095847546,9.0
-5253.480508985378,9.0
-374.0206653624866,10.0
-6483.455364128824,10.0
-10549.22172831805,10.0
-6563.175372267879,8.0
-19789.52383785443,9.0
-3457.5589492878676,8.0
-14709.857492581239,10.0
-5772.762763671866,10.0
-4331.578456666606,8.0
-4248.588113030772,10.0
-11074.029993724704,10.0
-1601.9803741750657,12.0
-13849.02507245442,10.0
-5107.611310350421,9.0
-4087.3210545438837,12.0
544.8374280693383,12.0
-5372.222446589054,10.0
-3426.965964454421,12.0
-4715.491237914976,10.0
-10281.784853299785,9.0
-3650.6164803315983,8.0
-1340.6023296253918,9.0
-2297.381267799099,10.0
-5916.031685397796,10.0
-3677.0326745399543,12.0
-17085.34743070876,8.0
-4081.1446036816214,10.0
-21849.70478534106,9.0
-4670.244612803565,10.0
-7265.630455902802,9.0
-4136.103038934867,9.0
-4665.773283002163,10.0
-772.1119051960127,12.0
-1280.2304890467703,10.0
-11458.962607555373,10.0
-13999.491212898167,10.0
-5560.484453035747,8.0
-7241.466399271394,10.0
-7798.153064510587,9.0
-11983.928384394807,12.0
-4137.918357821405,10.0
-4020.2867639935157,12.0
-1283.0588670912439,10.0
-6500.485513826188,9.0
-13246.312250346666,10.0
-1681.4903384375143,10.0
-7000.425658280499,12.0
-12300.18658565263,10.0
-4765.791340128106,9.0
-1553.7581559798218,12.0
-3539.6048208689754,12.0
-2111.8377310044175,10.0
-4339.091480324526,9.0
-16565.223725541273,10.0
-20538.381279543974,10.0
883.7483588400612,12.0
14.915914707861248,10.0
-5621.0154831279015,10.0
-11649.463023053087,10.0
-11822.249357163855,8.0
-4922.013556863056,10.0
-5826.535394452257,8.0
-4136.539848117782,10.0
-6169.259721941997,9.0
-8121.707399347002,12.0
-4456.009565439326,10.0
-2659.835028649275,9.0
-2405.3079907805295,12.0
-8869.027991217246,12.0
-7089.700935000616,10.0
-10401.340893501718,10.0
-12897.961781745998,10.0
-9694.219732915035,10.0
-4039.24389345667,12.0
-2816.844450434426,9.0
-3234.0539972448278,10.0
-10816.225282454812,10.0
-12625.060229941739,8.0
-2756.765736514082,10.0
-1359.6645540776722,10.0
-1628.9007030021253,12.0
-6332.009762289664,9.0
-9751.881814556324,9.0
48.85369645740286,10.0
-10127.95061104236,12.0
-8445.012694981944,9.0
-7587.817802123413,9.0
-13974.630081638497,10.0
-2597.88370253436,10.0
-15365.274425858766,10.0
-6883.752579227993,9.0
-7761.238494949788,10.0
-631.692313560877,10.0
-11028.807836843349,10.0
-13783.506834892076,9.0
-4623.147904398413,9.0
-1338.1400950775942,12.0
-19475.509648308205,10.0
-17056.358472662305,9.0
-10733.13911804538,10.0
-5896.007202779368,10.0
-5399.587548628611,10.0
-4266.354456004786,10.0
-7954.646082404847,9.0
-8443.758019839372,9.0
-3837.071270274844,12.0
-4030.831766502032,8.0
-2430.3157017394333,8.0
-13518.117757402484,10.0
-12213.604558297702,9.0
-4391.027433239267,9.0
-4575.998005950418,10.0
-5366.221156967036,10.0
-3678.7075446221497,12.0
-3924.7438035623964,10.0
-4931.003454373579,8.0
-9220.054437709314,12.0
-3792.9022889509706,12.0
-5845.4885944787475,12.0
-9988.123389071108,10.0
-6120.419080086166,10.0
-2492.147378546942,10.0
-5359.094662809212,9.0
-7873.406227247571,10.0
-12085.789341286272,9.0
-4720.732880051517,9.0
-4844.2518182669155,12.0
-4065.819631496248,12.0
-1251.6426684427488,12.0
-8570.227330079691,10.0
-7117.01075498705,12.0
-4726.426192328449,8.0
-13671.981331848681,8.0
-4477.728361153353,10.0
-3332.822758933882,10.0
-4702.59680227924,10.0
-2003.6601352225093,10.0
1091.2949422362037,12.0
-2625.0861932320186,12.0
-12263.4380346309,10.0
-4491.243076782126,9.0
-6405.307816972598,9.0
-7856.061243691662,9.0
-5283.636581440462,12.0
-4802.153233682033,10.0
-3522.454602713893,10.0
-3933.0450216075888,10.0
-7547.33515175051,8.0
555.1755781047881,12.0
-4532.845145257406,10.0
-4040.1512889595706,12.0
-5684.008134161579,10.0
-5699.476262639462,10.0
-4161.568786821093,9.0
-4777.241074024503,10.0
-11333.637514157375,12.0
-6543.682607770092,12.0
-14791.404636144283,10.0
-1665.3389494445405,10.0
-8523.529979595034,10.0
-3154.752979913568,12.0
-14115.678812654718,10.0
-6016.9929613604045,9.0
-662.3568986093665,12.0
-10462.155138770057,10.0
-4443.363204641259,10.0
-13432.400037222576,10.0
-9532.078499136267,12.0
-4103.690640421821,9.0
-888.909473489209,10.0
-19404.018826338634,10.0
-15972.629623293822,8.0
-11413.417483091242,9.0
-10864.866245033856,10.0
-2535.9768506890514,10.0
-1697.2213538472108,10.0
-6206.141285221216,9.0
-14396.065247449096,8.0
-2032.4320393295939,10.0
-4969.508696436501,8.0
-8356.96273037898,9.0
-4996.602926741603,10.0
-578.7604530997287,12.0
-14885.260216434028,10.0
-1492.0454285858013,10.0
-2516.6227267366357,12.0
-5033.569071705767,10.0
-1166.2921870246776,9.0
-14156.042591236295,10.0
-7004.399432641389,9.0
-17280.06802603517,10.0
-822.3145143603233,10.0
-1955.8225783087958,9.0
-12963.157982234534,10.0
-4346.247573366289,10.0
-2090.052761323344,10.0
-3646.8299324379277,10.0
-9999.325015675886,12.0
-1632.7304164086436,12.0
-5673.645224892164,8.0
-10290.446772720388,9.0
-2798.35879708945,10.0
-5926.4759690909905,10.0
-6973.58898305894,10.0
-3140.8523713562663,10.0
-16991.34240928546,9.0
-10497.608213122898,10.0
-4820.33144049003,12.0
-4602.621469221491,9.0
-6099.418978294351,10.0
-7893.298453389425,12.0
-4353.237752585812,12.0
-10697.83513045519,10.0
-6113.474411604441,9.0
-2492.0148006760446,12.0
-17572.273580008576,10.0
-5460.610441240982,10.0
-10552.477727632555,12.0
-4021.7063065525244,10.0
-139.89604854649792,10.0
-3879.5712225063635,12.0
-3044.4114732760336,10.0
-2353.3079718678187,9.0
-3131.8236874293216,12.0
-18297.733893410943,8.0
-4449.178483139311,10.0
-5135.974412202855,9.0
-4973.246285467814,10.0
-3231.0272499606817,12.0
-11602.101457115565,12.0
-3565.201147440672,12.0
-4874.973616586467,10.0
-15430.94369184261,10.0
-4956.2494364133845,9.0
-3445.602520511674,10.0
-1302.6831166134898,12.0
-4465.611910611476,9.0
-2051.0865216109796,12.0
-6568.982278483998,9.0
-5354.586831687141,10.0
-6614.556959863194,9.0
-2917.27790795245,9.0
-3853.434545005505,8.0
-9837.629901037986,10.0
-11407.053438242392,10.0
-4279.663779653769,10.0
-2514.814438104769,9.0
-19166.433768360836,10.0
-9342.246234963042,12.0
-5760.423857729966,10.0
-3012.2296684418343,12.0
-1172.189977780135,12.0
-2482.0980120306435,10.0
-10438.513545019498,12.0
-75.60567663462905,10.0
-2070.738067394327,12.0
-8456.951867547392,12.0
-3038.61880017309,10.0
-21277.97765478909,10.0
-3363.9346461152118,10.0
-10869.752188952523,10.0
-11068.66661213968,12.0
-15569.877930510516,10.0
-6705.977246562124,9.0
-17378.52074089252,10.0
110.87773057963058,12.0
-3463.184670849597,10.0
-4892.713165464567,12.0
-5460.001959619009,10.0
-10146.849691062587,10.0
-4374.780262474956,10.0
-2358.4789073821157,8.0
-12172.048386294839,10.0
-18643.920336505387,10.0
-10901.667403892112,10.0
152.57805735744884,10.0
-6060.693445692532,9.0
-1047.563447636519,10.0
-6844.562701436535,10.0
-12893.28023928857,10.0
-5324.357144800408,10.0
-10786.709447060748,10.0
-6172.088630640166,9.0
-15725.19455589258,10.0
-3566.6086458658647,8.0
-14207.322081006181,10.0
-21564.10146555053,10.0
-5508.9438241152175,9.0
-17462.341657023062,9.0
-1437.0576193251213,9.0
-7845.967454401003,10.0
-5233.374363109484,10.0
-3355.732464424496,9.0
-5241.463293698795,9.0
-3616.273349871035,12.0
-4252.733679313352,10.0
-11439.03682688728,10.0
-7179.766553775974,12.0
-4527.67732225472,10.0
-16928.21294809617,10.0
-17754.56697525686,10.0
-4211.564652319251,8.0
-5402.686888711049,10.0
-13753.231357180211,10.0
-9615.015917020419,12.0
-3424.5758983504334,10.0
-1566.5772360041715,8.0
-12433.197264142056,9.0
-6756.402007267676,12.0
-5906.4466622710615,9.0
-3038.508758340067,8.0
-6754.718697053434,10.0
-10578.575880987648,10.0
-16085.803087496524,9.0
-12229.037699829441,10.0
-7730.000557769363,10.0
-1273.837824102373,10.0
-14560.986386783561,9.0
-3849.532438586057,10.0
-3365.298108049268,12.0
-8760.051663455786,10.0
-16113.830647278975,9.0
-7694.550431730891,10.0
-20140.383586779004,8.0
-3929.8128763725254,12.0
-3241.1815988857707,8.0
-16083.535248914635,9.0
-5743.426507178138,9.0
-8276.630851937998,10.0
-617.642111228993,12.0
-2797.2652091416267,10.0
-2469.417637119437,10.0
-4866.978714829693,9.0
-11928.698014783016,9.0
-3721.1288921163987,8.0
-16580.865504014495,8.0
-1771.1544699914339,12.0
-7452.287645331953,10.0
-3740.075880384482,10.0
-1591.8792332010416,12.0
-16550.665110468508,10.0
-2241.6297551912935,10.0
-14113.937874370418,12.0
-4386.509573217294,10.0
-4747.391286278648,8.0
-3976.985067426014,10.0
-4548.358720179343,9.0
-19483.96092402521,8.0
-4725.177015467844,10.0
727.9915000374771,12.0
-6975.688414796919,8.0
-8135.431004468983,10.0
-8851.680244735238,10.0
-4512.361683298563,10.0
-4255.870334558594,9.0
-2260.2674132574803,10.0
-2930.3106130171345,12.0
-15804.606817144446,9.0
-10029.658657647564,10.0
-2398.2627946852126,12.0
-21056.92855360068,10.0
-4121.14525198029,12.0
-7800.037736691866,9.0
-7547.321160355633,9.0
-9085.536383042867,10.0
-2044.6961447200722,10.0
-4647.4538815888245,10.0
-7645.033973328971,12.0
-8384.699418305254,12.0
-11747.490326515108,10.0
-3625.0710763700185,9.0
-2755.1216434464304,10.0
-9152.988646973274,12.0
-16746.988099367332,9.0
-5283.453196461786,9.0
-6366.228705518471,12.0
-4400.930541651187,8.0
-5197.951426353604,10.0
-14737.054971263271,9.0
-2587.6359402661974,10.0
-3734.3611087055906,8.0
-15344.199084255808,10.0
-6731.801642416266,8.0
-20884.17975539137,8.0
-2237.032795326393,10.0
-4513.151384154975,10.0
-9384.005954228918,12.0
-13703.867719031221,8.0
-2333.7592899473966,9.0
-396.5228196500277,10.0
-13741.866675931442,10.0
-3475.7465924097432,12.0
-3720.493299291411,9.0
-14391.041754853177,10.0
-3553.690829050483,10.0
-4533.315145295567,9.0
-2361.323816282207,12.0
-3470.0579705436885,12.0
-10221.87382782955,9.0
-3718.2296163324863,12.0
-4551.303031267356,12.0
-5023.723982776378,8.0
-21327.723932875495,10.0
-3563.5916670387214,12.0
-13568.342270632884,9.0
-23141.59524501301,9.0
-22683.15848682648,9.0
-6380.753550492127,10.0
-8202.361360393179,10.0
-13121.486856932312,9.0
-8402.764673543179,9.0
-3324.4959273816075,12.0
-1627.0584148301477,12.0
-5741.445227869892,12.0
-1215.9340972148157,10.0
-14306.183454345013,10.0
-1545.3847000346964,10.0
-11876.529012509873,12.0
425.59133794596164,10.0
-21309.683413999483,9.0
-10825.45959086201,9.0
-4281.553184861896,12.0
-4777.808660332757,10.0
-2328.5931819176017,10.0
-4573.117768564319,8.0
-2589.2184537593866,10.0
-10113.515286234035,12.0
-4844.991254541875,9.0
-4414.55630878124,9.0
-758.1027110610829,12.0
-3968.8918849563097,10.0
-4957.564087358392,10.0
-4716.541086265281,9.0
-16163.033893010372,10.0
-5221.438776315563,10.0
-12983.67397633409,9.0
-16639.928319197366,9.0
-11560.074214597304,10.0
-547.1686123571616,10.0
-2397.5920811231135,12.0
-2386.072479812846,12.0
-4605.255399368651,10.0
-1324.9671069691844,10.0
-4027.796508110083,10.0
-7562.425171410513,9.0
-12457.39881184333,10.0
-6611.437641827036,9.0
-12628.214245264046,8.0
-3035.830202315685,12.0
-996.3076235295669,10.0
-21105.99970501667,9.0
-8878.448969374635,12.0
-11458.080194023305,9.0
-1187.726134437943,12.0
-664.6696647312032,10.0
-12020.28313371526,10.0
-14698.662140164994,8.0
-9683.95646813676,12.0
-8647.576833473178,10.0
-2144.961095516715,10.0
-7708.387404953421,10.0
-12633.790457707531,9.0
-2707.315900186833,10.0
-5026.94031267644,10.0
-4382.293287389603,9.0
-4380.500432422289,10.0
-6694.174110133309,9.0
-13507.849486647192,9.0
-16352.412404706707,9.0
-6204.903201880834,10.0
-4467.883792304614,10.0
-1599.644415322046,8.0
-14965.183430141587,10.0
-5198.790883776683,10.0
-4460.371198072249,12.0
-3479.470476904833,10.0
-6516.374436538703,12.0
-4624.235811103192,9.0
-7258.837219725532,10.0
-1119.8907379951042,12.0
-9754.564543029112,10.0
-825.6155548859613,10.0
-7883.201890184848,9.0
-8433.153572092686,12.0
-22477.634530474177,9.0
-390.79162636054866,10.0
-17252.763386412942,9.0
-21180.765885968736,10.0
-10854.947264954299,10.0
-5425.023112715528,9.0
-1413.4525562758063,12.0
-3489.0216051950647,8.0
-5235.0688854913615,10.0
-13049.292937374743,9.0
-7981.356789283946,9.0
-16206.832113204266,8.0
-9022.127678682826,12.0
-2466.0980889691327,12.0
-17366.966911170974,9.0
-1626.5860334536626,10.0
-2571.103324884276,12.0
-3296.6499061749378,8.0
-10051.66564005331,10.0
-5112.404473040266,10.0
-13322.278076807956,9.0
-3867.8652817529296,9.0
-13264.607969462471,8.0
-9755.050502251144,12.0
-4025.1211273402178,10.0
-6727.337670728737,9.0
-8548.000055832355,9.0
-9587.09259812642,12.0
-13184.876471660504,10.0
-5582.850071896095,10.0
-3976.279646368659,12.0
-6726.306641496783,12.0
-12672.813782413912,12.0
-5472.361592216967,10.0
-12218.7298517954,10.0
-6387.178889579963,9.0
-13673.473918438733,10.0
-8649.653420546234,12.0
-11816.81690684375,10.0
-15485.919025431725,10.0
-4401.272613135865,12.0
-4093.7066658980493,12.0
-8106.459205199129,12.0
-12730.577571665812,9.0
-4943.360125863955,9.0
-3194.531855126351,8.0
-2588.829724749069,9.0
-15002.019802133436,8.0
-14189.805310698077,9.0
-9650.524085546713,12.0
-7677.137584417356,9.0
-10106.27456299433,10.0
-4666.718397913499,9.0
-5546.790153057015,8.0
-4320.657908023233,12.0
-6732.516046065252,8.0
-3359.646456395215,8.0
-12318.5438830361,9.0
-3865.9116863509407,12.0
-4628.332774522076,9.0
-5006.799535029566,10.0
-4173.047203143017,10.0
-5476.395733829864,9.0
-6388.142468920134,9.0
-2293.643821270931,12.0
-5930.210375635671,9.0
-1317.0055263275294,10.0
-4117.354231137303,9.0
-13392.044952435894,10.0
-20862.489337409446,10.0
-3867.812001480961,12.0
-4085.875306685275,12.0
-5166.199947635886,9.0
-10372.900568641751,12.0
-8342.552842001458,12.0
-3290.5878480197653,9.0
-13843.185517874323,10.0
-17854.489128989106,9.0
-14206.159627567571,9.0
-3117.6491269278104,12.0
-7555.635856014105,10.0
-10659.014014289376,8.0
-11415.300959877972,10.0
-3087.020490551924,12.0
-7682.265649675468,10.0
-3274.1938755315514,10.0
-842.8805930428312,12.0
754.3376481395792,12.0
-4697.574526809156,12.0
-2534.4660067532404,12.0
-5927.290010106342,10.0
-12599.579057614585,9.0
-14432.580936560891,10.0
-2127.782752315578,10.0
-2294.3409037671768,9.0
-14642.928959698587,9.0
-6347.809844589731,10.0
-4801.691645496093,10.0
-8959.900455678799,10.0
-4154.697600534815,10.0
-4131.496288663038,9.0
-5461.00497471863,10.0
-2609.408850370235,10.0
-17671.646183723933,10.0
-5479.119527715882,10.0
-2957.2426913385452,10.0
-5973.472113035476,10.0
-10806.597268418918,10.0
-12357.594699542831,9.0
-4029.6739572963934,9.0
-12336.343791319629,12.0
-3286.5260992497356,10.0
-7741.461672994982,10.0
-4479.419080430334,10.0
-6958.277760502318,8.0
-11411.974906875326,10.0
-3581.079443972996,12.0
-1804.7709585447983,10.0
-3967.8763293694096,9.0
-861.9463635281796,10.0
-18722.682220456976,10.0
-13356.79023226019,9.0
-17994.666804687087,10.0
-2023.194530241176,12.0
-1907.325547716875,12.0
-5613.084138717765,8.0
-11982.936973058002,10.0
-15610.672021251527,8.0
-3833.6123462078376,9.0
-4673.837413872374,10.0
-3706.8994391391707,10.0
-20425.75569731165,10.0
-14374.999180158542,9.0
-5995.601739899729,12.0
-13244.153946209586,10.0
-3690.196916527387,8.0
-1234.3848354645065,10.0
-9856.85811874074,12.0
-8963.329526930991,12.0
-5363.853688070257,8.0
-4169.108559744465,10.0
-12656.770439538586,8.0
-7014.93762897608,10.0
-3447.3008415928475,9.0
-6349.681060971068,10.0
-6352.9642482863665,10.0
-4223.964288178138,10.0
-3896.4894828446977,12.0
-3759.778076277158,12.0
-17673.838012631808,9.0
-4593.576423807428,12.0
-2627.4057167918954,10.0
-5251.871343318175,10.0
-5534.40934012958,8.0
-9182.743051846082,9.0
-13579.340183979617,10.0
-4353.386373049554,12.0
-450.4096629682505,10.0
-398.2069054414421,12.0
-2088.4357320137347,10.0
-8166.666542749268,10.0
-7048.675828584894,10.0
-15054.834397982693,9.0
-6371.02386798491,9.0
-21913.345052917106,10.0
-9755.57366814143,10.0
-14435.527625244995,10.0
-659.7149191834482,10.0
-6347.436115065342,8.0
-14489.36245015484,8.0
-5555.192462240546,10.0
-2441.417652149809,10.0
-5357.756199577601,10.0
-7806.494246206557,10.0
-4001.497010234424,9.0
-4900.795613058082,12.0
-12798.90643974239,12.0
-4777.974705661554,9.0
-3359.9145432481423,10.0
-7525.004852411465,12.0
-11283.27879994531,10.0
-4480.413165581287,8.0
-2843.629445629982,9.0
-6135.251505425733,12.0
-12115.049022125846,10.0
-4539.96126300508,12.0
-2025.3953339847549,12.0
-2341.0353830408762,10.0
-7145.211211773063,12.0
-14795.078501797692,8.0
-259.6468514802219,12.0
-3824.217392682782,12.0
-2779.6435583401408,10.0
-3586.2002206554257,9.0
-5829.914592845525,10.0
-8007.460744163623,9.0
-3744.6623325331266,9.0
-4465.603530061688,9.0
-15200.143676626569,8.0
-3600.2865320041783,9.0
-6699.105983000405,10.0
-14766.619862447957,8.0
-266.661075838133,10.0
-11739.753891985414,12.0
-2345.62640213503,10.0
-426.96644295434044,10.0
-4520.209263380981,9.0
-8573.86560109691,9.0
-8554.83958223079,12.0
-16444.915664501677,10.0
400.7348839723195,12.0
-5888.203202563759,10.0
-9353.589084203692,12.0
-10645.394541280466,9.0
-26.03223293469125,10.0
-4699.6462649412415,9.0
-4490.565950617247,12.0
-10578.150921552038,9.0
-2618.9334865010587,10.0
-6450.474413087546,12.0
-11424.732433603978,10.0
-10214.210827557294,12.0
-14588.573400970205,9.0
-5014.256537826212,10.0
-15655.574213403754,8.0
-4703.8901450213425,10.0
-8063.264859799853,10.0
-2040.4968467716935,12.0
-2561.002050610099,10.0
-12969.643373862287,12.0
-5284.1913390443515,10.0
-7964.222879885445,10.0
-1762.1964524954597,10.0
-14939.683191395465,8.0
-12510.523362383245,9.0
-10908.328757734247,10.0
-7208.687504817306,10.0
-5830.590834551315,9.0
-14165.53017853594,12.0
-22121.478669520875,10.0
-10921.90365035384,10.0
-18168.699607390558,9.0
-5343.45182213328,10.0
-3324.111956094204,10.0
-5651.469342936913,10.0
-17736.33932689027,10.0
-13831.254885307826,10.0
-11983.08173082869,12.0
-16228.709997131025,9.0
-5759.510221944309,10.0
-3147.3096113221536,9.0
-3825.6173745790356,8.0
-10156.207988901178,10.0
-4337.7882826676,10.0
-3572.7719462984915,9.0
-3452.4616143936328,12.0
-10473.627575138298,9.0
-8393.02453347335,9.0
-4470.247404367326,9.0
-11705.012544722,9.0
-10565.310085137302,10.0
-2170.367439962697,9.0
-7156.370726752268,9.0
-14999.689947710443,9.0
-17941.168266195225,10.0
-1121.6995929378882,12.0
-165.3797272149211,12.0
-2240.5500399835105,10.0
-5642.3530010186205,10.0
-2384.921019406077,10.0
-6049.931803686071,9.0
-15359.068127180884,8.0
-5419.049221562829,12.0
-4619.324218003163,12.0
-7712.684811686636,12.0
-14827.3106188178,9.0
-4319.945664465184,10.0
-1846.4795876614983,10.0
-9228.318736025016,12.0
-18252.970874611496,10.0
-12951.691295315184,10.0
-10992.67070376762,10.0
-3959.925587892285,12.0
-3045.4474714874814,12.0
-14752.281049910966,10.0
-6259.79897230465,10.0
-4325.233913834593,8.0
-5256.286326502668,8.0
-4175.087306084767,9.0
-4089.054092319142,10.0
-3889.7665149012373,10.0
-4349.1749499867765,10.0
-21875.09428372984,10.0
-17259.141486695607,10.0
-8249.103634125155,12.0
-1957.851056940156,10.0
-3316.664477738137,10.0
-15993.28486985817,9.0
-14942.429386588688,8.0
-4404.312701015093,8.0
-3469.2315691513413,12.0
-2770.0913559200453,12.0
-1777.0626788271813,10.0
-13290.263674655815,10.0
-6463.664120728444,9.0
-10081.849892951956,12.0
-10336.567263664321,10.0
-7289.926545542007,8.0
-15163.63794765044,10.0
-7183.461337668283,9.0
-6091.852034946184,10.0
-13720.579783989204,9.0
-17276.747041669092,10.0
-14785.393820533132,10.0
-2409.0135805156206,12.0
-222.74154374941213,10.0
-5907.118969111145,9.0
-11597.606282275328,8.0
-6560.270394936654,9.0
-9307.225335676045,8.0
-1964.573640772478,9.0
-2710.098477358976,12.0
-20709.499767973197,9.0
-5019.093647111253,9.0
331.3211377184986,12.0
-14286.995685382391,9.0
-3990.474036946809,9.0
-7216.2652513908415,10.0
-5687.7243330966885,9.0
-4599.507831745766,10.0
-3916.4028987709426,12.0
-9535.054209441652,10.0
-9895.834516062332,12.0
-9900.735534736115,12.0
-5264.424746209192,10.0
-5029.393021580856,9.0
-15174.890667702324,10.0
-6694.559943848226,12.0
-3439.8993973023235,10.0
-14422.957679394493,8.0
-19775.590798731893,10.0
-1224.5719511131147,10.0
-16244.812120925199,10.0
-8129.198834106699,12.0
-6289.729276307324,8.0
-10848.66744399484,12.0
-2417.77111871998,12.0
-1068.2698409258655,12.0
-4816.760484895817,9.0
-3121.471622936738,10.0
-7637.951438708647,12.0
-3152.0609880439542,9.0
-9049.669883708955,10.0
-3791.878121168182,10.0
-3788.9208051321466,8.0
-12070.299735554816,12.0
-5287.908643722715,9.0
-1152.7948309098647,10.0
-1616.0696509468112,10.0
-14532.114561366036,10.0
-2697.339686471065,10.0
-8079.411027758352,9.0
-6428.80464643252,10.0
-6261.484749788965,10.0
-1257.529450334342,12.0
-2709.934802455713,10.0
-8644.779178044271,10.0
-6499.740325625119,10.0
-5473.545332413104,8.0
-8299.14199273792,9.0
-3920.7766462794134,12.0
-3970.6869124427503,12.0
-3064.7485429849285,10.0
-2670.1313440586,8.0
-4137.812815369464,9.0
-3595.6545621760124,12.0
-13693.617012344483,9.0
-6112.171785279323,9.0
-1550.2405356406607,12.0
-4166.90569592439,12.0
-2108.1045258174827,12.0
-2112.885822457378,8.0
-2079.542512674774,8.0
-4887.229347861361,10.0
-4411.129859724572,9.0
-6164.218655656543,10.0
-1650.690809400433,12.0
-6552.370861749972,10.0
-12696.143766291796,8.0
-7996.704861979346,10.0
-1572.2915748627804,10.0
-4356.968336300688,12.0
-2778.4204925767153,10.0
-6120.645317048846,10.0
-2181.298955865336,10.0
-4259.990523446371,12.0
-2772.567222732954,12.0
-15574.373786735705,10.0
-14532.524064289244,8.0
-10112.40096846823,10.0
-9180.872465358647,12.0
-6706.04370258032,10.0
-2735.407002768765,9.0
-9541.330681593681,12.0
-2036.1946643500032,10.0
-10306.083483422875,12.0
-3955.946649848747,9.0
-13826.250079577803,10.0
-6320.2559009083725,10.0
-7936.57892927426,12.0
-2691.626527438875,10.0
-1269.169065852246,10.0
-12522.589425821414,9.0
-14240.183276472679,10.0
-3409.5341188966795,12.0
-11748.536470728726,10.0
-10532.717151656048,9.0
-4903.8627317839155,10.0
-11546.154078719841,10.0
-3806.232527676497,9.0
-15027.97050414647,8.0
-9236.307797400106,10.0
-5897.58841999399,10.0
-21058.318818845466,9.0
-9362.689715285043,10.0
-3466.5284235418767,8.0
-8225.461451655958,10.0
-10706.638583738448,10.0
-1036.083101226049,10.0
-4771.132769606349,10.0
-16989.691805501036,9.0
-2415.6725368514653,10.0
-1285.718228786635,10.0
-8777.628487379447,12.0
-15442.324199331524,9.0
-9699.561931777193,8.0
-5846.2466385084135,10.0
-9041.979167552347,12.0
-7106.726658435077,10.0
-496.01849462251135,10.0
-13558.920122310865,8.0
-13819.799402844666,8.0
-3158.9764164108,12.0
-12017.167743707098,10.0
-1352.3387271393394,10.0
-2193.3230470628732,12.0
-6618.064972415843,10.0
-4304.283386848176,10.0
-5840.275832619768,9.0
-2485.0038685138843,10.0
-13808.579791305438,9.0
-10275.942022866368,10.0
-5398.397300479932,10.0
-6563.4027589710695,8.0
-9036.69035340981,12.0
-1666.854424457145,12.0
-6936.008117039342,9.0
148.0934273305263,12.0
-5983.213680265767,9.0
-1526.7789219104043,9.0
-5186.719959354938,8.0
-7805.155334331665,12.0
-15573.681730006501,9.0
-2406.3589161568943,10.0
-522.5907883369446,10.0
-6931.812487341109,9.0
-15217.536016124595,10.0
-3273.0598149830057,12.0
-10103.658698596882,10.0
-2130.7381508081016,12.0
-6504.1594569773315,9.0
-19695.038212082567,9.0
-5618.350379434569,8.0
-16583.052158973973,9.0
-2263.217514731945,9.0
-2535.216421890491,12.0
-4871.910836944231,10.0
-1848.3623780357693,10.0
-6645.077645246969,9.0
-5399.139291774022,10.0
-7478.858010039392,9.0
-6050.724716255273,10.0
-12043.636262544223,10.0
-610.447697169448,10.0
-4536.733954726456,8.0
-5085.20982854963,12.0
-19110.539533651834,10.0
-15114.479204369713,9.0
-5572.4864586475915,8.0
-3303.4221459200635,12.0
-5783.578436807673,10.0
-6671.95084871668,10.0
-11098.113940576744,9.0
-13726.308625077741,9.0
-5584.874649263871,9.0
-2990.379054211976,8.0
-5455.518161691532,10.0
-9708.12603648301,8.0
-11670.72920258436,8.0
-6670.472871630641,8.0
-9249.75935065135,10.0
-5878.431368329628,10.0
-10725.386558157265,9.0
-2547.6450696491756,10.0
-4239.690067059723,10.0
-4565.370512119171,9.0
-2507.5280786102066,12.0
-2328.7515322540526,10.0
-5125.170913215014,10.0
-2063.746347267417,12.0
-1096.00629753906,12.0
-3027.614556400147,12.0
-17121.934853187606,9.0
-4142.396114584179,10.0
-5297.62600279008,9.0
-4884.42104266637,9.0
-3362.8686790525735,9.0
-3527.330952323554,9.0
-4944.22322110904,9.0
-8253.15364347877,10.0
-4957.9342521125,10.0
-4563.4489835039,12.0
365.8480723635098,12.0
-9627.382712065766,10.0
-7119.041672922723,10.0
-4154.250669345112,10.0
-4884.710128092658,10.0
-11237.068094483337,10.0
-2713.1437707077475,10.0
-675.6665549018468,10.0
-8346.451299038663,9.0
-3758.3652842965394,9.0
-3012.7771141875896,10.0
-5201.55305854455,8.0
-1987.2205112050503,9.0
-5047.123936085933,9.0
-2647.599175826425,12.0
-6010.892297181029,10.0
-5946.612642285854,10.0
-14640.006042253024,9.0
-13815.486206730786,8.0
-11196.313076103486,12.0
-1892.2107418435571,12.0
-8596.666833385812,12.0
-13674.430147204856,10.0
-17522.27405923376,9.0
-2558.708302082916,10.0
-6716.29363456538,10.0
-6223.955162073994,9.0
-3487.8226158579364,12.0
-14607.025003722116,10.0
-1186.9541683660805,10.0
-10805.767810819276,12.0
-14229.85750402751,9.0
-10943.06569221664,10.0
-4746.904687225755,12.0
274.677418299796,12.0
-13291.125120529749,10.0
-4477.972376372615,9.0
-16089.262164812717,8.0
-3100.5999182922196,10.0
-6014.528015890097,10.0
-2081.3483121341546,10.0
-6494.6856911385385,8.0
-11224.730811152782,10.0
-4027.4708079702436,9.0
-14522.937733988225,9.0
-2983.2357549990993,9.0
-5800.377508051011,10.0
-14765.29206257436,9.0
-6181.536939426578,10.0
-2635.232110059267,12.0
-4544.828768647784,9.0
-6353.8610318357705,10.0
-1648.9079010993087,10.0
-14564.712060918999,9.0
-10106.41217107722,10.0
-16093.40570074854,10.0
-278.08476634494843,10.0
-8697.811154780198,12.0
-19217.948302116623,10.0
-9917.412859212885,10.0
-12520.897827659053,9.0
-2871.2386314701525,12.0
-16800.46607331642,10.0
-3368.3353697998373,12.0
-4987.740739379355,10.0
-5914.983215770761,10.0
-2592.899661095629,12.0
-16459.418905818096,10.0
-16695.211426408285,9.0
-13740.667882307229,9.0
-6286.675926678907,9.0
-15462.158164947497,10.0
-4735.272327463923,9.0
-13616.031977340313,10.0
-3390.2657005084,12.0
-14509.526095311432,8.0
-7857.191698080595,10.0
-8905.522337808361,9.0
-3862.7250599548915,10.0
-690.1778653136316,10.0
-8261.932366179572,10.0
-4385.579860413864,8.0
-8481.844630934107,9.0
-15543.596775181195,8.0
-5620.231129182544,9.0
-4178.879043997188,10.0
-5402.078468311494,8.0
-17164.14344741159,10.0
-928.0787637041878,10.0
-18680.960598986494,10.0
-3126.782185003385,12.0
-4094.3012580558875,9.0
-2438.5729243859787,8.0
-12464.874565865839,10.0
-16037.135403283328,8.0
-18238.30999526586,8.0
-6662.118324257306,12.0
472.3358533234843,12.0
345.6216160750589,12.0
-2334.5070845545824,10.0
-5150.888839145404,10.0
-13799.450543792827,12.0
-6174.62337143313,10.0
-1934.67808252151,12.0
-1840.1402709930521,9.0
-2398.7204487218473,10.0
-6598.142623966672,12.0
-4009.742771991354,12.0
-16682.878228496476,9.0
-8736.258265790195,10.0
-3924.175130622497,8.0
-10734.051225828469,12.0
-6925.846946631178,10.0
-7020.243150185704,10.0
-11569.2250754716,9.0
-4258.33694068923,8.0
-14446.75302135272,9.0
-6865.902383096782,9.0
-4741.7517387467715,9.0
-9893.905258413626,12.0
-11807.465758747161,8.0
-4694.504740818598,12.0
-13860.686359396559,8.0
-3091.3492953322293,10.0
-19407.086158260474,9.0
-2410.9070624169417,12.0
-4657.19950929417,9.0
-5202.818920532839,9.0
-2067.813070845261,12.0
-3251.1181962869778,12.0
-10214.772933891083,12.0
-5513.47696341625,9.0
-21160.947595715123,10.0
-4569.303101243286,10.0
-12937.193201497645,10.0
-13067.767187110905,10.0
-2275.9320288968183,9.0
-12134.856279175612,9.0
-6430.083838807386,9.0
-5024.347432977423,8.0
-5357.883640145872,10.0
-14489.074939458469,10.0
-4298.613642420116,9.0
-7548.648617341284,10.0
-2411.603477411149,9.0
-9600.321312895847,10.0
-555.8828628982999,10.0
-10195.54226784927,12.0
-1148.7157186597578,12.0
-11718.244110317777,12.0
-5892.681274541947,10.0
-3159.035855673721,12.0
-1751.808869251292,10.0
-14193.708567088273,9.0
-404.4870568086899,12.0
-11742.488339004598,10.0
-5881.630399346828,10.0
-12180.579641292697,10.0
-536.9362103508895,10.0
-3442.1904670571057,12.0
-7844.9801106874775,8.0
-5198.832375801821,9.0
-8663.767338522612,12.0
-4981.931730344418,8.0
-1148.5483261860147,9.0
-3325.2095094030374,12.0
-5902.062608513038,10.0
-16177.091693922288,10.0
-7519.614909214412,9.0
-556.5006934991188,12.0
-502.1132889324456,10.0
-832.8669323597096,12.0
-803.0983859162379,10.0
-6019.253974394493,8.0
-13551.490419301335,9.0
-5500.502572842324,10.0
-13806.984967583532,10.0
-12211.104086067404,10.0
-2231.611684375832,12.0
-19386.204384970133,10.0
-17010.185955027173,10.0
-6148.911821069386,9.0
-1054.0891395394665,12.0
-5048.934768514678,12.0
785.1335286409288,10.0
-8657.448372004357,8.0
-3683.31145418231,9.0
-5387.808777099523,12.0
-18501.627354358832,8.0
-8623.227805993398,10.0
-22145.020420318942,10.0
-1598.632564380849,10.0
-3102.081324368286,10.0
-7039.304495392644,10.0
-9831.833507663154,12.0
-20976.008067299197,10.0
-19693.46331476747,10.0
-10404.19076796824,9.0
-14764.676652045948,10.0
-10467.251484857949,10.0
-15201.191261677857,9.0
-1177.9462121313961,10.0
-16260.942832224715,9.0
-1980.8578209797497,12.0
-9535.964416199002,10.0
-5042.727981268075,8.0
-12248.190463503648,10.0
-1769.6951995626523,12.0
-4936.104325880917,8.0
-2976.3769308420724,9.0
-16182.598340632365,9.0
-15531.459970847782,10.0
-16245.48708236116,9.0
-1877.3633152946459,12.0
-6122.207271352547,10.0
-12785.321249138417,10.0
-12885.10028796029,10.0
-14034.294173018814,10.0
-9932.48012280573,12.0
-3948.573725673653,8.0
-3634.114316724874,12.0
-12287.344805987404,8.0
-1708.6779421014035,10.0
-3671.3202733647213,12.0
-16949.866332791855,10.0
-10403.105992638044,9.0
-4323.101115311794,12.0
-4504.9642367962915,12.0
-3018.4783630622333,12.0
-3698.7518125174392,12.0
-816.5476910608546,10.0
-21769.191396688017,10.0
-11324.08890951542,9.0
-6401.482780364991,10.0
-4752.38850626986,8.0
-4126.334936248364,9.0
-10628.260960609432,10.0
-7171.7452618468415,10.0
-12146.348963870136,12.0
-10747.389091558198,10.0
-7521.124242711461,9.0
-8501.421397128128,12.0
-17050.116457490774,10.0
-5140.694081190669,8.0
-8618.673045810121,12.0
-15035.647590064265,9.0
-6333.332041881432,10.0
-3116.3179932125545,10.0
-3012.235524184305,12.0
-2446.7954755765813,10.0
-6019.723937528811,9.0
-6961.607885598831,12.0
-4768.01079606388,9.0
-3535.3967039300924,10.0
-15326.183152139649,9.0
-657.7451655403177,12.0
-9367.038798330732,9.0
-14893.887667154897,10.0
-4733.826482278972,10.0
-5461.704272678652,9.0
-18251.32926472604,10.0
-18906.95609758905,10.0
-2634.1253398391373,12.0
-6653.027314377929,12.0
-13488.268860463366,9.0
-4250.5456134920005,10.0
-5007.615114845649,12.0
-1287.6041199756428,10.0
-4514.517508549525,12.0
-3571.089184913337,10.0
-2448.3292691821534,12.0
-6065.6277993309,9.0
-3651.334230716143,9.0
-8799.96466501931,12.0
-16304.195988854284,9.0
-121.72854196432695,10.0
-5618.739763971915,10.0
-8854.136314929377,10.0
-557.9526696239868,10.0
-2297.7420145037286,12.0
-17339.549787912754,10.0
-13352.824113785047,12.0
-3448.903742245411,10.0
-1907.1285054987366,9.0
-13244.649515837507,8.0
-7800.505517260171,12.0
-5028.323372908599,9.0
-6481.8780047604,12.0
-4352.590748586853,9.0
-18665.00347379223,10.0
-10244.750443134664,9.0
-5128.580366361115,10.0
-14010.83803110088,10.0
-4418.263491939748,8.0
-14490.08777798789,10.0
-6122.166529895598,12.0
