sal_6_lc2vs0_iate,unem_x0
-24175.49952887165,23.0
-37644.306245692795,16.0
-41774.24885514538,4.0
-33907.70380927214,8.0
-42734.5016392938,22.0
-28256.048735470617,20.0
-33525.43909255674,2.0
-38386.15852157819,20.0
-28922.21267130518,22.0
-42930.72263612295,13.0
-49889.004325146045,11.0
-49697.368101668486,21.0
-48631.796164722735,7.0
-38963.88178028837,15.0
-30453.21102662303,23.0
-45703.173919374734,14.0
-27526.60382064696,7.0
-48369.575924528755,19.0
-30994.778630340537,14.0
-48887.46672207018,12.0
-45485.61834542888,22.0
-29956.69873805999,24.0
-35958.05474157458,16.0
-47727.25408362624,22.0
-45547.68203741657,13.0
-49336.16062015627,23.0
-44006.96607443006,2.0
-28746.232083108003,23.0
-26725.36900565235,21.0
-49844.62249313057,2.0
-34993.810378004586,3.0
-46933.609250371825,12.0
-38238.125144517304,23.0
-43118.61631691102,10.0
-34715.69681904313,23.0
-43306.85870293627,9.0
-42932.2512256228,2.0
-43760.05935382309,5.0
-36456.043569335125,7.0
-43460.075069463026,23.0
-32804.577091062376,7.0
-50095.18654631158,10.0
-40227.790643008484,19.0
-47496.92463854348,12.0
-50793.36457817828,19.0
-39838.19784385135,3.0
-48736.61675234159,12.0
-30380.601656884406,4.0
-25765.44589624832,16.0
-44451.463547010135,10.0
-27071.744359408982,13.0
-52616.62268830852,21.0
-32766.281007559654,18.0
-43637.05108317953,2.0
-37385.713047278834,3.0
-34893.187587386914,20.0
-54168.18276761321,24.0
-32226.48807958664,20.0
-37546.74613259119,1.0
-42173.35564754839,21.0
-32231.02645220509,13.0
-27745.505019970893,19.0
-44816.62856405995,14.0
-28552.125681694317,17.0
-34321.14290346238,1.0
-46466.44725565085,22.0
-26610.308041934426,8.0
-28978.79579667786,8.0
-30801.312837164387,4.0
-35727.48637397886,10.0
-30472.448577481337,6.0
-52496.91604240361,23.0
-44413.07534561348,1.0
-30634.99313903517,18.0
-45868.11240390013,14.0
-47756.72323454429,8.0
-37086.55974600767,19.0
-31441.53900879953,16.0
-28948.368448043933,19.0
-50926.3992779795,2.0
-49471.26665671471,10.0
-47430.628552300725,0.0
-30083.067410572563,16.0
-48478.11717946774,2.0
-35871.94100089845,23.0
-37563.28034263325,12.0
-23707.892965082465,20.0
-55013.960789266595,5.0
-26933.38065261386,14.0
-42432.77442821894,2.0
-36693.285560292585,14.0
-34466.385349774486,12.0
-44786.25271410722,11.0
-25079.710568834926,20.0
-46624.17207177593,10.0
-46233.45156641846,13.0
-35299.52875955108,17.0
-35808.70007155855,7.0
-26464.620291275576,10.0
-36561.3832011536,2.0
-46942.18522646041,17.0
-46674.430417963464,2.0
-44876.277831677835,9.0
-30663.01927852461,12.0
-27835.297745203654,12.0
-47036.156686293805,13.0
-41252.58504182753,12.0
-41706.08515700768,13.0
-30917.916080956824,12.0
-56756.140800150424,22.0
-33523.49029144741,11.0
-44064.05244497226,18.0
-28572.100246978916,9.0
-38838.61299412964,19.0
-45844.427912838466,17.0
-25459.206196933254,11.0
-35954.32114680067,12.0
-35254.42142447274,10.0
-36705.31006188789,23.0
-49044.7162852619,10.0
-44074.92769858142,21.0
-46598.44418384484,14.0
-51041.56023124317,10.0
-36334.03089323541,11.0
-33730.45394348713,2.0
-35663.69404776574,23.0
-55256.355434022145,10.0
-33959.41011419097,20.0
-45131.711262820245,4.0
-36383.00137175684,18.0
-30431.63508481698,10.0
-40053.09437501714,21.0
-48537.004071978474,18.0
-29042.93553744034,11.0
-29748.818174300355,12.0
-37583.180674232506,3.0
-45988.29620504166,14.0
-50384.0979499197,20.0
-52298.37787601455,15.0
-27322.253794218806,23.0
-42404.428585398484,17.0
-25714.127125417257,11.0
-52129.72138470427,4.0
-37304.716939091944,24.0
-42863.735731969544,2.0
-41616.10155153617,3.0
-54397.02143367274,23.0
-28901.283680590088,7.0
-37581.84039552411,21.0
-28445.553355556407,1.0
-50894.5371310801,19.0
-28073.291036995714,20.0
-30813.74342648845,19.0
-51903.2024151293,15.0
-28084.10543842707,13.0
-32640.12836811746,14.0
-37837.75123007351,10.0
-42179.717086609235,17.0
-29229.47968735139,15.0
-33671.09380258271,22.0
-48366.69803060971,1.0
-46392.25539186811,18.0
-26317.350223363497,8.0
-48966.126796031036,19.0
-37944.1405332426,20.0
-49612.61240443101,13.0
-38780.54199167172,6.0
-50084.41572928107,17.0
-44187.79812516427,8.0
-40178.35128288511,14.0
-44837.222780680626,20.0
-32846.81272520968,7.0
-47147.437706873214,6.0
-49010.28610246453,18.0
-33849.7539239778,7.0
-33787.20849211842,14.0
-34119.15296952366,17.0
-44452.10339274181,15.0
-30406.226199304285,21.0
-46718.6433847827,23.0
-24661.863252022256,6.0
-38670.63323031997,20.0
-37653.156082402194,0.0
-26194.511381582768,14.0
-27855.763699169158,17.0
-52066.39970615149,21.0
-40562.967979282635,15.0
-27279.11120659933,14.0
-46798.96552854667,0.0
-50990.670063998856,19.0
-49154.00253862896,12.0
-47001.59175623381,3.0
-44276.33899082257,23.0
-33226.15976730837,16.0
-35430.64183751465,0.0
-49370.738800467836,15.0
-32043.759534852514,21.0
-33164.82168862068,24.0
-42852.588568691564,20.0
-25702.899815960132,1.0
-31685.29175226426,24.0
-49720.96129593101,21.0
-34882.68883714876,16.0
-23130.806153935693,22.0
-31071.82535200734,23.0
-42845.80014854521,19.0
-32389.58610553824,22.0
-33608.27163528458,23.0
-35426.18806798038,15.0
-32551.15316876689,22.0
-39658.24487438926,0.0
-39137.584072946054,8.0
-54561.98387353968,13.0
-39692.52747213382,20.0
-46372.64033348293,21.0
-45284.77501932431,17.0
-47561.423713176235,15.0
-44755.85060599478,16.0
-47059.47583536981,7.0
-44503.038036337035,5.0
-26337.6913889497,17.0
-45124.36846979223,10.0
-31508.711068409386,12.0
-30471.831416521323,5.0
-42820.69317018011,0.0
-39649.78107582644,19.0
-28641.291966911478,6.0
-43174.29090690908,20.0
-36313.81568596906,3.0
-31896.166669858238,23.0
-35637.90685174129,9.0
-39866.52324747048,11.0
-44286.839125133054,12.0
-43002.79578159496,23.0
-23958.37573355247,20.0
-45075.0564949322,18.0
-43624.127739687625,23.0
-37255.28862221139,6.0
-46927.5399159864,6.0
-34243.072032943266,15.0
-49909.67540152364,14.0
-48683.396504299555,22.0
-50544.129897370396,20.0
-32941.02048583542,11.0
-41266.556857610354,24.0
-40305.31663983075,17.0
-46240.25540654539,16.0
-46227.442003656986,16.0
-27844.383564300817,9.0
-54354.39564261031,1.0
-26296.382843958378,22.0
-41316.70479256816,23.0
-33013.77223978344,5.0
-45019.60636000881,23.0
-40307.012700293795,19.0
-52745.73070123617,18.0
-52006.69036284891,18.0
-27282.33962515253,10.0
-52468.03123684101,4.0
-46400.970252092746,21.0
-54716.387495328585,9.0
-46910.241809892395,13.0
-47914.59985629497,10.0
-44591.942810204426,19.0
-47889.178090641755,23.0
-47632.42655685669,9.0
-40204.61604244254,9.0
-29789.766786459713,5.0
-23934.304608388684,16.0
-36577.573353013024,15.0
-49971.36408309324,2.0
-31617.090279445965,19.0
-33955.10973473129,15.0
-47533.708016397235,5.0
-27801.283816255345,23.0
-34889.4583772369,17.0
-40254.84363072548,6.0
-27223.42975543918,14.0
-47707.86563718168,5.0
-34193.69687051019,24.0
-39310.72092384777,23.0
-36153.64292050225,15.0
-32399.93758683556,17.0
-32562.96579378827,14.0
-47376.71156062995,7.0
-44002.428545077244,12.0
-46794.81199969901,2.0
-30819.50490085396,18.0
-33242.69465524836,7.0
-35598.34306207267,19.0
-48329.30584471915,11.0
-31543.33370737668,2.0
-47833.50358165753,13.0
-34145.08038771694,4.0
-33261.72672680814,18.0
-39201.8698663265,8.0
-25118.328312684676,5.0
-44895.6902931269,20.0
-24642.298291116153,22.0
-40658.597948496725,17.0
-28957.74563415273,3.0
-37600.48823163631,20.0
-37985.19382545577,4.0
-47759.27198237793,15.0
-37043.305825434916,8.0
-32041.166608814794,18.0
-31728.674087043408,2.0
-48938.60359005347,5.0
-39833.956958535025,14.0
-41173.44760521484,24.0
-34249.1421277858,9.0
-26914.18735952834,20.0
-51200.85916868744,23.0
-39025.85976440249,11.0
-29882.477839802035,4.0
-53611.886427566686,17.0
-48054.2815008472,15.0
-25279.998972432557,24.0
-48287.42038208395,11.0
-32589.118041697166,3.0
-47052.0928684686,24.0
-24749.645269217515,14.0
-47827.09554672735,15.0
-25848.029357245356,15.0
-40264.19645577475,6.0
-41315.18978074352,12.0
-34931.7203111267,16.0
-27124.39592131385,15.0
-38136.34110317719,18.0
-29180.461544292735,6.0
-23986.65523113242,14.0
-42266.8617813172,11.0
-50814.06909769123,4.0
-47265.91814947382,13.0
-39829.26971527048,10.0
-36452.927506851294,17.0
-29916.857794254116,6.0
-32371.834770557205,21.0
-25801.594041590026,20.0
-47934.54248691158,10.0
-34662.822527560435,1.0
-32295.364535903907,22.0
-46482.16792004257,19.0
-49299.576852657796,22.0
-45610.724021565096,8.0
-43895.61537852317,19.0
-38796.47329375275,12.0
-45227.98435559078,24.0
-34788.78717902181,1.0
-35856.28903315026,11.0
-49986.602050374786,17.0
-29312.71567910155,10.0
-24868.393838204418,17.0
-46653.814109035106,2.0
-31252.162818297802,2.0
-39018.73960961303,20.0
-29392.670072763554,7.0
-38481.897033198686,12.0
-30370.33111496404,17.0
-41248.56631316725,22.0
-38466.47702165348,23.0
-55303.27875344036,2.0
-42600.214709602435,6.0
-47488.89050559039,15.0
-26340.43970515024,20.0
-34938.62391757547,12.0
-34521.88349274542,11.0
-45350.159562293076,18.0
-48652.30486713261,14.0
-38376.47904300605,2.0
-32406.880062408338,14.0
-27002.493390410968,11.0
-49187.86101483342,6.0
-51275.76297332602,18.0
-36573.46910896752,20.0
-33848.64736668721,5.0
-38096.46098780933,21.0
-49927.81113026697,0.0
-51636.57770237907,4.0
-40275.5807663293,15.0
-28752.046281757874,12.0
-37806.72064898538,15.0
-27470.494360520926,5.0
-25539.488074974408,7.0
-35702.14491630005,14.0
-53712.7935751769,21.0
-45174.256892149846,6.0
-37390.951076433084,4.0
-48149.32776666297,20.0
-29433.920756834363,10.0
-49910.095910268145,21.0
-51645.824875195074,9.0
-51915.07739384982,8.0
-40056.21807997157,7.0
-37281.318931856586,8.0
-29199.4420589187,1.0
-34562.35110377154,18.0
-29344.097517649487,14.0
-41962.308544961204,19.0
-26948.90820847224,17.0
-48933.242333932656,6.0
-39771.35041112161,6.0
-26769.19977299022,8.0
-44660.5273317511,11.0
-44302.90003639271,11.0
-31240.721312811296,14.0
-33342.4384365423,4.0
-24985.070801563103,11.0
-37535.08067266113,20.0
-30610.626457206123,21.0
-44587.08661758345,2.0
-47935.725404250945,1.0
-40093.144659403326,19.0
-37927.73846774038,5.0
-27374.790074565037,18.0
-40147.12181582522,10.0
-47569.172522667184,22.0
-43495.94044437277,8.0
-38011.27088747535,10.0
-48830.15473316795,10.0
-42126.10340006588,10.0
-46543.23509150083,1.0
-40092.827650480656,6.0
-27929.112156652758,2.0
-35397.53975028253,11.0
-38641.76403460595,2.0
-49461.06249546255,17.0
-25359.800582011016,5.0
-27402.808590722045,5.0
-39830.52803704092,6.0
-35981.394753744076,4.0
-46973.324368445756,14.0
-30197.109525474152,5.0
-35450.9895834571,20.0
-40458.20542725138,18.0
-34705.07813009799,9.0
-45780.58152265984,22.0
-41286.78531439198,15.0
-39344.652191020796,18.0
-35332.95183673153,7.0
-45334.61469074377,4.0
-41354.93903965945,4.0
-46319.130180024964,17.0
-27892.438185761865,4.0
-49183.99207312365,1.0
-35752.34368079104,21.0
-44763.33048303191,2.0
-43926.631732144146,2.0
-52312.22541484061,16.0
-41646.59247548862,8.0
-36406.41963306965,5.0
-35184.916498158236,3.0
-24812.024581126607,16.0
-32569.586544615548,16.0
-26097.024524679582,3.0
-28434.796642550282,10.0
-33934.02922802301,4.0
-35575.053768321515,0.0
-50344.865090176245,16.0
-38078.07975569879,15.0
-28165.003966968845,9.0
-44131.74428471232,9.0
-26012.382175641906,10.0
-50081.160184016866,7.0
-41704.62958125102,21.0
-37199.85243801797,9.0
-26857.902877888027,3.0
-39711.9653804566,9.0
-26860.37608279566,15.0
-54325.22361691295,6.0
-28605.02322496658,22.0
-46594.521936045814,7.0
-25112.77947936353,14.0
-41829.36160006066,2.0
-34931.96764790326,16.0
-35262.55455724599,23.0
-42948.13876531586,15.0
-47024.27392399972,15.0
-47446.47665020831,22.0
-50102.50985344571,18.0
-37019.545568688285,21.0
-47877.109689120014,2.0
-28500.122652856808,2.0
-38001.911653065814,6.0
-33822.076354881385,3.0
-47179.45313978482,7.0
-36138.842476458456,22.0
-50936.2987674263,8.0
-48555.9210919615,14.0
-32399.334656199597,11.0
-44742.434737207805,3.0
-45276.52271308244,4.0
-40410.72597459895,13.0
-35264.978919263296,15.0
-30658.795914481445,24.0
-29573.08712155562,24.0
-29695.59707814779,6.0
-43728.80662515854,6.0
-26802.386591116836,2.0
-47105.863884790284,0.0
-46429.45784476251,24.0
-27140.13137228821,1.0
-48474.44691940834,8.0
-43618.368906691336,1.0
-27550.35301126838,8.0
-40262.32341777856,21.0
-45761.39915761949,7.0
-31147.011993505046,6.0
-44266.88898603848,23.0
-48038.18292028123,22.0
-39074.989577484936,5.0
-33926.789429121214,2.0
-23800.781503813858,20.0
-25743.780577223388,23.0
-36091.945047615605,3.0
-50259.93427384876,4.0
-50000.034416825394,5.0
-27402.06922300357,12.0
-48942.842594286194,13.0
-42596.05511939381,5.0
-52764.78980389608,13.0
-39278.39668389447,0.0
-28875.166178567117,13.0
-24100.49850084766,11.0
-35802.77007646262,13.0
-37228.744357306445,10.0
-35991.90866987727,2.0
-43369.6654062833,1.0
-29340.808604118767,4.0
-55659.79148201467,11.0
-34313.92754353635,4.0
-49592.26088088662,2.0
-27555.986405309333,9.0
-49377.80385618254,20.0
-45350.37489956211,22.0
-37739.7264317891,10.0
-34460.362776643095,0.0
-51285.992275158365,3.0
-43473.861687997116,4.0
-38790.4103410964,3.0
-34123.826190073734,24.0
-44662.32488961787,13.0
-36354.10779289869,14.0
-51648.679504458305,9.0
-26359.15841718303,12.0
-50016.64032711882,8.0
-28616.60152957587,24.0
-32493.391035133893,21.0
-40935.799204137285,15.0
-27467.50473583294,18.0
-47540.42524966381,6.0
-36787.55571238567,1.0
-51394.73852837444,23.0
-43980.33823426866,18.0
-40572.60757686208,3.0
-33594.97341758711,13.0
-53409.721232926866,17.0
-47507.525173502974,3.0
-51049.90197044729,23.0
-27651.556512525323,10.0
-48604.50769597819,8.0
-50614.05781804084,9.0
-56871.32654756066,10.0
-46503.080747951695,11.0
-29156.323963615796,20.0
-28853.36803305409,2.0
-35575.15924753958,19.0
-42642.47621950766,3.0
-30847.318465254695,18.0
-36250.380589979235,17.0
-24386.85520775352,2.0
-35228.79918405976,9.0
-35749.11832494663,3.0
-51331.33906297907,23.0
-50894.78352513992,3.0
-50888.47602608431,21.0
-30676.298239722506,16.0
-31647.19794429075,6.0
-44242.99827828336,13.0
-42359.02441252599,22.0
-39349.16748221868,13.0
-51773.895967434815,16.0
-52398.28621050912,17.0
-30387.567318339217,3.0
-30673.14956753192,13.0
-49693.75774377199,14.0
-37862.72340040346,6.0
-33135.30361488523,14.0
-43907.5642325504,16.0
-25493.145372937106,11.0
-39807.194579999115,15.0
-40390.3624522386,15.0
-49808.982388908,9.0
-26061.255945171994,5.0
-40232.25841693171,6.0
-43194.004494316796,6.0
-26406.925898553247,3.0
-31876.959878836173,2.0
-33701.7863260382,21.0
-40788.292195756105,22.0
-51355.98499133315,18.0
-30554.641378299388,8.0
-37324.44800832887,12.0
-50506.96867203412,6.0
-31730.602337180626,2.0
-28625.869757051107,5.0
-48747.79732719016,3.0
-26171.77614108929,24.0
-36033.348706753655,18.0
-31113.077466590417,21.0
-30164.293147365508,1.0
-54149.66257153475,18.0
-44192.05741572649,3.0
-52817.31250297131,21.0
-43137.66530307727,8.0
-37501.564467591656,5.0
-46449.749384860595,19.0
-40005.88516674189,3.0
-27934.70341913239,17.0
-45063.52680412945,9.0
-52619.470722361715,15.0
-42446.212751033934,11.0
-26939.320168028513,18.0
-28872.583683157107,5.0
-39256.37532342388,18.0
-51195.12986240267,15.0
-55004.10193228968,18.0
-26780.39192914417,19.0
-33966.095159458375,5.0
-39757.34156098834,19.0
-39402.433114567175,3.0
-36898.49494043445,11.0
-26459.56476582392,5.0
-45610.62626569233,17.0
-31955.498239394416,19.0
-36951.19871684709,14.0
-50043.85531576897,5.0
-36612.98870488822,20.0
-41819.89839284977,5.0
-43413.74136155671,22.0
-45617.15304803816,20.0
-33255.10691714448,23.0
-33617.300810717315,2.0
-34192.80274589556,11.0
-52225.08776704229,1.0
-43323.003586139894,13.0
-38894.03204997252,15.0
-40218.1400625314,6.0
-49102.91092458128,1.0
-42733.935168363736,19.0
-38741.243863370975,7.0
-47518.72880582338,6.0
-35094.381228663304,15.0
-46780.972586516174,1.0
-48234.17114978556,9.0
-45924.14042251832,17.0
-46749.31197131328,4.0
-52516.55248096443,14.0
-28694.91600185443,6.0
-41897.008388641,14.0
-34376.707860921546,0.0
-41638.39977257902,10.0
-26342.28458352833,10.0
-39971.93193919015,1.0
-32193.438907071024,11.0
-30495.738350470485,20.0
-38297.9211320517,10.0
-48992.6555355421,1.0
-33985.661153160174,11.0
-41121.32148661364,1.0
-33141.02793515796,5.0
-30317.9260045097,8.0
-44834.59049667537,1.0
-30932.40784324373,2.0
-26081.63656871411,19.0
-26476.75079188842,10.0
-43766.903397945745,21.0
-30396.394703991245,12.0
-46762.33278130772,10.0
-44569.13733904788,6.0
-49619.67580734606,17.0
-37868.37006236514,11.0
-36728.30234177034,2.0
-40501.61333053191,4.0
-36960.51794297025,1.0
-44037.87550205225,24.0
-28773.24600202307,16.0
-24655.365252943127,22.0
-46485.26242701474,0.0
-55127.7247290928,19.0
-26560.409240866542,13.0
-51446.094396998305,3.0
-48280.25208505499,24.0
-24632.659860364427,19.0
-27385.654479512308,9.0
-39616.764107444564,21.0
-42867.23374144304,9.0
-42141.562090370055,8.0
-30490.229455152483,1.0
-49284.55278278629,17.0
-39793.169121230654,7.0
-47179.11192639362,15.0
-42586.0999165974,11.0
-34739.80511900409,9.0
-38244.841073788615,20.0
-46640.94729386241,6.0
-27799.801580227082,6.0
-27046.647455768416,15.0
-41690.20462157707,7.0
-45792.25478771336,11.0
-49636.85345075859,4.0
-28497.57458796863,24.0
-32464.5700926791,20.0
-53850.0251073675,19.0
-35013.07524207138,12.0
-40327.2009182668,5.0
-32595.620810009368,14.0
-46800.233063964086,12.0
-34370.56079362683,16.0
-38459.65418388484,19.0
-42264.52986240885,2.0
-25648.76733086454,6.0
-36534.28951949049,0.0
-41957.86944281476,19.0
-28062.80500061349,17.0
-45553.854242125,3.0
-35836.83104680458,5.0
-52334.61350892688,22.0
-34376.09372941575,6.0
-30205.298394701622,19.0
-54092.41620677139,4.0
-44838.16620923921,2.0
-34926.116650730146,3.0
-44185.84451141289,15.0
-37762.835253386096,6.0
-40733.59991912102,3.0
-52292.08662234539,7.0
-34984.52834791151,17.0
-51108.95651528761,21.0
-39939.42141296194,12.0
-52546.304135449485,16.0
-36065.09007276886,10.0
-29425.76756183258,3.0
-36337.60673350118,24.0
-49291.88163438192,4.0
-34029.8081252187,11.0
-28043.500927113746,6.0
-50316.60853584235,16.0
-28479.975557800684,10.0
-38331.45483906408,1.0
-41737.701608362666,11.0
-30916.085591872965,17.0
-24611.216247344753,13.0
-45867.82304918982,0.0
-34010.70361027195,1.0
-32543.57992111893,2.0
-46083.92046120681,20.0
-48841.74658706377,21.0
-51128.91786633657,24.0
-47998.39383980328,17.0
-43643.586356710905,4.0
-36844.62852901354,23.0
-48094.35863886086,9.0
-29118.5174070249,7.0
-34501.82351710936,8.0
-24946.623083362618,5.0
-40217.1372700999,10.0
-47475.36839665963,8.0
-48413.68254600497,19.0
-45444.640668261534,16.0
-38098.22290822463,18.0
-35790.55263014499,13.0
-31129.878042804132,0.0
-32635.13432137915,9.0
-33761.62467674993,20.0
-37236.4283882853,23.0
-27129.82890888734,19.0
-34082.97872373273,15.0
-24217.974540292616,16.0
-38550.690772914444,14.0
-52555.85837365498,11.0
-49569.017867141665,2.0
-43446.93289990798,8.0
-49822.72254174312,19.0
-25542.23234549658,14.0
-25246.144148350748,15.0
-45732.66609596832,19.0
-26322.317110830503,8.0
-42847.26928183713,16.0
-47036.21360197473,6.0
-45365.30243590575,7.0
-32270.26158781839,9.0
-37786.119505229086,21.0
-51982.83807600978,2.0
-37404.49231509457,4.0
-50404.47485561396,24.0
-26160.001494813845,17.0
-37154.50784830961,4.0
-28121.535592549455,22.0
-33019.71729411232,3.0
-43798.721817555124,21.0
-48585.22693126023,22.0
-28461.022616783615,23.0
-32630.956245680707,1.0
-49857.777272161344,2.0
-46663.27412575108,15.0
-43149.506803422686,21.0
-52331.809338487605,4.0
-31866.232941294926,8.0
-38754.105027602345,1.0
-45776.84919467178,12.0
-45466.83893363667,24.0
-43811.040038624786,3.0
-37835.95180706433,19.0
-26475.216467918377,21.0
-40068.724808740706,16.0
-43381.45330113557,4.0
-55783.23260538213,9.0
-40468.02546441461,12.0
-30830.719649662944,1.0
-33145.212618025995,18.0
-36697.13165586666,2.0
-34433.84272402467,4.0
-23805.40157468563,16.0
-46139.216373259,11.0
-51766.32255430435,22.0
-26408.898493209548,16.0
-32199.10531625065,8.0
-37093.4989671038,19.0
-53503.187417701214,16.0
-27174.39333482645,1.0
-30772.66420269141,5.0
-45038.76861930579,0.0
-36827.95833664291,5.0
-27255.826203604036,20.0
-48000.661081164835,4.0
-31310.781265684265,4.0
-28784.916633085224,24.0
-36718.30158410322,21.0
-46821.13680366869,23.0
-41153.64805819046,14.0
-41917.61271984187,9.0
-28998.852234987007,19.0
-42302.35016758669,11.0
-38441.17399582738,7.0
-48341.278528895884,7.0
-26716.084788420827,2.0
-50445.77478127574,2.0
-46971.2068313877,19.0
-28116.40234452228,7.0
-49932.25436479119,16.0
-29691.70433547968,14.0
-40242.881891085,21.0
-47702.597487512074,16.0
-37655.71599072656,23.0
-43553.52318622927,1.0
-28778.20861182887,10.0
-53600.6625915166,13.0
-41807.79394535316,1.0
-40500.04099566688,6.0
-30075.94033144108,20.0
-39450.14410728598,14.0
-45407.22489724012,19.0
-48688.14599839264,10.0
-44593.21969727462,6.0
-36922.32867177949,16.0
-46835.341981273654,3.0
-42836.332780924546,21.0
-49991.703706549604,6.0
-31956.932331731936,23.0
-51534.8675805322,9.0
-26814.47636006112,8.0
-41184.4325437652,23.0
-37336.89469767055,12.0
-36804.62716801184,23.0
-47466.52836720196,6.0
-55926.14842903004,8.0
-47282.38187542981,22.0
-33484.4292231428,5.0
-47911.648503335615,21.0
-37331.08694605505,23.0
-54070.547614806856,19.0
-51767.81522419238,13.0
-32913.85471006429,8.0
-39308.01286195639,12.0
-36453.40784051052,17.0
-27506.169196894247,23.0
-33588.88007282805,15.0
-25492.8098087942,14.0
-45036.32138840614,16.0
-39472.09857548729,21.0
-37996.07872984401,13.0
-46154.879634387486,13.0
-42405.21089768381,9.0
-43102.08098488669,17.0
-30275.35098339847,0.0
-54419.68368980942,5.0
-34500.152859643815,3.0
-36740.56606863269,18.0
-48416.825917192924,17.0
-50743.362056457016,18.0
-49914.40990787079,24.0
-44902.191367509695,1.0
-40122.74800369397,6.0
-54544.07536814024,20.0
-36258.948082326446,21.0
-47822.21724285558,19.0
-45494.16204974302,22.0
-27007.28556912923,14.0
-54863.64495177852,6.0
-45287.78600121814,16.0
-27676.835121946016,23.0
-42552.128921202755,9.0
-29193.603545870166,14.0
-37267.47567342193,5.0
-39058.32437078869,15.0
-24554.889368334843,22.0
-35363.3033714887,7.0
-40250.20255444267,21.0
-56663.117606654065,1.0
-50186.09124237388,22.0
-33015.51221579377,16.0
-54050.727257376086,15.0
-45367.377272711215,13.0
-30122.160493646956,0.0
-31900.847373994555,23.0
-47643.78229706214,23.0
-44473.523442714126,13.0
-45898.48498966503,17.0
-26714.618158797923,22.0
-42107.28480124935,2.0
-35133.15339915045,22.0
-52546.52433339299,16.0
-43537.65277213002,5.0
-33721.970279867695,15.0
-41417.95091696594,5.0
-56233.75702038975,15.0
-47067.66827857278,7.0
-32964.87789408226,16.0
-51553.67712907477,22.0
-35564.656252057204,7.0
-47715.87735972135,12.0
-44459.285451833806,4.0
-45099.061877857,10.0
-40105.39512753159,20.0
-37210.12360668035,22.0
-46337.2550302693,4.0
-35935.23267206242,22.0
-31919.482668206107,4.0
-46487.812331443034,16.0
-29170.188181990237,3.0
-41724.64047082068,22.0
-35421.59998769127,12.0
-28708.22516915726,0.0
-26202.791576619762,11.0
-41498.69366548543,20.0
-51372.93534494719,9.0
-36556.89746182247,6.0
-47981.632919463795,21.0
-35200.56535674898,1.0
-43259.96830426591,1.0
-53247.5357717797,18.0
-26041.373821702837,14.0
-34839.48114346192,9.0
-41061.79852771766,22.0
-43377.61422266721,13.0
-45763.96993259507,10.0
-26275.532370751243,20.0
-46509.06650874276,12.0
-36088.92813645784,18.0
-40477.17921118957,6.0
-52229.707339135086,17.0
-40170.8211395034,10.0
-39521.170879458565,9.0
-38672.957997151694,6.0
-26281.379178750187,18.0
-39421.31129608828,14.0
-47844.53652233514,18.0
-39187.41331821747,16.0
-33775.907040529666,4.0
-46869.5012630985,23.0
-30935.950063450346,3.0
-25908.100075004666,22.0
-48067.73071875211,6.0
-45436.33111263247,15.0
-34970.50298366413,17.0
-31287.390571106946,11.0
-26144.41425429796,21.0
-27776.647144899507,13.0
-39753.488068408646,15.0
-47140.45838153007,15.0
-49239.966272651116,8.0
-36654.74447843523,10.0
-43119.71645600925,23.0
-49297.71812477358,19.0
-38211.96628314267,17.0
-36065.83234948439,7.0
-37901.75995202142,7.0
-51367.887162354076,4.0
-30757.35291051514,18.0
-36988.38741057086,23.0
-39121.54040657224,6.0
-43529.576350353374,1.0
-38133.99476684546,8.0
-29645.735304687332,23.0
-46147.25626271689,10.0
-50240.823783190164,1.0
-44926.125142907586,10.0
-47006.68920013997,19.0
-26613.327248615453,21.0
-45354.92299582645,4.0
-37226.78109495431,3.0
-26498.741217034203,12.0
-27813.232937986144,10.0
-44237.31337658965,1.0
-35093.31812696682,24.0
-39026.923995124125,18.0
-46100.40227892213,12.0
-36792.4452233366,13.0
-31112.665223448785,11.0
-51720.38263056353,1.0
-52266.87961104754,11.0
-25714.31554167178,13.0
-26389.19989415871,11.0
-36869.68278210823,10.0
-45080.08427802015,11.0
-32938.53478901954,23.0
-47751.68669935572,19.0
-41702.595076285455,3.0
-45515.24775543076,24.0
-36321.92964768293,22.0
-53815.099132324496,4.0
-44331.07866819011,10.0
-27340.036796991524,8.0
-37588.77505758561,15.0
-47579.47315280029,6.0
-31575.596705387397,12.0
-47305.251382563925,9.0
-48603.97420224566,20.0
-43118.294102339765,21.0
-29101.083231979297,16.0
-26817.463852131405,17.0
-44128.8725580364,19.0
-48236.67002798211,14.0
-33543.37535323152,16.0
-31426.870791778678,12.0
-28246.232662290568,6.0
-33991.190453920965,21.0
-35719.966201442294,15.0
-27898.125211693772,10.0
-25484.82359148947,23.0
-51656.28222594183,1.0
-28512.556810003047,8.0
-28051.544223974717,20.0
-53445.96072358638,23.0
-27451.440235164948,11.0
-38246.402338110245,7.0
-35900.23752897399,4.0
-27703.732672903683,0.0
-24972.698464746165,7.0
-32823.172236749655,20.0
-42299.11765548524,10.0
-29011.868850824605,1.0
-37386.97536376363,10.0
-55265.92261429962,18.0
-38630.29234049872,21.0
-32746.174964279067,14.0
-27922.88454311856,21.0
-40768.687908514665,8.0
-44233.6906578516,19.0
-46252.91248191746,19.0
-27705.434101945855,5.0
-39234.94957608869,4.0
-26150.525937887473,18.0
-27043.881997159202,17.0
-49685.98818696433,3.0
-35456.81984085798,6.0
-28330.935923399724,3.0
-44985.08157301433,5.0
-43789.252059968945,11.0
-37624.24519972197,13.0
-41317.666954832726,12.0
-44540.14778486025,8.0
-50243.44275974753,23.0
-47192.68920780042,3.0
-27992.482660718557,3.0
-29404.757153953844,14.0
-44915.20808165785,6.0
-31480.78913901827,8.0
-36056.71255516243,21.0
-31773.62354492162,1.0
-34793.86022544627,16.0
-46285.23123637799,3.0
-32770.138858186976,16.0
-37093.94999242085,3.0
-41680.19824359377,18.0
-29728.788468230414,15.0
-27864.547542837205,8.0
-28992.517214703603,14.0
-36636.31463165687,21.0
-52764.440060366265,14.0
-45262.33434717438,19.0
-50950.89950033828,15.0
-34621.14677789634,24.0
-25795.371833210906,20.0
-42015.600996077934,9.0
-37497.04661904788,22.0
-36015.52242821646,9.0
-36319.47162103614,7.0
-46611.90238040767,8.0
-47154.8535663316,4.0
-35506.04931890677,1.0
-37800.369069062326,20.0
-40618.29084849417,10.0
-34879.557014806545,13.0
-26531.0253948541,19.0
-48564.21612018654,23.0
-49931.50382474639,9.0
-48801.588907554644,21.0
-42521.617086541024,23.0
-36130.093997570606,11.0
-50477.98667596297,14.0
-49331.185689666905,6.0
-37544.70217485551,24.0
-38667.83381013945,0.0
-34253.716027610106,6.0
-27301.332814886984,24.0
-48711.38538168161,12.0
-36384.99852283961,6.0
-46677.426165564124,7.0
-25588.46924680107,16.0
-33098.673403210385,5.0
-47119.13212076276,19.0
-40366.49221313726,10.0
-45700.45093495326,22.0
-36318.79178587362,22.0
-28555.356797075347,0.0
-54953.07402652038,4.0
-33312.41394473578,11.0
-28880.746701647775,0.0
-34297.85680827242,16.0
-26425.412358011585,14.0
-31766.335378130854,12.0
-32349.04874024794,0.0
-37429.67670153148,19.0
-35350.294176931944,12.0
-28369.370392309324,7.0
-44813.91296104318,8.0
-42264.05642098559,21.0
-33446.17354804492,14.0
-40506.80344145766,6.0
-37184.05752572435,3.0
-47403.5917308275,19.0
-27553.537036890193,23.0
-26349.198096238564,15.0
-42005.100813211575,18.0
-35146.431566187784,9.0
-52719.445926553046,23.0
-29501.699192871438,19.0
-25833.4230631148,18.0
-35192.576232665204,17.0
-45813.905865866756,19.0
-34980.78840253517,6.0
-39341.01008656215,11.0
-49415.78008308034,2.0
-40398.68503474487,6.0
-35990.20696192224,18.0
-30910.61989506457,22.0
-36847.22793159403,10.0
-49043.93659393509,19.0
-48764.639400735636,17.0
-42302.11669276611,24.0
-37352.91196272231,2.0
-39647.17970917036,6.0
-28624.931003411202,13.0
-31531.595935206686,18.0
-30875.77672164751,18.0
-53798.061972777185,14.0
-42644.428423283185,19.0
-32535.21808304407,0.0
-36412.35929844674,22.0
-43588.92905622846,16.0
-52413.50812127011,0.0
-46882.80547861634,16.0
-50567.49976912059,23.0
-31567.708198305685,4.0
-25895.37680901053,17.0
-46810.61228796014,1.0
-43937.235891243814,15.0
-26194.599006884102,7.0
-48733.74219386287,17.0
-45131.46636580721,20.0
-42447.25891298159,0.0
-46867.20903243222,8.0
-42168.59589408846,3.0
-47009.303458093375,6.0
-48323.44395796387,8.0
-27608.2571639293,10.0
-36972.04565537235,8.0
-41009.068028218,14.0
-35129.612327331975,12.0
-38004.275758624695,10.0
-34718.85604305804,13.0
-35488.11673256404,17.0
-48618.61627341145,20.0
-37356.97574938104,5.0
-27623.46030056504,5.0
-46611.96129873709,9.0
-34123.74614039173,2.0
-41642.203185227976,5.0
-41105.00452112641,12.0
-32279.02133158393,1.0
-40726.79052931577,24.0
-36191.91581490846,2.0
-49992.73441124181,23.0
-48377.908370932855,7.0
-44000.94390559188,0.0
-47840.88648554842,18.0
-28958.154804642883,4.0
-36664.21564325323,21.0
-43926.80906940233,0.0
-25272.288271729332,12.0
-35413.64388455141,22.0
-50326.208052407426,20.0
-36122.318712430155,10.0
-53936.260532930115,15.0
-42077.74498672699,7.0
-37046.826771414,18.0
-42679.08810691166,9.0
-52485.95547550288,5.0
-37453.53597019578,3.0
-54037.5901412515,24.0
-26945.456063652124,1.0
-26771.085648824795,15.0
-42158.393295215414,8.0
-48972.262198938246,16.0
-31650.668627204348,10.0
-40071.15387009134,22.0
-27208.135789073407,8.0
-42059.14713446726,10.0
-53563.12259136906,3.0
-29751.836325077864,5.0
-26426.919784239304,22.0
-30526.69979432049,22.0
-24995.732871471213,6.0
-47822.60635506842,16.0
-38238.88193804753,1.0
-46007.646421347956,18.0
-34969.42361377076,16.0
-44726.13447817891,5.0
-54039.16897359073,15.0
-27557.30370924093,0.0
-43143.014837995586,5.0
-53362.01882179215,6.0
-33923.65935532919,7.0
-52574.009177932196,8.0
-27283.573757829246,23.0
-32431.94166181807,9.0
-42152.82069767819,5.0
-32275.703467209147,14.0
-44201.02346961368,1.0
-46220.33062844948,22.0
-41714.30454730001,6.0
-36520.20378348131,10.0
-36937.39241214949,11.0
-50798.10652491738,12.0
-38131.78249413059,19.0
-43833.92162618323,3.0
-42723.92013536491,13.0
-47339.84239896618,16.0
-53218.89508989455,15.0
-40517.32696480259,18.0
-36635.44483437165,11.0
-27502.547328975823,19.0
-38516.7968902415,7.0
-48653.81681569993,2.0
-41623.88445153907,10.0
-35161.34924544995,1.0
-28648.58783855578,11.0
-38793.72756183334,20.0
-45192.756504185745,20.0
-35766.40481693617,5.0
-44383.30031617425,0.0
-34021.99430849682,9.0
-54865.11108792149,2.0
-34261.65498394053,6.0
-46421.78080751556,23.0
-27594.587336430286,20.0
-45279.0343117653,24.0
-27717.394556968633,14.0
-47495.949216315785,0.0
-49854.79190743624,1.0
-35288.564795188235,16.0
-50134.86671038038,24.0
-32737.366714190543,0.0
-30911.792860919857,21.0
-27865.448739889354,10.0
-42268.7743330157,20.0
-38387.771257572196,19.0
-36007.54537411817,17.0
-35443.18080704707,18.0
-37308.793821803505,13.0
-33290.08611798316,1.0
-36517.358379526246,3.0
-28228.488641257252,3.0
-46876.143441326654,13.0
-46017.40153303326,2.0
-50682.898704876876,11.0
-35099.0803552679,17.0
-47506.85186044259,22.0
-35394.776245834495,8.0
-38662.21348318906,15.0
-41869.16407860225,16.0
-43438.04005596979,11.0
-43449.94086133321,17.0
-45336.930092669616,13.0
-28272.958080186105,8.0
-40932.75155703003,12.0
-28055.19509946537,16.0
-33284.528546985,23.0
-45190.64103612233,20.0
-27958.337295672867,5.0
-27620.10707865287,17.0
-44457.55767826286,22.0
-45620.390795313375,9.0
-34914.32723037197,9.0
-29390.253927968995,20.0
-50964.19383946339,9.0
-47043.06332290032,18.0
-44640.714991537156,23.0
-28169.378537730663,15.0
-39487.133129881426,19.0
-25174.073452779507,7.0
-38136.76702680423,24.0
-34406.57599947115,13.0
-42362.23297673643,14.0
-48845.33389279891,1.0
-32145.43055127112,7.0
-32182.42712157909,17.0
-37020.04718391052,4.0
-45601.24234395375,19.0
-35472.99828414344,5.0
-31896.827603150396,10.0
-48382.22556876235,3.0
-44502.78654127579,15.0
-46002.19568575375,24.0
-36120.51211098653,1.0
-32181.25284659922,11.0
-46355.89229905582,19.0
-44299.299981047116,17.0
-45295.792868662094,0.0
-38930.21822097595,21.0
-50037.744477530316,19.0
-48434.767368660585,19.0
-47173.91448678315,18.0
-27560.489122445055,9.0
-25301.03508988588,5.0
-49732.73674792936,12.0
-45899.64945362188,5.0
-38713.49675556276,23.0
-53807.90795146482,12.0
-32133.93708506741,20.0
-31200.286397202202,17.0
-45583.3336097867,7.0
-31538.63859328806,4.0
-32254.79714242483,1.0
-49932.39263657639,8.0
-46138.93514221689,15.0
-34939.174834919206,14.0
-54502.174664470025,12.0
-47679.875459283634,15.0
-46025.45821887242,23.0
-51766.358811354345,5.0
-52409.25097399793,13.0
-46818.21276565008,17.0
-34137.322742964825,16.0
-28515.253606350954,5.0
-29635.67289323162,14.0
-45820.11722303221,22.0
-33753.08495742006,22.0
-34835.06516590023,18.0
-32699.949843296115,6.0
-38305.0735094068,22.0
-29694.979429990344,4.0
-40964.81766566235,14.0
-25035.80188117234,6.0
-50436.0446052793,20.0
-27894.41797031656,17.0
-49263.03627412359,7.0
-35457.50087697082,2.0
-33982.56976640061,15.0
-47377.1936509916,22.0
-36342.037405266776,7.0
-51787.179020944044,14.0
-26157.301949196382,15.0
-42007.91692657866,12.0
-25635.49570894964,4.0
-30880.22650244042,19.0
-27434.921421018145,9.0
-42634.422271652904,12.0
-48901.398263278534,2.0
-44976.6027274635,22.0
-29364.424270333155,1.0
-41580.63144884257,21.0
-49090.95132727819,22.0
-24142.884359531672,13.0
-43472.30447563549,8.0
-40744.91077271631,18.0
-45180.04179067025,20.0
-31821.480250420038,23.0
-48041.97772753526,18.0
-37508.44704332236,13.0
-56166.998484589785,21.0
-45836.127179178635,13.0
-38865.2456448707,22.0
-47903.57372946119,20.0
-25317.812786377166,23.0
-48731.384200004904,17.0
-44629.40539409338,16.0
-32425.136350102526,22.0
-36817.52592671373,6.0
-25545.975198752756,3.0
-50556.77743678512,13.0
-47814.52535214861,4.0
-50950.346459716966,0.0
-27285.101832019423,4.0
-35817.54373000834,1.0
-34970.22852852827,19.0
-45502.08888792191,1.0
-29219.809356370984,10.0
-43499.88761037939,23.0
-42838.19257948784,19.0
-41175.60871084126,15.0
-37098.16612143936,6.0
-49367.38284030388,17.0
-31472.312628508444,10.0
-44086.80061491173,10.0
-48109.498108221225,18.0
-26984.085278354134,3.0
-52941.679736418235,3.0
-46867.264196562246,20.0
-44814.12448122689,18.0
-28488.284473204843,19.0
-39163.75389192658,11.0
-27245.479266055703,4.0
-44315.123220239504,3.0
-25818.420463908722,10.0
-35803.444293309796,20.0
-24321.192413474528,15.0
-39033.63367001098,23.0
-51098.554019710034,24.0
-47542.65050454183,16.0
-24773.49607473544,9.0
-51867.045308848465,10.0
-51201.85828069992,22.0
-31570.424417606126,17.0
-46753.773506033685,21.0
-41854.40534198115,5.0
-37324.645391480946,7.0
-43659.95251342321,4.0
-32093.538787126276,8.0
-29311.826088383325,19.0
-34416.929676478234,22.0
-46499.01502210642,22.0
-38541.19122462235,0.0
-36191.07635118719,8.0
-31293.325359232902,20.0
-49927.80122707425,6.0
-30718.206169934336,21.0
-36935.095156594514,15.0
-40675.40611686245,1.0
-52812.151142551505,14.0
-26228.44609812698,11.0
-42915.34345358773,8.0
-46777.806744568414,3.0
-37138.328275465596,11.0
-42275.41655458049,1.0
-28011.33839569162,23.0
-52675.69593085666,16.0
-49469.26684567417,4.0
-50294.70783207528,10.0
-46033.99223982705,1.0
-40947.78704683113,7.0
-51766.77755599444,16.0
-41310.63575030062,18.0
-32473.749311460288,4.0
-43685.01705649823,7.0
-50649.08842890976,2.0
-37845.16617011215,20.0
-56173.61482000552,8.0
-54701.71204251864,14.0
-47345.22152019782,11.0
-46303.86192920291,6.0
-50481.35898216488,24.0
-45001.03976234412,7.0
-46175.774721108945,9.0
-36078.05505291206,23.0
-37239.963146231334,20.0
-52527.12934123169,6.0
-52703.43332703821,17.0
-46946.46923536614,12.0
-36246.738855715266,13.0
-48681.93758291537,11.0
-42691.232753102144,7.0
-38813.44620223772,16.0
-48372.82708869492,9.0
-35992.8301423638,17.0
-26113.367036550673,20.0
-28668.983459116607,11.0
-44966.08153287694,21.0
-45543.522959618844,11.0
-44558.150330163175,23.0
-40887.556046706406,18.0
-44829.17757491103,6.0
-36346.127532601444,19.0
-46018.23158063833,24.0
-44755.31698800368,5.0
-24778.97647711477,13.0
-39894.54801798414,5.0
-48474.22622866496,9.0
-51000.5077040233,9.0
-38779.43032337973,5.0
-45875.58559739131,7.0
-37040.394807072815,8.0
-41214.52291812569,10.0
-50012.4968232212,19.0
-27340.128365317498,3.0
-50641.42766557333,16.0
-34662.46369402758,16.0
-49129.985069193164,24.0
-44386.19628505744,8.0
-33253.5131608106,21.0
-31055.506487034578,1.0
-31885.802854836686,15.0
-41721.70960725227,7.0
-43167.85722228724,2.0
-36513.55162841409,3.0
-24642.67015041368,6.0
-24543.77154216805,17.0
-47974.82801874288,4.0
-41696.642806299074,14.0
-41727.51765790715,6.0
-28809.277507003626,2.0
-46208.72960557036,2.0
-34258.221954441164,11.0
-27552.515433287,16.0
-33397.06102977908,5.0
-41585.59212325802,8.0
-45118.85263702839,5.0
-27004.870984886864,4.0
-48275.206171938364,11.0
-43429.94425358825,10.0
-38681.727039846744,6.0
-36786.90837168176,16.0
-49302.24289980387,15.0
-46360.355546872524,2.0
-37619.40767566802,7.0
-48320.95575333643,19.0
-37638.41952621739,15.0
-49141.01304577285,3.0
-38834.96859905081,12.0
-46831.20914817143,10.0
-37109.66033593919,3.0
-35052.55173470768,18.0
-47104.657645836734,23.0
-34206.73847476941,15.0
-38679.025541168245,13.0
-44619.1422318933,0.0
-30220.82794093304,17.0
-41427.14223905367,5.0
-25427.6426964054,16.0
-55872.44486640845,17.0
-49195.88221752651,15.0
-50785.185786327085,5.0
-33365.4152588691,14.0
-44387.902059727116,20.0
-27043.400404669595,13.0
-35352.85696343966,5.0
-33490.95429862199,18.0
-25991.94381116252,17.0
-48694.60765747351,24.0
-42255.988400298855,9.0
-55117.55044471675,23.0
-52869.66395843537,21.0
-31694.73122915839,22.0
-56427.6470133718,14.0
-25405.382661165655,17.0
-31140.901301046604,18.0
-51274.49588985404,10.0
-48654.893245236584,20.0
-36443.393390008285,3.0
-43035.36638057201,8.0
-31821.023188867344,20.0
-47993.38661383415,24.0
-25807.05584685531,20.0
-47368.94259323557,3.0
-45122.36187035969,4.0
-26660.366439221143,22.0
-43698.230374827326,20.0
-38501.531200495585,22.0
-49472.11709314174,1.0
-46236.53552626996,16.0
-36458.704675661436,5.0
-36398.76670402867,16.0
-32982.10119590862,2.0
-28041.395984314855,11.0
-52498.8678186463,20.0
-49848.55224237086,24.0
-27581.35569698107,6.0
-26217.005154471168,4.0
-31680.518965136653,14.0
-27340.70802156985,21.0
-48111.116332855585,15.0
-51516.658310465646,8.0
-43944.45145953348,20.0
-55546.14071279635,6.0
-34281.66492644165,2.0
-36220.68708340761,16.0
-24461.753080730807,19.0
-37847.39969183386,8.0
-50608.496880765044,17.0
-48276.16340636233,17.0
-29525.96730411926,17.0
-47160.1542240377,12.0
-27440.526316446183,23.0
-43433.54535855728,18.0
-44376.95119863475,9.0
-51424.354917779885,15.0
-43017.62840795767,10.0
-35927.82100343346,17.0
-38551.10327191703,6.0
-36406.01244890692,2.0
-35984.67378828424,23.0
-30410.991998876118,14.0
-32028.492089369323,11.0
-38763.77551660805,8.0
-46127.436604552175,21.0
-35421.34358860974,8.0
-31685.304606935006,7.0
-39504.269944019936,5.0
-45010.21450130634,14.0
-27234.829274048905,18.0
-49178.881699233585,17.0
-35742.49294231633,19.0
-29882.63546689347,11.0
-45869.27442382844,11.0
-36095.54222232556,6.0
-30087.870202753293,18.0
-44668.84779495696,16.0
-30806.2122209801,13.0
-35718.321415498925,23.0
-27970.42889331696,18.0
-29886.70659459482,2.0
-23123.206383031607,21.0
-48528.58784804446,7.0
-31119.806310271804,2.0
-23796.77192051806,16.0
-27704.544317042342,13.0
-36882.93276855115,10.0
-50755.99300400994,7.0
-52254.216014567246,3.0
-24923.353602216714,10.0
-27359.341303842746,12.0
-46181.28439125528,17.0
-32603.341051697535,2.0
-25041.47040998268,21.0
-45833.74478076353,11.0
-43136.14873978092,23.0
-34396.831241767715,1.0
-33681.87015749382,5.0
-31293.79442857491,12.0
-47481.40211875015,2.0
-48608.57716247006,13.0
-45537.421726368746,23.0
-48630.72413084008,6.0
-33993.522433927326,2.0
-40315.90240805724,18.0
-42823.4742265287,7.0
-48771.2783285341,15.0
-40967.43106849536,5.0
-48768.86769294899,20.0
-45418.911702701844,8.0
-30707.745691927776,16.0
-25965.39951765821,22.0
-29896.130330375854,10.0
-45245.9704042676,17.0
-44884.07143837072,19.0
-38741.33609898199,13.0
-40443.06992320063,22.0
-48206.14237102954,9.0
-52122.39914942226,18.0
-44369.28719957857,15.0
-44659.07913001661,22.0
-50095.542270340025,22.0
-36792.59048210579,9.0
-48896.91808233515,20.0
-54443.22933209407,11.0
-37511.166624088946,4.0
-47859.21820465546,21.0
-36939.694542609635,9.0
-49263.850034553754,15.0
-37046.09120950696,14.0
-43812.370944720824,6.0
-33844.61845817877,8.0
-44978.27665196784,23.0
-35840.652388583454,20.0
-47678.65262348261,8.0
-31536.096995793407,12.0
-28757.849392027954,13.0
-38290.33618629365,14.0
-43613.21041300337,8.0
-32310.49500467923,11.0
-33069.461191229646,3.0
-39011.779639225395,13.0
-46496.145779936895,21.0
-51772.922146494224,13.0
-32134.870995580233,17.0
-29644.410171525597,18.0
-38542.38664958359,23.0
-46173.27060758576,1.0
-33763.297979281495,12.0
-30803.059792030224,4.0
-32988.95825738388,3.0
-48590.91422017271,19.0
-45774.16776354473,21.0
-38561.154078834516,3.0
-32071.34698068761,5.0
-40338.797587855064,3.0
-24849.273504938035,7.0
-54190.091082968866,6.0
-51638.67159565266,23.0
-32324.682916720096,1.0
-31807.89586871979,5.0
-47064.31682979705,13.0
-39388.98668921295,1.0
-54683.14602375675,6.0
-40000.710114814065,23.0
-44876.40586979024,17.0
-40660.405569569,8.0
-36967.69012994504,15.0
-41844.7022806926,1.0
-43627.64625012605,15.0
-38712.28049457347,11.0
-51001.29811599081,4.0
-48139.48642120532,4.0
-46363.23432015986,7.0
-31259.4644001872,7.0
-34406.2125315971,12.0
-52243.47242436692,24.0
-47222.14277613792,18.0
-27396.28450549151,9.0
-46801.51036446901,14.0
-43133.99695971868,17.0
-29698.4650928635,6.0
-39603.36770439301,22.0
-38671.687751844904,2.0
-47302.82169741065,8.0
-39226.657878053,4.0
-41488.76721282541,20.0
-52679.151419381786,13.0
-45226.416838941324,3.0
-36716.99872558129,10.0
-35591.35230101934,24.0
-52376.34119769371,12.0
-50995.15361844827,8.0
-49896.65741733064,12.0
-25010.995301433923,8.0
-37616.065237120965,3.0
-28491.390648973425,6.0
-36894.32954583956,6.0
-39611.99818709332,23.0
-26184.78349744396,23.0
-35859.03114909875,1.0
-48276.41648683361,16.0
-48471.30026883413,10.0
-24235.687672534135,9.0
-36782.03325929647,17.0
-32062.538164497946,1.0
-46746.34804534244,17.0
-46597.76036361002,9.0
-44157.37722280726,2.0
-35806.49976949931,3.0
-39395.30391440697,7.0
-35704.09669235114,17.0
-38503.43681720366,4.0
-48117.67623074019,4.0
-36017.537950461076,22.0
-43971.10739424112,5.0
-32967.88837446066,5.0
-38776.34254081064,2.0
-48548.94728002689,22.0
-55317.61192095849,16.0
-34018.71038275371,23.0
-51474.02539871987,9.0
-48334.575678931986,20.0
-39267.110765756515,10.0
-45623.7255417286,5.0
-45589.33077697734,14.0
-35278.26691768057,13.0
-43116.248832811354,18.0
-40090.37066303067,18.0
-50365.342434753344,9.0
-34198.282271254044,14.0
-39128.27587362257,23.0
-39131.849753541115,23.0
-33870.95447150857,1.0
-52828.94480716353,24.0
-35893.48108316249,19.0
-27566.166622336095,7.0
-31912.014912090843,2.0
-53914.09553844965,12.0
-38861.04599321458,9.0
-39029.31955570722,14.0
-37894.43514274938,3.0
-37962.18948776215,1.0
-35831.15879965007,0.0
-40671.87147852442,20.0
-27520.159009119317,1.0
-48307.95037074669,16.0
-37564.69877194128,4.0
-28286.80025005924,5.0
-47155.571465465175,13.0
-48453.18041103134,16.0
-40833.032295832614,6.0
-27245.776121280804,18.0
-38522.843259122645,21.0
-48893.011392758206,13.0
-34422.6834980031,16.0
-40618.50107973562,13.0
-37574.40065877962,14.0
-42995.49160801641,6.0
-38123.764597602625,0.0
-28186.34333429703,21.0
-27531.086462228854,20.0
-43030.42470977772,10.0
-35486.011515696155,3.0
-47418.296021870505,2.0
-42531.97742900663,14.0
-44221.4356859848,19.0
-28903.133489543765,0.0
-34284.2284948981,8.0
-24915.680373188,4.0
-38487.354680716526,0.0
-31902.609454671972,8.0
-48117.635894153485,9.0
-36783.048678066,8.0
-47024.3837867762,22.0
-43848.172578661455,13.0
-44178.890222177004,17.0
-34420.07542434882,11.0
-37327.49069912937,20.0
-36859.198453077646,6.0
-27128.06634194184,13.0
-31806.670357188792,22.0
-48401.72291983111,22.0
-29165.807025488273,5.0
-49758.45143866495,7.0
-26930.943816093815,16.0
-39991.055751377295,10.0
-44298.49411514804,21.0
-38112.86890729773,13.0
-42873.21267806455,8.0
-23925.162373364175,23.0
-32656.773821954957,8.0
-35927.53795276253,11.0
-46996.77260675398,3.0
-55587.426689012456,5.0
-29659.03900325927,9.0
-33009.99628235995,13.0
-40292.67728250415,5.0
-25888.883388424398,9.0
-35011.87064442511,16.0
-39367.97408082017,1.0
-38683.20535726342,18.0
-51974.57849082268,7.0
-34398.37685541832,17.0
-27258.52346203726,16.0
-33315.50141082221,6.0
-37214.12755440988,7.0
-29158.68561705904,18.0
-51034.26915349539,3.0
-35251.23653891081,7.0
-31177.732287491875,21.0
-26005.395435590366,19.0
-50414.935905266575,20.0
-49570.04277732876,12.0
-28523.370304910357,5.0
-44176.72705308899,9.0
-34520.53060340998,8.0
-26571.912271885987,8.0
-25352.190260830983,15.0
-37672.64670789986,20.0
-29644.018177815557,20.0
-44183.15498526844,1.0
-37326.66632507711,12.0
-37808.139017794034,17.0
-47376.36239374011,20.0
-47222.232760231906,18.0
-45268.61485416016,23.0
-44501.64579343286,20.0
-35365.18062932214,12.0
-49981.87839401024,2.0
-33825.228952565565,16.0
-30300.542403575928,19.0
-32971.2315900177,16.0
-53894.13878897237,18.0
-38934.91609432716,19.0
-41223.00949149116,18.0
-29631.13053027792,2.0
-44132.655539193365,23.0
-28356.26532799199,8.0
-46052.47501719157,9.0
-47175.59973078202,10.0
-43684.831124642245,8.0
-35088.45844252033,24.0
-26314.35614894297,7.0
-43167.391642098795,14.0
-52891.34511784295,4.0
-45656.07805431854,24.0
-35022.67293326109,12.0
-40182.12277541799,2.0
-41046.766493481344,19.0
-51841.960720363815,17.0
-43829.577964224445,8.0
-48991.72209149801,8.0
-25553.686088950184,21.0
-47647.968916872785,17.0
-47039.88145019585,9.0
-23555.611040027576,15.0
-44179.61678704333,16.0
-42915.9872848402,1.0
-36874.48154964116,24.0
-29543.573496323006,15.0
-34026.75461015719,14.0
-25503.89768554131,15.0
-40786.23392724103,18.0
-47092.80104290694,16.0
-53351.28764943322,9.0
-51839.12641084261,20.0
-43172.474065835835,10.0
-44181.08357912834,8.0
-50107.54734530172,2.0
-47767.22167658664,3.0
-34624.5342782407,10.0
-40112.530341914804,19.0
-46712.518840722296,17.0
-27322.165541790462,0.0
-50955.69550117326,18.0
-27869.05157589598,14.0
-41220.340682920105,6.0
-40844.48530301201,17.0
-37734.90297313957,8.0
-29961.084646658815,23.0
-45274.54773557489,15.0
-38920.40323197102,9.0
-39545.6027173715,18.0
-44408.16137684634,8.0
-47606.96684226453,4.0
-38054.003871303314,7.0
-52908.88302926363,15.0
-38771.71312757293,13.0
-30082.3875783527,5.0
-46428.06073938231,22.0
-37769.75058114677,13.0
-32433.739601597485,15.0
-43185.52561802208,4.0
-43076.72996918504,17.0
-26277.89036984942,7.0
-29450.618776136802,18.0
-29139.23314002219,15.0
-27296.825887547195,3.0
-38600.49872258335,15.0
-45663.9153485687,18.0
-30871.342564375485,10.0
-43783.95673829607,21.0
-43782.816503346316,14.0
-48037.485022237764,12.0
-44194.167311614074,7.0
-37686.7114097859,15.0
-27884.080541828658,23.0
-28033.956096450238,5.0
-29917.348494255148,0.0
-34229.24695151513,18.0
-33750.19176033595,5.0
-27044.00023285254,6.0
-32812.75590998216,2.0
-34045.51261628957,8.0
-28154.059019264354,1.0
-44951.865152210004,3.0
-47047.01110915301,20.0
-39722.90909725377,21.0
-41898.77014484559,23.0
-51563.84180161683,9.0
-36115.564977477334,11.0
-49002.28449619467,12.0
-53419.31220836261,11.0
-39181.72811635838,20.0
-32358.073170548985,8.0
-48766.13225652933,12.0
-41812.66788925177,11.0
-42751.16988341024,21.0
-55426.39056219188,12.0
-35176.47978539545,8.0
-47880.67633702913,11.0
-47486.06313699629,12.0
-34717.73738215192,2.0
-46679.165514315275,2.0
-25392.288314552923,6.0
-38038.22707231449,14.0
-35223.847652094526,22.0
-37110.71431864369,2.0
-35757.92971145776,0.0
-28093.336135758444,5.0
-30058.221891629604,4.0
-36284.46100020909,1.0
-34348.11727486603,4.0
-27388.09249403224,9.0
-33779.242988214384,16.0
-32532.06305923344,12.0
-43712.93162757737,21.0
-46659.86811172411,7.0
-42435.49848675186,16.0
-44086.69859011002,16.0
-40911.06899356767,0.0
-39663.1096676804,14.0
-32899.753385036696,5.0
-47980.699632607655,16.0
-35183.840579742326,13.0
-52659.48525697309,10.0
-27368.07097277141,6.0
-37489.13501136824,14.0
-48716.15829173624,12.0
-33911.21205972865,6.0
-35732.529454719115,1.0
-40067.64526799265,4.0
-46179.56595744331,3.0
-50324.44859663136,5.0
-50588.91979583117,15.0
-50368.029652226585,22.0
-46368.6387454781,23.0
-52749.022341932534,13.0
-46783.114015151106,8.0
-34678.63511298455,21.0
-41288.041743511014,9.0
-48963.472744543484,13.0
-47935.74475943791,1.0
-50227.96029850782,1.0
-44394.37788273863,7.0
-29127.190866446675,20.0
-34512.745535214635,15.0
-27076.895252446604,11.0
-43278.54393182241,0.0
-24519.802886397094,1.0
-30055.80630809038,6.0
-45689.151085440535,8.0
-28404.980148842827,12.0
-32285.82747932295,1.0
-46415.040449545915,22.0
-45883.756320138324,18.0
-41572.12238289117,4.0
-48635.77438418417,5.0
-24846.441034734144,9.0
-51023.59817945703,13.0
-48438.344323693425,2.0
-34591.99676479387,14.0
-27292.969025154638,4.0
-55328.165690578506,10.0
-34103.33017287682,14.0
-37573.71734969094,1.0
-40829.70474547222,3.0
-25100.1492109232,18.0
-26095.345423122708,19.0
-35376.33631965407,22.0
-50412.93147545686,11.0
-48221.194187402376,10.0
-45201.47892143973,14.0
-49159.223764674505,14.0
-25785.180458451523,8.0
-36984.486708565055,12.0
-33582.412343532,0.0
-47156.52131015572,14.0
-39658.938278316564,9.0
-28809.830562268588,5.0
-36922.97813447177,11.0
-54497.34645039012,7.0
-42677.571833566166,1.0
-27852.90679462753,24.0
-33327.884871204806,20.0
-34184.92209957942,15.0
-46595.87027956758,21.0
-38966.93593561226,20.0
-45225.83529415988,13.0
-44686.668909651155,23.0
-41958.667277025015,4.0
-44546.443090206325,3.0
-47697.05629134105,0.0
-33028.55255334247,11.0
-43787.32090468089,11.0
-49457.77331626068,13.0
-37662.17002130359,21.0
-45293.10884478022,10.0
-40585.52517683174,11.0
-49187.37659932347,12.0
-44219.81244656434,0.0
-46871.52912926325,8.0
-49764.10310134698,8.0
-44688.21826123294,4.0
-39745.66161240366,14.0
-51907.52962390631,7.0
-26440.744885289012,1.0
-36503.770388484605,5.0
-36471.80749948681,13.0
-26394.716124568815,5.0
-51346.859261175996,3.0
-42152.42058874326,10.0
-39908.900335629,10.0
-46358.5595095434,3.0
-28268.283044488362,22.0
-38779.719802497384,10.0
-24498.910363899537,10.0
-48679.98640503224,3.0
-45694.9647056225,1.0
-48429.75534032064,13.0
-37333.36849658622,20.0
-43585.36647425077,5.0
-36421.98627303685,6.0
-46948.72673505297,23.0
-28876.691946933686,19.0
-41041.78318673236,4.0
-47829.05324435528,14.0
-52012.92712497538,16.0
-25192.255642931206,11.0
-46741.72856389338,9.0
-36975.63921119353,20.0
-40526.03624785597,0.0
-37481.634928725245,2.0
-38499.77394692292,17.0
-27156.630937398022,23.0
-42458.46663738358,9.0
-42874.46401818456,17.0
-39678.104706081984,7.0
-28151.946630584524,23.0
-37934.67984507467,18.0
-30958.505590860415,1.0
-38213.069993915655,13.0
-25384.31009447847,20.0
-29166.32177553942,13.0
-30398.823792317075,7.0
-44605.18679086008,4.0
-35057.44096463681,12.0
-34565.310745105766,4.0
-41849.91101041654,22.0
-52741.08130070861,22.0
-55305.827568512,17.0
-39156.387217863,9.0
-35912.911944975065,14.0
-33033.49087832921,22.0
-24887.22740122001,15.0
-28208.054611885305,4.0
-28126.710146328758,4.0
-49901.41573708592,11.0
-37596.930241784896,8.0
-34636.31865178841,14.0
-50866.88521786563,19.0
-28064.192104216047,19.0
-26413.042669642564,13.0
-32958.46429830528,2.0
-47610.46498915697,8.0
-54347.54523037809,3.0
-52535.87500620088,16.0
-31696.360438832435,20.0
-43549.90393052037,9.0
-29500.489084093708,1.0
-36744.51055901137,14.0
-27573.612225664045,11.0
-32289.77083825747,12.0
-36059.59501784089,7.0
-28387.07227849421,8.0
-35928.34725599658,6.0
-38501.824460708725,9.0
-32851.371333848336,21.0
-30091.06632813588,2.0
-39917.48677697012,20.0
-43334.227951522524,12.0
-52048.5438225051,21.0
-39624.33755994296,7.0
-38146.7738553499,7.0
-46688.849550234576,23.0
-56088.00818810934,6.0
-41125.46901674974,12.0
-36020.25114516472,1.0
-50909.724835984285,21.0
-27275.00678170089,1.0
-48099.828472916124,16.0
-29366.10763094117,14.0
-24899.23091712993,5.0
-51604.54067641494,3.0
-52612.37850084381,8.0
-30900.61190018191,1.0
-48068.03517313607,6.0
-49476.94762315857,18.0
-44372.53635492096,9.0
-45126.24204506541,16.0
-28627.663781448337,8.0
-54206.93376368454,10.0
-37449.14216243655,2.0
-45459.370227125706,6.0
-40950.54498561693,12.0
-27993.554533099086,4.0
-42119.064439208705,11.0
-46639.09158117577,4.0
-51506.6987846062,0.0
-30475.506326838924,9.0
-43205.67763318072,13.0
-46582.4687374373,8.0
-53214.418693039835,5.0
-35826.59124330985,11.0
-44685.461793281196,15.0
-38744.39862272797,3.0
-48873.92946317921,5.0
-34844.45610742177,23.0
-43349.576796508496,22.0
-36957.286398050775,20.0
-47501.854208158235,3.0
-42792.10074248463,11.0
-35357.80699746375,6.0
-32108.996614195337,6.0
-47073.71296778458,14.0
-26928.4667995297,7.0
-28415.961499219262,13.0
-54835.291571883776,16.0
-43556.04129313372,2.0
-30678.777351769757,1.0
-51945.66304668831,10.0
-50394.078534540575,9.0
-42209.20568295995,17.0
-35738.915304038026,17.0
-42899.60318647408,14.0
-43135.446968983684,5.0
-39786.57274090717,10.0
-35762.99710251742,21.0
-45757.20219031483,17.0
-37958.30639824717,12.0
-44329.64427141729,14.0
-36259.14730809214,19.0
-37519.98058688695,19.0
-48340.030705368816,20.0
-35324.228579408635,6.0
-25865.555317837563,21.0
-47528.938403746804,22.0
-28903.607992539502,23.0
-36266.05899684583,5.0
-44613.37097553404,4.0
-45564.8216829922,20.0
-51069.418814742734,17.0
-48160.07412378349,11.0
-33509.16370745096,3.0
-35785.0626451647,12.0
-44192.43032031135,23.0
-41954.07695046003,20.0
-36819.760088423165,22.0
-43906.57841596824,24.0
-54099.537159353,2.0
-36641.54784297107,0.0
-48792.447854158,4.0
-54662.000963605475,11.0
-28046.978612606465,20.0
-46833.15933271637,10.0
-29873.161343080334,5.0
