sal_9_lc2vs0_iate,empl_x0
7870.874531802361,41.0
12888.31944530725,19.0
533.8423601638247,65.0
-1375.4042867302223,58.0
2326.3934122477795,60.0
2189.1032991588672,72.0
6308.470549369706,35.0
7422.200161121675,48.0
2768.0959296571223,86.0
5783.8232725536645,68.0
-6503.029360579615,95.0
5259.368196432813,28.0
4258.426784341282,72.0
7442.142983665517,54.0
11407.064320834663,35.0
-1510.5974733271523,89.0
4786.14573972855,46.0
268.30291500480166,100.0
2812.513305606575,90.0
-14299.216998691398,77.0
3938.7411709633507,44.0
9903.44204291061,56.0
-468.4642055409872,98.0
1014.4725232456653,42.0
3490.897808633712,63.0
-990.3984104745596,50.0
-3846.847991681563,92.0
485.3361923592811,38.0
10165.330203671287,36.0
-2799.1980315123214,103.0
11917.406228366232,58.0
618.9191795214319,70.0
10810.338397599466,65.0
4113.437234271604,53.0
7502.008570958751,70.0
-520.5007288973543,78.0
8497.136296901012,61.0
3131.4967945946546,94.0
-3894.2167515392657,71.0
10345.932455492191,79.0
8109.94983462007,45.0
690.9116503369569,80.0
11306.908387927857,60.0
10928.188097720822,78.0
-7337.3799809622815,64.0
3026.654833039015,91.0
-3217.6829752884587,106.0
4691.455642526189,41.0
9828.21458093688,71.0
4783.484859219515,70.0
10922.347453858445,32.0
5038.277976958489,62.0
5364.634809299793,68.0
3858.4404426667506,47.0
-1887.9457014265129,105.0
7727.857015203586,25.0
-7451.419736903625,47.0
3144.751606235801,67.0
8544.08065323127,62.0
1473.3046484063984,28.0
286.29846981384026,53.0
4298.421442218057,66.0
1449.7054672341178,97.0
2458.0215681235823,79.0
5939.140853150055,105.0
8188.651597377383,17.0
-1372.7021021247883,65.0
7066.150737845894,81.0
8803.63143310327,78.0
10679.729853334135,66.0
1758.6255096828081,91.0
-3623.536330502402,71.0
9521.298228434054,56.0
-2659.213659020679,61.0
1967.8643507951167,37.0
9877.034288757308,57.0
6898.648807185147,72.0
-1569.7050754635648,97.0
-2376.735042950808,98.0
-8544.735303795649,109.0
7165.6263531346785,48.0
-317.21542523743256,82.0
6737.147800886679,50.0
9612.428422419647,49.0
12191.632820418617,92.0
11340.004034195721,54.0
5728.328925326718,51.0
-2174.6386915408552,87.0
1283.1444527377867,77.0
10608.865448603176,85.0
-3799.0736535541346,71.0
553.4506746018251,51.0
2023.901218245027,84.0
7551.769632087734,53.0
4051.4179886735483,46.0
-2934.424393040462,93.0
3214.2508965920197,37.0
3946.2919389520507,89.0
6056.635818602757,47.0
7770.722457303993,61.0
6478.699316412975,83.0
-1379.1351788689124,61.0
2294.4328499923276,63.0
12358.531680560793,54.0
4655.941009856789,49.0
-3891.095425748962,36.0
3932.3828403189636,50.0
9717.157341584574,42.0
-3240.620112561051,70.0
-5082.297162713987,84.0
8486.16743703295,62.0
2151.2009497591944,64.0
-2353.5049108673584,97.0
-2481.7316409909918,73.0
2082.5367536881686,85.0
5706.905711578855,40.0
6264.60368171377,51.0
8824.797762984275,35.0
10014.12434696534,56.0
130.7984595216717,28.0
9860.92061460393,65.0
5442.470261874625,79.0
-9264.433819091653,95.0
-6418.564596752042,75.0
-1091.1936663597508,61.0
8092.033773759564,39.0
-4632.540000564519,65.0
12669.287244286414,72.0
9442.381009430737,41.0
11692.161652937908,59.0
6803.723014819606,43.0
-4646.3824868039055,76.0
6456.761345825918,55.0
6995.265395697818,34.0
10364.520531165175,32.0
-898.1301999556158,70.0
8079.990285306178,63.0
-2340.7204107935295,42.0
-15648.144848932327,69.0
3987.8692227922265,55.0
4294.076758677501,92.0
2426.45816728686,94.0
-2929.9063879332525,90.0
5221.627952668915,91.0
13961.206748710156,88.0
9350.949854775063,94.0
-6207.302938360535,76.0
847.3047072608897,102.0
3071.5896839545544,76.0
11497.734136285257,76.0
-359.86192852488057,53.0
4381.6341810043905,46.0
9667.430174861616,99.0
-14163.136502259995,70.0
6925.729693848232,78.0
2912.9462186780456,61.0
8799.49309072417,89.0
1687.1970148551327,77.0
1579.5260985456862,93.0
10821.926117212988,15.0
-3650.864360540786,54.0
9742.557374548427,40.0
5598.796543119881,40.0
1782.7942411083181,87.0
11611.267291880478,80.0
-2816.382865802292,44.0
12658.261863533058,81.0
-1895.8481207377718,96.0
8085.79388467519,48.0
9388.362409272686,24.0
902.1921831642204,50.0
6152.728202026662,91.0
-1667.2923622197368,49.0
2664.3563911065153,56.0
7379.675199325185,98.0
10033.087680342447,53.0
-734.0312922779672,69.0
4988.045221822715,65.0
-2578.8027878017983,42.0
-88.54371670886894,91.0
4248.150829846614,51.0
4217.4441900113425,54.0
8286.280026774271,45.0
4254.03489024628,36.0
10286.130656572557,39.0
2800.526312900225,76.0
2107.706541563814,62.0
4695.561298385856,30.0
405.31906071623484,111.0
1081.7667769744103,74.0
3219.048556260408,52.0
8844.012827097515,100.0
-1814.6156092333654,55.0
-4349.950143424323,89.0
8600.428360279442,58.0
-4348.452473436277,43.0
1094.5334087371875,78.0
8779.405775839532,38.0
646.5969166610527,76.0
8586.48828095243,70.0
-591.3895231410488,36.0
-4710.763342676901,42.0
445.97040118072346,91.0
4910.516672193606,60.0
2358.6535861024086,65.0
1437.7680200496993,70.0
2938.0790915162033,52.0
-8395.42558829852,75.0
2075.0040578246626,63.0
447.8537311745897,87.0
-3228.10935406902,116.0
4427.383271852273,80.0
-7114.979890831337,85.0
7061.143144535831,73.0
1837.025012795198,55.0
912.6396636893437,81.0
1228.0278277566842,71.0
6267.617815736813,100.0
2736.739644792202,44.0
-5951.172459112926,55.0
8013.004725660968,80.0
4358.499729113306,90.0
5107.276689878872,92.0
-1709.91859457987,110.0
13562.532573477352,103.0
-3626.4364851539804,87.0
2598.1548161940045,79.0
-3849.8413448959573,78.0
7453.781889706179,46.0
7564.455888839402,45.0
5791.688411646293,79.0
6422.079073618835,63.0
-1855.2433382563038,49.0
8854.821233659899,55.0
6627.012596508385,44.0
1647.8078231043278,79.0
3004.627197632879,25.0
6767.102917607672,71.0
599.3993622044272,103.0
-2948.788990907171,91.0
-10610.134833129052,62.0
-12486.235606336471,65.0
825.4345819751421,42.0
4593.216866175602,69.0
7486.159727045606,61.0
7768.15059486403,64.0
-3743.6302885721007,61.0
-3255.5564362951436,33.0
-101.576803156614,92.0
-11125.815826590193,65.0
6640.454592255233,24.0
10341.259449452053,60.0
5254.6731130865055,36.0
3021.024045288131,64.0
-6622.319763715014,82.0
107.9577669402197,48.0
-5492.275165096437,49.0
3883.5587262395256,89.0
-17132.95817254939,58.0
-385.88773943750505,54.0
-8708.68287159834,85.0
-9587.643172010658,86.0
-1015.6166305906584,98.0
6622.65426213088,64.0
-7039.103446531207,59.0
1977.13664839407,44.0
3206.5567947331588,83.0
6234.464792634398,61.0
2278.2618811639622,63.0
-4026.706499265395,66.0
-9354.102639877885,73.0
6290.125140542137,80.0
3769.802361055005,74.0
7306.104691650574,91.0
1009.7633973574066,69.0
4064.1456193617455,58.0
4208.64567745402,86.0
166.5913755936681,50.0
5547.241532457251,86.0
5687.537444276869,12.0
12950.826165410694,37.0
2388.7904644238474,85.0
10457.592080076436,61.0
-2278.919831186781,96.0
3425.8591219335894,61.0
2155.783852498874,72.0
-1050.2012872945024,107.0
-4137.53023152539,74.0
5132.981157804387,74.0
5011.833629560185,52.0
4713.166198328322,50.0
6633.33383618529,75.0
-6140.454725876486,68.0
6179.887043983199,100.0
-3136.243753914065,83.0
4203.178224778611,82.0
2486.3580113204252,69.0
-168.76873663659472,55.0
10277.8911561125,36.0
9627.137941586092,43.0
1843.0526964100554,111.0
8674.499347313238,22.0
-4291.134208485231,90.0
-1238.029732093448,66.0
12402.830455325166,27.0
3018.57986356874,42.0
-3401.817610309489,64.0
1762.0342296534554,48.0
9760.203950260553,52.0
1234.9742420686553,70.0
8061.920553598784,47.0
11426.364749803164,84.0
-335.34992335410425,69.0
7033.492805924079,83.0
1646.6492415625949,68.0
-257.02165328480623,73.0
7286.837308302045,90.0
4671.046364566131,53.0
5524.095966959542,97.0
3849.658501719271,67.0
6581.3281194814035,56.0
5660.280355349745,61.0
-2233.3944070050848,52.0
5796.934012230024,96.0
4552.2807498577495,63.0
2163.515396257905,100.0
757.7751206028806,24.0
1370.9311252489679,47.0
4153.700651510756,69.0
1725.411344048288,75.0
6863.218321142772,59.0
8627.352708122322,58.0
2597.931366029754,109.0
-5703.033390866659,83.0
7131.892140800191,43.0
7584.245618730811,74.0
-2094.3701939378507,87.0
8161.852114336906,59.0
6052.314958352934,77.0
6644.30204821147,69.0
365.14567465214986,114.0
5474.487923245162,87.0
-10197.858831467975,48.0
5001.931065135403,69.0
7648.794127154765,95.0
7697.560333101914,77.0
3738.226035889659,105.0
7438.680295060855,43.0
-2166.985631533952,81.0
7973.671032119375,87.0
2638.2851422709277,41.0
8012.620696209714,55.0
7862.376184380142,76.0
7923.886195532081,71.0
-5133.170626862674,112.0
7616.134157714951,78.0
-1694.4300711423239,71.0
-2539.756301217126,51.0
5789.306105155324,78.0
10304.076840908467,72.0
7293.839570699639,37.0
-981.8655237410348,75.0
-1837.4045308119441,70.0
4435.131187108322,55.0
5399.157004214531,74.0
9322.10902383857,69.0
-5378.428120092788,59.0
1510.3248460738723,61.0
-7134.543017663168,61.0
7557.746982546943,57.0
1073.8257809821616,55.0
4383.621261960077,50.0
1776.063110741462,77.0
880.5784028497657,85.0
7708.8465856034745,62.0
-714.6611115074325,100.0
-4720.225955216658,55.0
-1223.8412688219823,79.0
5162.4871166762,81.0
11768.651548513684,79.0
8482.326871732203,91.0
7840.472332725632,49.0
5110.969870191337,88.0
8838.449301911194,60.0
379.6873938893764,93.0
3621.308467682235,51.0
9075.495236440027,86.0
7893.690640923687,76.0
1829.7752807416323,97.0
6139.319915369183,74.0
-15180.413717905183,83.0
3609.0018734331034,58.0
-3154.6815725524357,94.0
-5994.727250478087,54.0
2844.6925047670443,91.0
4600.048661079143,88.0
3256.1980690204255,92.0
198.16285866176258,99.0
-4226.213555725401,94.0
7596.570348662116,44.0
4242.909964817163,76.0
8840.790176743421,97.0
8010.725185158979,60.0
-612.2265656447203,90.0
7324.426997175932,56.0
4764.4725153923155,68.0
6739.580235152256,50.0
8779.211184579966,40.0
12534.87826347582,39.0
11732.441604941872,41.0
1791.6434456494717,104.0
-4930.588928986512,107.0
-4904.461721309304,83.0
5973.855663042642,31.0
5937.335360127501,70.0
9023.402312419139,52.0
5303.653756920917,56.0
5923.800122758806,89.0
11576.2231022007,48.0
5867.412374429197,55.0
10035.381593086036,86.0
-3209.3262813560914,118.0
10066.283147852133,103.0
7304.346291686832,45.0
12169.527573277033,30.0
10807.983229014982,68.0
-1913.455815831222,53.0
1138.6869908746394,94.0
6859.0624309827535,55.0
7981.122261145864,56.0
7853.306864951458,67.0
8848.834124217816,57.0
2027.015888471603,85.0
3508.476517449526,54.0
5764.306244784549,100.0
6801.346306756201,73.0
-1301.819631511994,54.0
-8204.512501456902,70.0
-8037.224622554047,46.0
5902.896121882072,53.0
4003.7667692258883,68.0
1638.8274615453624,76.0
3428.370988527944,54.0
4800.713622867146,58.0
9083.410312611835,46.0
10317.777448672032,42.0
533.1519730381026,93.0
7592.189732671208,87.0
-12175.776941978886,80.0
9811.254508362359,89.0
6787.677512245136,97.0
8959.595572281673,42.0
6147.290997484884,74.0
5280.988330357989,54.0
5883.394607613382,59.0
2550.179149284324,72.0
645.227512687007,90.0
10640.943773534953,90.0
-8730.454428324392,88.0
1375.793694147283,71.0
-1398.1824017870986,98.0
5442.4572623871645,69.0
4419.6531689234325,60.0
256.16093826872134,43.0
466.8846618395212,65.0
11120.882222275799,44.0
6003.601611632139,70.0
-996.9127042892319,53.0
7143.96799494024,40.0
-2487.278494693363,81.0
8765.600866420542,54.0
5644.432730170953,69.0
9355.304827865948,42.0
4029.4132224471914,82.0
-489.5105723165948,73.0
2017.7233972829586,53.0
-7100.867888760237,69.0
1512.9011787955142,80.0
2211.791149651113,66.0
911.7108515466484,24.0
10361.3645195336,52.0
9366.379279082017,68.0
10144.69154568697,66.0
10554.32308529356,76.0
-539.9117939702337,62.0
4265.465032892148,53.0
1760.254722121685,55.0
798.1251138348471,41.0
-557.3689579273148,62.0
-5418.374213069819,50.0
8241.300813062433,78.0
10006.665811342245,53.0
4948.026851353385,51.0
3751.6813927118683,84.0
4199.375361507302,72.0
10977.14088791425,74.0
-1330.9889655810439,67.0
8821.09200772477,82.0
7918.770199357779,89.0
1678.7831621124797,94.0
8771.913327770746,42.0
6252.632167885389,89.0
5498.915790407213,107.0
-847.0225702822172,62.0
10188.99940305593,41.0
9858.758614875816,57.0
5293.177396328278,79.0
7961.7085898122605,95.0
4909.033683786331,44.0
-8628.9902786212,40.0
4045.7298784221193,67.0
10222.582381967173,52.0
10134.244804418313,50.0
3720.5470399477535,83.0
4496.81524916816,48.0
6767.368514144905,53.0
4562.751507234022,108.0
6374.511275784063,76.0
-7365.808284234165,66.0
-8229.476578281767,55.0
-6033.734966664933,68.0
-2090.111449962241,72.0
6746.107723882704,82.0
8144.046151210025,49.0
68.84956425297037,101.0
-3396.146422142173,86.0
-8049.25708939562,104.0
7484.101726266375,63.0
-1706.0940385586237,57.0
-5811.354282773796,59.0
3473.871891335042,80.0
-11057.94131976431,100.0
11543.718769246274,36.0
441.26203925841503,81.0
1257.5326366164122,65.0
11747.554586240818,81.0
8196.733589845877,99.0
636.056477553288,101.0
2750.054110710931,96.0
-3903.465878834603,88.0
9848.174930247718,47.0
8815.607287910305,52.0
11344.832666547614,33.0
2325.7245502823152,85.0
7557.271987256354,54.0
-128.30325993345127,82.0
6803.189821995554,91.0
3376.958799090687,91.0
7113.817377170891,71.0
1496.9968339396592,45.0
-2223.540468516154,90.0
63.09280558359069,81.0
735.7876967782272,56.0
7402.7212212647555,87.0
3848.9641849880477,60.0
4440.481934083786,82.0
-4459.03154519824,92.0
2491.4850241025315,84.0
752.6244841736916,86.0
6101.703685982746,64.0
7612.602916230624,89.0
1972.7145024645658,36.0
-5285.991394956862,66.0
-7817.148993454504,97.0
4116.386124923734,78.0
2486.74487590603,101.0
2421.401970006581,52.0
5237.110828398152,57.0
1101.6651356955194,80.0
8113.815485678634,101.0
7949.166201073649,48.0
118.64955240486734,56.0
-390.7984437503769,115.0
-2084.981488940757,62.0
4840.984996397909,58.0
2194.496752461732,69.0
-2426.3281631602213,95.0
4837.453971987294,53.0
5977.91380800121,68.0
-7716.538405631487,77.0
525.0137584337149,61.0
-9954.214332750047,80.0
-10573.36465473457,68.0
7805.779553398753,47.0
3611.7233721341054,75.0
-1319.6197148880556,74.0
10835.942015568442,53.0
1316.6599312662515,51.0
8306.699383161053,75.0
5166.546397588134,46.0
12626.774754528167,83.0
3331.007343457454,63.0
-3521.3991082855387,63.0
4322.657380268665,88.0
8041.8808526715675,43.0
9340.024608499969,69.0
5494.846368641456,61.0
-5003.800222786331,114.0
9483.614345526978,66.0
7570.901750501706,51.0
-13745.139298925238,76.0
7031.3097351667875,48.0
-8754.182010925499,74.0
2296.701811821965,62.0
143.81162062949898,90.0
4863.269469922932,110.0
-1792.579126354028,69.0
3530.672477036299,50.0
9384.83801009839,62.0
-1503.2032250573266,45.0
-1750.3888878275425,113.0
-3270.4229866704413,60.0
10612.635867524057,77.0
-7651.228726613392,45.0
-7543.351069500451,67.0
-7025.189140831229,68.0
1865.5627613234724,86.0
8118.353617279467,82.0
2980.213307614784,86.0
2563.4794020395066,86.0
-3633.2679980676035,66.0
9431.06974209489,47.0
-462.71303302759134,78.0
3505.6930915461035,34.0
7938.586371671149,33.0
-599.2612171488063,77.0
-6491.5461313652395,68.0
6596.696182573527,45.0
-2343.972031184966,64.0
5227.127631186523,42.0
-6825.389744448531,57.0
5643.952166709545,69.0
8670.499078399715,35.0
-1499.5112427747508,71.0
4532.879761540164,75.0
6293.004415278159,48.0
-10607.360112733842,98.0
2145.2883118635427,57.0
-3189.0440821654593,83.0
1172.3757970068498,42.0
-2251.1432403789295,90.0
4957.150229012383,45.0
-285.9864105863444,114.0
8247.61721025116,81.0
-347.46289497616885,62.0
6918.286791653705,84.0
-3616.797161937983,91.0
5360.933516591576,95.0
4426.375705858833,114.0
3960.1802001834917,54.0
5757.325443430417,78.0
-1468.9436298139665,74.0
99.32706801497966,92.0
1341.432611426163,95.0
1333.7270507718247,74.0
-2923.969749896511,49.0
-1780.2441788366032,95.0
-3025.5813393877834,48.0
1588.9584639719187,108.0
-4096.790486523489,49.0
8962.310123393932,101.0
11652.115299761383,57.0
7341.956635711435,38.0
6837.769546615944,53.0
10456.795593623145,75.0
683.0428804403837,99.0
3084.963100918863,39.0
7909.395984746789,57.0
6694.154700145567,92.0
8931.533639371066,49.0
2126.1524603084854,84.0
9367.273088207252,61.0
10578.005785747242,101.0
6606.632894940202,77.0
4887.676669226196,17.0
6679.970137853929,93.0
6443.852611636377,80.0
5867.522517952984,57.0
6907.519937853284,93.0
8901.57057954952,77.0
-1378.908800950929,39.0
-8426.776133952706,62.0
6361.316178803352,59.0
8387.756425324063,90.0
11294.161026968906,32.0
5793.262108045844,20.0
574.0928844876307,100.0
6595.377122218582,39.0
7413.07390734748,102.0
-2620.703857915323,84.0
5820.318216401676,64.0
1285.87044333728,71.0
5384.914356070715,55.0
6113.004379028457,81.0
6376.126255143714,59.0
-2794.5531350597967,49.0
4997.618600213806,59.0
-1865.2277811921058,80.0
5512.0545780583025,92.0
-10280.525701497889,54.0
11444.08412102993,42.0
-3495.3987975583996,63.0
6236.467761541324,81.0
6753.010801413405,63.0
7310.242339011534,79.0
5296.123801202525,68.0
6100.821550221544,65.0
772.2916441344323,62.0
-2134.8460354547574,111.0
-1276.1739024293895,67.0
826.6269012933462,104.0
5442.047354529875,89.0
10916.256870837798,52.0
-439.7787327028964,97.0
-764.2711035744933,91.0
-8616.810252457315,61.0
3702.9162556692804,92.0
1729.7829864292303,95.0
3261.317144730896,94.0
-3453.8980892407635,44.0
5917.946022266895,90.0
4947.323345749523,52.0
8678.513094235328,63.0
-201.72888074744128,49.0
6388.004855680082,51.0
9315.227443583422,55.0
10175.147142049858,76.0
540.2141237438095,65.0
9595.500257892156,84.0
5482.810443903759,51.0
-1592.0798931626055,112.0
5209.307732611316,80.0
5030.252807751156,99.0
425.99311732361,73.0
8215.902755172916,49.0
5345.423981561598,72.0
-14261.492035198507,69.0
7472.426365351713,92.0
3161.2823340528967,94.0
11831.869723385025,94.0
3612.3103299276827,74.0
-3563.3274131280223,62.0
7521.175615337396,60.0
8692.762495183444,74.0
2435.3288976046515,96.0
9210.63517582358,41.0
-993.8764395534854,80.0
-13744.385584312815,94.0
4211.654651849374,77.0
8266.431733150363,72.0
9537.294876467302,66.0
2536.678035346781,100.0
7157.138589078487,51.0
6336.7469144876995,63.0
-1482.9334621511125,81.0
7803.294869060412,89.0
-2450.035460065195,63.0
4742.312165128942,49.0
-955.5882734814836,58.0
-7629.011963008126,98.0
7584.05172007163,52.0
7461.345183000747,51.0
3270.1570509677113,104.0
7280.401234640661,56.0
-3445.5471637537166,96.0
738.1628899118623,69.0
4472.5876776666555,96.0
-1296.1244256722198,66.0
-7272.802519730157,75.0
5631.057754227065,44.0
-2170.2492910475858,94.0
4436.32540263082,52.0
747.5027014408624,66.0
1620.8543197449767,46.0
7423.24787851341,46.0
-5633.359696166119,76.0
-529.3632858977498,74.0
10435.098121246547,48.0
6336.878101815897,42.0
4250.8405377386525,90.0
-2914.6761314332844,56.0
-1512.2494228291444,90.0
3503.767199381285,78.0
-2583.5570456793816,97.0
6233.595582382404,72.0
7840.284001309469,47.0
5390.368014021929,37.0
3060.1490003727504,89.0
-1501.7370815460026,63.0
7412.645766471174,81.0
-1598.9256257811585,112.0
2531.151488419143,56.0
412.7302217852033,73.0
-5722.316119008748,85.0
6739.027550750441,111.0
-2265.3052986557236,62.0
5459.27096056787,54.0
5265.595030390693,69.0
6635.093166282931,40.0
10210.109012146666,48.0
3475.133909923804,44.0
-467.14835338145303,35.0
4857.156528414397,87.0
6082.285501474776,71.0
2157.3898942577625,69.0
1307.6691442855495,63.0
4299.168910065301,95.0
-12859.990047542215,90.0
8084.893673837796,56.0
-9636.573860788054,84.0
9936.679255866859,39.0
5178.9234727453295,50.0
3182.300322165287,55.0
3073.7712591475774,55.0
7304.165159163472,26.0
-661.461990710391,48.0
2952.954488281337,75.0
-5144.043551871397,54.0
-807.3536684788719,54.0
9336.833598769117,79.0
10737.341201606656,51.0
8969.348304841733,53.0
8016.7730272249555,56.0
7167.64473992675,27.0
-694.5286412216719,83.0
-3908.9141374187557,60.0
6306.444645885234,58.0
11540.622366214184,65.0
-3839.7007058389245,89.0
375.9033040439872,57.0
6024.31537756072,62.0
9305.648666861307,59.0
8790.421799233787,45.0
3708.085578975093,93.0
10661.521434493568,55.0
-2095.584706647998,107.0
-1075.9156889248065,103.0
8092.120442256817,69.0
8941.626033356251,56.0
-1542.5301627254437,66.0
6722.733335819296,85.0
8419.618352409485,46.0
6728.6988524852995,36.0
911.6085384448093,79.0
8686.344443693884,47.0
-4018.9300965603675,52.0
6915.101350193384,105.0
-12564.102372399597,59.0
208.2670863844943,55.0
9452.810601857771,74.0
-10727.166946535455,70.0
98.54802312702532,96.0
9083.87031539013,70.0
4031.9279310817724,48.0
12405.97253655703,73.0
7383.163215087108,73.0
4083.0999354114247,104.0
-3571.510524554447,103.0
9373.634768008973,74.0
8174.710626549044,27.0
7794.810968341947,56.0
1385.2696769790527,81.0
1486.02342626255,78.0
-2382.5620991998917,63.0
8316.452057230365,95.0
-3993.4045238004305,93.0
4219.41179256795,79.0
-5820.9105937401355,97.0
-787.0963329142123,37.0
4553.511638071194,54.0
1578.1645076603563,72.0
2325.7001147286483,91.0
10589.807838606548,75.0
-129.87210412258764,71.0
-5550.895976341429,42.0
6074.321225027809,46.0
-7093.804637900369,108.0
-3318.169392191491,46.0
-843.9651111486296,68.0
-3818.004491960184,44.0
1824.4369061943153,68.0
-3906.161331825834,72.0
-13015.356966527212,76.0
7462.737192885603,87.0
-4613.435153042711,67.0
-2784.8227340652925,48.0
4725.949521639074,44.0
-2733.5528271681105,94.0
8133.32501146171,22.0
3365.182409795757,52.0
6740.830646282271,87.0
-5562.202482687089,90.0
-9777.536861162202,93.0
5156.516696397491,48.0
-2869.0307691625653,34.0
-2780.8017737384407,102.0
-861.2766105518086,58.0
6293.052155434098,86.0
-6569.333942960429,77.0
-1850.9111484299983,42.0
-300.9584128405513,67.0
141.2262314189038,68.0
7366.3788490853885,90.0
9558.658614646614,89.0
1639.5644342612186,60.0
7602.747859686876,42.0
-2593.9145675151467,63.0
-683.574528662559,54.0
7555.414489527981,71.0
-3180.6747501471773,79.0
1150.483110541502,79.0
1463.6609479084063,42.0
7477.7362624148445,101.0
8411.071128508756,42.0
3501.3146829190514,45.0
2367.230646015867,71.0
8585.034180273764,49.0
8299.84417920899,47.0
-3428.9213249865106,95.0
-83.49489083941353,78.0
-2572.020426711441,51.0
5209.973687934784,49.0
-2261.434783067299,86.0
-4268.921167749748,67.0
8056.118302570063,61.0
575.5435730518084,46.0
5781.877359787493,34.0
2457.342936039252,69.0
5673.513954225896,88.0
10323.666157691841,64.0
10781.845293427277,93.0
-8585.373085554296,59.0
-224.93224738330554,50.0
-3043.7605421867893,58.0
7250.890628723956,84.0
-1109.0148481661631,62.0
-7431.240161901602,59.0
4197.798688064567,71.0
-6313.3842013066715,90.0
-4014.595480692561,54.0
10560.168822511288,79.0
8096.45653495597,69.0
3538.1524740292207,59.0
-3502.395739423414,69.0
1395.1540718537044,47.0
6176.350832442423,48.0
1618.0720067653367,79.0
8394.052776457303,63.0
9836.931904963547,33.0
-685.0013276924101,42.0
673.1415982935996,78.0
11007.341484800745,61.0
9697.624706612803,78.0
6127.3626535479,109.0
-892.7181084003932,80.0
6715.573688555392,65.0
4263.2696637411555,51.0
7300.210353104831,79.0
4894.307442874768,41.0
9998.722467979249,100.0
12957.705808600285,44.0
-7773.645870539382,90.0
4644.700711612129,69.0
9.356958862751526,85.0
6235.565092431672,41.0
12582.436978935124,44.0
13077.197916205672,73.0
6943.885409939224,61.0
8256.85764088067,83.0
-949.5189989297533,97.0
7468.554748106372,58.0
686.8138487063052,102.0
7545.033297288053,45.0
-9622.920761730129,98.0
4279.385493651277,60.0
5268.4344008209555,62.0
11103.452398405532,35.0
2987.1360164546363,57.0
4798.037743558153,38.0
-5499.352310279353,72.0
6431.21513711122,48.0
-511.93850643967835,88.0
5583.349544121156,53.0
8920.011637489997,94.0
3518.6700787102745,77.0
6004.949788128803,35.0
4633.355261597272,70.0
3820.4191679571395,79.0
11330.564545499154,57.0
8439.03591569966,87.0
2770.2694335414826,76.0
3156.2756609403523,62.0
-2410.5355613381016,97.0
4850.630671207248,50.0
-3943.0032259755426,88.0
9503.90066708718,53.0
8599.732970854699,56.0
10309.693273730853,86.0
4034.8751846634727,70.0
5861.364893435321,72.0
9796.325230391976,26.0
1570.013609982006,97.0
-4051.932116744845,111.0
11598.07306079752,89.0
786.9020391519989,54.0
7875.521100470174,71.0
-7532.260463189304,74.0
6932.369230188091,76.0
1183.353864837728,75.0
7646.506488485171,49.0
6848.031146117759,90.0
-2220.4837094546383,69.0
1640.2562828694163,74.0
-1258.5277889178742,73.0
2235.6396919759827,87.0
8317.381619735192,76.0
7587.4851156547775,43.0
-159.0812723433337,91.0
6511.728103059856,59.0
9902.144946335078,47.0
-424.5254289016941,86.0
-3237.6515037714807,92.0
6351.14105501196,43.0
7929.9548372469,96.0
6638.912167406475,63.0
514.3364871574261,98.0
5513.248531585115,90.0
6611.476474020824,71.0
3727.7008979975008,54.0
9198.208324394436,24.0
7641.062159368869,76.0
-12376.320841544151,66.0
9542.078052223133,55.0
3101.612849250637,86.0
3018.9913565328598,99.0
-5976.81382507986,64.0
1319.0541414838372,64.0
3135.0717467745612,95.0
-1990.701011203359,40.0
496.38324582262794,64.0
2581.712469898813,62.0
5094.215721303576,93.0
9285.986659479655,37.0
2870.402069704509,101.0
4684.943626644248,101.0
6858.082481256946,48.0
8986.64210583222,58.0
3655.1865122555873,47.0
7726.527886373298,65.0
6099.137669680003,64.0
7721.189403313698,39.0
-11732.59094804954,62.0
6890.899147286866,90.0
7906.966808654668,53.0
-2233.389666108203,78.0
5034.3131678627815,88.0
-5388.075547989027,86.0
7246.64197035422,76.0
-1567.202382505643,62.0
6430.978825621389,66.0
-3302.9264585999654,89.0
5483.600627614522,79.0
5595.237283814107,69.0
4571.975874911886,77.0
-6069.009734353893,93.0
-3223.3429474773784,65.0
-7375.430544664088,84.0
2264.832664739012,89.0
5828.189166225573,68.0
2510.5407210234807,44.0
8208.150927339246,95.0
5596.533347546168,107.0
3309.0886368679858,78.0
6968.084460676739,36.0
5786.9371550403885,94.0
3176.7002307167495,79.0
3554.583601327978,75.0
4708.404455621016,99.0
9764.415480900143,59.0
2893.96805129069,39.0
2943.4617320509433,93.0
7022.120235531971,83.0
10439.388761281349,44.0
-13147.350110983913,64.0
-2211.467530105881,66.0
-3739.5721980596454,90.0
-590.7733125629643,51.0
6732.900020630864,72.0
7552.240651972272,101.0
6672.211393696879,61.0
1688.572203389108,92.0
6376.843061822243,68.0
9673.498918464127,95.0
-4205.4301920393045,82.0
-317.8210684959204,95.0
3175.0434343545526,43.0
-2241.3432599113785,97.0
-2872.8204508741546,103.0
6280.993331661515,45.0
2584.5557204809757,45.0
-237.64782970845187,54.0
4121.568325054309,31.0
5593.510274729046,68.0
5385.153474121547,86.0
5679.713187115096,42.0
-1290.3465302443499,41.0
-476.188526395468,94.0
11043.355321140429,54.0
9271.112551564285,55.0
10595.448682881011,81.0
-2369.418868216429,48.0
8529.408805729809,99.0
5831.160875092193,32.0
5941.515577228582,76.0
7638.697700750118,58.0
6486.987141063561,70.0
3595.2433616009857,56.0
-6211.742379408768,71.0
585.1323646211789,37.0
1790.4299674324247,56.0
10871.49744152139,39.0
-785.0950209920068,40.0
-12416.348021187909,93.0
-2642.5046646316137,84.0
-3869.7048703223677,90.0
10375.15489755556,54.0
-1315.8481268420255,71.0
-4423.040780784098,76.0
-5521.884152288013,108.0
12437.221332699977,92.0
1705.939265331359,85.0
-1095.9697065200057,88.0
3291.253482969974,56.0
-7289.4302525270805,55.0
-10318.008262584579,83.0
12671.025933186484,56.0
6356.611435957857,70.0
-5384.460638654451,102.0
709.060690351241,104.0
616.892253362751,92.0
-5764.034125007445,57.0
8312.13796992708,41.0
9915.491372113709,74.0
5957.473220552831,101.0
3854.6018991009387,70.0
4659.65069153896,59.0
5510.049098611191,101.0
7791.991455887785,70.0
3349.7748261068236,72.0
7603.15888922801,48.0
-476.9988935787389,92.0
6129.397443893598,38.0
-2787.1217443626692,69.0
5626.414560556408,37.0
11316.379351993535,21.0
-6988.94662562092,74.0
7906.197896011059,62.0
-3227.900631301691,62.0
10185.67098171836,24.0
10132.19527627132,34.0
-2973.212083622727,61.0
5344.5189271266145,37.0
6995.357073070205,74.0
5710.468976498108,59.0
-5624.785169451435,99.0
514.4985167600444,61.0
7655.438788217165,64.0
3879.473500405739,60.0
4288.9169938592295,79.0
4275.214798684028,54.0
4073.8147476019344,71.0
10162.305733397887,53.0
-2020.0877797738028,117.0
-1023.9185574634994,60.0
-597.2448439220261,90.0
8378.485262296219,59.0
4433.368913378938,68.0
-11970.940565322813,61.0
2975.4536417134595,72.0
-4908.216583507853,117.0
9297.988842934192,19.0
1874.8900758026004,39.0
-3176.4768958547947,88.0
1606.3008744684128,52.0
-5247.404286665739,49.0
5335.433365954419,64.0
7687.614185068156,62.0
2873.009323606795,68.0
6876.470795656776,48.0
5073.971885341777,77.0
-923.1498475527176,24.0
4187.897753191294,93.0
3976.5271169706407,59.0
6822.8297493997325,57.0
3698.9362085475605,84.0
-3981.6804126424854,95.0
-10538.450185400014,97.0
1374.4405517837486,70.0
5598.079302816358,78.0
-7536.415333199374,100.0
11381.560533369284,82.0
9277.848462184673,50.0
3947.41240208434,78.0
10196.52620082671,76.0
-2555.712583032538,38.0
10538.458183641962,77.0
3751.0774872184975,59.0
10366.899038287056,88.0
12752.289743954516,40.0
8827.536641785038,50.0
903.1855491411056,86.0
-4979.228309091555,98.0
4956.95851468401,79.0
11760.03933606726,41.0
-3105.494618877113,75.0
-8074.425538102829,105.0
4962.9114975698,86.0
1216.4578114241049,53.0
5635.91445124958,52.0
11199.754725481505,36.0
-5879.425317481459,65.0
9484.219210523192,56.0
4512.144911341726,57.0
-4679.95824618929,47.0
2499.5888949101854,71.0
-8181.561944067395,82.0
6650.636884039912,51.0
-2393.912640920493,58.0
-9775.567095157203,76.0
3489.6981069619133,77.0
10592.492672791528,47.0
-2271.1383321943526,43.0
5838.6259328184115,76.0
2792.1979194994783,73.0
236.50218345377596,49.0
1901.2938334767437,42.0
1803.9003762982834,89.0
7488.308951885887,83.0
7223.061393884368,61.0
1184.8397860033972,105.0
-3535.055206824931,61.0
-1379.6132998179428,71.0
4985.23318767094,27.0
9027.513618487792,58.0
8589.550722744721,34.0
4322.691747071188,52.0
-5244.880886174699,109.0
5854.210274293101,69.0
-6369.243736237173,78.0
10745.739738132437,74.0
892.9467991678675,82.0
3775.2204557087407,88.0
-5355.761773837159,90.0
-6672.332327393067,106.0
9598.147155824267,78.0
577.2494646656933,66.0
8305.621617046749,40.0
994.4056575066893,93.0
4556.24815605444,61.0
6648.702671166941,48.0
10632.504238984633,95.0
-1929.9112813621414,24.0
9804.26672691523,76.0
-4413.194472164852,86.0
-2188.601927575211,86.0
3855.3460857680793,40.0
-3946.5362082696,88.0
-5137.128169373811,88.0
8813.611698602203,98.0
2784.0165950970336,59.0
-287.7411315665795,96.0
-5320.08421525107,84.0
9898.182734434227,59.0
7970.817629319967,76.0
3893.489001476678,90.0
-3561.8134815946673,114.0
12935.787408519318,77.0
10554.408777136505,99.0
2368.709045325324,80.0
-4673.979819787269,43.0
2865.797529317933,93.0
-6626.248365164229,106.0
6197.770555327826,103.0
8978.388723795633,22.0
1768.8715448918197,88.0
8396.492781558814,71.0
11.482739377884172,89.0
-917.1184739158207,66.0
10180.767368338145,52.0
-1290.9466061078756,66.0
-4270.236520103199,84.0
22.03845284778572,54.0
9605.846007009834,45.0
-211.98747011718206,50.0
9480.83758533727,67.0
-3648.0408930792846,81.0
5619.497555200778,73.0
4249.828761155593,46.0
10476.572751649262,49.0
12700.549593329783,49.0
3657.3447048595435,66.0
8718.676548403144,68.0
1610.2805720293036,118.0
1034.003620035734,92.0
953.6863950828993,107.0
3070.408509310104,74.0
-31.27060371252996,49.0
-2412.763956239928,79.0
9214.115660387699,40.0
-5979.988884605621,64.0
6523.057631267518,98.0
9761.06067454371,73.0
3780.1027925677668,81.0
9789.53082538805,64.0
-1941.617169837014,65.0
6393.170155832695,85.0
3409.451675432263,41.0
8311.075111847527,44.0
-2608.878657199629,78.0
-3290.7447219647934,86.0
4379.201160622222,53.0
3712.081259545779,101.0
5501.653571292316,44.0
-2657.520699332711,47.0
2596.886419753134,70.0
3212.745130762793,84.0
2210.7637355133147,88.0
-1358.5361276476283,59.0
1985.1302541519399,74.0
6137.684233626882,87.0
7531.615757020036,54.0
400.76546136276784,42.0
3718.8215907977965,49.0
8153.521882897749,34.0
-4866.8852428084065,49.0
-2675.6432980954664,75.0
5363.159688281559,60.0
6785.736912410342,94.0
9535.416372079744,54.0
-9844.521015306274,88.0
-1004.5859992332535,89.0
6147.021774148689,91.0
-4925.598627110859,70.0
8644.199977766526,86.0
7948.673912178885,40.0
1878.4741600689495,78.0
10443.422656475537,62.0
9185.584776253208,41.0
1247.3346293287927,72.0
11624.142096678228,79.0
-913.5952114554325,85.0
10636.386340490488,25.0
2519.3687424587592,42.0
-446.3155360964638,63.0
1682.0123015934305,83.0
6175.339257326164,45.0
7550.59414400057,62.0
3203.4567537945695,106.0
191.76946833033315,83.0
12483.563463460347,20.0
-4851.033076786038,80.0
4184.9895595615335,42.0
9721.007692804775,57.0
573.9113632368826,77.0
2387.750286992089,67.0
3966.277936793543,116.0
-3513.3896791146885,77.0
-3410.1798438814126,59.0
10555.815941429128,51.0
-5415.511300554791,53.0
1219.666683157429,33.0
1224.2034329387586,70.0
-4608.805493327658,83.0
-4980.613762094318,101.0
6414.101247389172,64.0
3011.258007602855,54.0
-300.0040472971732,97.0
5926.182538090203,50.0
-1323.176891221713,34.0
5910.989510978103,65.0
-2578.374104542694,47.0
6762.414676173705,55.0
-7721.149858978604,89.0
7166.20231103599,52.0
-10225.63210232215,92.0
6924.484665883118,35.0
-2951.391962469982,87.0
-374.71120103217527,71.0
-40.58431091620332,87.0
5722.917422865323,83.0
11519.4382433739,50.0
10578.511320402115,37.0
11589.27769688919,50.0
-6185.679358643799,60.0
7419.889095869123,45.0
8767.730568580158,62.0
1883.1768360413644,98.0
6954.367993143098,91.0
2990.315222945851,107.0
12116.948709126375,85.0
-497.1295054266384,107.0
8187.100089288901,70.0
-522.2785437334469,99.0
-2049.3275053503426,74.0
-1391.116603905346,66.0
7321.9604796779895,82.0
3421.2094968655447,80.0
1017.1003766639675,64.0
5764.151787124697,37.0
7285.271815437429,40.0
2123.8985489642873,69.0
8969.405413656652,74.0
-1981.7145539193345,56.0
2098.335370461045,57.0
4902.850225152013,93.0
-1141.712442456734,18.0
5731.975863544479,66.0
-2378.5671676055154,91.0
-5885.0088852528115,51.0
4264.407659380649,46.0
2151.607775819924,91.0
3954.4376158461346,80.0
-2778.5720251867906,71.0
5323.722549084892,90.0
-5041.062073722214,88.0
47.300826905469876,71.0
8603.419005206983,62.0
564.0188819534587,42.0
5336.447474006107,103.0
5584.3658637778935,57.0
11418.430464837948,75.0
11763.889019996914,33.0
1053.7876401632295,62.0
9321.211692721008,74.0
5200.596054938943,74.0
1523.6545986065007,89.0
4952.077244834563,68.0
5931.133963977906,68.0
8290.83926251456,60.0
51.66734528207871,71.0
7610.999188826527,83.0
243.27986557850113,60.0
7806.130112429764,76.0
-5556.606068908499,49.0
5020.404617945935,77.0
4913.3039917928445,66.0
4352.944437907047,51.0
-1777.2282778283516,84.0
7271.874966069093,76.0
7750.363598074131,45.0
-9783.340264416915,79.0
-101.74162477762911,102.0
7493.68830828148,69.0
2301.3216437364317,97.0
-5395.883732942808,52.0
-3307.4494223320216,101.0
7953.251309104478,58.0
-1928.0569462296498,49.0
12907.362195312075,78.0
8319.234468717019,55.0
3745.419928541326,76.0
5845.3695834471155,67.0
3838.257336692621,79.0
-2364.1154658699747,75.0
3832.7020290204196,47.0
-1191.6279715684232,95.0
7942.515614597609,71.0
-7128.074530126301,50.0
7908.359511795128,95.0
-3444.9352750089206,92.0
-1366.5424817799421,82.0
3888.095556020556,98.0
5863.346532654499,57.0
4030.3208030860114,53.0
-8110.297800612634,107.0
9885.733481895131,99.0
8165.904097485469,83.0
6306.297717153721,42.0
-14238.261255857473,60.0
4300.917643887331,76.0
617.4806787047271,27.0
2201.00210757831,85.0
-7513.424991517626,70.0
-6594.442848795382,72.0
7833.621245391475,79.0
-5927.3629145273235,99.0
2491.6041026293674,60.0
911.3804463060367,89.0
-4321.911453782515,96.0
-46.12176981189441,60.0
-4029.464145966649,79.0
-2854.136082146971,82.0
820.0789895271737,80.0
-11798.354501791906,40.0
3570.3052471514648,92.0
9070.158673854183,79.0
12480.691070443883,32.0
14378.820767595014,34.0
3108.8951391714563,71.0
-409.41204904925416,60.0
-3583.852586843997,55.0
8073.33783870855,96.0
4094.6636785630885,105.0
11574.316034906713,86.0
9442.082860450164,45.0
3182.2629144193656,43.0
9461.649904822945,36.0
6463.653712228177,70.0
-2352.3993341622718,73.0
1936.5162072108542,86.0
13382.466333403256,74.0
5409.458877628929,84.0
10010.299418865534,59.0
12408.735087945473,59.0
7980.176710969581,81.0
2396.7286004016896,28.0
11351.364207265353,83.0
3658.350493664936,72.0
11717.070900656592,43.0
1926.9599281159246,111.0
-2631.858166146366,69.0
7976.877661087841,97.0
-2286.0977372828793,92.0
9301.755526272605,29.0
-5609.12001593944,95.0
-9831.35304103449,90.0
7736.5409017814045,58.0
4494.6363505456975,52.0
1381.5446323649119,74.0
-113.38443976293752,68.0
-848.9096067340636,65.0
3348.428130823043,50.0
7911.772829671453,87.0
-1951.6158037652904,55.0
6003.393033867932,69.0
5777.5793219633615,107.0
3555.6386374886015,94.0
312.4238927029892,48.0
7326.594113421152,39.0
3343.632717227728,76.0
-691.1861666404884,64.0
426.9380319715633,55.0
4073.383564165668,81.0
693.0167048932872,109.0
11061.80346591445,84.0
7477.432061952826,62.0
-725.323354626945,71.0
3637.6675628518865,91.0
7428.6965442970295,86.0
-2275.6364553400335,85.0
1521.2134977062615,61.0
9409.919736947342,51.0
5598.027948923613,92.0
9652.354670671399,53.0
1805.850119242892,86.0
-1424.6381685470276,61.0
6031.91266078852,60.0
3947.617407928037,62.0
-2290.4282312799205,90.0
10311.411477444526,84.0
11157.583687524413,55.0
-5339.880822936208,100.0
8854.35202686148,72.0
245.04708549941415,67.0
9187.443733541,51.0
9332.222196876286,64.0
-4543.498572766008,87.0
3563.0614272993116,109.0
6319.114537421146,79.0
11378.259947966166,67.0
4455.575286069304,101.0
-8223.173085144048,65.0
3539.7992622234206,80.0
1446.2639920787005,86.0
4167.153233285904,86.0
13.300395416139281,33.0
5241.795213172658,43.0
-7200.183611132742,114.0
-51.514989802056334,63.0
6518.065509455407,79.0
3803.2660461854066,36.0
11150.381271314885,80.0
-5500.283153489845,57.0
-135.5887564173379,94.0
-3118.703770903163,46.0
-3600.6026439580755,76.0
7813.784492861115,48.0
8690.738877325335,16.0
-3474.1900071837467,58.0
-10518.97506803445,60.0
10374.172922684804,57.0
5294.739141088566,75.0
2283.5267227328704,75.0
6280.340485576804,65.0
5896.366364131984,73.0
-1046.0191679840937,70.0
4336.084180156912,57.0
6983.525192038166,64.0
785.1710291331775,97.0
2965.443453424048,54.0
2081.1170925984175,80.0
-683.6213627448492,61.0
10587.865895079032,60.0
7888.549401706325,60.0
7110.1867592575,36.0
4523.658839997457,95.0
-3399.9798589083343,88.0
-3036.2618679156576,9.0
9348.795631676823,47.0
2139.239595103966,81.0
4342.86913736018,35.0
1794.4399236276913,62.0
5155.242979023948,83.0
1767.140556012414,82.0
11032.214555663548,79.0
-7975.575372130017,78.0
1623.6032512276706,82.0
-6088.967733819863,102.0
6427.130188728227,87.0
10151.203213071645,78.0
2270.179145894118,49.0
3034.3375191253604,90.0
4496.241985040721,22.0
-135.38954691092277,51.0
1942.8892088102498,45.0
9976.24854809848,44.0
-2145.0432348027407,73.0
-16459.46761385176,51.0
8721.361559173347,59.0
10396.8998970602,61.0
-6093.307328788111,94.0
-3206.807092708773,69.0
6815.048435324363,46.0
10096.984107058975,63.0
-4214.66345815739,68.0
-4633.6352433698485,64.0
-508.9991849931655,66.0
5888.695903510984,103.0
8173.686474836125,67.0
-10610.32854155754,59.0
-1633.6135280810947,73.0
6995.142189691254,61.0
-391.4572003145122,51.0
6801.606779461726,49.0
5319.736765850961,52.0
9088.952927186969,60.0
8950.859254836723,82.0
10637.964627083305,54.0
8271.15254165281,55.0
3563.1467052403523,61.0
6771.553749545325,72.0
-1742.8647535547407,73.0
4413.6824442109555,63.0
6861.11895185199,65.0
-12054.187356343573,111.0
9822.362996528414,85.0
6020.314579106585,57.0
4285.3164262780665,84.0
10714.53588571765,93.0
-12359.6599238628,91.0
-511.47953754778655,74.0
5808.793786505945,58.0
3315.8551181292205,65.0
-5497.024292212598,75.0
4430.477070817638,91.0
6436.383159774048,75.0
5803.560207999814,76.0
4883.023371882955,94.0
6722.280939372278,95.0
8864.177845988244,69.0
-3174.7061724609475,60.0
1938.04346708919,66.0
-8472.10836314732,105.0
7956.873472157886,73.0
1700.3230869614065,42.0
-115.41576935446164,61.0
5968.771265551755,61.0
1746.0090100275606,75.0
-1815.2356780063144,37.0
6239.219306101015,59.0
-5879.146353297575,50.0
4071.2410562432233,31.0
-497.11155974444773,69.0
7412.804593897925,42.0
2880.5872622100505,89.0
4941.010757479305,66.0
610.7314051263241,69.0
6478.2852381578,56.0
9504.385116521154,65.0
-12441.379575409881,64.0
-9213.986378352205,93.0
-748.2628199104392,90.0
1070.7204889962522,95.0
5290.900671022592,71.0
2663.989773044377,74.0
4296.720385313932,41.0
-3758.985927349149,83.0
-7390.171583860162,87.0
-10545.711784453932,84.0
3079.5520760227887,98.0
5623.420302767315,62.0
8965.26181677033,69.0
13947.833396146443,44.0
-1325.660241142285,98.0
7900.240574588061,73.0
11843.242374052214,36.0
-1673.2286375033177,92.0
3428.4506812213,88.0
6433.1590044110735,103.0
12405.712950777175,58.0
7155.492613554308,65.0
-4601.6755733090995,53.0
12639.703088618444,66.0
7032.065812327628,70.0
6832.6736569782515,83.0
-269.64071510293525,62.0
7095.444419788411,58.0
10282.274688069245,35.0
11709.861214916853,23.0
5631.974717117469,67.0
4691.50005346168,42.0
6086.60154301221,69.0
4450.664804569944,97.0
-1428.9298119098453,73.0
869.3602530380208,48.0
-5222.224374130005,71.0
1114.066465028419,103.0
9390.243804001708,89.0
2578.218877226457,61.0
-11621.22286906038,61.0
-5418.813727433475,56.0
-2638.9887516403905,80.0
-2924.2731986465965,69.0
-1170.901704949394,75.0
-1120.5550720677893,74.0
-1374.2973141643515,106.0
5182.815359809853,64.0
9678.21868412297,38.0
4418.801092710193,63.0
7742.796024582449,74.0
8669.693562375329,59.0
2420.7988728847768,79.0
5614.390710354259,88.0
-5250.553009659622,95.0
-1140.19181575732,97.0
-10431.435517589787,82.0
4977.130202701391,48.0
3661.708722557837,53.0
969.557015396319,54.0
-2093.0417248285994,47.0
4359.198545925006,79.0
1626.1490174452824,58.0
4111.018354604104,44.0
6117.604523361931,73.0
-9171.630433648617,85.0
6445.527383094779,56.0
-5973.396022951344,96.0
125.20518822119948,114.0
8508.588528670094,63.0
661.7459028040275,106.0
13159.265748952648,98.0
5988.588509779618,69.0
-4193.156092813591,40.0
-289.21014735255085,53.0
5646.229767774352,53.0
-1078.0672154530446,70.0
7816.137242678685,51.0
12575.126010405726,71.0
4612.345465218256,72.0
8004.959443374675,92.0
7656.503021621786,62.0
9608.703441536873,38.0
7335.453219068786,99.0
-1613.4987847454986,46.0
8386.335264581463,76.0
1832.304942210665,73.0
1631.6966110226074,55.0
3825.576644892423,75.0
7107.930369076404,87.0
8430.729211692875,35.0
4518.243734147667,60.0
3354.405469313335,99.0
-2997.6360125538795,85.0
-6761.496483534013,89.0
-5324.387673141654,109.0
3562.186385704596,106.0
9348.27818859933,45.0
-3392.7004209103243,71.0
-6749.785193316784,85.0
10648.800086046884,71.0
938.6373498511471,58.0
-6926.687514778701,67.0
8843.6204807266,33.0
-1124.1688237783292,88.0
-4564.758574500164,89.0
10363.837866737798,102.0
-5237.115148250564,55.0
1914.9742875431002,47.0
4817.122566926698,100.0
8425.105559778298,35.0
6204.280173975636,76.0
-8567.95030684059,90.0
10874.575145132258,89.0
-599.3978703629971,48.0
3323.229160295204,44.0
11449.88815326896,63.0
-19069.32147774302,56.0
9214.845023941944,76.0
5549.4066175016205,62.0
13438.111219564576,79.0
408.1170646269338,97.0
11892.002843297652,71.0
6002.021118366005,56.0
8302.909708517307,99.0
8161.572509792326,90.0
2738.9091241203687,72.0
12752.356214204396,30.0
-3519.217352542104,94.0
4783.373247859236,83.0
9136.748845154,51.0
6513.458044302379,105.0
-227.362288785489,62.0
-5088.899118643998,54.0
4831.787296655635,89.0
5165.6256421960425,59.0
7191.951955886709,95.0
1622.8867041010622,36.0
4176.273736438976,73.0
13126.055840940546,31.0
3544.203685092798,96.0
1626.3292933849716,100.0
-24.784482204016967,94.0
8565.131122493498,83.0
11182.80917289183,63.0
1341.340838866165,101.0
6834.131805616407,59.0
5311.999716790542,84.0
4519.955075711323,29.0
2747.40782287065,64.0
3230.0640961385843,102.0
-329.4174576860869,60.0
5187.43503821062,48.0
2700.1068616049024,102.0
4507.634827542043,101.0
6912.16380508751,53.0
8660.69299146578,69.0
2917.128349736117,26.0
3188.2099744964903,67.0
-5647.776681628622,52.0
6702.642919350793,56.0
-3032.1009887475648,40.0
-10900.57369103019,87.0
92.80009203775171,75.0
6687.477678249251,51.0
-2978.134663658506,98.0
3874.781989400807,94.0
-12116.538545245676,96.0
4900.627162150689,71.0
-9645.237620745142,93.0
7901.156605300967,75.0
-9634.704079680667,48.0
2789.349187761791,56.0
8471.536340247158,37.0
2939.779174522545,66.0
-4703.442562478442,98.0
533.3952172296367,105.0
-2389.9839683354157,84.0
7093.821866822237,87.0
3994.975351163621,54.0
-2034.5327575069832,64.0
6378.541763061076,81.0
2695.3682252132467,86.0
-635.7911050916396,76.0
6936.461152552343,46.0
1205.1703249187221,107.0
-1225.780676109136,73.0
6125.818023281901,52.0
-1879.3506633634638,111.0
-6385.652512796441,59.0
6539.998358469844,20.0
1217.5192138472553,64.0
-2919.9749499234886,71.0
10333.532898911377,65.0
5317.0148350120335,96.0
-14129.425121180979,62.0
3931.693200038227,104.0
8697.136320236837,62.0
-1833.4799957465664,57.0
-9577.430752306,81.0
-1101.6624811780948,81.0
7609.977893280553,26.0
3921.5260617897375,89.0
1547.8818107448906,74.0
1833.0861807644112,47.0
-6071.639336257797,107.0
12089.553271445686,36.0
-3845.0232614484426,44.0
6128.2662073212505,30.0
8827.65798523017,69.0
10803.434963566528,41.0
4262.113970091815,51.0
3250.925035205299,70.0
1601.6731494324438,81.0
2315.7095459633347,83.0
8544.51452375217,56.0
-15317.75143061615,48.0
5870.33410593159,39.0
7890.176347135351,69.0
4814.350442089088,46.0
9135.628128754095,31.0
5882.932415366857,77.0
10769.263787388747,82.0
-4272.122251487335,85.0
9318.141268256495,90.0
6965.347989063473,48.0
6617.554306100933,64.0
8972.363837877569,60.0
3371.207948193258,66.0
-1637.2793784867777,55.0
-4100.011511230126,84.0
2814.6186353394487,96.0
8646.878775580128,76.0
-7341.180247111586,66.0
7184.324007735497,81.0
-443.1149488818576,92.0
9370.308607061486,45.0
-3763.370786355246,44.0
431.82078394817574,63.0
5510.748631989043,55.0
10822.017045666556,49.0
6768.758226466414,110.0
9630.070716590135,41.0
4738.800230909228,69.0
-2598.6702349074217,76.0
7591.243195438721,53.0
9915.20410758091,46.0
141.84138714299388,60.0
-5868.733955114516,83.0
1389.8104616968708,92.0
7937.582239848796,55.0
3565.5474804271225,104.0
2198.301472017539,89.0
2297.832620752556,69.0
6703.684124969279,55.0
-553.8779906463269,64.0
8818.535981453062,48.0
6126.388738664357,51.0
3558.4804153282194,53.0
9232.045794519505,72.0
9262.02347045172,57.0
6419.530663666748,46.0
-2830.4126268899145,71.0
3727.648342031676,44.0
4083.218431643979,81.0
6732.503382381141,39.0
7403.830502893321,23.0
6529.398199726134,90.0
1299.8686583376848,101.0
10803.515749718848,50.0
-2417.618470776029,39.0
4182.548068684699,88.0
7669.356725453946,89.0
-4766.557531194455,51.0
-895.5069149690039,80.0
9475.681470417858,56.0
11590.656189096377,77.0
8166.359371806867,66.0
4469.764328087916,57.0
9479.76042973037,71.0
4469.270140654186,78.0
-933.377196022846,111.0
7886.654249614856,93.0
316.71704819912156,78.0
5553.810876367372,60.0
-1423.3115864181505,76.0
5371.041429809012,50.0
-1683.5101683693624,58.0
5652.812662780871,95.0
-1554.7766480713158,52.0
6256.899454141439,71.0
9037.121453675332,63.0
7076.196572893394,87.0
9526.415670926044,57.0
9580.091303411122,56.0
4786.6909923972835,63.0
9987.304004706788,91.0
4736.405062930049,59.0
4635.7860589452475,87.0
-1291.9384308945964,67.0
3586.680037330249,38.0
-515.1832127072915,83.0
7691.548937701849,95.0
-10127.933197023938,70.0
5435.814629897282,97.0
-7842.210688326666,50.0
3428.48208696904,61.0
-5328.180327944125,96.0
9874.113090759223,63.0
5334.495239826695,94.0
10200.69460783222,94.0
3210.257598068595,84.0
-957.0234754514231,106.0
14227.047051591868,41.0
-4691.1930790240995,95.0
5539.327027396445,68.0
-5873.261424676404,89.0
-1831.3810140790067,99.0
2122.1456661488983,46.0
-657.5428981030982,96.0
8389.751912769709,50.0
-1831.550225547198,106.0
7569.72846565213,95.0
2968.4396625320805,79.0
8928.438195602741,99.0
7063.768850602519,65.0
-767.3734404101119,104.0
5536.006280041685,41.0
776.6179369872297,70.0
9841.29030796482,79.0
7061.211493945375,32.0
3853.02667091101,108.0
8097.435637606224,41.0
248.0239628155948,63.0
9512.962971483445,94.0
4736.044295800704,65.0
7144.78282957542,88.0
2275.9678238519386,67.0
-2007.8555041335148,94.0
841.9644272980636,92.0
5885.703279415801,100.0
-5226.215514867683,73.0
-7368.7200537673525,52.0
-1948.5266726135662,103.0
3676.3789518917924,82.0
550.9820366169279,57.0
-4871.721495167365,90.0
-4085.5712928338944,48.0
1078.2826065439363,19.0
2630.220926218363,41.0
-3202.2984541400097,57.0
-1878.9122004943454,68.0
999.0670203635386,97.0
-1429.726883885422,91.0
9383.426187041505,51.0
1047.7815759109462,94.0
12153.25814232223,35.0
2104.1496979538765,101.0
681.3678628393603,39.0
1140.3261324504715,86.0
-641.3204707178279,46.0
3059.9367957909294,107.0
10477.997874056997,61.0
5847.83793554664,84.0
1935.1373001636853,83.0
8741.19191709062,66.0
5041.790873229769,86.0
2509.688414017426,97.0
11120.163574123255,71.0
6615.181315602165,44.0
9635.75310225688,91.0
-8.32304033366745,93.0
4722.002959351128,82.0
-2789.138600961143,99.0
467.50413157122216,49.0
12737.4634131959,56.0
9420.236105638809,85.0
-966.9436030687693,78.0
368.1149890133888,74.0
2019.576720758803,111.0
-7227.137931914328,74.0
5225.863581226625,56.0
7737.731962863334,18.0
9927.254763805977,73.0
1817.066533042004,70.0
-8917.202358794562,90.0
3280.9657991717986,52.0
-3450.224802203425,38.0
6273.058427801077,33.0
10134.65684145936,75.0
1204.5561590429597,77.0
2751.321879323296,103.0
-3271.611218773408,81.0
-3915.762288234063,97.0
7723.890531257508,81.0
-15718.865622729787,68.0
6254.863963940623,107.0
1810.0416778489298,84.0
1717.0211248596993,90.0
10632.682141206024,45.0
6391.60699692214,88.0
12170.199796602057,49.0
10362.601869001835,41.0
-5096.488059461417,73.0
5906.9212069073255,110.0
681.7631926652464,76.0
5030.840860751338,67.0
8243.115229911142,82.0
-6850.585871750982,74.0
-5507.041752596507,25.0
12124.493781250956,68.0
11531.79456413293,49.0
1591.4822621323583,83.0
-4761.022008160357,66.0
-3635.2270462294046,111.0
10509.12147980235,90.0
-3411.6868049649097,101.0
7656.894511712213,92.0
-8736.304641359518,73.0
290.82326237742586,87.0
10190.016692121688,41.0
760.5556999410874,91.0
6557.316665550362,74.0
6573.006971537652,60.0
3282.779314893857,84.0
-3536.6907357533964,108.0
13346.317526874438,34.0
5012.770181672132,92.0
8670.254869223776,70.0
347.4510046364626,107.0
7100.270718042317,65.0
-11950.526518293076,73.0
1711.196016003926,45.0
-8870.736941253646,88.0
6377.123381483547,83.0
2554.7381605593996,34.0
12025.832778350341,50.0
1803.9752517511115,75.0
1781.1478771028005,40.0
-2727.387548022606,57.0
5508.596538399551,88.0
4583.510670620409,65.0
7619.16899965688,70.0
-4079.4085645441983,85.0
9408.752662272276,76.0
8374.093951197287,61.0
-6216.7846496711445,110.0
7095.628294837632,40.0
11264.987651585006,28.0
-3587.011220788866,62.0
4306.132126716124,70.0
-4458.284125821818,71.0
7757.507381380165,53.0
4623.567013127424,19.0
9998.47573454256,56.0
5120.199415057177,35.0
5338.322286121468,86.0
4556.271476876564,43.0
302.41707543210396,105.0
7943.506914512493,34.0
-5537.501708696685,74.0
-4144.778372811281,58.0
1790.9124380392552,78.0
-5546.461073444699,44.0
-2638.7637766236076,84.0
8421.262493750595,53.0
813.9202619021557,33.0
-2751.3880197398075,66.0
9582.31735378775,34.0
7783.201221345314,69.0
3854.051856873062,93.0
-1766.005650581783,34.0
-494.78937030287943,86.0
-1466.5965848599412,95.0
-5076.892612954947,96.0
7401.421714239448,87.0
5379.936095710644,71.0
3496.811288313485,73.0
-3401.308328585868,94.0
-5802.562092281471,98.0
-3779.5102168445956,84.0
5314.699023552224,55.0
-7248.741197762488,63.0
-1283.9762624271088,94.0
-912.8132400984432,64.0
4660.481781317204,61.0
661.95806587672,82.0
8003.228217982785,88.0
-1315.0393763852417,94.0
10465.38235007726,97.0
-9241.818376493797,79.0
5274.1469785215295,54.0
4739.255137238819,99.0
11603.171689456147,29.0
5598.5870330240505,60.0
-2999.685351916033,79.0
789.0298364118765,70.0
1549.4690961678252,78.0
7533.9037089869125,83.0
-812.0204300971914,105.0
-4082.2472849940177,76.0
-4378.724307912886,106.0
-13966.04550640934,66.0
3973.0720968369615,81.0
3838.9076251784318,80.0
7121.911670266166,46.0
3417.1883704287693,90.0
937.1128570155142,64.0
-2511.8450133398283,90.0
5345.366914327996,65.0
-4204.90250664379,83.0
-4126.490721587672,36.0
-542.4576718243754,33.0
489.0948601957871,73.0
8856.267403447027,80.0
-5393.95887173964,59.0
1305.2256617130543,81.0
8339.861310435515,77.0
11262.071847417714,101.0
4001.798029141565,67.0
-4414.643480299094,91.0
9731.764379601811,106.0
-16670.96836961257,91.0
-931.6180060540983,81.0
8645.861260629108,51.0
-842.6350919833785,97.0
1002.7399141373562,74.0
10359.511901301452,70.0
-4716.007609922295,99.0
1001.972394320044,75.0
4935.3216196768135,54.0
11504.964558907524,47.0
-1752.8479064896128,51.0
7836.384418051713,35.0
9305.581938163954,49.0
4148.001500472117,96.0
6615.744200177798,90.0
7020.625143874975,44.0
9360.633307692451,70.0
1521.7103499951772,63.0
5133.887143319405,100.0
-4667.697269225347,66.0
3234.157969400621,98.0
7907.930544219577,65.0
2016.6218629235445,56.0
-3604.5350486094185,96.0
-1429.2821118285779,33.0
-3558.089925400914,52.0
1927.248042559657,94.0
3114.147952937452,85.0
-1045.0063090360031,50.0
5972.542345756245,42.0
-1128.5437598318636,57.0
4075.9446665893365,63.0
1166.791198941065,56.0
9933.654656386418,35.0
12457.556764438814,51.0
-7380.108798667438,91.0
-3321.638921083049,100.0
7688.859255487959,89.0
4696.413408329158,54.0
1304.4880584405746,41.0
8047.359971673187,41.0
3231.6637556987034,31.0
-7794.137763670147,78.0
-11502.754360614355,66.0
4335.199399125551,79.0
11899.222720278436,46.0
3729.9744352386083,89.0
-11064.386255391964,60.0
11943.234549426927,41.0
-2705.881670878208,91.0
12613.462458996608,46.0
-3519.061891523686,60.0
5343.848190816177,75.0
6751.301860898855,57.0
-3253.758264362001,94.0
3680.437055540756,66.0
1572.895652930486,53.0
-1251.4551127011346,110.0
