sal_5_lc2vs0_iate,sect_al
-28715.249686179264,10.07365179352578
-41565.501973125996,16.80156397820652
-45772.818142885895,14.29366380159172
-38092.49604391926,17.60447013640254
-51264.53570445512,16.34262365410707
-31427.586397243245,14.250867743380557
-36321.626581250726,5.584227618370866
-42925.453129004156,10.884169853481596
-31801.108059058468,6.876545722211219
-48508.64573304874,8.022938998903351
-55624.60451616281,14.375711469500713
-55007.176340902086,9.333905091584258
-54994.699906349895,5.108505545983842
-42397.75749511925,13.760349627811008
-33971.06470117066,16.239913412438217
-57449.96176534514,14.081589276478278
-30471.792955020857,11.544087762845813
-53774.37312790059,9.185204750144113
-34413.43164460671,16.317502705010668
-56979.30476848636,17.477112864169058
-54862.498398136726,15.716579181964525
-32576.349227631345,8.994935032749678
-38390.6195125575,5.218827226790301
-58376.53989406923,14.288659287211557
-54424.272960833405,15.692530474215395
-56812.901297699864,7.913015801979398
-49155.88018186944,6.142786405873864
-31572.91769448224,14.147604730552498
-29560.64817528914,16.176601459739913
-55984.47487845683,11.000470633430488
-40860.47167776924,14.05652253986378
-56830.632379196046,8.24275834530662
-41598.787718314146,7.728752120030903
-48573.57234004096,5.019228465525159
-38769.7440509272,11.91035613150846
-46115.905968485546,7.770074417325333
-47968.37160784687,17.951867968058835
-50631.544597811204,5.132740986437116
-40771.60620038542,8.901953679004293
-47538.03513272312,12.325678788631842
-35389.99247527305,14.446609179035548
-57539.13597286692,12.595382164037684
-42903.002437973424,6.06882738323647
-52052.51878129842,13.189723668675953
-62298.25660100421,14.652281510498652
-47785.32682037818,17.368179616295293
-60560.801472904,14.137774779290114
-35776.1918749549,17.529853879408723
-28610.462477439338,7.863236197357244
-55915.250933526826,11.61972469445422
-30129.517317308568,17.026004518860216
-62057.930504667485,8.363464107554325
-36999.93456422009,10.92354258696166
-52017.118172786984,12.776723628408444
-41302.55900192101,8.236443850825474
-38780.59998374518,5.637380383048353
-58994.0473697041,16.86852506771081
-36280.97437566454,7.825027595307594
-41931.338440805936,11.089981435603669
-47371.27750761547,11.526992970305113
-35760.5629610708,10.466891721204302
-30304.7843919838,17.318579771385657
-59684.60426132793,17.019447742226482
-32283.378069454506,8.62573509918215
-37197.107334372784,15.77053968373836
-51444.74602776311,13.24387872366722
-30302.800736185134,10.315705396356236
-32305.166432921542,17.6982329127732
-32455.524180789685,13.091803613294514
-39599.358166024,10.106893051838778
-33856.77366023425,15.476978700966145
-57827.23328703434,10.167569709079974
-51422.9465144251,15.355172624534047
-33738.875444118494,10.642562818606049
-54932.46906915153,7.506132412402403
-54766.726933848535,13.371527587668366
-41413.195456283865,5.288124522852412
-34091.34259616437,9.968173814820616
-32469.271067910955,15.312285008133465
-54927.490690077604,6.261874670776804
-57389.92047648161,16.211045561266953
-55877.350008633235,8.84718404554691
-36792.01156735611,16.24149366023247
-55398.932277917804,17.449297299740845
-38943.12351971055,15.616029127852032
-39864.11067168159,10.021375184528209
-28596.413759058592,15.162354302500775
-60550.80640833221,8.811025597714025
-31374.760551440566,6.865292874080373
-50126.200210622774,15.780847019648997
-41096.69278549947,6.907809363309408
-37432.63442104671,9.85794274588126
-52491.99341423507,12.984455320652028
-29221.398805773173,13.12957809832156
-51986.86123558467,10.68108127247229
-50665.76135500006,9.256130945881676
-43611.50446925066,15.26838073125554
-38960.767030979485,14.380460965173572
-30182.191971436994,17.834272153715688
-44002.68352953189,13.274359049494487
-52296.89761674216,14.343044403525958
-56545.45227857237,10.11396574670279
-51659.57263205854,14.806371994198072
-34912.845481867014,17.21851297954508
-30394.991546714224,17.748795909726056
-55210.79585532325,12.947610076035316
-45314.943382418394,10.967254372458076
-45701.52394466547,11.332843106445836
-34701.91175948195,16.736537792248306
-60672.94457311327,5.6584357211377405
-37952.1105548299,17.350311941734546
-50374.74332741147,11.065702270602252
-31704.67228474959,16.363589823842794
-42327.19908077008,14.09629550130206
-50366.3321242972,8.445805723103849
-31251.270175556772,5.489593115303767
-42793.2846417296,17.032084035406463
-38974.24598413348,13.17494122317058
-40406.416708744495,9.877397355686192
-59001.31917561738,16.06961579133698
-48211.94549755275,15.662722613265828
-53256.96902039189,10.773556756960811
-55153.56546992407,6.06622465788692
-40238.9957043749,11.502621173759897
-37624.2904469934,6.763750290345465
-42274.67087459547,13.716173697500553
-62164.25919405972,7.696237899765242
-39667.33855062847,16.945306310445183
-52014.77129809444,7.555962881208051
-42663.7279547773,16.344912550145345
-32640.73627842037,7.741622192503377
-43238.18087518902,10.73691061703012
-54252.249936752225,5.010114345938318
-33334.59829274801,16.152000350189763
-31823.39801214051,5.788602360127483
-43780.51205337726,11.942732374323782
-52248.53102550645,14.218865333470236
-55057.42840722151,17.915057173864337
-62651.83054914286,16.36756479650461
-30761.444930302412,11.831672404627476
-51274.14789678805,6.474082177705779
-28788.66817941276,12.561778864303674
-60119.619066311585,14.251321201074845
-41640.102321285536,5.373978429080278
-53467.22610338758,17.510695096853375
-50730.84308675654,6.396622806480626
-60527.72596346497,7.048540871341307
-31904.362523116746,12.026985779360006
-41503.91135932377,9.421703060613224
-32551.883297933127,9.100467536030864
-58923.56160052892,14.897278045222125
-31215.84115139151,11.194045291398933
-34697.748225772535,14.525992674310316
-62323.205092380085,15.813934721866616
-31216.21464160476,17.07670316746558
-39129.47066695505,13.471244280705209
-40820.982509502064,8.060664661910206
-46323.33266134393,5.339359847951713
-32417.74941248364,16.841691529791873
-36459.74593653593,14.022783303546651
-59821.210136474416,7.578670215628225
-52378.09714171653,9.896728602787976
-30694.714537425953,7.145547408151055
-54697.9185427256,8.961442378326982
-41171.57488402021,16.697692934326405
-57986.42254048781,8.091688267970401
-42980.22223180061,10.633584226175191
-59316.621832837845,17.54340829103388
-50086.66028685759,15.617852219472656
-43659.32483401624,15.414910377114582
-52447.27530406219,13.699424181237502
-34224.785418814914,6.555858440371539
-59490.235588855765,9.422671453174614
-54685.619512942794,13.28679301270122
-42209.24786724504,16.42250076398973
-36439.21384011111,12.541848691127246
-38420.18315601151,17.594870846304246
-50287.10396309861,12.546081237284463
-33538.64605089207,7.718565989157494
-54922.14816032328,5.637687874261407
-28771.838683319857,9.157069695401733
-41566.31556162753,5.161251837639126
-41729.36190838968,7.956321531961459
-30303.19001635342,9.47284411534682
-30971.53527809853,17.878563849234297
-61640.082234842936,6.976062395348452
-43706.60639052616,9.039685806310224
-31312.143512975563,15.223307679321367
-58777.99938382319,5.180108742361491
-59396.82876592381,14.630166105707383
-58605.386121267016,12.36030108665084
-54173.93622781098,17.927202814208496
-48203.087990308086,10.98033438811801
-36706.41293495585,13.403296571682032
-41252.97428597145,14.85152761769627
-59607.62738141026,5.451634883020842
-34228.46577858094,6.149940560275384
-36090.85972234757,13.067007641785136
-51286.32346384804,9.358508651784092
-29133.956072401765,9.160169538803888
-35772.792306825184,13.834422612962
-58661.88934686985,15.372730716760142
-37835.46915149411,12.218630172098443
-28589.38640347129,10.94220904422565
-34945.52606602938,8.226530589068279
-45919.3743397394,17.468622792977598
-36935.29135171294,13.846735189913836
-36554.641972582176,16.997530518117248
-41802.934438511395,11.637797775880315
-35318.39296527913,14.870038527696096
-45999.32955195254,14.830628096652887
-42435.53097334182,8.723376246242276
-59748.96309965047,17.429135364471435
-45665.31358212522,17.966675674966297
-52460.170736522996,14.533397948133183
-51859.328809365135,15.296933153471276
-55584.94084572646,9.500238610101864
-53132.5203526928,8.200087658623433
-56358.439667228195,8.170719399495722
-51135.052190049486,13.686576198423651
-28482.67798580643,11.256496789010075
-50821.59223354857,9.57240719705134
-35380.60770382152,7.551785045641114
-33013.08221780132,10.776449519143087
-50183.74091684386,17.79060618353654
-43205.575097367444,16.151044723936185
-31612.74166475369,15.654436966234377
-46704.817711159296,10.390721058890044
-41128.92407936568,14.152519639609974
-37531.557321233915,8.205249305206635
-42429.73100793613,11.42590297068265
-43691.548086423696,8.687094016639175
-50601.829310322006,8.451453551115325
-45935.04049140933,13.97529368677419
-29397.00890420819,10.543974000371898
-57343.20286396248,14.991314484472229
-51738.06696872513,7.172292348755044
-40702.56896795514,5.185394298153119
-53151.73381818073,12.827225013105105
-39053.330592124854,12.629912878769147
-60802.72070355086,15.113640926373826
-54263.14238906717,13.359994447333298
-57446.850140371535,11.054424113593807
-37373.10408515264,14.55555391815915
-44766.04315102434,8.47744034074803
-43017.294075881364,6.836043756196453
-51423.391964083894,6.772651648050604
-55091.652510234344,8.816122593101671
-32015.384040561086,15.293808094184095
-63067.97220150838,13.30314510960437
-30165.02175256297,5.763542604401958
-45912.93807434887,16.80724845645929
-37297.45991755476,8.281118372446537
-59644.76009299832,13.311851843894017
-48355.985403433966,15.435445527016096
-59991.60497889083,5.588268133387113
-57282.54457584222,7.9058309963719
-30181.415629577557,17.562725291422108
-60647.179740427324,15.036158750857265
-50684.91417180546,14.588157699064825
-58311.41424339509,7.698282682482858
-55829.148877668675,14.325833437319966
-52540.70581406061,5.3475868212048825
-49873.17072216083,5.020126879723268
-55452.761735022206,7.472512069943583
-53720.306714589475,9.46852716186545
-46053.34056726598,9.307648379122936
-33465.08709001107,10.299295303597988
-28640.639015597197,8.255102871000311
-40979.83910366209,12.729262797918818
-58761.55175783551,7.946262159511638
-37635.01504533409,13.037616088987493
-40445.1419957479,9.240625105168888
-56010.16579163025,15.745123453057776
-31371.930982226473,17.373906404588496
-39124.4370569916,8.89643972015821
-47561.61514914325,11.73191880873608
-30805.77045990318,13.39304106703513
-55044.67172263587,8.716025603569289
-40328.820057502526,9.838570453480736
-42607.318233895465,14.642483193440848
-39224.513650440786,10.1372055509543
-35137.02375118504,8.588524143492592
-36393.256550058104,10.375420853736674
-54237.667060171036,13.054038444734532
-49732.246937498494,7.326969524419636
-52571.790250361984,5.902002071191648
-34133.02854636857,14.504591035567383
-38342.94759502422,16.56387543737347
-39793.675739769,12.608750223399904
-54171.79131030962,8.291574946516953
-35186.12318212549,11.733188628204193
-59041.6502330114,5.969837126146828
-37383.6398892759,15.234334539705838
-36567.176838289386,13.009315238846746
-43423.63358862846,15.771986986528914
-29488.608618845297,8.53800087921903
-51786.95643444762,10.251356970912902
-28728.021933360615,13.461301843135027
-44026.75767679905,15.492415940327826
-32310.802899377093,12.238240620998248
-41383.61880264395,16.548862310988895
-40783.699530575796,9.880223049518737
-59604.95862828419,13.790852536896132
-42211.67720078374,13.137943452290283
-36491.598242943364,13.592070259338731
-35541.4186364126,13.544290489902377
-55644.27422154048,14.955787905470103
-42164.90732020772,5.37755488515449
-48644.24264766915,10.085078468696796
-37035.66293959229,9.22416504574569
-29520.778104798494,16.763853776314466
-60175.80177226868,16.41352546341996
-40467.35927284875,5.780240251413903
-35694.25849234307,17.67048729535145
-62535.5720954726,6.158626247607738
-55810.86372258664,8.705983213943258
-29325.89070938416,14.534189724135228
-58109.17368147272,12.085963253993553
-39350.130190372285,10.549265479377608
-53335.49326033819,9.440513192368789
-29183.764188705376,5.572498635713767
-58296.14480818972,14.487466396793948
-30173.239978544316,14.15806066200794
-44573.750430446555,17.425325068240134
-44590.831254360586,17.233272245330504
-39354.374449837094,5.954327678603788
-30920.91867421205,7.287844295385756
-40902.81547857897,16.15776726208829
-33722.02366983726,7.012754157311551
-28854.573966013377,8.40373759614863
-48790.761352679554,13.904343125777334
-60781.196168725975,11.627310645290365
-52932.13723819622,14.422633320055278
-43769.29207097237,13.291141998380484
-41164.99230156542,17.716579191970265
-33156.33508692235,9.389013799515729
-37313.19816950017,8.699029568014282
-29603.666016667157,16.809950741729974
-55182.83919534911,9.237192746214106
-38453.14354407356,15.574496737817553
-35437.71948990795,10.883252322617029
-52922.93532643164,15.560954980255204
-57302.37074731577,15.402359108837764
-57058.1761482939,8.981068873749724
-50129.63850371418,8.299738964264687
-42082.858450893786,12.17963375758768
-54230.424815575636,7.95366628888021
-37387.5785147757,12.699868364747129
-42078.48440957941,12.340464927413034
-56017.17949018752,8.734655582495309
-32836.279766912296,9.80569046193569
-28102.446351187573,6.72718584487496
-52988.10257254014,13.917608405186302
-34396.28496183982,10.875405396848835
-42145.32242601464,14.34066095218054
-32948.94718686836,15.533336509531487
-41277.73494444862,13.943632387612316
-31640.075481812386,7.896930253022614
-43250.48640211301,8.442215937754664
-42544.2053776624,10.375731282542231
-62501.94591845115,9.07894608077523
-47980.29364726345,7.866379443453667
-53438.377904608744,17.302752829186026
-29290.476062290163,16.07872247791775
-40546.710595450146,13.739328074068322
-38466.564150677725,11.406318710688868
-58702.82115932193,16.72042946678758
-58480.35948481484,9.971823648145332
-43224.34900652067,9.756176049395505
-36467.44082863019,16.035542316971345
-31234.721557889618,10.808743680928805
-57692.2191531752,14.57700167623021
-58933.429036826215,5.5722196918310685
-43052.079457583815,6.892677825259986
-36144.89034667432,11.868232010564686
-42214.54912260525,16.8847073068477
-55598.190261799464,5.559087892522264
-60489.820082307764,6.062642865672176
-43678.24247446909,17.109967601331633
-31059.280225307033,12.682868409997138
-41466.58461700556,15.425812393780742
-30396.022349913856,11.225873200720788
-28635.090241840837,14.269154368915803
-38522.59997101303,8.654778568618694
-59679.207332003585,5.546961584946806
-52001.59498246189,9.744111229762224
-43279.976685717025,16.001480271371605
-55735.579058566946,13.174516715136985
-32517.952751827776,15.337078933327764
-60948.49754062819,12.93440419425266
-57910.79032323443,13.88861600136161
-60047.05667860758,16.841072303580194
-44375.274649755076,13.291938589666191
-41835.65035885676,8.634032370782094
-32099.662672253806,8.313094325587183
-40572.73983736985,6.287221777644307
-34874.36897592294,12.224543799254192
-47894.74336803074,12.151553791330691
-30640.564736759137,10.959323918750492
-55694.53685918315,10.980612094743496
-46928.419750739704,15.35825956414508
-29451.477646693093,5.770663217626692
-53387.2926030589,8.033305245174184
-49018.378567729254,15.69212201863044
-34647.489120397804,15.5371936669632
-36416.55378650219,6.827248481318405
-28602.969904015903,8.68963746267466
-40356.53827605245,5.0368984335106335
-32861.93896005655,6.371566491774527
-51773.38234393599,10.328047612601788
-52914.134541173975,6.032015407734901
-46610.17439979459,17.77471549033204
-42091.33639710627,15.391269129923254
-30901.25374034355,16.905615069935166
-42254.26043688933,7.391380853705748
-54559.34706519151,6.975694954788718
-48434.188882046095,13.489119305936926
-41089.78652528753,9.086586160272253
-57994.803080189304,16.706510992725814
-45271.04561853029,9.934486999217125
-59000.98318400991,9.535081496453962
-44551.60134630702,15.686002596524744
-30699.257014785835,10.87246454322226
-40867.407607107816,15.47557120535532
-42890.84254643809,17.531969251246807
-56053.220023682836,5.373797200154178
-29172.57395128511,11.25073284971856
-30911.275691296134,7.2980559574928
-46553.30568968046,14.878142143560424
-43091.510091269876,14.158862652540584
-52589.69361914155,12.852539733726438
-33073.934661387924,8.396578331880935
-40211.809132907656,16.705668349211486
-46709.67457756543,7.069350257090334
-41235.67204959024,14.690080119524856
-57446.30800250353,6.608434053992925
-44978.97043082993,6.855597566066991
-42441.75253404424,15.184801256251452
-39111.03979245308,10.413747497879864
-51023.83075267968,6.920209452728823
-49158.68133972831,12.610991840314613
-53444.65370381455,16.67317054560172
-31211.562510322357,8.744529412745432
-57197.768549515924,13.72528754790815
-37638.24378512871,9.63881193690139
-56827.72270338197,17.849546299344496
-51702.140276086866,7.286075697808693
-61536.27535225736,13.245217156881502
-47661.78979147467,9.18384436078562
-41538.310929720974,15.250860410866752
-38724.72872240059,12.546436673742924
-28345.34405806085,11.40530673477619
-35423.81633280586,9.544043254691776
-29489.681943211075,5.321025633789172
-32283.70054510025,10.77860942885398
-36648.904079690066,8.517895951465828
-40183.8112355442,15.678933189757853
-54739.494656630384,13.175303129911905
-40804.43216133442,9.73230456123871
-30865.740233437988,17.060271966584082
-49137.74947826976,14.86773504758512
-30770.33991342102,16.40113648906578
-57221.720096307996,10.07611896040177
-48374.752544266186,12.036782965718618
-39472.80878213661,10.123295872100677
-30113.647786057812,11.920100579936571
-43678.168887176675,17.533323861317076
-30492.88979396741,6.827216205794011
-62394.962290977186,15.51996766340448
-32844.58450105405,16.223938413491904
-53778.402417827136,12.415488458137494
-29416.97331835586,14.519914119661168
-51640.03909077295,11.242382619461194
-38100.54585587649,5.474133693781111
-38716.86419690672,9.358680476501975
-47432.51331535808,10.560979877665767
-52590.755146406475,5.977725308634364
-55283.71172597821,5.359060283422485
-57588.0175394682,8.06644066567329
-40835.42107034305,9.080248432949128
-56230.997156075886,13.23657411192729
-32108.687433816194,17.347660953422462
-41665.96768080083,11.088225798667246
-37091.895350255145,9.356078470817884
-55393.85574817416,14.169851246537128
-39768.27373576281,16.45252283272726
-59654.66018840205,11.654063807483046
-54862.47144879312,7.971018424436748
-35904.919956558624,8.658031353212948
-53188.78302240845,8.597456890909095
-52179.4785917725,9.740536617298112
-47839.017962302605,16.23666673121955
-39661.335889040995,6.758813491298291
-36504.93909631015,11.741702361239843
-34944.140136400194,16.043213254678953
-33154.1693532854,13.150199373489745
-52792.358715127586,13.606013829620949
-29592.551486973047,13.387421497667535
-53809.2910297924,11.303877385532912
-55000.2768898955,13.901988217035662
-29516.09798359116,11.551539762057017
-55981.956006518194,9.694102363881056
-50112.936006178934,7.209382171595147
-29259.307018205003,11.455141945496996
-45002.17922186604,10.499664004385096
-54754.7027833786,7.566279625035575
-34389.54761327584,14.454005563262529
-49723.4364518629,6.566447529301675
-52768.1673290622,15.73120516583464
-42425.58400365441,6.387723372833878
-37570.21938458023,14.105607240881508
-28472.308416532305,12.1905350199568
-30114.880036727518,17.195597802217513
-40323.382812038064,6.162532722890964
-57457.67453208958,10.941488781372495
-59261.76396676236,8.81044227184977
-31544.546256429418,13.29311768060126
-59340.20684653721,7.618229698855062
-46655.08680652478,10.91456156241197
-59855.99484700586,15.930619411830133
-43940.46728764572,6.544105561021741
-33448.758327223804,14.590898183800956
-28547.111844440024,16.370146199115624
-40628.025873931634,17.64251846071062
-40179.49948740159,7.025760953900288
-40004.44462582783,16.57205523305335
-48605.05193896657,12.689487406334546
-32800.47844276104,6.743426839726102
-61458.45340528108,8.03105879180476
-37926.99866039834,9.904355665053805
-59312.741641132416,10.451243794972122
-30095.31346054504,9.68369952401021
-57081.62389825001,5.834718881574377
-53924.9432359274,16.213043053601858
-39714.15294658809,9.237477686696
-39060.71759872597,13.834926788213314
-58091.291094483706,13.368708204212982
-46598.446418889675,7.358232460053081
-41357.419881096386,6.045881572794934
-38398.87458567514,12.433335645177689
-51214.274847945955,10.57297868396087
-38786.03791666984,11.486355982412109
-59321.105338665424,9.47220073402158
-29570.952444463488,12.36898308338072
-55278.103360590016,9.468360079728484
-32423.41376551493,9.97661278123386
-36423.93983286583,6.023080050734752
-45907.26079526348,12.0223987141501
-31291.63266771402,15.31137658383793
-60198.040457002586,14.727598656218715
-40463.4296919785,12.975391730671776
-59170.14352073849,7.687066514995102
-50604.24959689607,17.272184884996122
-44454.15328465455,16.341915678471743
-37169.72063225992,13.032676844125572
-61624.87148928823,11.245955132455212
-55297.115788342126,10.235551001260829
-56503.24917597134,11.690583689830175
-29661.295179314067,13.124447782047572
-57106.71227553868,15.71435347010464
-56878.68832367925,7.032003815922517
-62571.09028741787,9.957691065603615
-56824.61751413417,15.92920972035949
-32566.676156568567,14.548879350439828
-33087.65492750659,8.268852416888887
-41098.876448567375,6.787381606590779
-46416.10675486471,6.835913943033499
-34942.599213359346,15.677463338735862
-42136.37532263064,16.7387840730049
-29012.46081650983,8.303993275947224
-39411.25071214297,16.137746497918407
-40957.55190465215,8.719510222834366
-57931.4702327622,13.841231062347346
-61133.07143552332,11.613875671071575
-56754.89757311215,16.387233489266766
-34126.764463420506,17.507346888681667
-33723.452751928635,12.570737398209056
-52684.48111925079,10.488013084430374
-45743.34077222516,5.743657055061414
-42614.01679202673,8.676287525187455
-62348.68389286651,11.376550037692375
-61345.427192399635,5.9413148226642924
-32775.027344966446,16.105765244919525
-34644.23233149899,16.174074193415507
-56913.95208181525,17.571246601586804
-40279.27318815654,11.45644136149349
-40308.256563922165,13.362357583719412
-50900.75793288994,14.34942116550416
-29745.72295111011,13.01798733444615
-43208.85033972498,11.454557403011885
-43809.04564549462,9.923583026149604
-55601.23466366978,6.712279111143752
-28562.791957960697,7.3664003663677295
-43297.01656956543,13.919511589630744
-47598.614053236524,10.705841375596629
-29651.551457340523,8.021384325592695
-35573.98099352649,11.633519255295916
-42278.20123251068,13.356747632703762
-46459.70596401504,10.501624528689051
-61886.60003349921,8.775807445477799
-35385.3304859285,10.253370659353514
-42261.630529210066,5.300515950243935
-56073.20737384665,10.603787824745789
-35270.43753358656,17.110141182646665
-32460.124632256735,5.015957895706873
-58329.696420916334,17.678995553406423
-30617.744754724474,5.658339365516173
-42660.842742513356,15.028488903792212
-35435.117614879746,16.53004452853117
-32998.25278978597,16.669354523110474
-58870.24593319163,12.995645977473448
-51848.76994035659,16.494717510357958
-57414.95878929569,16.360575482046038
-47305.49116749143,8.007145657952242
-42089.09539758311,14.202130778416926
-55194.444349652826,17.081169878328033
-46491.523419242614,13.867214253287816
-30868.435195398994,11.799410172681242
-59230.896315726604,16.832187944267723
-56816.90861544682,7.960524184024184
-45936.893478505124,11.56164139596071
-29588.14626187977,7.466078886450246
-33122.61379781825,8.18432182098157
-41891.34139270513,7.229738761701725
-57241.86872776687,12.9507689085365
-60133.12793348129,15.544932677222544
-30941.967418355238,15.091721339432608
-38298.63214125367,7.289580474304889
-45031.077418078254,12.327459779668558
-43397.4289647315,7.352744439751817
-42228.12389730721,14.802179569397923
-29314.08739513091,11.760501153106931
-55655.827195942155,12.453995387932132
-34376.63965992061,11.934951664837165
-40606.59001563627,9.3053322023945
-59826.695383703816,8.471016941475234
-39496.92660681013,14.6417528797075
-45716.90820735856,15.406933035566723
-52742.22828010362,8.35401215772443
-51881.19746850149,5.17966587338408
-37831.01415456553,12.544940490279302
-38020.9462169527,16.877047038768033
-37580.57730498747,13.529883495170925
-58794.90444650003,7.02969835606716
-47451.81512729968,9.37143198453298
-41770.478032521496,6.57335896194304
-46278.75026657763,11.720325873724564
-58291.966797193396,12.90442544391808
-47262.224216189206,6.7720305622957
-44256.194867907914,14.188296513239914
-57903.44619185267,9.8630111886536
-38280.594791170275,17.77648442887443
-59422.3113879769,17.296086130461788
-54857.44537705304,6.45933898121177
-56003.39030603291,10.795951512306711
-51332.15384342345,14.76887814008627
-60777.23570885285,14.429674504452368
-31415.223924911697,15.4311091759341
-45730.64164606569,6.779098849896503
-40036.08581669844,13.355336899256525
-45114.4542843823,15.544364245274473
-30122.887076611783,12.405683207091943
-45178.811044988644,14.494050911194936
-33757.78722655882,15.501541002374772
-33700.9849804248,10.180653402135537
-41095.35207475719,15.139468922172403
-54689.02754297521,15.830585391803677
-39457.97726596416,14.18294707467719
-44567.62244716339,15.914400640238773
-36914.39809055797,6.917361873443037
-35011.368470435744,13.852181431982824
-53385.72789583863,17.51440448640424
-34876.738905298465,12.371826754542893
-30655.33798489353,14.230113767672478
-29867.495367373915,5.218183815901218
-52104.693431448126,9.531809928010684
-34682.2095932011,9.853147081682028
-54070.98478063929,7.512341869966205
-49395.5452714828,6.579077668523539
-60099.912775303485,15.262456392486191
-43845.32770523433,12.661749092232512
-40656.284383220125,8.127240866272196
-46687.10991851188,10.558133866021532
-39894.49989854714,16.199331548234166
-49314.688127778354,7.577976206095704
-31195.148221065814,12.261411718461597
-29055.13214266577,16.34013689405861
-52862.599872880724,6.669118324037648
-59393.538316733386,8.87163715921079
-30459.958614468356,13.892013854162052
-58158.16200888911,8.375244019291094
-54455.542640374726,12.949107698545848
-28132.514864401997,6.106414724955641
-31163.95477265943,8.788527028192426
-43714.69913804914,5.1771964068381
-45993.05718947068,13.836992757067154
-46755.33933842633,8.744995597644818
-32791.070628040936,11.12662018622004
-57489.66640325301,13.986960942343366
-42284.26966539349,16.507818433427893
-57751.52469971366,9.993436804828736
-50986.28904637742,13.623665135805776
-38496.39904388262,9.45947193666928
-40086.35243170708,13.37095737387168
-54428.811015913714,12.10553637844859
-29801.022876045037,6.679032332562537
-31213.482376492735,6.396115150708502
-45941.11600332495,12.884456801456375
-51617.38637578163,15.5188507414792
-55590.842434643535,6.716454968099803
-31379.39160853366,13.753169594280273
-38738.03472557543,15.38157239971138
-61140.48238111929,9.848311067665495
-38647.62468337738,13.173322304314675
-43856.843645898785,6.046645208497733
-35628.290294684266,13.882120917977174
-52543.06059409766,7.843258751471241
-37094.95714940418,14.77339293531134
-41676.931625074736,12.336945945854684
-46944.84741815773,7.59630493136321
-30055.926715542595,10.516208776590544
-41027.86296014085,9.655813544584646
-50079.776211411474,5.806243199829599
-31848.898251873336,13.913048552408297
-52286.541703258925,17.970273342060466
-40570.06607990937,15.499147126478734
-57524.15774742741,9.76803155584716
-41211.92979070471,9.766206082166176
-33262.86617186158,8.14029735300502
-59255.3123572071,8.994489182407815
-54904.80673709672,12.13996296517877
-41626.57440455166,13.340797001207724
-48027.338548099375,6.438356923508625
-42495.74152248328,13.249850445302716
-44293.91420560164,10.976913875720443
-63136.40417358858,12.329276600430047
-37863.55387913956,15.784412113173708
-59784.522197168066,10.683190413114485
-44364.715989204466,11.38222122405256
-58695.71432177103,6.196308144535859
-40152.7479599348,8.026132242387485
-33643.26433914254,6.438376248078197
-41529.60729493818,11.814869371591271
-57764.258900834575,6.2302862615314405
-40063.10147741955,11.159787747731052
-31061.252274238363,15.097011080402694
-60311.01127834335,7.895930921172721
-32428.56126342717,16.62408882388586
-41411.46207904068,16.419108131689395
-46290.91424731545,17.90423412203664
-34554.43641083324,13.081203004952195
-28181.581083253626,10.665482361325706
-52919.598128372534,13.73000818101764
-37694.94209062123,16.979699917539477
-35633.601543700075,14.353858338331856
-54163.35228722531,14.485925863582214
-56327.62741445499,9.299227566435274
-56603.248297797145,12.881787844734578
-61695.849133878044,7.803996693602082
-50953.1331665301,11.974763042201367
-42128.9172384798,10.802300423654268
-56928.92212958918,11.651959026114596
-32104.69309751664,11.398013504103917
-37586.596702971416,8.346779794733802
-29586.452068087816,5.626397588694438
-53789.90213767087,12.044969256152871
-57213.47849218123,16.91551767447946
-60597.15447946911,17.6682473766589
-53010.54438498499,12.271125293893022
-43405.737443548394,17.539296989603613
-40655.86590436488,14.85958769006371
-34790.530833523495,14.2000722610239
-37243.27297861661,17.75884516920725
-35850.49701573914,5.814559480802337
-41389.8575835389,13.615505933296696
-30373.147772494667,6.394072428083456
-37250.49397954746,11.833393611209488
-29000.068278536288,10.457449936509033
-41597.22148764268,8.971051682777519
-60189.69767609934,15.653861768135007
-55489.172935806695,6.575174989558211
-52124.606513647486,17.166910116720242
-56528.86127177224,8.20799614128834
-29087.917159182984,10.935935421224643
-28843.05147751742,5.184028617644549
-53924.504476558395,17.862641372196933
-29849.73331100489,15.725171961545858
-50563.38290537672,14.159150909560545
-54504.16078027396,11.87480080275598
-50600.31834238082,15.250020214797544
-36420.64667911112,11.818237003910127
-40192.467695807616,9.129835102406718
-62633.94716439305,6.5072382239432685
-41949.03096969674,8.861649764203104
-56327.286304475245,6.679558915361788
-29222.059340936117,5.020318510149679
-41057.525252924686,7.524233301314117
-30364.784644981948,14.411406566197453
-36793.098364106525,14.810022232614877
-47977.75221551909,6.120454709469271
-57851.48644218047,11.496752010317184
-32186.71411075066,11.606339387162128
-38111.937912450514,15.635144760457653
-58437.21122217857,13.000149406181958
-53095.59691229256,7.242847869268699
-52769.648712329494,11.42682444408962
-59515.12103572427,10.12249103873948
-34696.55781776325,8.458475267910194
-43169.098698826434,10.909850135507122
-49197.21741432236,16.045750010763037
-53016.21038241127,14.818604134451473
-50448.978294125096,5.096500801531455
-41373.45292150728,12.678460878957129
-30116.75172363628,15.084013904994606
-43545.49912575201,16.39430468127606
-51005.86411111688,9.335016414647075
-61182.9443832249,6.208697271525194
-45463.6518478011,6.030894512343132
-34683.3041338681,14.384812948379745
-35865.29092028302,15.488742321419444
-40894.848424005744,17.69783516271193
-39160.984654124906,17.537257308915734
-28666.921177091066,8.406403806627042
-52707.953657615304,11.494351270585105
-56028.57422641719,9.73603393354214
-30649.15190284695,8.648583763851649
-37306.65380609137,14.949229078083984
-40962.56531427613,5.463800793611474
-59297.43225146084,17.036490045365838
-30981.202626034163,16.557246686607428
-34733.24213834223,15.06859332595026
-53355.56396390565,7.896014334600603
-40925.071702328736,5.441332886477981
-29666.13173000049,12.748778383784186
-54144.05789355774,7.721761079520166
-34736.071551001085,16.774369445298056
-33422.242274194716,9.804738338876133
-39632.696065426135,6.254964205358053
-58222.24505050633,5.587528335713728
-43926.079514576086,13.72752788235558
-47955.38733690642,16.769953495447332
-31957.436445183164,5.06541833998712
-51312.65571756703,7.353853043501361
-41967.48114891373,16.018530203923284
-56339.75393070998,14.161288691260726
-29584.319346140826,16.412483251518488
-59704.52708303983,15.04156447984112
-53890.674562661006,8.222652666879691
-30044.089432774574,14.335335069767645
-60998.174999088944,14.951040332256472
-32379.304546408843,16.98067287490101
-42881.040397029996,6.495120796514636
-56801.04251753871,9.884983830819998
-39465.41482008598,9.711233618305704
-49290.87062931832,13.2489623201782
-31261.053190312363,5.956172775189686
-60048.60366686444,11.760278291819509
-46711.45725184028,12.808099221541534
-44330.86231181479,10.985452443290818
-35258.10951588306,14.780014676844871
-44448.7214880229,7.482824780467962
-51194.4850547089,14.141663162961542
-53381.31050958007,5.708292504836445
-51610.46220065802,12.678717545893228
-39566.74162832049,7.676076792994038
-52076.43678097206,6.237018977293706
-49394.92536013533,11.943865953688142
-57475.5622617165,10.463505872086568
-34811.152774574046,14.440137734381906
-57069.9394562371,5.526354587932059
-30556.6127855463,7.879446356800224
-46602.9649567614,15.19800217109501
-40822.64442115769,11.084235276117717
-40302.587742435964,8.612132319799766
-55496.392829345845,17.77506292510431
-60673.72611993522,8.809346317611396
-52368.28312667586,16.7743697620676
-36973.696449559095,17.11214059703146
-55779.41123524647,14.444147815318164
-41361.314962524084,10.732593087148524
-57607.95717829147,6.131773664519559
-62330.08579784866,14.468801213769371
-38999.61262179143,14.053184760348044
-44630.997926779644,14.788654079277713
-39783.371318995356,12.49770540035022
-30137.881528279075,16.10672453664523
-37879.07915036447,5.703516328206369
-31505.795690998686,16.433018133161998
-51474.15481921501,9.680942337729936
-43648.31640147758,9.45525764053626
-43117.75040256385,8.988084872201544
-60972.111146908894,16.874124903191742
-46767.49739782015,7.102965369181337
-48518.24833265154,7.802832455899919
-32715.272000276324,5.473278603996578
-58670.60852992089,11.880634680392689
-37995.45828715647,6.691355173307981
-40757.37161570125,17.905579593686852
-57146.689624757695,13.383656202718504
-55047.096697255925,6.350466641483447
-56591.100009490394,12.720816382127872
-53243.052550053864,15.32242360552838
-44774.867277395526,12.74771838201598
-61316.69459749997,15.32456807699845
-41876.65774107484,10.241552886291004
-59694.307005920506,6.064772934426721
-51053.528296513934,6.006438557344468
-29263.216641459367,9.188921938778938
-62147.515336233046,15.93747825938539
-56452.31534291728,5.348432576908514
-31288.258172117603,13.038935854704828
-50648.85076897752,9.182015721820235
-34015.60604774245,10.562570252737723
-41443.19506393777,7.5799698015587005
-43905.26787592901,9.936971670505637
-29607.009075047736,13.319475853250912
-41144.74306419524,17.87995225034977
-44612.4504411819,17.907000742704533
-63327.56559056968,7.188443088191301
-55675.67747754898,15.779622556823549
-36957.650159676385,11.116307554523967
-60998.94131029574,16.88351991044489
-50296.63926617308,5.439695553361948
-35109.70719122664,16.71635939381865
-36145.37021157051,15.96179404263943
-53675.57322811529,8.694673748514333
-51434.1513072168,6.754440240327115
-52032.28914270199,6.33550698571357
-29814.718586259103,5.419951886723065
-50818.21355016026,17.62734289454835
-40096.331550601055,16.046604995293915
-59684.00691924698,11.21409952437863
-48750.39751880299,14.065617014305335
-36820.725052440066,16.12903507374174
-48632.07238982694,7.91106791365647
-60885.557183906305,12.595685068980757
-54188.47839516563,5.360051209295827
-35765.316317452,5.405699408862538
-61437.05968409229,11.66708262390774
-39549.712829560245,8.90280290287487
-53930.05493462998,12.503331868463125
-50414.55621730928,6.057385544296639
-48863.22117807697,12.582567414710123
-44262.26770409985,6.040850610501187
-41054.656856096415,10.025334106577937
-54218.752208038386,8.13609925956997
-41821.255672233856,15.421686921699472
-34684.81952911309,10.040522256664865
-55248.12590375973,15.55726676396263
-32617.74471106852,14.687202386483763
-46663.89251867071,14.485809509896376
-41076.201551169004,14.196529899092344
-32216.486633662207,7.860368276028686
-30077.18979270423,8.637763828907023
-47749.53354992129,16.440806154851998
-60318.85143148237,12.94307643159054
-41619.731288322415,6.188992140612411
-54017.64295740879,7.224959859689807
-41642.08847682504,17.178074681879338
-52201.546113125594,12.052754848309323
-56986.98501494508,13.46053886647994
-30401.58099343131,14.644007965955556
-37899.14210268888,6.520369979300652
-43880.79439051767,6.874912092126767
-47847.64418360652,12.426651771955598
-51970.819901541996,15.824989180710324
-29974.40445428997,13.567626833875927
-54136.10049551939,9.693962280334295
-39525.1697086324,5.509376272918733
-44620.079797467515,10.337900970517168
-57764.06540848039,9.726351013098784
-42677.73897178548,5.404095295931644
-43525.687136654655,17.14756114710865
-42790.2895974976,7.67803844841626
-29749.903136275047,14.99616184249668
-42547.869623778475,14.227225782960282
-55220.760282175615,14.58190009560671
-43871.3351871872,8.735585287636308
-37868.30495576351,7.868104963419729
-53456.75359537687,7.803561489440104
-33366.03381046423,14.368857269826831
-29357.38768363239,9.796787127590363
-55038.68055934127,17.547871586922
-52916.04293296448,17.490814163671942
-41694.029263026954,11.894913146673945
-34745.25905415698,9.766879853747998
-29132.89157954266,7.518503781697076
-29734.835686139646,8.918370995139497
-44312.32180593303,13.9439853466677
-55001.68149841634,5.835962992450681
-56631.11934437495,17.12096074406523
-38835.849579667076,16.061241392450462
-47415.480418878695,12.213235409163854
-54771.44103876272,7.268979906078878
-45229.854434295405,16.551686265544188
-41941.724742676044,12.057479344307094
-40213.42462544196,17.520481402940185
-58233.92691546774,11.604158164590464
-34532.925327425735,5.379633141807246
-40569.70204217987,5.484271341092649
-43026.874857665425,17.17038125840032
-47813.10832983931,5.516891071017295
-41930.63422733403,16.91129531651771
-33225.31035405608,9.260415156703893
-50416.68131683417,16.089520067725832
-61389.233316300466,15.462402749403669
-52150.08964299034,13.974410229142958
-57910.869588645,17.019027772708554
-30584.77339087687,7.325538218243595
-52271.377553655664,13.076636950262936
-41820.24334329481,13.751784386204372
-29763.653680915475,15.687085204123797
-32187.933404216048,17.436902554559026
-50658.569394129256,11.89557220122282
-37416.78930498458,9.517210100294909
-43128.224557383,16.441991424770208
-59594.52586530019,13.858756389273632
-40536.54875358819,15.143867450514175
-33748.16583940909,15.204567442675412
-57001.55147638193,17.48037188343401
-57921.965568468004,10.322036846577353
-29194.354847583214,6.213846466783192
-29233.0941249408,10.786466894804148
-41089.10855675669,6.093432409036538
-51515.744350004796,14.634628545112792
-35726.56830128621,6.20585919818226
-55617.922899304875,9.67458717387992
-45179.24933312709,12.07970121159915
-52583.51013381921,14.899737899842949
-40987.06323109731,6.209387046060261
-62057.24582342802,8.913822654595961
-51023.417170484056,16.574683919724986
-29245.180382453644,6.881501983500083
-42272.3721533256,14.205922750410576
-54456.114402048195,7.537638945056276
-35389.681282716716,6.310194020086004
-53984.218501884665,7.393510169638036
-52581.31617701188,17.284212817258226
-47253.05070474728,5.798181077214376
-33367.59400298639,14.262303148715462
-29900.09900756424,5.4132443788792095
-49597.80915013063,12.146488968238488
-54768.8289321431,11.617237055520082
-36447.22847971148,10.988620924117042
-35950.02780735348,7.93639864446955
-31589.06575877381,15.710887329917282
-38766.65400398582,14.774329207748057
-39733.905611522525,11.61383345142504
-31905.231416335595,15.445677836979817
-29163.573941335013,5.545604643787976
-60668.24775782879,14.608118389592656
-32656.354922438935,7.452044126045084
-31697.37927449724,10.48606323967721
-61805.224440487276,15.197354500887428
-31549.371916569777,8.775433877875393
-42277.77784816994,7.608317457221708
-41611.53545441438,17.871827445296205
-31088.775240082596,12.263135230346144
-29245.933176019087,9.247812271673611
-35319.681160190026,11.918068687291946
-48562.484330278676,16.056116938453386
-31672.591743038258,7.5116348398962
-41367.91286004792,17.851963329462997
-60369.05867978756,13.281971648402504
-41537.56480516104,16.97898101373291
-35386.27948603261,7.099734319177106
-30785.93981490973,10.57159860239238
-45221.364325060305,17.379815880414956
-49200.80920559433,6.325850459869111
-51055.8589144166,8.083887132190945
-30620.405658507192,9.344739470051504
-43372.84456490308,8.833802395709368
-30247.81032886587,5.521387641811767
-28924.899696685072,6.9766972397831
-60108.11868255535,15.687177998981156
-38807.04147371728,8.475622486294121
-30851.48332842812,8.119741775875433
-52046.76531137673,17.609776625610408
-51553.41513447026,6.615901825733484
-42298.1252140938,8.476083477666963
-45868.12747939474,6.853643291895482
-48869.524339863114,16.776258564194542
-62280.75983504189,10.38135038212877
-58488.76135124368,5.711908949192514
-31559.82953400742,12.783826157488743
-34215.65000373769,17.445049894786763
-52532.22777423326,12.06594718667326
-36582.28286688503,15.0978667072665
-39503.14480578536,12.190768486154942
-35115.07671017848,16.912031589067855
-39179.17974717554,17.456035547493386
-53024.58539419375,14.965333851965648
-35569.344967484474,16.387355814695475
-43644.19892859454,7.201723571056519
-46040.27310811632,7.568876984355382
-32059.600208230226,8.286829825631806
-32245.71503801788,14.085746110635911
-31201.446749777035,15.7813561091535
-40315.19836458099,6.694868643904114
-58698.07837175217,12.982551784671806
-49920.3839778783,9.679127365300676
-57654.1508295092,13.94019952644626
-36795.982889520106,6.158510572144247
-29584.803960366782,11.516025395898623
-49105.06469918504,7.143016688394649
-40569.23168646391,7.7861914867429824
-41377.043932080356,16.74725603791144
-40231.9698268238,14.948541222573011
-52971.989777934505,12.693939409651293
-55124.831914349954,11.4162863920011
-42045.23069450956,14.44144778542751
-42579.879613528436,11.896757239230144
-45992.46701242446,10.335969455241951
-38680.32544637358,11.324491176320567
-29643.591054123233,14.41140432012011
-55769.96442077708,7.294363609286825
-57362.47880164896,10.217923925333054
-56304.64348376705,6.56237707573148
-47912.564305053675,6.689563040071696
-39011.203326688505,13.88589482397862
-56727.68085821571,9.018644234591086
-60209.34262071276,17.768872000796264
-42412.41923787424,15.830182411557717
-42708.76951614704,8.642062585651505
-39272.43982627843,14.690874777142112
-30955.19521026487,16.204848027125948
-59307.13432979165,14.426596471421982
-40316.362080531304,12.398521321025571
-52411.022603219404,16.39342702913009
-29308.022445942956,5.1966068128323215
-36770.20619401553,12.402097833422909
-53139.86859475405,12.535241144644122
-43811.52237189647,11.594441264322311
-52068.106116431416,15.677682164054431
-39506.33781305887,6.8923839514801175
-30999.05831336231,10.704524655629488
-61004.68457808794,15.901957701144688
-36686.566833299556,5.24821950897873
-31687.775616595623,7.680182418432358
-38178.13047120472,17.282107992503303
-31288.45610313492,8.522502105900642
-36233.5019454439,14.324453200142468
-35773.08351771297,8.974778203160309
-40420.82729711768,8.893015755466678
-39699.23031612137,6.289240352206152
-31268.502443932433,16.229785009075293
-49562.54232924474,16.94542577923732
-48419.341465054895,5.574526814764604
-36030.2079659531,12.74030759786336
-44807.16033557776,12.38308332058649
-41005.219386034325,7.092257499801947
-55504.65986656325,8.643664866483334
-30998.659739124116,6.609636694725733
-29669.52033338069,9.750803347239
-45363.06713181412,5.468575466923045
-37300.77937350594,11.832457110170273
-58058.388217516156,9.161821578194749
-34362.178611817064,9.414485912030973
-29321.680079998067,12.714586102027756
-40874.18273698776,15.95286105198031
-51901.14694358099,10.241862921146025
-40091.27860279038,10.451771383652575
-43844.84882143567,12.104087752996218
-62489.32065430463,9.528913571270335
-46845.33417109934,7.395038425637269
-40236.864808481616,11.476166340985278
-34473.004727597436,10.885891457827965
-39987.174134940266,7.508580485636597
-56245.43522158974,16.071614403404922
-54646.3542242245,11.33144092402888
-47396.9857321825,13.14653567842771
-42158.900530364735,13.465650980727244
-42514.23084787621,5.10433265612103
-31729.14620402445,16.779648976713656
-35203.83850581873,10.20232931921553
-34193.44647024131,7.408344242570485
-62556.439314112155,6.167833795994397
-51094.04808663062,11.57591012732442
-36051.279554161774,12.26825584008889
-39644.71103390339,13.633405891698542
-51041.43511216197,14.701282844968706
-58729.481234509214,6.025366257355785
-53551.52462045691,9.883329215150235
-62197.63287063795,12.240980899744606
-37215.966085314765,17.629259514375917
-29373.768383950784,15.928636556823095
-57399.65731709219,17.27175598766427
-49071.00648892233,12.94178453191826
-29338.771620861175,6.431987992503921
-57925.60904601771,11.903729680570104
-52311.60689273075,14.62105055484471
-51758.85775944436,6.414598625499725
-51745.91050350884,10.262744697276752
-46639.330707199624,5.508346397727835
-59039.28092107875,12.023016292542156
-59722.30976873651,15.671867013617709
-30777.14028487853,10.575880667839002
-42496.188113392345,10.72007881092786
-46275.1708530278,16.93486673853532
-37704.66024783343,8.217571387032715
-41636.557712572605,12.403776121681242
-41425.5343381327,13.954643418806691
-39840.178943808656,12.734262437781076
-58737.642456254296,10.928420493303992
-41385.22034710329,17.13353264311368
-31186.05684766532,12.828011961584377
-52061.60352185307,16.482899448537395
-37548.50601609924,7.175123024738941
-44583.56644369973,9.48443668064865
-47296.77910335446,10.848288247752649
-35374.7943575871,9.966429449444355
-45791.527765877916,6.416437865771642
-40057.272801785104,14.255564322727244
-56307.709746622386,10.58229710050064
-60531.38471731423,5.932168922339329
-52381.75230363052,9.555874980459006
-57022.71355570786,5.091471561884216
-33531.66901940086,14.002515868528809
-41235.2796659522,15.981371582204616
-52162.974251154956,15.186371297896612
-29436.67301549578,13.375969637671355
-41100.48854886579,16.07422810023439
-61458.51711999666,11.292145055293014
-40305.085652600945,5.400449447583417
-57459.915011431905,7.771140108943079
-46036.22146028139,7.087198985012343
-40219.478523112804,9.218896344200909
-49266.311208365,7.86805696959796
-62189.81370909834,14.068502883435723
-42041.1939693359,16.421451193415116
-61522.063995638244,16.704025822499055
-30210.47044280383,15.52869165906183
-31561.440241310378,16.707665781541365
-49241.277785318875,17.299055660455792
-55709.97334062161,12.456543120694707
-35219.140221472924,6.908710414747913
-45757.5780411696,13.569666951755956
-30367.200819784073,17.56750989635369
-47944.476673732104,6.149878942285096
-59638.89922284422,16.760011937544505
-33621.62683636875,6.88043153031548
-29846.65790168906,7.678078633778701
-35424.406395247934,14.078983148724635
-29725.627332806285,14.65523721077675
-54182.668747609045,17.031627467289653
-42268.32691035008,12.942975808441089
-52588.13920842696,7.917152851767101
-37813.02828283538,14.5056532842227
-50767.62495229544,9.493850249431397
-61209.9924656283,7.535627160675343
-29842.497931189126,12.76182702821814
-48727.29210298142,5.670323297192934
-58542.43811884987,15.032618628105956
-38706.414028661195,13.39498887671367
-57917.45174922446,16.40251620169111
-30150.4344095189,11.991277150995092
-35726.92271270026,9.62901469376991
-52857.37567547529,9.286011356568874
-35002.87600286318,14.18792453977498
-52640.10656091311,17.355304482172194
-59116.171184515944,9.550551520095102
-47535.73952090656,16.568287494637154
-39420.12606581372,12.325439253306598
-41627.64632372814,10.841763165035854
-57151.143686732474,8.276967796298006
-42252.85853050815,12.3962371861585
-49414.602656353214,7.743798335987861
-48301.33882444839,8.429155694565189
-55485.242774825696,8.642739543836885
-61058.10961656265,17.56610301368896
-47639.958092367975,7.553392419687088
-42335.87249277187,15.448069491498645
-29902.725079706852,10.04027575780584
-41919.40796666323,9.076706096327325
-60336.307894501195,17.612924014528247
-49048.06046863522,9.517715774790927
-38572.88293040612,9.18542409006682
-32065.1252217004,16.096031315397823
-41239.608393829214,11.70792742461602
-50165.72105703132,7.504523156485801
-39711.482770905364,13.7343294214544
-53908.16314595049,9.774513125149522
-39524.929004921185,14.65565556832151
-60186.02426768148,6.161986350102286
-40664.03598900186,16.370633783422562
-58566.874543515565,15.519895981491608
-31738.30748064712,10.24507467983112
-53704.884221874076,17.551985882606054
-30719.679086572636,10.599498159877935
-51395.55807150886,7.3023107951585216
-58217.13625548633,8.934713791764173
-38255.08920026915,16.847368322595763
-56765.73807929585,16.031879836425347
-36843.457604282485,9.36043814773241
-33585.677855846734,9.716337376562716
-32233.63753197212,13.637591444089402
-45467.183524577486,10.82332163901494
-42564.225396179434,8.25073175398335
-40789.94061463781,12.166557971541266
-38871.164754898666,7.776159878141586
-40601.43068328344,7.832872262502441
-36225.544395376666,6.575245014495859
-42021.84290380059,6.445152113643634
-31362.817538307852,11.76493900933616
-53757.2951191154,10.927463913197986
-55978.4045569461,5.266982305925796
-56862.673203820865,8.681992812997276
-40063.35641238677,11.879762584905553
-55981.858464460514,7.310725808525255
-41504.477971161454,10.93985696556136
-40987.74134414744,8.29091021191065
-46737.177189919035,14.807383563632625
-47660.37302297595,17.08307020980581
-50265.37390338516,14.736597984766023
-52636.10052729878,10.459256673818226
-31356.148658293823,14.115254955527623
-44653.57691016414,10.941234052476258
-30891.635158336056,15.462089892180606
-36081.8048560647,13.508752429471691
-53619.505404989584,10.284580429614811
-30214.242335636794,14.264119420309212
-30828.111512477197,11.775426133110892
-52218.94368311294,8.684731422220093
-52715.89577396012,12.95217572444944
-39937.81660185727,16.556162104459514
-34112.237007335745,15.587239870453285
-55952.01724629618,11.398369300277505
-57096.88107289444,15.242186589610752
-49265.53237688985,6.075431455375363
-31583.057150561654,13.560186731963103
-42712.0846043576,15.712016877667637
-29816.144221450802,14.611467976342308
-42056.91508188858,10.687263497435527
-38794.089327362155,8.836226864420663
-49924.83269626697,14.124996531100264
-57243.59128691105,5.384605369991112
-33708.61301749386,15.49121098914438
-37689.425403301495,17.720956587932214
-40530.88790876563,10.350783731980776
-50604.634479774206,16.639406322938907
-38415.66759989895,5.108954965559787
-35344.210931564725,8.858860063632287
-54859.99222347245,10.27656275738236
-52453.20985209994,11.751589480619923
-49392.13132719102,10.930686920067805
-40518.92993321744,12.607708158865467
-34219.88223123098,17.6673239124303
-52459.49240656309,15.639163233434262
-49539.18935391265,15.980169097363742
-49655.33394269955,5.5352333550589705
-42045.41265656989,7.641329143467127
-58578.597332454236,7.167184389120687
-58059.332981907515,5.148810387671826
-54096.37900573219,13.837748363213125
-29982.842636670222,8.990590987235755
-28752.020145993753,12.130910748674388
-58618.69307465441,13.129569692283706
-57141.97678243273,13.684037435541716
-42693.27231780207,9.655750386183012
-59467.68128867977,15.669543373197042
-35736.34161109259,7.017804996431384
-35509.82054131948,15.011545837584965
-59093.350057082476,12.367386728425512
-38090.39378171017,6.908535270089499
-36401.62792400352,11.157677577744751
-59599.05086261355,6.441878585353491
-56213.05041112994,9.521730355576691
-37937.32160745573,9.024973196606531
-60268.61720376936,5.191378031702804
-57704.47131936121,6.504435541346263
-48828.097570764294,10.141134794641545
-56700.583074322305,12.619016483419792
-56885.23615504148,11.73645677024084
-52472.35898863684,17.027045193479342
-38642.84126672269,14.982532097610273
-32259.40758530033,12.980127173831669
-33064.441160469345,13.03705986526134
-54905.45606333716,17.858589818650895
-37713.45372222166,14.36843586641401
-39533.547532655255,16.89819386541201
-34549.41838162772,9.056287602274836
-42622.849614998115,16.127393357651584
-31966.740152790444,5.031335061960234
-48455.66376433669,8.54463976600407
-29141.924907560206,7.567681022151605
-55535.77710605778,13.727456940758264
-30596.431617647322,7.870016211183146
-58654.19222357379,8.195446514624619
-42374.95580824753,14.372346365603196
-40034.066054719384,14.464001840158216
-52302.38412967715,12.858336636588287
-40118.61775976044,9.826497609289447
-61421.751143036134,5.820480695634587
-29679.737811517036,8.445112999028996
-49627.46222594495,15.010313170668825
-30111.846691244602,9.428712108038264
-34415.55162781255,17.9632244116047
-30892.88707656764,11.232525366154832
-50373.1782173848,12.613480274348062
-58104.49247962507,14.132082240793958
-53428.76133708261,7.543022282901362
-32714.34378285068,9.092264382439888
-46644.60545969542,13.590574096616852
-54314.467503312924,15.174474060883112
-28705.871214765986,16.50439342907194
-51420.17383556676,6.412893240800759
-46379.776515261205,14.199247595633778
-51726.89201003376,8.872959680750029
-35255.127597858496,5.678197576235669
-55938.22072876702,10.511714870459274
-42664.00638300962,16.843626437062447
-62873.48899960519,16.00725582396445
-50681.49044118356,7.178641355256473
-41465.92503809114,7.282668861797459
-57739.61290443259,12.680307090949965
-29188.007949540566,5.620061591604365
-54846.175260341,14.381097407911904
-52320.0399451518,5.855607979468687
-36377.40495924617,11.83536038541394
-42368.72265186722,14.034138484213528
-28972.2004018304,8.353937158451346
-55583.67042896211,8.763009328432226
-51612.655806426206,11.000020205668006
-61685.318998782306,8.974362342628423
-31372.59934825605,17.767667076268495
-39932.2844045466,9.197873715437831
-39134.49906390336,14.707402293279118
-53491.644644097985,12.509455175506528
-33083.21843242501,16.692967980178064
-52612.05265517038,17.71083058774901
-46438.131710562375,8.821831600284726
-45617.57632093104,10.739377444477476
-41472.29353623537,13.777147986490382
-58477.809721671976,6.313141128506238
-35506.839865563044,14.079224584664724
-49570.07729630763,13.906055461231183
-57519.7486474311,8.933756962473208
-30278.948690405956,8.34309241786532
-60032.33114110405,16.962740781934073
-56619.65356870987,10.905203353720196
-54206.096390759754,6.253111201777757
-33065.903200208544,7.116706463522394
-43400.23467113671,7.290228206316909
-30282.71273585762,8.47003621754838
-52862.28853024932,8.266723160941194
-30357.76055502024,13.442144545336662
-38951.63576825712,8.54576234647581
-28985.523224841498,5.636008691490757
-41924.48391343908,9.622702701248596
-59504.79495952296,11.305903542717871
-54286.96745074185,17.267539100371543
-28111.26909833562,11.57419961316053
-58724.11592066991,7.161403355297332
-56432.377216287074,15.037787107869235
-35539.07661192346,16.06101623315457
-54662.126160475236,13.283367555736024
-48346.07925739758,7.02762452496453
-39265.54878576844,8.727058709246537
-50722.223947982624,14.460040559146906
-35659.017586775895,14.800775743434771
-32430.661826319894,12.548725947408462
-36689.68980589737,14.072184384779431
-57128.81176871489,9.417439031806811
-42532.91375400285,5.433307128530654
-39455.91827823336,11.778125130800806
-34290.48679375534,7.619671324255277
-59230.59817125824,6.660533756835907
-32423.778777909738,13.429212911555132
-40656.17263953876,16.616635858005452
-45298.35583347496,7.447371521962244
-59286.65295612572,5.638165970431361
-29505.3829961577,7.529388845048111
-49067.845994713985,5.9080822643990905
-61712.72379537267,17.77661629258617
-42257.7984708914,10.63956701203162
-47231.17631419325,7.839003286627229
-32078.936121700677,17.73061656777805
-62159.41121205181,12.109223586136729
-58671.8061853059,17.892936125423176
-57969.84372798723,8.652913140254384
-56821.72218184022,8.843811979380956
-46743.35950843799,9.045985903052994
-62488.44648067764,7.982743817047706
-45268.132142269074,10.782840379528364
-35867.684201544645,10.295994508599096
-50595.932952674135,7.488545835519242
-56336.397850292466,9.98705877885144
-42947.01738760698,7.219649061772011
-62659.456857479716,17.35698240664727
-60498.853539202086,10.186594136422858
-54242.227573686585,5.991397434225933
-56841.0415134193,16.966109613087717
-62708.001583891695,10.54919446559052
-48928.191682164426,5.505998539001653
-52405.323259754005,5.831179487778559
-39550.70935320569,8.947878333058789
-39973.500657068165,12.122813609435854
-57422.852871768206,8.298244865259935
-59266.05867536025,15.288646182989142
-55938.68156386116,15.87738378026436
-40194.895721451714,11.495222106322757
-56314.525716636184,6.222902235132844
-49114.056430633456,13.815047653548248
-41101.706826603106,15.901974767458418
-58164.21079905757,14.040284919430924
-40329.62036776368,10.034546422356753
-29727.901702574054,9.804904279827872
-31888.875605037658,10.869825228184546
-57444.30353274237,16.36704012339127
-51450.19758490958,16.226499833171196
-51898.16228469837,12.578858870547172
-44703.75599701388,13.373230483253764
-51582.89983287122,15.64714806107516
-40266.79388440767,5.396040921986099
-55087.43886915549,13.816336271404747
-52875.71870421564,14.480377942794114
-28156.564369008378,6.539612199840898
-43458.20967703137,17.52836928143948
-55506.79492812023,10.5565182968645
-57787.94525200807,7.198088272648359
-51527.162627253514,17.367918245906935
-54226.06865866533,17.320661865113763
-41196.63584999315,16.004699605313554
-50638.13239515631,14.708309902634324
-60083.95134382243,7.847549442414696
-29667.419773927148,13.251742696762376
-57524.29410850193,6.608180468586918
-38160.9793953841,17.808856493541708
-54436.96137486001,12.211494231594957
-52513.26458903866,10.973852346383136
-36972.78211192344,6.343079283667115
-34187.59583928603,13.973838760338012
-36312.09078609204,16.390829400234836
-53660.162579147465,12.730414997870632
-54469.3928963272,5.230968304100477
-40029.06223871493,5.437518278899174
-29473.429658404955,6.408486070948342
-29131.022166541487,16.3203487779149
-57180.76766514544,13.328197602657722
-49674.508922318964,14.330969312394636
-44990.705038127475,6.074683985177375
-32690.297432587995,17.852042780651846
-51633.85635651718,7.282843410957269
-37742.054957110624,16.67626881201776
-29949.53164254356,15.831837245024529
-37285.24123503087,6.165496385835214
-49285.16835429672,10.42370138285839
-52313.96765124603,16.34533053991638
-30585.796065785245,6.128977963040764
-55073.75026493544,14.054355331106024
-46888.68930847782,6.458255808452327
-43651.12452581017,11.138879705485692
-40876.926140780284,6.460328650629518
-61059.298454589145,15.38294157927397
-51925.12159119486,6.960051284433865
-41773.12309757063,6.042834913679243
-55790.87734520764,12.523797098677624
-40929.4746469885,10.102596771314092
-57353.833346698906,6.480131599899608
-41781.63722105272,8.657875093403002
-61280.29208940523,16.58730835527163
-42487.01449299901,11.435511639878484
-39086.246528665426,7.901674457242028
-53520.55781077707,12.973838864420731
-37658.53448283365,16.905608140250326
-41990.41606775231,12.102555704505365
-59031.72651963469,9.654343225728454
-33318.468241854855,10.744012097678114
-45180.69342381551,13.798863124218032
-28780.223505773676,14.15192937657066
-61541.34606221926,16.022419575108977
-55478.972610158315,13.110239758869731
-58827.207388948234,17.32202362196272
-38303.832749051006,9.037067056774315
-48908.679893806155,5.041397919348195
-30302.294049129898,10.622214349734785
-38515.53150087764,12.97895613701525
-36360.928949690926,14.98889746424422
-29443.430752527333,9.124217959906924
-55959.160669201796,13.927219640273588
-46806.95523574122,12.701454144991333
-61761.63376340608,7.541845389801642
-56892.14860045104,14.100532627564649
-34458.41682695714,5.909376104114599
-61752.02735095301,5.08439824749887
-29469.83855465903,11.94841141157336
-35710.844393296036,8.879778604472747
-61414.505609897475,6.433622854781303
-59870.99751684923,14.703480277650206
-38225.135352198995,7.436191705328046
-48593.880072750544,5.469638881414992
-33939.461629606274,7.520012285003746
-54108.6824207088,17.419346524836115
-28700.406003289238,8.162520985393257
-52820.53857867163,6.778775692553076
-52346.51950833483,8.975323117902908
-33038.274030447465,15.509581558486
-58422.1917233734,7.13218149209756
-45185.998844079964,10.416576877654824
-55179.897788985276,15.32802387157835
-58208.1466096559,15.874300053664834
-41945.63199087682,14.56308565730608
-41887.66205052371,9.22006416237834
-35623.55352545903,17.665294565893355
-31010.665659137434,6.344899674488188
-60871.59146791799,13.248029600537771
-56980.66715398822,14.102968386400518
-29800.703817350666,10.68035794071525
-29713.291502521282,17.67716065388813
-35495.517272133395,8.512012064566896
-31516.02951535065,10.143928702237814
-56569.04297540753,12.453300153561694
-56781.24169264745,13.950679045344716
-48863.68222147987,6.970116213233913
-58701.70229881717,12.246747995286372
-37975.36339825686,7.961273405158481
-39644.20001474135,5.04119443622817
-28429.56795409717,11.555561714164147
-40514.21565338118,16.566936536521567
-56474.64481958517,6.831313753249874
-56558.80584241316,11.987269122724234
-34818.10044988874,11.70802838153782
-54410.22997539576,5.607296150556765
-30962.577525828456,10.100053522339756
-45895.0648271956,16.930290264392436
-52442.45395089264,10.6245710545768
-57597.70163312569,7.570721105516955
-47114.39898891245,17.88843146268583
-42822.961746875495,14.835677296947493
-43137.77365382754,10.38932277237057
-40475.96581674024,13.276739070383067
-38382.28748716247,5.261904253031382
-32661.492835899076,7.872208919012992
-34549.39083345425,5.615315548220385
-43872.78792173447,16.377302534323054
-56077.967253831244,10.45612470970338
-41457.506265084194,9.178732622035495
-38623.48608259596,16.191186370356206
-43705.95052344293,7.10133143673166
-49910.053657115,15.934340410544136
-31803.263093945676,13.28508213589724
-58616.77071711121,17.70563724817309
-41508.62268454426,8.800840919875872
-31896.991332003294,7.36641858328708
-52465.48589362459,10.686466129584186
-39687.47674718845,9.421959950880645
-33030.657062167076,5.215850998883006
-49370.89618309857,5.928385198746725
-34330.04686179388,17.08483135445016
-37711.631200903015,7.72676699274116
-30197.879711500897,10.015692806499182
-33055.40664948437,11.757019757886845
-27722.77283695978,12.266799006983264
-59238.56067391296,13.585489788664178
-34678.00469284497,8.264641176262334
-28455.752881536937,9.766823134219058
-29641.952107041663,15.011493205008534
-41484.33588853627,15.928032142833793
-61727.51897501034,6.520168971047454
-56993.39921075445,14.564464803829413
-29296.741577864228,11.738248912482051
-31727.132551363058,7.71651280403425
-54174.32944145518,11.598942377752415
-36569.82869667751,16.649920708741597
-28960.25649856343,9.810622048652183
-51313.863311795474,10.412263534785282
-53308.34660712642,8.639134444300774
-38498.633682621345,10.313775337625492
-38181.084160492304,9.47682202306892
-34832.58332955383,9.308751975852566
-54626.81740682342,15.818647123859028
-59370.94811384833,15.840472105446018
-53778.865528804316,9.951259104738714
-55851.620194048446,7.13654661963533
-37449.26032641003,8.59085169997375
-45051.50231041934,8.505395900566883
-47563.073645324825,13.18368290016878
-59197.323346204794,6.420809840669671
-45259.72708759004,12.456791340783491
-56131.21988485874,8.909323323212114
-53505.294844367796,12.968742175093134
-33967.46078957534,5.536339481978716
-29994.269080098828,14.53261558862659
-32519.26586166968,7.025686410403335
-51849.193695558875,16.195314593350467
-48526.794748547036,5.312193887530571
-44084.73907385234,16.167332091346605
-44253.49469017417,13.35466753287762
-57159.013038044824,9.956209096354762
-56090.91832773853,10.051381904208572
-48903.768440413,6.59588476383784
-51659.48670936117,17.191223173294638
-57783.89860997741,15.975314182894635
-40790.52365288875,5.0481260708165125
-55678.671372281795,13.132958846264406
-61679.818229311946,12.830632184655364
-40717.513746171215,14.368109046354984
-58416.059885101124,13.855765088321528
-41010.97361916203,17.131440286978407
-58154.66036058776,17.47720043338142
-40775.73415811877,13.576647632859494
-49287.68532354671,14.29934672698405
-37564.53543630279,5.818100272276327
-52372.7059766566,12.444720019423707
-39953.05203458512,17.18562076743074
-59275.720952058065,5.09414144733039
-34454.543314892566,8.045856255632877
-32017.62712291124,5.661838834229306
-42169.8480307312,11.883456499098996
-48901.66102529943,5.183390706581646
-36142.20819160451,15.710528295291995
-36703.48534646241,14.409751902395712
-41120.87625083918,5.233523958379457
-56932.98188471655,10.28800195671689
-60479.76359392516,17.004590524005437
-37505.47405152707,17.39828552423036
-33174.31972583356,14.162936911256208
-40967.644132085945,15.812808694775834
-54179.95043122415,10.42310828929393
-38611.82681946577,5.64641747575415
-33526.71873988515,5.166006524196979
-36303.396169512715,8.346605815553339
-56299.16078296719,8.47572000725796
-52735.87150195455,17.832696933806915
-41328.88066096725,5.073896534541743
-35768.97620234336,17.064071048908588
-45772.91297261303,14.565171699155728
-29622.930650887953,17.527893285807345
-63393.185761923385,8.083573666740161
-55884.01464236085,17.9904385782998
-36395.36491624238,6.300857996738172
-36447.046461894344,15.667037823261875
-57994.99759978166,16.116150862646222
-45310.606767467296,8.159093063618977
-61393.23596986411,7.703129664666436
-45939.57845788115,7.550691100311596
-49507.48455128053,10.041746212343204
-43646.95581633609,6.512339401199847
-39629.75886712235,9.394728895775902
-51209.96899570359,9.835557931326996
-48669.691495963154,6.543160950757901
-42715.70651125787,8.289556712291702
-57034.152540039584,16.27728056837416
-56622.44280195325,9.590338792933888
-52846.784059506295,6.534989502457775
-34945.47934206042,12.555796058997778
-38204.178010878066,5.50541670974241
-59983.066939910495,12.513368631052208
-52440.62537882224,15.594493504141912
-29961.12568637998,8.496935625427088
-54047.46827172514,17.928984135080427
-50702.53061003283,16.560977777752825
-31749.183699309884,9.712192389054003
-42331.418663130884,11.53186200185177
-42969.51370728536,7.926150366003067
-62377.97526494076,13.902276656169825
-43975.07517182754,5.543864567842137
-44641.73725319968,8.529299974785989
-63397.49026337787,6.693301037659083
-52992.44128261437,17.501043556601473
-41657.294352824974,10.538347399801182
-38620.66087590611,12.334520138273914
-59056.41165174173,6.545756244685983
-60645.65915578506,10.900277390932128
-57191.09869429098,8.218620753638442
-28578.99920050169,12.952487728089457
-39807.66891978335,8.643997393809817
-30915.6468104463,14.016809386946433
-40819.93745519985,10.602109432501932
-41975.58852465365,9.05239340606682
-30195.438813046432,12.554084941729894
-40583.98689902217,15.873919075854824
-54970.474236751426,15.025225319345074
-53284.030542738394,17.77200617333093
-29052.81163269985,6.8517933046950725
-40202.98816196844,6.532536473154414
-34340.399308179854,7.1157731945670255
-54395.44844239485,14.754802068114111
-50460.57313052089,11.509841811230476
-51292.02757730002,5.38888092839607
-41360.26155393215,16.778537824593485
-42909.73850537564,12.636284615131828
-41230.85280761114,14.348891255982972
-47010.499210090726,17.314344482205577
-57344.64587295827,6.68933746553034
-39781.7587813501,10.068538809974845
-48285.8047440517,10.81627918610091
-36030.31795467671,13.777087813697726
-43280.872709591786,14.2634506309618
-52851.93006848426,14.882814748447736
-60546.28686928901,16.850412820320436
-38525.31017735563,7.2851313311358545
-60874.68845712126,17.986507281276644
-59685.83125481417,16.237853108692867
-43946.7004322061,16.70412190520193
-54818.86172774584,10.642895443619038
-52558.51418505717,6.713922069167423
-42216.22308948603,15.165477301396388
-46871.76085407192,9.856772136628148
-44256.031445995526,8.14003420052956
-60934.64816248491,8.128107940999238
-36987.270661184244,14.89151724773578
-42316.20462659051,8.359959905051909
-42739.82685155882,6.229014606171376
-36127.85757377071,14.69182023281606
-60254.92789904527,13.82786834283944
-40555.489147749686,9.163437082155282
-30769.987141751008,8.201833131455377
-34883.83643672157,17.60465700688661
-63321.90591105755,6.770721592433672
-44452.89946111848,12.186475546327188
-41384.01596009228,7.545014895436211
-43831.07033577,14.27509470633452
-44047.842749633564,15.48505867551228
-41557.746526056035,13.284917413458295
-43776.97093220787,11.687592902712762
-29956.43786605903,5.700248803078184
-53770.09557219874,14.229250057399437
-40103.837489535304,12.701533884532148
-31859.052660075093,8.890509350849825
-55217.69368687794,13.744555356363904
-57395.226355707186,14.853702718701577
-44382.31643006757,5.119697209275519
-30185.88834876056,15.048993217201808
-41737.399626753904,6.242704585449712
-56257.70823496052,16.05410792582567
-37623.233476302456,8.648249348759647
-44125.785318398055,16.24623065634789
-43190.83136560116,5.757170996326612
-52622.185735217914,5.725690923184849
-44199.53643452158,16.504263948233984
-29976.193974081783,11.80880629478857
-29840.599099797637,6.690079839474928
-50414.83627012036,13.328804082016994
-37939.592758637424,5.781028331445809
-56403.00907874231,11.259242450893865
-47262.490708259545,8.62032016726041
-51549.658133622725,8.003540294161468
-31890.288372466493,5.7007723710801885
-38072.128807046895,13.44595772940309
-29152.508184274924,7.605476706972097
-43930.482316728936,15.76246990759005
-36385.99546978964,14.931909069009258
-55144.239264494856,17.106484513882826
-40773.14968440365,13.345176708687042
-57264.36681657888,9.957673926959105
-53272.3335312927,14.268396125077125
-49931.744074873044,17.084540863056493
-39175.20753713819,6.374020021572274
-40685.378850143796,6.036408232084335
-42860.379671799834,14.93839434758438
-30434.49701415377,15.345435029045678
-34696.51179047788,8.236077404447968
-59312.55329897825,6.3064726774817865
-31210.324541623617,6.292144411538023
-59082.11121171504,16.176729993845594
-30949.857921915198,16.842283250421293
-42843.21947217721,7.773766238507445
-51827.876525312946,11.581840345102709
-41807.023652039345,10.860410772180796
-46352.63078053194,6.883004123683564
-29224.04598317937,10.20476718600225
-36493.571483190084,17.96236269975445
-40234.69837458523,6.545754697194376
-58290.86267331365,11.338667419641157
-59345.04361731181,6.326438377307331
-33253.26891730063,16.922519299938436
-39503.825497651495,7.42099341930048
-44188.00093126175,9.13550285101156
-29528.857638186597,5.614479922242104
-37547.12885915216,8.121747846496703
-43135.55462759407,6.199731465352963
-44060.50137013892,9.36313528538376
-59265.89025548476,15.9366381201685
-38911.948734385216,12.41144875013504
-29582.901354704405,17.627816539019033
-36574.54722948087,5.383559785394674
-39940.71317849915,7.200900538650879
-32971.616866471515,10.358558602206765
-57815.08880632387,9.45022705102491
-38878.43991890066,15.96293770018778
-37169.61655215817,16.938832973751406
-29373.880428017117,8.571782354726444
-57083.85539860446,7.364802740160277
-56679.619697786744,8.485919299450973
-32532.825217110025,10.94798467415298
-48169.63282078235,5.834368312550254
-37742.850976831,5.622711331392039
-29574.211947977623,17.089380415452858
-29392.387187444718,11.734381023588588
-40057.17983120828,13.545150676712062
-31719.980662523518,16.807819235633943
-54163.982257665964,7.715311988495259
-40085.25403929295,10.13008504293474
-40973.08604898819,9.256383452446965
-56006.49314402793,12.274265579909123
-54129.49730446889,13.713411408735134
-53106.69199513423,13.787563765232116
-50924.99343144096,8.583394831453663
-40033.21787165826,13.903007684835089
-58815.404671195916,16.10541616932519
-37918.53923965659,13.478270715301376
-32675.032067649507,16.6153094727471
-35497.33342519594,8.413887257446001
-62478.45112403702,8.38629648976303
-43017.43523916401,8.046928044165872
-45336.128007656545,7.102058021864289
-33398.83360569902,13.567119367871872
-48444.072155643895,13.596439095783207
-30860.742896543765,7.198428091507925
-52661.33509862522,13.774452933223667
-57085.080768907465,15.44535127636424
-52781.2442157866,8.590201733481456
-37320.09717333394,7.857171540905099
-29714.258421617953,14.404908375664766
-46691.15190590665,15.735029641270394
-61288.590804042986,11.18168664739795
-60176.788660864404,5.202336707178569
-38194.40098542538,10.92391769102655
-49978.59972392838,15.691436843069813
-44615.64519659169,6.4442533253855485
-56613.24156587117,5.178411740578769
-48617.79008295959,8.695866567657996
-55117.44253915157,8.3153355694742
-29233.38350723924,9.6474560782923
-55960.64557385379,13.479098535044091
-51961.74719355879,5.169516288509158
-28728.673082177353,10.7186116972509
-46402.63622085189,16.844232478403
-50294.66036614921,14.641406054287629
-42516.09912236755,15.912839827394514
-33357.79379767422,15.098488219290578
-38778.96700361961,14.845887544716422
-29143.421439464775,14.743444284391147
-43339.750059418206,11.07734164236268
-56909.96353792495,11.167272360860526
-58778.85089911903,17.333822848246804
-59828.4945162416,5.343418708267255
-50447.18988199593,10.94744872617568
-55566.81693288636,15.199686894348476
-57135.06345597857,7.739684491624088
-53830.849173026945,9.471940985069326
-39092.26940109313,17.001049242283877
-42715.91166863482,10.892184533885349
-52765.35881149562,14.92546137272425
-29895.551474044987,15.199732790800743
-57340.4129212533,16.092657195664
-31104.999900403618,9.642993657231896
-47289.78076938917,13.188540739341745
-44434.12135492978,12.48812510061303
-41127.25746301149,11.124225705419772
-33780.93037474953,15.778277855908724
-52329.32675685668,6.2681336996501695
-41384.39391490041,7.415984814066825
-44275.048685499976,5.78193973106467
-50138.1206048176,5.784362835839951
-59175.49302509497,13.747525175030049
-42130.48921712091,9.97089244997132
-59244.57206388918,6.742455596241825
-44365.221986783166,13.6067556562247
-34449.45853757682,17.716465121419688
-53182.57293877832,7.836152250526416
-41240.38762753627,10.473446634060286
-41181.63299121449,15.399882605245988
-50086.88826835389,7.791568145373804
-48576.16632570292,6.826640902570809
-29286.990210570166,15.462770183276788
-32095.513423824148,16.39228715275061
-31462.460417598628,14.12870194034152
-31299.05042603035,5.316143072094002
-43692.19695660686,17.609831617837877
-54875.360012140474,11.79347249066672
-34742.65885968469,10.196017601142144
-47362.01970797154,6.5958223733527
-48421.2706390057,15.473283168526756
-53776.977756690176,7.161294260051095
-53219.69583835767,7.620782760863346
-41282.26832308626,17.01613382432913
-31702.76728523844,8.425859776956498
-31185.356022335855,5.7389434846150165
-32999.539165223105,8.502065998754134
-37843.95665076519,16.155406850438375
-39028.110093101015,14.525970918722132
-30473.04092254616,12.238393664266614
-35013.25552539939,8.202872419506303
-36014.8637742748,5.30754152912425
-33078.6795728847,14.472107290872108
-51077.85588486702,6.205096439565505
-52813.59679375628,13.385845306547616
-43020.76462392545,10.94587900657822
-49636.31599009033,12.012930204679936
-60575.31541069347,6.846462574747063
-44105.81349176277,15.778718593618391
-56907.20547901837,6.497192669975738
-60382.82500712511,6.203791240849373
-42198.30196366274,14.98208889903386
-36348.50964123038,14.9981925637097
-54730.72861900462,16.12313616437403
-47317.03856172051,17.65702875000588
-56296.87044298792,12.069996415033817
-62153.293925796395,6.020589107597363
-38959.264991235825,12.862838920627638
-58650.69816814485,7.560929357892313
-54418.10973807719,7.373527947891795
-37628.9843908776,6.933394921474026
-54724.312119588256,8.690115144818291
-28799.38560847084,11.965559353823204
-42754.2197040239,15.537584540799406
-41156.780770050624,15.391316992135929
-39939.45009189927,12.796747069981768
-40955.90826449812,9.150480078999069
-32031.02782849835,8.985623841107564
-33274.12934540623,14.48489955063572
-40404.0893604159,8.435480145289418
-39767.797697225236,17.064950882312417
-30070.27305776073,7.107396078957383
-37385.38528223608,11.418145327881495
-34846.94852593758,13.464078898420086
-48863.8883760928,17.14192597660341
-51682.85298024947,12.05189887597027
-49343.67360170526,12.79760866541326
-50644.71693607979,6.939106976265298
-45486.92027320921,10.969596675154415
-45096.58356678589,14.02374183300753
-35084.95115921611,6.457715340008013
-53727.95311880349,14.629874419840714
-37879.9485990472,8.749305735391621
-60158.45457878565,13.316338002087097
-30129.81237823763,16.47872174782941
-43434.45003429798,17.21908750254302
-53487.17717373997,15.50411272934544
-38589.001641721195,12.889391204796038
-39001.78916400777,9.132135491831193
-46201.39285947945,13.553674380366614
-51103.11499321899,6.726040835180108
-59278.36939061902,14.18368023368358
-58305.600389106854,12.095895443742736
-56506.74888720718,13.386723858309589
-54624.90591559138,5.154433276020288
-60665.86072647241,9.3662747057776
-54390.09583161253,15.063121259660557
-37585.4515998804,14.913610077480412
-44495.34437759528,13.84829995367328
-57782.20222914621,16.83032768895418
-54658.13288951615,16.548324804578513
-56981.71026864147,8.304270680453877
-53206.06792494198,11.272206096789168
-32194.73394713575,5.81731200134679
-37902.04605613807,6.694255933128519
-31166.41880050207,13.03337994329976
-50612.11840665337,12.435782908872874
-28770.085343291983,10.104170017079245
-33410.10497560445,15.670780215866635
-51977.735086730085,5.539595285705597
-31305.427660810936,11.737662951357912
-35011.97437751153,9.4031741611994
-53957.05124054791,13.632227820164992
-50843.81137233964,9.215514742084547
-46185.62263326022,10.548960365916525
-54840.33550058148,7.275967024027489
-28671.186162313614,11.912354036413763
-59504.465825384614,13.42732642035313
-59161.38393015706,9.534490906299313
-39722.9454115712,8.973802899103333
-29648.88341943158,12.184632650254366
-62068.63568165149,12.541243610675991
-37142.52857422694,7.854024725896436
-41236.11298809099,15.028508464652214
-44958.91546870668,8.936025155194582
-29182.978637670072,16.445968380502507
-30627.459748896097,16.998033669290535
-38441.77505278176,8.228856822519557
-58951.04930391947,7.767344807266601
-58422.233238507004,17.89938240464177
-53475.948720249944,14.725243475005744
-57600.06228792769,5.679540614004391
-29461.49922670434,13.217895468704704
-40818.51839591947,7.5578327936651375
-38524.274050216045,13.579392492076746
-58084.20605087817,15.320734928845642
-42908.29869897949,8.27865222617446
-30835.426034518256,11.143199712529384
-39242.053578800245,6.047340015047625
-63112.952499062485,7.0538492534212685
-49511.8867304446,5.4194967031236
-30818.12899702848,9.510218431539233
-35995.95955750353,5.37227630095246
-38574.318921870516,9.172826396916909
-56230.54601044147,7.200685295811208
-42915.165202585325,10.896573105647164
-48317.28209190222,14.707574773960433
-54217.37614131134,9.325384886665962
-49776.436766071085,16.049454977481755
-55313.62910242584,15.773178900439628
-51528.31471132692,8.266378293893405
-37747.94089053967,13.366418503513184
-47835.39598060088,13.100165656170006
-56999.34039943932,14.422732495965809
-40823.71322923198,12.784596179092556
-52994.402351691926,17.742043926687302
-44670.36609435076,6.9422048396153055
-60832.733474323235,9.115277963735814
-55068.01724361955,16.509510429072442
-54204.052741998916,17.475899267642404
-55278.9092160853,13.01238849247406
-52199.77126983291,7.83663405604643
-43282.655837582424,14.723943682516268
-57151.52928340089,16.79010218924457
-29425.160144683465,8.22536657759272
-39639.69894974354,5.6677852672667175
-39924.652738045654,7.578692379255713
-30416.667080287985,10.16695346829056
-58692.9889923358,11.559312096615615
-47955.350017805235,11.575276121958492
-42275.02026766316,12.157495345727334
-53188.05219816875,9.911376672595392
-30495.574185548263,16.761634755257166
-41836.25363368055,9.838298685372836
-29264.230781291353,9.468549525398814
-55802.23614383933,14.697735593617477
-54613.53674276069,11.35247454297512
-59040.121746661964,15.902300209738923
-42282.3966742746,10.17810198029116
-48798.357888608356,17.83096104713772
-40897.39213263538,11.476141877417566
-52896.93699965885,16.06659577537191
-33208.95743210541,5.459862143171396
-45584.89911619453,14.894154972774928
-54383.406985586465,10.844211863085166
-57449.813147091496,11.832165134308609
-28654.121186441276,12.824335075413249
-59665.309665870554,6.1938577747867365
-40024.1010368821,12.233005494097387
-44331.14090343436,15.837669723604591
-41368.81954907361,8.820551999456217
-42245.29463444229,7.979489657529181
-30226.13953080599,9.104212483305648
-49365.537013544206,9.562997950130658
-49068.071664955714,14.16169395425446
-44116.37343125182,11.119463396219388
-31628.50195614911,12.299238007298054
-41263.13973685945,7.940856885659349
-34397.5140429232,14.63820803262769
-41065.454734238025,8.526431423612943
-29179.19530932856,11.056001806866083
-31060.58260710701,16.38948939933692
-34250.38333671121,8.557313149329119
-52188.93214458476,7.041256753479056
-39499.53161443522,17.30459650739406
-38706.50184684921,6.17441022906751
-45620.68043423475,10.4118027092964
-58241.20690999697,17.219083394107308
-60336.59720173341,6.828315725923893
-42919.98748476328,12.066904913284269
-41857.99800562881,7.456969456828713
-35784.57063145627,12.072309507731015
-28891.163381339735,9.86248814895766
-32237.093544130366,10.620400825495768
-29952.297494244147,16.33603886361763
-57597.15436627405,12.082123151213022
-40795.602817025916,6.045237124772969
-37020.596567680055,7.775049322818004
-56383.71788063627,13.87548044449104
-32045.190139106453,16.102454846720015
-30464.783265314243,12.683866196005075
-36896.980444472465,12.75765181261776
-59566.51414001359,10.321747098644863
-58098.08827523407,5.220395661390266
-61506.81154721482,12.353930966227631
-35010.15697607805,7.42222230388041
-48030.6062438013,11.864147768139931
-32983.36514969595,16.3858061471086
-40564.67710963322,8.146900123577167
-31033.040821530183,9.448532777118908
-35398.93995716454,10.498031300526517
-40865.97741213369,16.07908643545739
-31217.189708079914,10.476254879420033
-38751.569056622684,5.679611710247792
-41075.356482896554,10.287605212978306
-36646.207592498846,10.347009318142188
-32190.366379933017,10.940042715788106
-42563.956332048896,10.60685047539106
-50434.02473488571,10.541656448070636
-59496.81307288101,12.484427074700628
-44821.51174857962,12.715737858394483
-41463.521249237456,8.757667363566314
-53568.56993976995,16.419728509198702
-63089.43160788158,7.924139666334268
-44852.409748507096,12.37046772310014
-40373.50663875378,11.372177841576285
-60381.69633974518,13.939233699459551
-29924.89774153166,16.612871024207575
-57822.45623912536,16.225938249995004
-33022.312916778385,7.953036586564078
-29174.337663550068,11.138842961181169
-58069.253890082575,9.53575741704923
-57262.297840287596,13.03569784172147
-35716.18026792192,5.377254267732918
-55567.71002104962,12.830586350953393
-56397.43903892131,16.480530070319755
-51402.41882738852,6.651967189290675
-60073.25123458501,8.18322952830492
-31587.87877228351,5.02397424946511
-60041.75512811161,7.658422689522789
-40940.73007463966,10.216262620276446
-54205.46655055652,8.684780006303143
-45337.51204946394,12.900040149781873
-30543.38135865347,16.378412410167492
-46105.62463589427,8.566772932239026
-55501.96398404945,17.236391193671658
-60399.91509451319,16.44670411873195
-33573.9834795069,12.623585976288547
-51201.14349545696,11.118993304653978
-59410.5288429212,14.73199956347892
-59766.39126644319,5.268745422873232
-41363.95100972903,12.847951342576554
-61132.37306436887,9.767179653449514
-42200.939070093795,15.972715788917736
-54147.51751237284,15.814426662998658
-41925.066781110116,16.887026895906892
-51042.738571701775,10.602975653129704
-41433.19881311373,16.67977979403583
-52028.71474359253,12.312254096507992
-52950.678353851734,16.626326011276944
-37624.87013363673,6.059538264998545
-38988.37641309813,15.36178072774411
-54116.43046402349,9.350634234014388
-30638.19573275492,13.17102335607477
-31996.877330106978,6.332283528363624
-58919.247813138994,5.610383204344948
-49930.85274069968,5.696231365408121
-34819.959496162846,10.97881934691262
-59957.5818597878,7.506237068034969
-57169.4909896662,16.920457770468268
-45919.61345156429,10.90092170199887
-40380.058196391736,12.14679981632747
-46145.28922669968,8.640583423760571
-48809.35935409396,5.069115454714894
-42970.11167168931,7.610215488551208
-38549.30315600005,12.565136547047134
-58453.22365809095,16.712187543335034
-42910.76846225557,5.601326898225308
-52795.37325276163,6.412158529091956
-40448.42697028199,16.58565393989913
-41102.760164928026,17.186813178321504
-61917.73730629347,12.2222345776027
-39346.8809357006,9.156174254089574
-28822.04057401551,9.23497965272276
-55054.11381184081,7.046337162480192
-32665.361121208123,16.477160251419207
-39071.453856129374,10.072708383332769
-52221.220703424035,14.070643865581184
-49569.72330922932,13.950238434317948
-60927.51132419624,17.87512962097653
-55898.4571445913,10.582380695030688
-38694.954523830296,12.662970464354744
-38403.10481587438,17.942397781471925
-50758.111125521624,15.721181154907988
-44126.2599529962,17.0809481132901
-40630.60791763403,15.337951116547378
-47700.84974498679,10.619734150275915
-59857.95952517346,16.976691366202694
-39634.88266987542,10.290386472069772
-55140.637648162134,17.43896952550041
-58831.2726513151,6.6419681379474245
-30966.766788608882,17.0125807680914
-54719.46060372405,9.44559650437633
-33750.605268990344,17.12170497551428
