sal_9_lc2vs0_iate,earn_x0
7870.874531802361,1193.332697145667
12888.31944530725,3244.6781523613786
533.8423601638247,3719.2213222458727
-1375.4042867302223,3085.6925448433512
2326.3934122477795,4004.131002137021
2189.1032991588672,1755.8269456412604
6308.470549369706,2584.370630726857
7422.200161121675,3413.5281476890164
2768.0959296571223,1933.0884472848177
5783.8232725536645,3968.939722213053
-6503.029360579615,4292.975371818628
5259.368196432813,4686.399666895838
4258.426784341282,4759.08314777485
7442.142983665517,3485.7685658506025
11407.064320834663,2430.071681191421
-1510.5974733271523,6995.563964901388
4786.14573972855,1800.598031556699
268.30291500480166,4116.599833906231
2812.513305606575,2272.22316109235
-14299.216998691398,4645.666832185667
3938.7411709633507,4911.659106698894
9903.44204291061,2285.6646826609804
-468.4642055409872,2845.918390197516
1014.4725232456653,5615.714002697792
3490.897808633712,4666.231885699818
-990.3984104745596,5196.638068029913
-3846.847991681563,4076.92783250837
485.3361923592811,1749.6442113020514
10165.330203671287,1342.3696338424595
-2799.1980315123214,4490.609342053655
11917.406228366232,3043.1471959793835
618.9191795214319,5155.20693112442
10810.338397599466,3362.485159182663
4113.437234271604,4016.4146395269454
7502.008570958751,2790.325407162434
-520.5007288973543,3760.962602912711
8497.136296901012,3844.823230717023
3131.4967945946546,3925.744144977282
-3894.2167515392657,3494.914466391914
10345.932455492191,3914.4693519501134
8109.94983462007,2504.4669564633064
690.9116503369569,5127.58637675137
11306.908387927857,3562.886665982977
10928.188097720822,4346.035705503462
-7337.3799809622815,5810.071824153135
3026.654833039015,3785.74193468117
-3217.6829752884587,6312.9529453602845
4691.455642526189,2434.186954334409
9828.21458093688,1479.981545887037
4783.484859219515,5557.065867351301
10922.347453858445,1104.7599895524174
5038.277976958489,5894.174450994807
5364.634809299793,2843.929690002449
3858.4404426667506,4204.431798818756
-1887.9457014265129,3367.087933725305
7727.857015203586,2758.136380043928
-7451.419736903625,4848.983973726757
3144.751606235801,2644.3239547182543
8544.08065323127,3348.914555933196
1473.3046484063984,3839.682281385358
286.29846981384026,2467.059948003984
4298.421442218057,1236.9125442854886
1449.7054672341178,5868.199214033304
2458.0215681235823,2123.3307829249434
5939.140853150055,2944.7052830965613
8188.651597377383,4086.564922510373
-1372.7021021247883,1236.4920310371217
7066.150737845894,2203.298269765708
8803.63143310327,2242.9010708714964
10679.729853334135,2976.345607665452
1758.6255096828081,2272.331181046973
-3623.536330502402,4828.744599623171
9521.298228434054,4165.808696028897
-2659.213659020679,2500.315969941594
1967.8643507951167,4574.99517557822
9877.034288757308,5258.3726816026565
6898.648807185147,3270.529189816006
-1569.7050754635648,2434.5966870970765
-2376.735042950808,1786.5048007083049
-8544.735303795649,4163.551036313568
7165.6263531346785,5599.091023144334
-317.21542523743256,5274.488011403746
6737.147800886679,2588.3768914809834
9612.428422419647,4984.429703094995
12191.632820418617,2905.0417548316573
11340.004034195721,3032.276959379162
5728.328925326718,1435.250251714145
-2174.6386915408552,5350.084099674365
1283.1444527377867,1416.433288731004
10608.865448603176,4316.491897663433
-3799.0736535541346,3159.514622200561
553.4506746018251,2857.256750136862
2023.901218245027,4187.695951252252
7551.769632087734,1942.731746497484
4051.4179886735483,4363.1648051243
-2934.424393040462,4102.243463528355
3214.2508965920197,3192.489464462401
3946.2919389520507,2960.379801999077
6056.635818602757,1821.6106586686767
7770.722457303993,3525.110567871369
6478.699316412975,4273.646766912285
-1379.1351788689124,5005.150621529395
2294.4328499923276,4166.827593997135
12358.531680560793,2466.037967760853
4655.941009856789,1392.4133414491428
-3891.095425748962,4794.484188827246
3932.3828403189636,3751.7426100040575
9717.157341584574,3733.3803090074
-3240.620112561051,2463.1960026471934
-5082.297162713987,4941.75256753342
8486.16743703295,2959.1602158750347
2151.2009497591944,4176.901486798269
-2353.5049108673584,1970.7023382414168
-2481.7316409909918,3607.59350893063
2082.5367536881686,3980.372097176493
5706.905711578855,2005.871285241926
6264.60368171377,3473.3885679187806
8824.797762984275,2801.278027465041
10014.12434696534,3180.064792589384
130.7984595216717,5955.268136243457
9860.92061460393,4029.063675124101
5442.470261874625,4251.443448339634
-9264.433819091653,4376.287514555002
-6418.564596752042,2914.4940641390226
-1091.1936663597508,3007.191003591542
8092.033773759564,3171.015817943025
-4632.540000564519,5723.4384249604
12669.287244286414,2869.2253710300465
9442.381009430737,4296.829243576472
11692.161652937908,3155.162002986955
6803.723014819606,2189.401971175196
-4646.3824868039055,3764.2748020453705
6456.761345825918,4701.282450358163
6995.265395697818,2338.9285731119826
10364.520531165175,2203.096480877128
-898.1301999556158,3525.529953768866
8079.990285306178,4041.3365993475
-2340.7204107935295,4137.11279849873
-15648.144848932327,7140.324224398464
3987.8692227922265,1888.5507874313764
4294.076758677501,3978.142203617335
2426.45816728686,1615.7314115125334
-2929.9063879332525,5713.4417634892
5221.627952668915,3086.749538023775
13961.206748710156,4385.364117998522
9350.949854775063,4377.644339969802
-6207.302938360535,5378.628361660634
847.3047072608897,1931.0782440644648
3071.5896839545544,3555.0888770035867
11497.734136285257,2288.560613092506
-359.86192852488057,5310.097974352306
4381.6341810043905,1581.78916347634
9667.430174861616,2354.727117399696
-14163.136502259995,5918.104208776785
6925.729693848232,1796.579736764528
2912.9462186780456,2802.223139718544
8799.49309072417,3295.4554934628763
1687.1970148551327,3722.339124487471
1579.5260985456862,2138.2240765651104
10821.926117212988,2601.928364168456
-3650.864360540786,6323.573096570325
9742.557374548427,4338.226220740814
5598.796543119881,2040.3741533227096
1782.7942411083181,4471.393377297148
11611.267291880478,3329.7790955631845
-2816.382865802292,5336.830195138055
12658.261863533058,3443.4292234999743
-1895.8481207377718,5468.090696668703
8085.79388467519,4121.935428767277
9388.362409272686,3476.709266023497
902.1921831642204,4348.132331540891
6152.728202026662,2421.5381742493128
-1667.2923622197368,5836.328468882115
2664.3563911065153,4447.062698665194
7379.675199325185,3102.841731317086
10033.087680342447,2468.074948640741
-734.0312922779672,2826.4073615878106
4988.045221822715,4030.121512328451
-2578.8027878017983,2233.316892300849
-88.54371670886894,4488.992329483356
4248.150829846614,1799.1312460844028
4217.4441900113425,3344.532240136754
8286.280026774271,3171.728825790159
4254.03489024628,1732.4346918845558
10286.130656572557,1385.2972817249608
2800.526312900225,5776.512629351454
2107.706541563814,3544.538988758148
4695.561298385856,2112.146559783313
405.31906071623484,5145.180783131548
1081.7667769744103,5097.243335181243
3219.048556260408,5426.0752291613
8844.012827097515,4894.706522457524
-1814.6156092333654,3861.0471569373294
-4349.950143424323,2698.784413288972
8600.428360279442,3013.629550984904
-4348.452473436277,6382.177927898954
1094.5334087371875,2403.0838435498385
8779.405775839532,2482.1997869676475
646.5969166610527,4276.496145311158
8586.48828095243,1454.506432689
-591.3895231410488,2714.933118758521
-4710.763342676901,4914.307897645444
445.97040118072346,3126.3134159404417
4910.516672193606,1619.3065509972791
2358.6535861024086,2527.784509468013
1437.7680200496993,3771.7859168083537
2938.0790915162033,2801.6215599245006
-8395.42558829852,2623.0446577251205
2075.0040578246626,2978.601011678399
447.8537311745897,2467.6711803404537
-3228.10935406902,3830.3825104348575
4427.383271852273,3653.944223358132
-7114.979890831337,5165.984056671632
7061.143144535831,3668.846712783567
1837.025012795198,4197.2032693262
912.6396636893437,4119.146808841497
1228.0278277566842,4808.331879334657
6267.617815736813,4924.730435581283
2736.739644792202,5484.717660448678
-5951.172459112926,4148.473288289153
8013.004725660968,1606.1147844477057
4358.499729113306,4467.088637684439
5107.276689878872,2569.359907167069
-1709.91859457987,2123.234946887559
13562.532573477352,4096.23341909503
-3626.4364851539804,3640.7433975626655
2598.1548161940045,1503.696198122301
-3849.8413448959573,3837.818161742435
7453.781889706179,3211.2343253916074
7564.455888839402,2680.867361264716
5791.688411646293,3388.4628070053545
6422.079073618835,3472.1371672790897
-1855.2433382563038,4032.918742548976
8854.821233659899,3743.445491839093
6627.012596508385,2021.4275954292896
1647.8078231043278,5027.096147286086
3004.627197632879,4138.790223026816
6767.102917607672,2976.7510811775605
599.3993622044272,4230.856145406076
-2948.788990907171,2639.3325484822367
-10610.134833129052,6395.766599036037
-12486.235606336471,4325.880865350576
825.4345819751421,4945.593607146445
4593.216866175602,2681.0544517537974
7486.159727045606,3644.329421057144
7768.15059486403,3578.338011785222
-3743.6302885721007,4149.713017436649
-3255.5564362951436,4415.613048401213
-101.576803156614,1601.23685270193
-11125.815826590193,7344.155862815863
6640.454592255233,1749.8680771010422
10341.259449452053,3717.6271465220457
5254.6731130865055,2675.427876970608
3021.024045288131,5694.560637039672
-6622.319763715014,3929.545770025674
107.9577669402197,5600.964882255158
-5492.275165096437,4317.687849879147
3883.5587262395256,1877.6096410846887
-17132.95817254939,5603.655026878279
-385.88773943750505,4090.269455960972
-8708.68287159834,4839.295697285171
-9587.643172010658,4732.561724408808
-1015.6166305906584,4325.724163879226
6622.65426213088,4106.151619280391
-7039.103446531207,4361.470025204451
1977.13664839407,4401.974094292035
3206.5567947331588,3582.986235138961
6234.464792634398,2396.8216599158263
2278.2618811639622,1545.5361721913766
-4026.706499265395,2924.3115114992097
-9354.102639877885,5251.487895026775
6290.125140542137,2702.920525576427
3769.802361055005,2779.9177988280103
7306.104691650574,4773.25577055998
1009.7633973574066,1580.0183101562484
4064.1456193617455,3233.4004413836265
4208.64567745402,3671.814012414072
166.5913755936681,1682.1542984864168
5547.241532457251,4334.9066569034985
5687.537444276869,2675.562095034877
12950.826165410694,3455.3698717180587
2388.7904644238474,3349.360290052079
10457.592080076436,2358.593893386679
-2278.919831186781,2843.614949911287
3425.8591219335894,4475.585073367943
2155.783852498874,3964.938592382787
-1050.2012872945024,4351.170191832786
-4137.53023152539,2265.743373180881
5132.981157804387,2771.5722882504115
5011.833629560185,2840.6761015771926
4713.166198328322,4510.020611392953
6633.33383618529,2383.101873835544
-6140.454725876486,5281.458383583068
6179.887043983199,2740.174751903613
-3136.243753914065,2538.0321217606747
4203.178224778611,3706.67304924324
2486.3580113204252,2009.6085419498827
-168.76873663659472,4291.770222497403
10277.8911561125,1863.8456945563528
9627.137941586092,3538.710331361924
1843.0526964100554,1352.6012884120844
8674.499347313238,3274.830892397048
-4291.134208485231,3499.685219244584
-1238.029732093448,6077.322935931496
12402.830455325166,3296.054125853884
3018.57986356874,2764.907385378634
-3401.817610309489,2501.5096641316745
1762.0342296534554,4994.505609377051
9760.203950260553,3522.5940590049067
1234.9742420686553,3815.2142896743344
8061.920553598784,2679.505093299584
11426.364749803164,1439.1453292663118
-335.34992335410425,5173.880188324628
7033.492805924079,3318.043515559716
1646.6492415625949,2477.3306624772454
-257.02165328480623,5909.943684941671
7286.837308302045,4991.221792357429
4671.046364566131,1945.2972425361472
5524.095966959542,5611.451270163821
3849.658501719271,2784.3278084847807
6581.3281194814035,4633.852762579146
5660.280355349745,1783.3340957230396
-2233.3944070050848,5247.8412130416
5796.934012230024,1954.067945909768
4552.2807498577495,3717.762762764028
2163.515396257905,3730.628913915546
757.7751206028806,2850.358859236115
1370.9311252489679,1962.3359456044548
4153.700651510756,3191.9844382771344
1725.411344048288,2356.677937832977
6863.218321142772,1927.312818530065
8627.352708122322,4078.8466129156727
2597.931366029754,5570.604652873919
-5703.033390866659,4303.230519991682
7131.892140800191,3551.425460526461
7584.245618730811,3161.242877039385
-2094.3701939378507,2246.229367808749
8161.852114336906,2665.341748330304
6052.314958352934,1694.2666555083847
6644.30204821147,4882.270050546917
365.14567465214986,2666.414538199012
5474.487923245162,2535.700202709849
-10197.858831467975,4204.321609033007
5001.931065135403,5482.539193747483
7648.794127154765,5554.281552964938
7697.560333101914,3957.189338597216
3738.226035889659,3657.58910917282
7438.680295060855,4525.330675296616
-2166.985631533952,2998.843156769769
7973.671032119375,3349.8767164775386
2638.2851422709277,4998.582237027666
8012.620696209714,2287.2340088983306
7862.376184380142,1732.1305685095042
7923.886195532081,4565.111832836696
-5133.170626862674,2355.3331725744583
7616.134157714951,3335.818100411458
-1694.4300711423239,2090.538944189469
-2539.756301217126,3576.239420399156
5789.306105155324,2290.0885041457955
10304.076840908467,3580.978336064954
7293.839570699639,3328.9348431807844
-981.8655237410348,5886.548366004454
-1837.4045308119441,3841.0264312231934
4435.131187108322,4526.096339006029
5399.157004214531,1870.989041296116
9322.10902383857,2841.8780195251275
-5378.428120092788,2981.5398159523443
1510.3248460738723,5143.418605607182
-7134.543017663168,5283.558065696736
7557.746982546943,3496.5223325279394
1073.8257809821616,2673.796180394193
4383.621261960077,1578.7905448720578
1776.063110741462,4919.708976780888
880.5784028497657,5453.493988815752
7708.8465856034745,3295.121249496337
-714.6611115074325,2884.5774762211736
-4720.225955216658,3125.9590895114
-1223.8412688219823,4824.38760926056
5162.4871166762,5799.78722546146
11768.651548513684,3575.133855919857
8482.326871732203,2140.3731976782374
7840.472332725632,3142.6406122475087
5110.969870191337,2152.048125324025
8838.449301911194,1813.0082063885563
379.6873938893764,2821.9461745332987
3621.308467682235,5025.367827949204
9075.495236440027,4386.973704511427
7893.690640923687,3415.5380692843787
1829.7752807416323,5195.980659642239
6139.319915369183,1259.678397980015
-15180.413717905183,6686.216113428339
3609.0018734331034,5077.511257549892
-3154.6815725524357,5519.636627504174
-5994.727250478087,3796.05038439556
2844.6925047670443,3249.2358013011
4600.048661079143,1538.9442508966167
3256.1980690204255,2688.8928557256445
198.16285866176258,2296.112860970646
-4226.213555725401,3966.569216300575
7596.570348662116,1583.9828108849397
4242.909964817163,4915.751566337
8840.790176743421,3750.9412377903896
8010.725185158979,1530.9268696746594
-612.2265656447203,4464.384861577962
7324.426997175932,3858.452636930076
4764.4725153923155,2296.676563208467
6739.580235152256,2604.7728329049028
8779.211184579966,1565.583678732255
12534.87826347582,3038.548892632572
11732.441604941872,2275.4457373252235
1791.6434456494717,4368.846373671762
-4930.588928986512,4234.032847167048
-4904.461721309304,3830.268092703714
5973.855663042642,3299.510771472298
5937.335360127501,1520.7622341803935
9023.402312419139,3478.575695157348
5303.653756920917,4811.89035109648
5923.800122758806,4114.27146980576
11576.2231022007,3116.9485300451265
5867.412374429197,5119.999388567482
10035.381593086036,3790.000019904447
-3209.3262813560914,7158.385106741009
10066.283147852133,3589.7432306578016
7304.346291686832,2139.896997109067
12169.527573277033,2908.029325621346
10807.983229014982,3461.8849029077364
-1913.455815831222,4677.457828167936
1138.6869908746394,1713.216884693304
6859.0624309827535,2224.841820679109
7981.122261145864,3775.5565750261817
7853.306864951458,3530.0621150941547
8848.834124217816,4766.474621985613
2027.015888471603,2247.6965079140823
3508.476517449526,2913.379679156417
5764.306244784549,3990.0552725585903
6801.346306756201,3150.180210192486
-1301.819631511994,5926.043442751324
-8204.512501456902,3757.90641335836
-8037.224622554047,3606.163103217209
5902.896121882072,3219.999964868307
4003.7667692258883,3989.29439018373
1638.8274615453624,3843.5260729714137
3428.370988527944,4586.318901060982
4800.713622867146,1709.2481321060989
9083.410312611835,5261.235315013504
10317.777448672032,2714.189468515769
533.1519730381026,5145.138239037911
7592.189732671208,4394.239509061204
-12175.776941978886,7130.3894192439975
9811.254508362359,3820.086283272653
6787.677512245136,3262.54581604275
8959.595572281673,2703.015208253114
6147.290997484884,1740.3309433555823
5280.988330357989,2481.4696173805696
5883.394607613382,1707.0234910306249
2550.179149284324,2269.4955096698563
645.227512687007,2961.847311151507
10640.943773534953,2903.9894606895086
-8730.454428324392,4241.018978009243
1375.793694147283,3340.927144288812
-1398.1824017870986,1327.371832824722
5442.4572623871645,4179.925259788434
4419.6531689234325,2179.6858033524068
256.16093826872134,5187.150362812888
466.8846618395212,3787.868899773505
11120.882222275799,2937.1935399849103
6003.601611632139,1627.2878941810266
-996.9127042892319,3749.854736061554
7143.96799494024,1295.7224801236755
-2487.278494693363,5761.535722251205
8765.600866420542,1718.231878957023
5644.432730170953,4845.689864882145
9355.304827865948,1552.103041000307
4029.4132224471914,4350.653757085938
-489.5105723165948,2713.719138612854
2017.7233972829586,2796.465847900944
-7100.867888760237,3912.08408972091
1512.9011787955142,4479.487836918295
2211.791149651113,4452.352798436132
911.7108515466484,4807.791390257953
10361.3645195336,3127.2395746181987
9366.379279082017,5320.753468473539
10144.69154568697,2287.06228170242
10554.32308529356,3288.459821603086
-539.9117939702337,2666.646670018606
4265.465032892148,4549.4122068276365
1760.254722121685,2970.082423322825
798.1251138348471,5764.902282657213
-557.3689579273148,4502.02412734875
-5418.374213069819,2571.060292784651
8241.300813062433,4671.530763286086
10006.665811342245,4459.106030266229
4948.026851353385,3768.3920633031626
3751.6813927118683,2847.6682725886626
4199.375361507302,2583.045246137085
10977.14088791425,2517.744792491452
-1330.9889655810439,2080.713478900391
8821.09200772477,4652.765508752063
7918.770199357779,1875.733907177512
1678.7831621124797,4191.340158604486
8771.913327770746,4739.51447543163
6252.632167885389,1736.890820306422
5498.915790407213,5113.780135623781
-847.0225702822172,4144.867461663675
10188.99940305593,1793.474039468452
9858.758614875816,3660.424856753273
5293.177396328278,4997.916143671524
7961.7085898122605,2371.3365257675987
4909.033683786331,3893.719277384605
-8628.9902786212,4079.066925689916
4045.7298784221193,3603.0849667526536
10222.582381967173,2707.624057794424
10134.244804418313,1835.304062267456
3720.5470399477535,1516.2843286279742
4496.81524916816,3032.318267702713
6767.368514144905,5476.07526698884
4562.751507234022,5117.197667741731
6374.511275784063,1777.4453028475411
-7365.808284234165,6569.255052606761
-8229.476578281767,3880.6375602999074
-6033.734966664933,5293.129089770943
-2090.111449962241,3658.984460454524
6746.107723882704,2365.952618851858
8144.046151210025,1775.152548745936
68.84956425297037,3377.575763482369
-3396.146422142173,3269.6339081039555
-8049.25708939562,3446.3884108026305
7484.101726266375,3986.49688568505
-1706.0940385586237,1904.9982129652217
-5811.354282773796,5488.397412401399
3473.871891335042,3137.194628604961
-11057.94131976431,6719.780599641947
11543.718769246274,1013.3669121434854
441.26203925841503,4762.625452789481
1257.5326366164122,4423.666755199856
11747.554586240818,3157.744585997647
8196.733589845877,2864.7353872524923
636.056477553288,4579.124176126763
2750.054110710931,3916.502845397613
-3903.465878834603,3632.635293245376
9848.174930247718,2667.964886149344
8815.607287910305,4444.952580551825
11344.832666547614,2851.732057548812
2325.7245502823152,5314.673232974407
7557.271987256354,1274.8829939037812
-128.30325993345127,4542.766583580385
6803.189821995554,1826.4538856984016
3376.958799090687,2589.483574249601
7113.817377170891,3642.0731069578046
1496.9968339396592,1754.4402113538954
-2223.540468516154,6319.049112658819
63.09280558359069,3206.137889718025
735.7876967782272,5206.400543702254
7402.7212212647555,4113.6543317463
3848.9641849880477,3691.7414363604016
4440.481934083786,2815.214605823864
-4459.03154519824,5276.363921105204
2491.4850241025315,4721.153229797328
752.6244841736916,4482.383684921541
6101.703685982746,1463.3111570308365
7612.602916230624,5693.038080767456
1972.7145024645658,4804.325789070075
-5285.991394956862,5532.303457708081
-7817.148993454504,4858.885848149679
4116.386124923734,1812.5299505343453
2486.74487590603,2197.2166611541024
2421.401970006581,3094.2372301307287
5237.110828398152,3904.267740496143
1101.6651356955194,2333.35955528885
8113.815485678634,3076.291202154179
7949.166201073649,1534.3015979788695
118.64955240486734,3182.422834539112
-390.7984437503769,3067.157403010899
-2084.981488940757,5128.48644275893
4840.984996397909,5760.086787609079
2194.496752461732,4856.201277442132
-2426.3281631602213,2332.720984940141
4837.453971987294,2307.208829912242
5977.91380800121,4508.908171713534
-7716.538405631487,3712.2785318145498
525.0137584337149,3520.983606418566
-9954.214332750047,6589.585259466673
-10573.36465473457,5048.938539817511
7805.779553398753,2293.540354273813
3611.7233721341054,2391.0625009847417
-1319.6197148880556,4709.242415472956
10835.942015568442,2935.188870674464
1316.6599312662515,2707.4065139776512
8306.699383161053,4179.989513117348
5166.546397588134,2054.404407242251
12626.774754528167,3419.551969446092
3331.007343457454,3590.109026290866
-3521.3991082855387,4607.616693006633
4322.657380268665,1705.73255591391
8041.8808526715675,3448.4201409345087
9340.024608499969,3977.222121869992
5494.846368641456,1700.5984274528705
-5003.800222786331,2778.690556145525
9483.614345526978,3212.7117106865453
7570.901750501706,3754.180526511075
-13745.139298925238,5457.465620762459
7031.3097351667875,2419.0053003571484
-8754.182010925499,3298.1708050057755
2296.701811821965,4913.669692985521
143.81162062949898,2672.303525235296
4863.269469922932,2104.1536625576573
-1792.579126354028,5443.643891678216
3530.672477036299,2158.041474563672
9384.83801009839,3366.668043395304
-1503.2032250573266,2469.9075962405022
-1750.3888878275425,2244.571060283922
-3270.4229866704413,4428.222016776577
10612.635867524057,4141.986248553655
-7651.228726613392,4367.213068061877
-7543.351069500451,3872.079631825569
-7025.189140831229,3173.1913872842924
1865.5627613234724,4817.445510603705
8118.353617279467,3730.8864053911775
2980.213307614784,1649.0482224223977
2563.4794020395066,5321.158856202261
-3633.2679980676035,4410.332627101061
9431.06974209489,3803.462372499537
-462.71303302759134,1584.8105544084565
3505.6930915461035,2258.342483310258
7938.586371671149,3474.37088334498
-599.2612171488063,4988.912253251324
-6491.5461313652395,5061.0576271404525
6596.696182573527,1688.498199545568
-2343.972031184966,3098.1084110746283
5227.127631186523,3462.9032488074063
-6825.389744448531,3503.4027145439254
5643.952166709545,3168.5570295558346
8670.499078399715,1627.948546243952
-1499.5112427747508,4450.147958512657
4532.879761540164,2284.9881746272977
6293.004415278159,2987.759690156241
-10607.360112733842,5253.388906531289
2145.2883118635427,3264.3197949082687
-3189.0440821654593,3862.605926536408
1172.3757970068498,4277.492204028361
-2251.1432403789295,4258.647042218431
4957.150229012383,2920.068431466564
-285.9864105863444,3056.3442101131395
8247.61721025116,2692.5600908110705
-347.46289497616885,4690.753983623313
6918.286791653705,3904.6842444886224
-3616.797161937983,3690.068244791986
5360.933516591576,3681.9410227674034
4426.375705858833,5236.463854470755
3960.1802001834917,3749.11783198802
5757.325443430417,3600.211218439389
-1468.9436298139665,5252.198457886016
99.32706801497966,3132.8238892064574
1341.432611426163,5571.537595524023
1333.7270507718247,4887.155740620958
-2923.969749896511,4725.181150340166
-1780.2441788366032,4202.030124187615
-3025.5813393877834,5361.110916069591
1588.9584639719187,1619.1525663246714
-4096.790486523489,3834.000106270834
8962.310123393932,2986.7821283029666
11652.115299761383,3686.153615838196
7341.956635711435,1937.6311760940584
6837.769546615944,3695.857584994324
10456.795593623145,2358.956827711644
683.0428804403837,2199.730728363026
3084.963100918863,3078.905998186609
7909.395984746789,4887.931465819436
6694.154700145567,2701.0786111678617
8931.533639371066,3699.603690199984
2126.1524603084854,2546.8916716218646
9367.273088207252,2448.2392354028675
10578.005785747242,4612.380095453282
6606.632894940202,2551.150469053535
4887.676669226196,1550.0065731801797
6679.970137853929,1869.421085899422
6443.852611636377,4518.9909805716325
5867.522517952984,2535.6075620058728
6907.519937853284,4908.448580048198
8901.57057954952,4063.732605815576
-1378.908800950929,5948.756524811192
-8426.776133952706,3733.349470608264
6361.316178803352,3186.055040956425
8387.756425324063,3953.131421094064
11294.161026968906,3037.2797093641307
5793.262108045844,4235.619009286658
574.0928844876307,2104.371579306648
6595.377122218582,1906.51098833871
7413.07390734748,4437.331126604985
-2620.703857915323,4627.434966067636
5820.318216401676,2138.594168365498
1285.87044333728,5283.1868332258
5384.914356070715,4993.736780628447
6113.004379028457,1701.4119474240272
6376.126255143714,2171.32687150879
-2794.5531350597967,3301.334040674331
4997.618600213806,3772.377808947261
-1865.2277811921058,3789.451410205812
5512.0545780583025,2190.492067273776
-10280.525701497889,4902.976701167563
11444.08412102993,3490.160704372752
-3495.3987975583996,6314.874283718609
6236.467761541324,4138.344642411715
6753.010801413405,2802.7169673944145
7310.242339011534,2934.692295366106
5296.123801202525,4485.398107001684
6100.821550221544,1759.360394621816
772.2916441344323,1706.3744024657324
-2134.8460354547574,3843.750834425286
-1276.1739024293895,4121.303007375886
826.6269012933462,4447.78858074262
5442.047354529875,1489.2594287064337
10916.256870837798,2596.3508032408085
-439.7787327028964,5755.664402292709
-764.2711035744933,3253.3650781763595
-8616.810252457315,3584.765103162441
3702.9162556692804,2671.86114574818
1729.7829864292303,4283.442101162407
3261.317144730896,3034.0891410113213
-3453.8980892407635,3525.853609327359
5917.946022266895,3846.382746712399
4947.323345749523,2028.74107172353
8678.513094235328,3100.685450800967
-201.72888074744128,3846.8500825482665
6388.004855680082,2248.9202770731586
9315.227443583422,4389.512401477675
10175.147142049858,3162.035519830872
540.2141237438095,4672.610722772405
9595.500257892156,2938.473399503209
5482.810443903759,2312.031813155281
-1592.0798931626055,5024.282765262176
5209.307732611316,4888.153038358666
5030.252807751156,3094.67246660026
425.99311732361,3973.940552466616
8215.902755172916,3356.629497384745
5345.423981561598,3558.3900844445498
-14261.492035198507,6651.979633848764
7472.426365351713,2764.9064623447607
3161.2823340528967,5483.610315896104
11831.869723385025,3768.01300795772
3612.3103299276827,5123.665823805877
-3563.3274131280223,3522.0134481911296
7521.175615337396,2181.783493105167
8692.762495183444,3087.3129075703546
2435.3288976046515,5182.368600443413
9210.63517582358,2897.799928016755
-993.8764395534854,1845.9155455534176
-13744.385584312815,5177.249296003342
4211.654651849374,2210.045335536119
8266.431733150363,3288.47402294129
9537.294876467302,3740.042012703182
2536.678035346781,2288.128957887004
7157.138589078487,1358.9479763406084
6336.7469144876995,4494.576556910375
-1482.9334621511125,3005.5396304254905
7803.294869060412,2589.898168460566
-2450.035460065195,4410.902198112434
4742.312165128942,4882.605082963368
-955.5882734814836,4541.559564323134
-7629.011963008126,7462.34737401284
7584.05172007163,4065.668525960624
7461.345183000747,3161.475056567706
3270.1570509677113,4828.077320098412
7280.401234640661,1991.286896196541
-3445.5471637537166,3132.924932488161
738.1628899118623,1790.4351813345131
4472.5876776666555,4175.896100794079
-1296.1244256722198,5342.826196417653
-7272.802519730157,6258.665641960159
5631.057754227065,4430.8597739788165
-2170.2492910475858,3676.919038856145
4436.32540263082,3052.496226323585
747.5027014408624,2384.067051477054
1620.8543197449767,2619.4519062213303
7423.24787851341,2526.600866446764
-5633.359696166119,3260.6204723904034
-529.3632858977498,1760.400561177071
10435.098121246547,2676.399006238648
6336.878101815897,1507.5854524806502
4250.8405377386525,3174.7441628983247
-2914.6761314332844,5379.579902014297
-1512.2494228291444,4619.717000501759
3503.767199381285,4362.291259186201
-2583.5570456793816,4950.609784520803
6233.595582382404,1846.535173096354
7840.284001309469,1523.2871798234387
5390.368014021929,4680.930896977807
3060.1490003727504,1503.4916416502415
-1501.7370815460026,3862.433166416426
7412.645766471174,4699.238338093605
-1598.9256257811585,3935.9437596663206
2531.151488419143,2701.696468669368
412.7302217852033,3490.767484290975
-5722.316119008748,5704.316110238087
6739.027550750441,3434.7511349120177
-2265.3052986557236,4536.452447377993
5459.27096056787,1140.664299959583
5265.595030390693,3264.64637505522
6635.093166282931,1531.0144262789695
10210.109012146666,2391.8958633734305
3475.133909923804,3927.047405702697
-467.14835338145303,5573.925585802427
4857.156528414397,1885.532301854622
6082.285501474776,2809.599896936466
2157.3898942577625,6191.9364523986505
1307.6691442855495,4561.574470234502
4299.168910065301,4563.313779768048
-12859.990047542215,5028.294676161478
8084.893673837796,2382.521754022436
-9636.573860788054,3636.4274645893606
9936.679255866859,4172.03685511437
5178.9234727453295,4496.55616483204
3182.300322165287,4138.956034930636
3073.7712591475774,3573.8094896241314
7304.165159163472,1246.3323109584635
-661.461990710391,3750.5464292302913
2952.954488281337,4069.751281733631
-5144.043551871397,5064.317106961394
-807.3536684788719,3578.8123388164704
9336.833598769117,2435.953978102072
10737.341201606656,2555.496787475104
8969.348304841733,2987.9715257443345
8016.7730272249555,2754.4290211875705
7167.64473992675,1851.3705621287404
-694.5286412216719,4429.845968154194
-3908.9141374187557,4449.898709619646
6306.444645885234,2177.424286778352
11540.622366214184,2706.4668809974173
-3839.7007058389245,3271.5684862194475
375.9033040439872,5336.400389483416
6024.31537756072,1871.7490638696404
9305.648666861307,2464.7506043793223
8790.421799233787,4510.144207475417
3708.085578975093,3274.6875928204768
10661.521434493568,1372.7883867723865
-2095.584706647998,4394.456283866205
-1075.9156889248065,2465.2759466765883
8092.120442256817,2247.054751980115
8941.626033356251,3102.1588759307274
-1542.5301627254437,5080.721641077963
6722.733335819296,3649.2027452430616
8419.618352409485,3859.71615242203
6728.6988524852995,2157.1650430111563
911.6085384448093,3968.502638567972
8686.344443693884,3269.2150282131133
-4018.9300965603675,5098.148147629444
6915.101350193384,1827.382675434352
-12564.102372399597,5655.423084298277
208.2670863844943,4754.027908914344
9452.810601857771,2093.2722866009344
-10727.166946535455,5596.7820995173815
98.54802312702532,2087.820960891286
9083.87031539013,3435.5625351442754
4031.9279310817724,4783.231130977261
12405.97253655703,2997.3498920024704
7383.163215087108,3881.67276955604
4083.0999354114247,1769.0958685956014
-3571.510524554447,5226.693797862371
9373.634768008973,3784.310512596725
8174.710626549044,3580.7214140795404
7794.810968341947,2483.3034358356576
1385.2696769790527,3529.32744212211
1486.02342626255,4254.496809000674
-2382.5620991998917,4130.966690281808
8316.452057230365,4320.143997852971
-3993.4045238004305,3298.8584610204703
4219.41179256795,4341.879749680947
-5820.9105937401355,4016.074874387794
-787.0963329142123,5100.445659208811
4553.511638071194,2172.517777621093
1578.1645076603563,4859.85938459017
2325.7001147286483,1860.5001231003137
10589.807838606548,3694.091448446914
-129.87210412258764,3244.806029010857
-5550.895976341429,3241.14875474982
6074.321225027809,4863.239538971047
-7093.804637900369,5396.817238420335
-3318.169392191491,4155.994781435296
-843.9651111486296,2904.178872808189
-3818.004491960184,5497.408017745014
1824.4369061943153,3307.5190548548712
-3906.161331825834,4763.351485669298
-13015.356966527212,6778.419844208216
7462.737192885603,2723.7476335191413
-4613.435153042711,3807.455634870521
-2784.8227340652925,3061.1304308332224
4725.949521639074,1326.135280594064
-2733.5528271681105,2369.098096948035
8133.32501146171,2101.864101321901
3365.182409795757,4357.490488968829
6740.830646282271,3441.464677760496
-5562.202482687089,3342.223420187453
-9777.536861162202,6101.05135235886
5156.516696397491,3814.1868971414033
-2869.0307691625653,3864.430238572421
-2780.8017737384407,2034.963989939584
-861.2766105518086,4510.764478963814
6293.052155434098,2748.361791364179
-6569.333942960429,3325.03255729474
-1850.9111484299983,6418.096777039719
-300.9584128405513,4392.636013467763
141.2262314189038,4924.338048790823
7366.3788490853885,4772.129138222743
9558.658614646614,3665.766109106473
1639.5644342612186,5444.924042727799
7602.747859686876,2996.107089125535
-2593.9145675151467,6332.829633777485
-683.574528662559,4055.697025415447
7555.414489527981,2038.2910189761424
-3180.6747501471773,5607.482756325983
1150.483110541502,5402.1136526712335
1463.6609479084063,1864.401220291003
7477.7362624148445,4035.854113186835
8411.071128508756,2263.861813819829
3501.3146829190514,3283.678740526753
2367.230646015867,3602.2851153442725
8585.034180273764,1309.439829856104
8299.84417920899,3068.458882741663
-3428.9213249865106,3793.849332962817
-83.49489083941353,6030.56153730459
-2572.020426711441,4388.404044313073
5209.973687934784,2510.367396720327
-2261.434783067299,5975.109733177025
-4268.921167749748,4077.7763091331135
8056.118302570063,2506.531766154837
575.5435730518084,2254.281511245936
5781.877359787493,4173.222650860552
2457.342936039252,4093.8492851859473
5673.513954225896,4387.022483495441
10323.666157691841,1549.4044295154183
10781.845293427277,4454.427075630121
-8585.373085554296,2744.197989173
-224.93224738330554,5416.906521177631
-3043.7605421867893,3931.0303677719767
7250.890628723956,2427.0415028984967
-1109.0148481661631,3876.102671532326
-7431.240161901602,5361.333943343161
4197.798688064567,4419.504296094528
-6313.3842013066715,2681.508548024846
-4014.595480692561,5610.837961142819
10560.168822511288,3012.60479091394
8096.45653495597,4728.482219914211
3538.1524740292207,4187.002612638372
-3502.395739423414,3964.422512171717
1395.1540718537044,3630.656267433679
6176.350832442423,2912.7989429908234
1618.0720067653367,4791.336443556139
8394.052776457303,3166.6684563913896
9836.931904963547,2392.319714172349
-685.0013276924101,4428.510980740605
673.1415982935996,2211.8526072986538
11007.341484800745,3872.656680196715
9697.624706612803,3130.9369805189435
6127.3626535479,1494.7736626515534
-892.7181084003932,1549.6260488267592
6715.573688555392,3833.270546553581
4263.2696637411555,5591.480158661683
7300.210353104831,3234.0831297464406
4894.307442874768,4744.888512069125
9998.722467979249,3091.4400720560698
12957.705808600285,4748.81908735344
-7773.645870539382,4498.754947917366
4644.700711612129,2145.561794010127
9.356958862751526,3027.7139851525712
6235.565092431672,3592.6477060399043
12582.436978935124,3945.653059109068
13077.197916205672,4749.354201316887
6943.885409939224,2093.863402102466
8256.85764088067,4323.98759568167
-949.5189989297533,3413.626745731903
7468.554748106372,3638.683989062676
686.8138487063052,5062.555829147887
7545.033297288053,3487.7187645943422
-9622.920761730129,3567.723869543662
4279.385493651277,3495.568931943229
5268.4344008209555,1240.2986448925951
11103.452398405532,3338.061313606984
2987.1360164546363,4551.544594529123
4798.037743558153,3408.008917250119
-5499.352310279353,2988.6555170585884
6431.21513711122,4836.492772973861
-511.93850643967835,2219.344450328357
5583.349544121156,2033.1762456171653
8920.011637489997,4928.326409841947
3518.6700787102745,4448.71090836124
6004.949788128803,3221.247977913541
4633.355261597272,2572.756409915338
3820.4191679571395,1547.8022093580837
11330.564545499154,1933.934615067872
8439.03591569966,3466.6244013505616
2770.2694335414826,4375.572407961178
3156.2756609403523,5552.032522744886
-2410.5355613381016,3410.367537755117
4850.630671207248,3860.535208951416
-3943.0032259755426,4558.767089941107
9503.90066708718,3619.60497415084
8599.732970854699,3204.024549178335
10309.693273730853,3226.0304013029554
4034.8751846634727,5385.314537228853
5861.364893435321,2499.238235847596
9796.325230391976,2843.113868767401
1570.013609982006,3567.0129216886025
-4051.932116744845,3825.693356144167
11598.07306079752,3262.079569376363
786.9020391519989,2026.521267202469
7875.521100470174,4146.11277295919
-7532.260463189304,6083.548248359361
6932.369230188091,4232.218266509655
1183.353864837728,6325.373481492831
7646.506488485171,2183.447515927101
6848.031146117759,4628.783200977823
-2220.4837094546383,3472.7749398597057
1640.2562828694163,1923.4927199884976
-1258.5277889178742,1825.962157359881
2235.6396919759827,4152.148717779044
8317.381619735192,2776.476204885783
7587.4851156547775,3249.3829218309806
-159.0812723433337,6079.29504355599
6511.728103059856,3046.191865256279
9902.144946335078,2324.6606498165497
-424.5254289016941,4494.350805674009
-3237.6515037714807,4564.917492076814
6351.14105501196,1772.3014720825452
7929.9548372469,1965.8990335934327
6638.912167406475,3110.2766850135727
514.3364871574261,4233.8638204491735
5513.248531585115,2427.165898515493
6611.476474020824,4993.952732057021
3727.7008979975008,3814.723920342644
9198.208324394436,4224.771877200161
7641.062159368869,3002.48381313289
-12376.320841544151,7069.354686626351
9542.078052223133,4083.84595084846
3101.612849250637,1832.7060154645176
3018.9913565328598,3295.6048080557825
-5976.81382507986,4285.220099408649
1319.0541414838372,2518.5168964842896
3135.0717467745612,4410.837967800643
-1990.701011203359,4032.579929887157
496.38324582262794,3908.6626921677566
2581.712469898813,2069.1240569169872
5094.215721303576,2043.8707603365583
9285.986659479655,3991.059138612639
2870.402069704509,4748.658790981864
4684.943626644248,2510.412383296442
6858.082481256946,2593.193146484819
8986.64210583222,2267.071387194792
3655.1865122555873,2749.9209497745023
7726.527886373298,2939.393607683266
6099.137669680003,2005.0192339930304
7721.189403313698,2081.5240546208693
-11732.59094804954,6470.229064235164
6890.899147286866,2076.03217481338
7906.966808654668,1614.9951107124252
-2233.389666108203,6122.808178003341
5034.3131678627815,2233.202074756301
-5388.075547989027,3402.204603760346
7246.64197035422,3267.2790538795443
-1567.202382505643,1617.6599046042013
6430.978825621389,1898.8729209453136
-3302.9264585999654,2757.954100975356
5483.600627614522,4105.869119263394
5595.237283814107,2187.7862648584714
4571.975874911886,3312.0850488988594
-6069.009734353893,5698.564173461136
-3223.3429474773784,3496.848794041626
-7375.430544664088,2773.4035579487554
2264.832664739012,1811.807737164107
5828.189166225573,3726.9600086988544
2510.5407210234807,3837.896940753612
8208.150927339246,4355.330250230331
5596.533347546168,1682.9155833097868
3309.0886368679858,3533.7444540935185
6968.084460676739,1846.225235434929
5786.9371550403885,1276.7773724089625
3176.7002307167495,5642.550732728897
3554.583601327978,3307.2414892477063
4708.404455621016,2116.452973867953
9764.415480900143,4269.210362291777
2893.96805129069,4189.475213351333
2943.4617320509433,3336.348260317715
7022.120235531971,3686.4029740983847
10439.388761281349,3994.32008945543
-13147.350110983913,6483.8474232262015
-2211.467530105881,5483.901468884838
-3739.5721980596454,1798.4312559854325
-590.7733125629643,2317.5791203842905
6732.900020630864,4252.3046611620375
7552.240651972272,2513.707407990315
6672.211393696879,2869.936313162681
1688.572203389108,2477.716369015645
6376.843061822243,3198.703161889732
9673.498918464127,4599.738526439508
-4205.4301920393045,2475.821266255699
-317.8210684959204,3372.381581122022
3175.0434343545526,3557.166814640724
-2241.3432599113785,2270.2279226724254
-2872.8204508741546,1805.8721091737696
6280.993331661515,2107.4588202518607
2584.5557204809757,3478.8572743524664
-237.64782970845187,5161.502539163125
4121.568325054309,4059.6965185577264
5593.510274729046,5451.486508321955
5385.153474121547,2648.251970611041
5679.713187115096,2028.527539386848
-1290.3465302443499,3826.312599244402
-476.188526395468,3031.3980336354025
11043.355321140429,3125.5770249879124
9271.112551564285,2988.979420515823
10595.448682881011,4596.825009862307
-2369.418868216429,4752.519949649485
8529.408805729809,3395.212362321127
5831.160875092193,3272.021880927403
5941.515577228582,3707.071752463963
7638.697700750118,2775.4979782517094
6486.987141063561,1783.3685118119374
3595.2433616009857,4575.223949344271
-6211.742379408768,5118.570035841637
585.1323646211789,4701.218003539375
1790.4299674324247,3873.154872376245
10871.49744152139,2851.084009555063
-785.0950209920068,4672.9288866074
-12416.348021187909,5507.82657032315
-2642.5046646316137,3172.402293046317
-3869.7048703223677,3505.9382869222013
10375.15489755556,2717.125006748814
-1315.8481268420255,1586.829392582034
-4423.040780784098,5375.417653492182
-5521.884152288013,3536.9701450602856
12437.221332699977,4447.747584359316
1705.939265331359,2011.6460295711188
-1095.9697065200057,2932.194942013964
3291.253482969974,4615.807402967284
-7289.4302525270805,3725.208391510471
-10318.008262584579,4197.731913375113
12671.025933186484,3038.50255444044
6356.611435957857,2161.9882024076446
-5384.460638654451,5587.667587701827
709.060690351241,2811.882001915369
616.892253362751,1770.4269163014526
-5764.034125007445,2891.837871629771
8312.13796992708,2136.6084249288483
9915.491372113709,2629.7275112086395
5957.473220552831,2370.541537204021
3854.6018991009387,3516.7224704033733
4659.65069153896,3015.290695158705
5510.049098611191,1710.0808941462603
7791.991455887785,4150.256308838014
3349.7748261068236,3940.322672934049
7603.15888922801,2567.1869818298987
-476.9988935787389,3800.768580042442
6129.397443893598,3211.395317977371
-2787.1217443626692,4511.007709659552
5626.414560556408,1739.7190454257077
11316.379351993535,1555.5313331062168
-6988.94662562092,3771.9512421239606
7906.197896011059,2647.405190860015
-3227.900631301691,4725.503082488546
10185.67098171836,2273.079619386859
10132.19527627132,1259.975780544698
-2973.212083622727,3060.75702059621
5344.5189271266145,4318.247005400213
6995.357073070205,2982.911640856785
5710.468976498108,3585.4695911354333
-5624.785169451435,6036.985972618172
514.4985167600444,3753.422204185638
7655.438788217165,3155.764182219226
3879.473500405739,2289.905831606687
4288.9169938592295,3022.7341481177714
4275.214798684028,5161.432946316664
4073.8147476019344,4862.514499709827
10162.305733397887,3786.5929109025287
-2020.0877797738028,3566.718754233025
-1023.9185574634994,3386.6932766620835
-597.2448439220261,1716.5711863708843
8378.485262296219,2310.948369369191
4433.368913378938,2271.638146141938
-11970.940565322813,5648.87378686065
2975.4536417134595,4355.887291585102
-4908.216583507853,2751.113945151194
9297.988842934192,2889.5677455716072
1874.8900758026004,4240.342569860367
-3176.4768958547947,5376.179585531793
1606.3008744684128,4638.92615220122
-5247.404286665739,5546.439014767791
5335.433365954419,2611.699141859994
7687.614185068156,1803.363477090909
2873.009323606795,5712.215062678293
6876.470795656776,3854.6222385032615
5073.971885341777,1427.7133113614946
-923.1498475527176,5451.692022881785
4187.897753191294,4391.5353584380455
3976.5271169706407,4347.821839261109
6822.8297493997325,4237.339396441251
3698.9362085475605,3764.502929683789
-3981.6804126424854,6651.032616227161
-10538.450185400014,6516.379916946739
1374.4405517837486,1838.917549627264
5598.079302816358,3370.7632480761163
-7536.415333199374,3779.686392454768
11381.560533369284,2836.1028627018864
9277.848462184673,3203.156205146063
3947.41240208434,2857.7713927744044
10196.52620082671,2856.408626462887
-2555.712583032538,6017.169665615429
10538.458183641962,3373.92283184958
3751.0774872184975,1759.9825730575822
10366.899038287056,4402.831573526055
12752.289743954516,2588.951192313016
8827.536641785038,3634.076785668137
903.1855491411056,3980.993163036876
-4979.228309091555,2793.612960979546
4956.95851468401,3685.468997142578
11760.03933606726,2851.241620296711
-3105.494618877113,4783.23076960964
-8074.425538102829,6451.177141022651
4962.9114975698,4433.040097385777
1216.4578114241049,5244.504035835204
5635.91445124958,2270.524534626178
11199.754725481505,3104.195413297825
-5879.425317481459,4160.255487805176
9484.219210523192,1638.880919897097
4512.144911341726,2954.062452289591
-4679.95824618929,5971.052991394708
2499.5888949101854,3027.743438719743
-8181.561944067395,4515.19632906516
6650.636884039912,3718.6767539953953
-2393.912640920493,3282.575248457086
-9775.567095157203,3985.5484686121954
3489.6981069619133,5896.264378991469
10592.492672791528,3292.636314486731
-2271.1383321943526,5018.405633404414
5838.6259328184115,2186.869661792076
2792.1979194994783,2103.8946130818754
236.50218345377596,3927.741924306248
1901.2938334767437,4713.761664652618
1803.9003762982834,2200.6458026767355
7488.308951885887,3651.6827604740106
7223.061393884368,1032.1039977179498
1184.8397860033972,3972.811042502569
-3535.055206824931,5023.738199183573
-1379.6132998179428,2188.29824369729
4985.23318767094,2006.366361274844
9027.513618487792,2443.8378685829507
8589.550722744721,1797.5694184837282
4322.691747071188,4698.971531702588
-5244.880886174699,3567.938166531949
5854.210274293101,4049.233135766029
-6369.243736237173,2944.224461111404
10745.739738132437,4430.548982239456
892.9467991678675,5759.389149535927
3775.2204557087407,1706.3891456890744
-5355.761773837159,4049.453312535376
-6672.332327393067,4581.782087669009
9598.147155824267,2837.3265854851206
577.2494646656933,4727.524608350179
8305.621617046749,1783.9164148975387
994.4056575066893,2735.742684975785
4556.24815605444,4627.210696514519
6648.702671166941,2456.094730508422
10632.504238984633,4877.201264716592
-1929.9112813621414,6253.918741337734
9804.26672691523,3811.174253717957
-4413.194472164852,3338.1377132933194
-2188.601927575211,3392.655228350028
3855.3460857680793,5672.37431000111
-3946.5362082696,3571.491193832537
-5137.128169373811,4040.6585706190926
8813.611698602203,3812.243651342658
2784.0165950970336,4501.858951032841
-287.7411315665795,6461.553829813432
-5320.08421525107,3850.7821693384726
9898.182734434227,3224.460223896862
7970.817629319967,1806.3222722672729
3893.489001476678,3629.421249717975
-3561.8134815946673,6176.291168404121
12935.787408519318,4055.0604993011934
10554.408777136505,2846.3699523564555
2368.709045325324,2114.01177375256
-4673.979819787269,3605.316954001219
2865.797529317933,4158.950095166348
-6626.248365164229,3405.130256462747
6197.770555327826,4466.416979515658
8978.388723795633,2742.510484788309
1768.8715448918197,5792.110105113499
8396.492781558814,3081.5963668417653
11.482739377884172,5347.06523387725
-917.1184739158207,2091.549274186721
10180.767368338145,4467.889707844653
-1290.9466061078756,1543.4399251270145
-4270.236520103199,4133.938893604463
22.03845284778572,5933.8836000159845
9605.846007009834,2835.258629458381
-211.98747011718206,4685.907686299399
9480.83758533727,2532.967148877375
-3648.0408930792846,2308.012650365226
5619.497555200778,2354.8813477717804
4249.828761155593,3707.037982956997
10476.572751649262,3196.25057783048
12700.549593329783,3148.8452333970595
3657.3447048595435,3355.648188154525
8718.676548403144,3101.35866614225
1610.2805720293036,2336.099997230645
1034.003620035734,2965.08564553297
953.6863950828993,2013.005347634632
3070.408509310104,4504.510592328865
-31.27060371252996,4631.596123687882
-2412.763956239928,4869.227214876725
9214.115660387699,2719.4205213466325
-5979.988884605621,4745.7608787985055
6523.057631267518,3241.008983740313
9761.06067454371,3341.103372156108
3780.1027925677668,3763.763229686093
9789.53082538805,3843.6747812506815
-1941.617169837014,4199.1052225881285
6393.170155832695,4165.098696703492
3409.451675432263,2167.817903106356
8311.075111847527,3668.1340834438015
-2608.878657199629,1185.119946567666
-3290.7447219647934,2757.152317577606
4379.201160622222,4463.810786068273
3712.081259545779,1983.6592229519645
5501.653571292316,2089.915755062935
-2657.520699332711,4112.570054631367
2596.886419753134,4295.120667932543
3212.745130762793,3069.200304308928
2210.7637355133147,2298.2800493274203
-1358.5361276476283,4432.083634213422
1985.1302541519399,5819.499396610099
6137.684233626882,4000.935986789109
7531.615757020036,1789.8571208297271
400.76546136276784,3540.937071857492
3718.8215907977965,1494.3944685263302
8153.521882897749,3229.8753220830804
-4866.8852428084065,2681.609142032468
-2675.6432980954664,4025.312743276791
5363.159688281559,4889.391573738318
6785.736912410342,2436.1588753193946
9535.416372079744,2603.2786850124508
-9844.521015306274,3362.689649733495
-1004.5859992332535,4139.61969996895
6147.021774148689,2682.65397224282
-4925.598627110859,2157.9916672094128
8644.199977766526,4857.890388679488
7948.673912178885,4134.67896718642
1878.4741600689495,3943.865107050237
10443.422656475537,3145.224004544888
9185.584776253208,2352.242401893433
1247.3346293287927,4174.795598926684
11624.142096678228,4059.627216330997
-913.5952114554325,4059.5329737866073
10636.386340490488,3287.252086985835
2519.3687424587592,5339.780158720185
-446.3155360964638,4916.717048563415
1682.0123015934305,4570.692046849787
6175.339257326164,1724.1513665647306
7550.59414400057,1217.8967027823785
3203.4567537945695,4850.044521314507
191.76946833033315,4800.719191735427
12483.563463460347,3104.521054683172
-4851.033076786038,4918.313106281467
4184.9895595615335,2499.384721229729
9721.007692804775,2422.6905084386426
573.9113632368826,5261.326760935999
2387.750286992089,2653.7014823573345
3966.277936793543,2825.846241988791
-3513.3896791146885,5951.506345472163
-3410.1798438814126,4613.2472340360055
10555.815941429128,2774.973066070231
-5415.511300554791,4910.734687227115
1219.666683157429,5769.696140536033
1224.2034329387586,3980.463239513722
-4608.805493327658,4927.951086324626
-4980.613762094318,4947.811708185745
6414.101247389172,4282.718778637384
3011.258007602855,3034.908650834883
-300.0040472971732,1443.154363159823
5926.182538090203,2137.191208748184
-1323.176891221713,4512.487472200538
5910.989510978103,2628.894870192227
-2578.374104542694,2963.950948708706
6762.414676173705,2462.563894603653
-7721.149858978604,3484.131626418138
7166.20231103599,2286.858272582101
-10225.63210232215,3857.8938834123146
6924.484665883118,1767.7235919358463
-2951.391962469982,4479.237961718047
-374.71120103217527,1766.2123340563162
-40.58431091620332,6403.936450927677
5722.917422865323,3395.788524475502
11519.4382433739,2935.3233053800004
10578.511320402115,4331.46090360364
11589.27769688919,3090.084318554369
-6185.679358643799,6987.866171288037
7419.889095869123,1286.4149501618951
8767.730568580158,4005.0780464276218
1883.1768360413644,1816.982413072075
6954.367993143098,2409.206255962282
2990.315222945851,1896.033515492444
12116.948709126375,4185.576108586631
-497.1295054266384,4850.652733267251
8187.100089288901,4185.394277951244
-522.2785437334469,2027.6106591202504
-2049.3275053503426,3949.182983012898
-1391.116603905346,4484.0971757751495
7321.9604796779895,1754.5617839578736
3421.2094968655447,4123.042464610729
1017.1003766639675,3686.135362238584
5764.151787124697,4041.066805066367
7285.271815437429,2459.4860323538337
2123.8985489642873,4814.683634020477
8969.405413656652,3394.613207145628
-1981.7145539193345,5809.0523021158015
2098.335370461045,4165.646394566404
4902.850225152013,3339.6281010173298
-1141.712442456734,4935.516714837337
5731.975863544479,1538.1634633353042
-2378.5671676055154,4464.3639673476855
-5885.0088852528115,4104.625280235054
4264.407659380649,2695.735150192515
2151.607775819924,3139.6890193186427
3954.4376158461346,1823.8322879672328
-2778.5720251867906,4252.408120932386
5323.722549084892,4245.437787839989
-5041.062073722214,7055.736759152203
47.300826905469876,1499.2206638677171
8603.419005206983,3017.6408868496987
564.0188819534587,3092.8895694171083
5336.447474006107,4581.951796560071
5584.3658637778935,2346.007867256408
11418.430464837948,4208.044823252523
11763.889019996914,3849.824410492879
1053.7876401632295,3741.577058280248
9321.211692721008,3118.9200514349072
5200.596054938943,5353.786417539546
1523.6545986065007,2365.677218761301
4952.077244834563,3998.387909871897
5931.133963977906,5379.853093960582
8290.83926251456,1449.5587092785652
51.66734528207871,5192.633895319411
7610.999188826527,4968.635759442025
243.27986557850113,4633.394899256924
7806.130112429764,2354.1583945140223
-5556.606068908499,3293.314206307151
5020.404617945935,1572.912398628062
4913.3039917928445,4753.839188921962
4352.944437907047,1952.2801503302207
-1777.2282778283516,3116.6904427418194
7271.874966069093,1841.9982215249936
7750.363598074131,3330.9581244265314
-9783.340264416915,5434.24197073028
-101.74162477762911,4526.540315300693
7493.68830828148,1697.4763675338677
2301.3216437364317,5317.135396974444
-5395.883732942808,4431.051983516133
-3307.4494223320216,2749.633808255436
7953.251309104478,4586.333467557047
-1928.0569462296498,3866.476868683717
12907.362195312075,2885.2623409018734
8319.234468717019,4163.148757290692
3745.419928541326,2574.0806664996862
5845.3695834471155,2109.72843424931
3838.257336692621,2675.991778405264
-2364.1154658699747,4847.387421479286
3832.7020290204196,3337.8519758354787
-1191.6279715684232,3402.893661787111
7942.515614597609,2446.3839716006005
-7128.074530126301,5580.888600654655
7908.359511795128,2250.354920668384
-3444.9352750089206,3446.3650603551014
-1366.5424817799421,3763.756179296217
3888.095556020556,5402.152161846153
5863.346532654499,2010.9052174293663
4030.3208030860114,4001.89316406228
-8110.297800612634,6845.735691737355
9885.733481895131,3369.895818565207
8165.904097485469,3833.1276171717727
6306.297717153721,1769.9283271682298
-14238.261255857473,6921.304526621902
4300.917643887331,5082.478731706146
617.4806787047271,5156.534175165206
2201.00210757831,6987.9237313261565
-7513.424991517626,3678.229625280911
-6594.442848795382,5522.350392313037
7833.621245391475,3757.676575241506
-5927.3629145273235,2728.4703607411698
2491.6041026293674,4318.832499671477
911.3804463060367,4622.507675437581
-4321.911453782515,3522.7898943331747
-46.12176981189441,5562.612855468043
-4029.464145966649,5565.961855368875
-2854.136082146971,4823.904277619716
820.0789895271737,4625.091464934619
-11798.354501791906,6238.802166604659
3570.3052471514648,4065.333652204513
9070.158673854183,4623.160085269914
12480.691070443883,2708.8851775232515
14378.820767595014,2962.779304961029
3108.8951391714563,4424.870722271859
-409.41204904925416,5353.570389290422
-3583.852586843997,4705.238138109025
8073.33783870855,3071.3664663722634
4094.6636785630885,4903.736362420406
11574.316034906713,4044.089781703589
9442.082860450164,3256.048754753622
3182.2629144193656,6033.732755247072
9461.649904822945,2920.290532158898
6463.653712228177,1441.0429810884764
-2352.3993341622718,2008.8891290795525
1936.5162072108542,6423.870668541792
13382.466333403256,4122.372648971867
5409.458877628929,4107.582665829216
10010.299418865534,3613.112902207904
12408.735087945473,4604.975991412119
7980.176710969581,3247.9171193001184
2396.7286004016896,4373.434412859529
11351.364207265353,4722.93047009913
3658.350493664936,1676.9682356903652
11717.070900656592,3520.002767673596
1926.9599281159246,4486.205563966717
-2631.858166146366,4844.2476688861525
7976.877661087841,4223.806561532297
-2286.0977372828793,4355.883735230399
9301.755526272605,3057.3270714411847
-5609.12001593944,4113.8775982657535
-9831.35304103449,5408.823396459277
7736.5409017814045,1312.3474626835352
4494.6363505456975,4879.621796542316
1381.5446323649119,2963.0395600511283
-113.38443976293752,4320.472681499532
-848.9096067340636,4157.352916636252
3348.428130823043,2456.8954394861607
7911.772829671453,2370.291703305208
-1951.6158037652904,2715.685995262784
6003.393033867932,4569.201348931366
5777.5793219633615,4467.366485608837
3555.6386374886015,3003.5850523744307
312.4238927029892,1396.7241886102177
7326.594113421152,1590.9400957103237
3343.632717227728,5563.807928930261
-691.1861666404884,3970.9557358388847
426.9380319715633,3733.954744407525
4073.383564165668,1782.2152572477155
693.0167048932872,4149.911964309824
11061.80346591445,2697.846146439273
7477.432061952826,2072.9342171584603
-725.323354626945,3028.825753494936
3637.6675628518865,3940.364554097566
7428.6965442970295,4371.961322479314
-2275.6364553400335,1595.0206739395085
1521.2134977062615,4658.946729759162
9409.919736947342,3777.039383750264
5598.027948923613,3534.044498309438
9652.354670671399,3017.4517639111377
1805.850119242892,5405.025279039835
-1424.6381685470276,4373.482664006746
6031.91266078852,3372.085267084133
3947.617407928037,4866.856849954686
-2290.4282312799205,3546.3228905244646
10311.411477444526,5542.08659880796
11157.583687524413,3231.781530942377
-5339.880822936208,5817.7645035331925
8854.35202686148,3397.127481739676
245.04708549941415,2999.853806855309
9187.443733541,4547.765626774192
9332.222196876286,2626.8994044344136
-4543.498572766008,3379.1636939770383
3563.0614272993116,5114.806416137548
6319.114537421146,2364.970536683444
11378.259947966166,3630.458831647261
4455.575286069304,1785.9665287397008
-8223.173085144048,5262.84886208657
3539.7992622234206,4316.521698050933
1446.2639920787005,5024.313031935239
4167.153233285904,2707.263700990808
13.300395416139281,3891.232842807121
5241.795213172658,1851.945825464987
-7200.183611132742,3294.473011468519
-51.514989802056334,2592.055234551044
6518.065509455407,1518.6499573609433
3803.2660461854066,4749.521620874491
11150.381271314885,3714.138227608992
-5500.283153489845,5351.882231683802
-135.5887564173379,4517.8512689374975
-3118.703770903163,2209.9626473526123
-3600.6026439580755,5192.862687539158
7813.784492861115,1683.8732233870574
8690.738877325335,2542.700232172218
-3474.1900071837467,5593.333704220572
-10518.97506803445,5405.987825863522
10374.172922684804,2835.0958650067955
5294.739141088566,3815.49924128444
2283.5267227328704,2262.6673456858543
6280.340485576804,4793.659110693241
5896.366364131984,1621.0994509091215
-1046.0191679840937,4255.448385423673
4336.084180156912,4341.974193822066
6983.525192038166,2231.363427527375
785.1710291331775,4952.972416590157
2965.443453424048,3597.2945409423
2081.1170925984175,4317.340674973836
-683.6213627448492,5555.455140126868
10587.865895079032,3235.396380094247
7888.549401706325,3117.817258456607
7110.1867592575,2431.576772362699
4523.658839997457,1935.6335847922624
-3399.9798589083343,6274.927635841933
-3036.2618679156576,5427.044032624036
9348.795631676823,2117.9713249924475
2139.239595103966,1842.3637907791388
4342.86913736018,2440.0460288640647
1794.4399236276913,1802.742316976521
5155.242979023948,5057.58109890368
1767.140556012414,4729.267380777194
11032.214555663548,3878.853838061727
-7975.575372130017,4935.358574077189
1623.6032512276706,2633.2084372157187
-6088.967733819863,3264.470832171361
6427.130188728227,1688.092550680433
10151.203213071645,3321.6110307231365
2270.179145894118,4662.302417429276
3034.3375191253604,4784.880779712485
4496.241985040721,2297.8005853434347
-135.38954691092277,4921.278478819208
1942.8892088102498,1816.602191214687
9976.24854809848,3803.946876534912
-2145.0432348027407,4500.880343841192
-16459.46761385176,4803.394316731552
8721.361559173347,3806.3865661939626
10396.8998970602,3253.453677741381
-6093.307328788111,3670.8013952609576
-3206.807092708773,3240.791539779843
6815.048435324363,2802.876066696294
10096.984107058975,2244.081611937775
-4214.66345815739,2309.349999668776
-4633.6352433698485,3729.690245254568
-508.9991849931655,5054.398738713295
5888.695903510984,3154.768163460278
8173.686474836125,2683.049337216104
-10610.32854155754,3493.1487508054515
-1633.6135280810947,4153.594183612835
6995.142189691254,2266.270599165794
-391.4572003145122,6119.613779074481
6801.606779461726,3111.5425742434586
5319.736765850961,2270.27286962413
9088.952927186969,4265.0601280581695
8950.859254836723,2887.3584749458646
10637.964627083305,2338.278026250403
8271.15254165281,3933.8317202006497
3563.1467052403523,2134.3094277901723
6771.553749545325,2712.609973265364
-1742.8647535547407,1484.00581199996
4413.6824442109555,1452.9139918053388
6861.11895185199,1382.9070764761168
-12054.187356343573,6604.210850741187
9822.362996528414,2479.0619258550373
6020.314579106585,1959.621231446831
4285.3164262780665,1568.4353382704933
10714.53588571765,3310.9701001509056
-12359.6599238628,5655.9261434620375
-511.47953754778655,4458.121588860915
5808.793786505945,1506.5827251030937
3315.8551181292205,2041.7795463460573
-5497.024292212598,4429.077406164409
4430.477070817638,2795.990054599012
6436.383159774048,1608.3119231333503
5803.560207999814,4631.224164884425
4883.023371882955,4425.418705611751
6722.280939372278,3166.859441084117
8864.177845988244,2776.2981115237026
-3174.7061724609475,2333.3284901701777
1938.04346708919,4559.773766142725
-8472.10836314732,6076.648478071937
7956.873472157886,4756.820881642748
1700.3230869614065,4599.106278657527
-115.41576935446164,2538.511575087212
5968.771265551755,3591.212942579025
1746.0090100275606,3901.268371243839
-1815.2356780063144,5520.487269388834
6239.219306101015,3688.757669343616
-5879.146353297575,4788.65403757787
4071.2410562432233,4660.568591801799
-497.11155974444773,2223.633697429171
7412.804593897925,1519.831119772792
2880.5872622100505,1764.8612378953248
4941.010757479305,4374.839440415129
610.7314051263241,3868.547752648295
6478.2852381578,3601.5518185275755
9504.385116521154,3752.868825003933
-12441.379575409881,4847.7068532319545
-9213.986378352205,4302.935051856527
-748.2628199104392,4078.690511206033
1070.7204889962522,4271.789509853964
5290.900671022592,5205.353322567425
2663.989773044377,3163.4470691238243
4296.720385313932,4955.160056365814
-3758.985927349149,5485.883845643078
-7390.171583860162,3617.060281668684
-10545.711784453932,5254.478057911139
3079.5520760227887,3526.5680916368447
5623.420302767315,5462.271428785311
8965.26181677033,3137.303410760833
13947.833396146443,4092.278528222288
-1325.660241142285,3003.731179764429
7900.240574588061,4206.073207174305
11843.242374052214,2754.064980304885
-1673.2286375033177,6336.138663114926
3428.4506812213,2516.3532737200403
6433.1590044110735,1847.8131772299007
12405.712950777175,3116.4389717273143
7155.492613554308,4104.273157672755
-4601.6755733090995,2607.5596195051608
12639.703088618444,2542.889765985301
7032.065812327628,3444.495897936982
6832.6736569782515,5446.228226305271
-269.64071510293525,5331.3309259004245
7095.444419788411,2609.27125598141
10282.274688069245,2340.664133621907
11709.861214916853,3080.908880973206
5631.974717117469,4906.870189437291
4691.50005346168,2822.4569557812592
6086.60154301221,2334.738478473103
4450.664804569944,2598.227216277568
-1428.9298119098453,5273.705728428811
869.3602530380208,4290.771899383012
-5222.224374130005,3400.894533863238
1114.066465028419,2588.579634368484
9390.243804001708,3701.140595616834
2578.218877226457,1546.9117292544038
-11621.22286906038,6810.500141426938
-5418.813727433475,4256.421923454484
-2638.9887516403905,2760.6470981724565
-2924.2731986465965,2328.423444649492
-1170.901704949394,5775.94565043514
-1120.5550720677893,3635.015460845668
-1374.2973141643515,5406.802460548248
5182.815359809853,3768.0904084139456
9678.21868412297,3899.417783364128
4418.801092710193,3538.8018290202244
7742.796024582449,3076.460757323556
8669.693562375329,4139.668981774936
2420.7988728847768,3886.978461883379
5614.390710354259,3396.507527973676
-5250.553009659622,4404.736024647414
-1140.19181575732,4852.18820015458
-10431.435517589787,4093.808228616441
4977.130202701391,2440.42404641697
3661.708722557837,2719.77350678721
969.557015396319,5162.775181735961
-2093.0417248285994,4225.688517651634
4359.198545925006,2058.352620577739
1626.1490174452824,4420.894546246664
4111.018354604104,3943.379131962351
6117.604523361931,2240.875693246575
-9171.630433648617,3626.0618899203128
6445.527383094779,3443.7317377267964
-5973.396022951344,5970.976139449473
125.20518822119948,3791.7582137971617
8508.588528670094,3767.651554398909
661.7459028040275,6152.745777703778
13159.265748952648,4421.962685681547
5988.588509779618,3228.9182711172466
-4193.156092813591,2702.7676093971736
-289.21014735255085,4915.614198413232
5646.229767774352,5232.426404515742
-1078.0672154530446,5345.831219952814
7816.137242678685,1687.0779396801038
12575.126010405726,2948.8474974243004
4612.345465218256,1442.592888794282
8004.959443374675,3321.4685667601825
7656.503021621786,3508.010493085052
9608.703441536873,1267.8890204552588
7335.453219068786,2911.533956496745
-1613.4987847454986,4504.477234308295
8386.335264581463,4763.623657402876
1832.304942210665,1683.8884425113474
1631.6966110226074,3159.8809463801726
3825.576644892423,2424.4008151664552
7107.930369076404,4581.089845295899
8430.729211692875,4364.849212687957
4518.243734147667,4376.710260265184
3354.405469313335,3007.298260386333
-2997.6360125538795,3696.5183925934025
-6761.496483534013,3040.564663534746
-5324.387673141654,3809.812650447465
3562.186385704596,4819.286710172668
9348.27818859933,2987.591386837068
-3392.7004209103243,3890.5424969511546
-6749.785193316784,2582.2377934957094
10648.800086046884,3546.578053196509
938.6373498511471,4212.942564340875
-6926.687514778701,5390.032105025744
8843.6204807266,2607.863559669643
-1124.1688237783292,5679.736701240953
-4564.758574500164,5403.8980064324405
10363.837866737798,3560.337177119712
-5237.115148250564,4536.424750078201
1914.9742875431002,4363.525711864603
4817.122566926698,3027.7714298342053
8425.105559778298,3782.787263389506
6204.280173975636,3473.918450608945
-8567.95030684059,7056.803871189264
10874.575145132258,2683.453954398679
-599.3978703629971,3619.32266616333
3323.229160295204,3413.034463937568
11449.88815326896,2619.53285187844
-19069.32147774302,5732.273826379943
9214.845023941944,3014.759330410126
5549.4066175016205,2210.2634597111355
13438.111219564576,2480.656290114098
408.1170646269338,5867.981794586577
11892.002843297652,3499.608758127077
6002.021118366005,3351.103983929096
8302.909708517307,3507.4548196866026
8161.572509792326,3564.535387253677
2738.9091241203687,3078.9598189935805
12752.356214204396,3527.425900731395
-3519.217352542104,1382.4730430423622
4783.373247859236,4444.264913782869
9136.748845154,3148.155716421176
6513.458044302379,1842.567898752466
-227.362288785489,5004.325784662145
-5088.899118643998,5377.373914115106
4831.787296655635,3595.922987372461
5165.6256421960425,1890.0618651789025
7191.951955886709,3424.86962681604
1622.8867041010622,5295.133564994653
4176.273736438976,2979.817289091083
13126.055840940546,3483.833125102343
3544.203685092798,3218.3387117412813
1626.3292933849716,4297.100405477696
-24.784482204016967,3487.7880384399323
8565.131122493498,1867.179709392326
11182.80917289183,1648.2656799289762
1341.340838866165,3992.6086670828417
6834.131805616407,2684.440368126567
5311.999716790542,4986.970185599473
4519.955075711323,3700.437618361881
2747.40782287065,4075.420892092669
3230.0640961385843,1608.228398487133
-329.4174576860869,3064.3913355895547
5187.43503821062,1794.8002806202471
2700.1068616049024,3601.8625543920803
4507.634827542043,2495.152424197957
6912.16380508751,4735.518151567833
8660.69299146578,3200.813691138178
2917.128349736117,5253.476012575586
3188.2099744964903,4507.134650119185
-5647.776681628622,4011.803597110608
6702.642919350793,3172.871535702833
-3032.1009887475648,3552.227100135233
-10900.57369103019,3526.842333202681
92.80009203775171,1934.5724813303
6687.477678249251,2475.937298831293
-2978.134663658506,5879.383311953205
3874.781989400807,2226.9922346065578
-12116.538545245676,5721.910169345262
4900.627162150689,1729.1546559939356
-9645.237620745142,3488.866258262049
7901.156605300967,4178.931137640879
-9634.704079680667,3222.399301707748
2789.349187761791,3769.6588625337326
8471.536340247158,1694.61989279965
2939.779174522545,2271.958462573049
-4703.442562478442,3080.502078590793
533.3952172296367,5516.294869448049
-2389.9839683354157,4755.264896539583
7093.821866822237,1904.0355620393489
3994.975351163621,2737.1179321273075
-2034.5327575069832,3682.494578172534
6378.541763061076,1311.719963709937
2695.3682252132467,2688.0704366505893
-635.7911050916396,3502.495253609295
6936.461152552343,3459.7023919377352
1205.1703249187221,5120.570242284895
-1225.780676109136,3187.5308229026155
6125.818023281901,1401.533204620998
-1879.3506633634638,2834.286428469542
-6385.652512796441,3322.1621752165784
6539.998358469844,2314.705806252095
1217.5192138472553,5569.273877534833
-2919.9749499234886,3057.119238725012
10333.532898911377,2691.9407470620868
5317.0148350120335,1787.5007890143218
-14129.425121180979,4640.88909935862
3931.693200038227,5095.21370163207
8697.136320236837,1884.1929053244369
-1833.4799957465664,3938.8462373181055
-9577.430752306,2858.570803569284
-1101.6624811780948,1422.3124415764414
7609.977893280553,1689.2061960635838
3921.5260617897375,3085.8102217642463
1547.8818107448906,1728.9801488499968
1833.0861807644112,4737.679288448387
-6071.639336257797,3374.6215791358472
12089.553271445686,3095.300870566313
-3845.0232614484426,4725.396695370471
6128.2662073212505,4513.602469840706
8827.65798523017,4638.626926817414
10803.434963566528,4114.550042828789
4262.113970091815,2926.7878280543423
3250.925035205299,5571.8608233979485
1601.6731494324438,2728.652436775467
2315.7095459633347,2212.0948003400654
8544.51452375217,2425.424162925023
-15317.75143061615,5749.120974784613
5870.33410593159,3184.078631098232
7890.176347135351,3734.502019423962
4814.350442089088,2325.014309862985
9135.628128754095,3898.3024674100734
5882.932415366857,2063.096313186123
10769.263787388747,4426.427976469071
-4272.122251487335,4634.21419153665
9318.141268256495,4422.510199306225
6965.347989063473,2637.370548408516
6617.554306100933,1966.196913202024
8972.363837877569,3904.4357556980303
3371.207948193258,5484.335766897713
-1637.2793784867777,5424.030579187755
-4100.011511230126,3195.1513916332533
2814.6186353394487,3960.997228310148
8646.878775580128,3616.9036831251774
-7341.180247111586,4613.492263113864
7184.324007735497,4079.934343648553
-443.1149488818576,4620.225606676284
9370.308607061486,1297.1906942369749
-3763.370786355246,5163.173146231134
431.82078394817574,4302.034389082589
5510.748631989043,1534.845383357797
10822.017045666556,3886.2320555741217
6768.758226466414,4048.9491225104166
9630.070716590135,3268.5413369239614
4738.800230909228,2269.9320635641275
-2598.6702349074217,2891.198003076036
7591.243195438721,1949.635083454852
9915.20410758091,3447.216816719224
141.84138714299388,5433.104804755346
-5868.733955114516,4863.157199269707
1389.8104616968708,5557.620747141502
7937.582239848796,4162.673904592771
3565.5474804271225,4611.927339492444
2198.301472017539,5063.131224722812
2297.832620752556,4686.587884192331
6703.684124969279,3205.9100629536933
-553.8779906463269,3463.8516334784176
8818.535981453062,4804.666694999813
6126.388738664357,1708.1934555131531
3558.4804153282194,5018.454809795117
9232.045794519505,1509.1967199013964
9262.02347045172,4023.958139507237
6419.530663666748,3705.76139542238
-2830.4126268899145,3589.7336046358305
3727.648342031676,2286.3778222211595
4083.218431643979,4508.703003891582
6732.503382381141,3252.605211816661
7403.830502893321,3549.494090371721
6529.398199726134,4013.228353895415
1299.8686583376848,5808.008845027609
10803.515749718848,3184.506522027381
-2417.618470776029,5384.929762084119
4182.548068684699,3549.043121567132
7669.356725453946,2425.126252446723
-4766.557531194455,4613.366821081321
-895.5069149690039,3331.451537097576
9475.681470417858,2925.846842499538
11590.656189096377,4039.362244243982
8166.359371806867,3856.656746236415
4469.764328087916,1398.4901841147157
9479.76042973037,2168.5596133111467
4469.270140654186,2122.009770513006
-933.377196022846,1938.3113978832248
7886.654249614856,3464.3067298083497
316.71704819912156,4443.510950327537
5553.810876367372,2517.0206493242595
-1423.3115864181505,3940.019368222345
5371.041429809012,3926.385750155402
-1683.5101683693624,4409.809646152699
5652.812662780871,4573.637031410465
-1554.7766480713158,3549.9252579692475
6256.899454141439,2182.469708520287
9037.121453675332,2243.339873246521
7076.196572893394,2201.3779367154607
9526.415670926044,2760.9643332752485
9580.091303411122,2780.797697910013
4786.6909923972835,1982.8681532519456
9987.304004706788,2539.531325755044
4736.405062930049,2577.4142428289856
4635.7860589452475,2283.9171084585982
-1291.9384308945964,4231.096203185438
3586.680037330249,4358.736449897389
-515.1832127072915,3683.7252814728586
7691.548937701849,4183.248193522818
-10127.933197023938,5723.1737340782975
5435.814629897282,3305.5828148158307
-7842.210688326666,4651.1094831977925
3428.48208696904,5393.787743057584
-5328.180327944125,3760.483028659251
9874.113090759223,2617.7765321254105
5334.495239826695,4872.178626414861
10200.69460783222,3908.726914376298
3210.257598068595,4650.384051253242
-957.0234754514231,5547.28278237535
14227.047051591868,2826.5368195867422
-4691.1930790240995,5180.340628996107
5539.327027396445,4890.116262230724
-5873.261424676404,2981.4296907010744
-1831.3810140790067,4891.7583399031455
2122.1456661488983,1888.617981678282
-657.5428981030982,3533.8424764045203
8389.751912769709,2885.63910945293
-1831.550225547198,3587.313303784576
7569.72846565213,3108.054082617678
2968.4396625320805,1894.2923429093933
8928.438195602741,2330.7967671847937
7063.768850602519,3031.7594635826654
-767.3734404101119,3063.845879427314
5536.006280041685,2047.8830328114743
776.6179369872297,3041.088832427205
9841.29030796482,2532.2734644355587
7061.211493945375,3967.903256655063
3853.02667091101,4083.724763927333
8097.435637606224,3877.880452344053
248.0239628155948,4009.264333619996
9512.962971483445,3806.3595863030505
4736.044295800704,3759.965145474391
7144.78282957542,2598.665715057532
2275.9678238519386,4343.2518013197705
-2007.8555041335148,2809.003573200502
841.9644272980636,5381.03973718916
5885.703279415801,2072.1515359871205
-5226.215514867683,3700.261631895747
-7368.7200537673525,4153.864806002387
-1948.5266726135662,3123.540241765298
3676.3789518917924,3254.048883110578
550.9820366169279,3715.414949211311
-4871.721495167365,4106.910592962484
-4085.5712928338944,5995.355649209063
1078.2826065439363,5039.088415488723
2630.220926218363,4970.313451033599
-3202.2984541400097,4725.3085022018095
-1878.9122004943454,5024.323067193222
999.0670203635386,4730.4195791307
-1429.726883885422,2617.8835441090364
9383.426187041505,3660.705640366407
1047.7815759109462,4826.898155909146
12153.25814232223,4820.12638788364
2104.1496979538765,4554.804324898911
681.3678628393603,4438.723806809856
1140.3261324504715,1922.052602833324
-641.3204707178279,3043.674898640674
3059.9367957909294,1826.5127635849165
10477.997874056997,4055.545720241588
5847.83793554664,1541.3472160145154
1935.1373001636853,2365.783653407351
8741.19191709062,4250.391271769895
5041.790873229769,1875.037769970715
2509.688414017426,2218.021956106746
11120.163574123255,4927.816424169691
6615.181315602165,4064.375032592917
9635.75310225688,3822.422054527563
-8.32304033366745,4546.838514720242
4722.002959351128,1810.3110241443585
-2789.138600961143,5633.715667152736
467.50413157122216,5604.442798069812
12737.4634131959,2835.123411758745
9420.236105638809,1693.2795126106669
-966.9436030687693,5757.209722315314
368.1149890133888,2900.08405319088
2019.576720758803,3606.791912242764
-7227.137931914328,3771.463435959736
5225.863581226625,2004.8666217011169
7737.731962863334,1884.2518458727031
9927.254763805977,2839.1057392384605
1817.066533042004,5676.680709135561
-8917.202358794562,5099.835406023917
3280.9657991717986,4863.552805928919
-3450.224802203425,5034.543301654475
6273.058427801077,1724.0111741163498
10134.65684145936,3040.754847445616
1204.5561590429597,2693.6935688822086
2751.321879323296,6344.318195522053
-3271.611218773408,3672.1726411599866
-3915.762288234063,2058.276499829514
7723.890531257508,2982.1857758164047
-15718.865622729787,5420.184394988221
6254.863963940623,4100.794264330906
1810.0416778489298,1628.844093346542
1717.0211248596993,2442.252466183233
10632.682141206024,2608.3513885687494
6391.60699692214,5383.148291977932
12170.199796602057,3392.972617974452
10362.601869001835,3896.5425027775273
-5096.488059461417,4331.840526380872
5906.9212069073255,4192.964937670583
681.7631926652464,4551.086694035217
5030.840860751338,4006.849473948108
8243.115229911142,2657.576911875451
-6850.585871750982,3884.388639691514
-5507.041752596507,4862.54899438314
12124.493781250956,3254.935228097405
11531.79456413293,4523.714497835263
1591.4822621323583,3571.9830567229224
-4761.022008160357,6286.804632793581
-3635.2270462294046,4473.517465929142
10509.12147980235,4712.810370797104
-3411.6868049649097,4491.813429769265
7656.894511712213,4045.995506310613
-8736.304641359518,3660.039410656824
290.82326237742586,4389.198692421764
10190.016692121688,1543.411936606736
760.5556999410874,3500.8231525712526
6557.316665550362,2888.178317957766
6573.006971537652,1531.6744323522764
3282.779314893857,5656.185129438946
-3536.6907357533964,4006.023413757638
13346.317526874438,3355.509244856776
5012.770181672132,4594.355790847519
8670.254869223776,1911.6316444739325
347.4510046364626,3350.114117088683
7100.270718042317,1785.1245438883209
-11950.526518293076,4505.618556343516
1711.196016003926,4519.740348690832
-8870.736941253646,5164.958582488095
6377.123381483547,3224.012382162521
2554.7381605593996,3942.4969078314994
12025.832778350341,3169.075432981637
1803.9752517511115,4377.300278263697
1781.1478771028005,2336.4035465090788
-2727.387548022606,3810.056621604989
5508.596538399551,4709.804659469655
4583.510670620409,4924.86007498494
7619.16899965688,1684.9251799815986
-4079.4085645441983,5620.755749322901
9408.752662272276,3006.9378564149274
8374.093951197287,3676.661962662281
-6216.7846496711445,3275.2493809848816
7095.628294837632,3430.4252609608693
11264.987651585006,2044.991594001163
-3587.011220788866,3921.2690088282175
4306.132126716124,3941.662004956126
-4458.284125821818,3771.817072615093
7757.507381380165,1621.4798589552902
4623.567013127424,2932.918864928829
9998.47573454256,2464.8117516521447
5120.199415057177,3146.2658758487146
5338.322286121468,1444.6166470338994
4556.271476876564,2011.0781074993656
302.41707543210396,2270.663596834473
7943.506914512493,4155.775221759823
-5537.501708696685,3252.449049490293
-4144.778372811281,2802.468145509144
1790.9124380392552,3674.637716327322
-5546.461073444699,4511.3543363467215
-2638.7637766236076,4740.040675606553
8421.262493750595,3428.2578337578043
813.9202619021557,2837.1651338117767
-2751.3880197398075,2354.081627841104
9582.31735378775,1793.5898781203
7783.201221345314,1281.4108168558191
3854.051856873062,1852.3648229116704
-1766.005650581783,5737.279314969
-494.78937030287943,3497.7363735159715
-1466.5965848599412,2861.6832540180585
-5076.892612954947,4460.15481796315
7401.421714239448,2243.42311007237
5379.936095710644,1567.5428550697477
3496.811288313485,2850.627625524828
-3401.308328585868,5497.339047670217
-5802.562092281471,4574.635858189407
-3779.5102168445956,5291.113014988216
5314.699023552224,2510.646778382395
-7248.741197762488,3874.6721037524026
-1283.9762624271088,2155.6673353058754
-912.8132400984432,3556.9686251757453
4660.481781317204,2147.1782603598413
661.95806587672,2529.245701724584
8003.228217982785,2906.695591683429
-1315.0393763852417,1712.338872189997
10465.38235007726,3026.4496306451447
-9241.818376493797,3553.2209002592126
5274.1469785215295,2607.211594722476
4739.255137238819,2121.038790349434
11603.171689456147,3383.365122549057
5598.5870330240505,4216.049686870567
-2999.685351916033,4844.763281615867
789.0298364118765,3823.248847765569
1549.4690961678252,3103.930768602745
7533.9037089869125,4304.577132120679
-812.0204300971914,6077.104387293904
-4082.2472849940177,3755.056163363377
-4378.724307912886,3209.2582725165184
-13966.04550640934,6709.105003988023
3973.0720968369615,1754.77116352875
3838.9076251784318,6267.102159707769
7121.911670266166,1549.6018123388762
3417.1883704287693,1729.124423890455
937.1128570155142,6698.913839049586
-2511.8450133398283,4692.123806846891
5345.366914327996,2450.718299210429
-4204.90250664379,4780.873787510914
-4126.490721587672,5675.83620085344
-542.4576718243754,4216.935592183988
489.0948601957871,6062.730097053101
8856.267403447027,2277.5780456975226
-5393.95887173964,5241.825470669188
1305.2256617130543,3643.1870862903656
8339.861310435515,4752.167889311098
11262.071847417714,3634.9523171741207
4001.798029141565,1865.673325365217
-4414.643480299094,3932.352315672089
9731.764379601811,5001.712496784138
-16670.96836961257,6854.701033253752
-931.6180060540983,2375.9003291334
8645.861260629108,4343.201670939774
-842.6350919833785,5974.976214488138
1002.7399141373562,5109.148868504097
10359.511901301452,3290.933338530528
-4716.007609922295,6557.231845042143
1001.972394320044,3659.111754916005
4935.3216196768135,4919.774108975141
11504.964558907524,3034.2929391977405
-1752.8479064896128,4091.005255336543
7836.384418051713,3131.460076294224
9305.581938163954,4649.132894737722
4148.001500472117,4591.7443642453645
6615.744200177798,2808.563175395216
7020.625143874975,2711.283799884929
9360.633307692451,4448.414804138297
1521.7103499951772,2140.481600119051
5133.887143319405,1985.6154806322843
-4667.697269225347,4768.773275905521
3234.157969400621,3886.816324780676
7907.930544219577,2368.897950089692
2016.6218629235445,4991.050624506178
-3604.5350486094185,4452.985450271229
-1429.2821118285779,3693.45635501953
-3558.089925400914,3268.4777256340944
1927.248042559657,3847.56270359092
3114.147952937452,3868.813157091861
-1045.0063090360031,3490.267854655788
5972.542345756245,2795.377196194919
-1128.5437598318636,5124.045334959258
4075.9446665893365,3475.7746522648554
1166.791198941065,4385.419998197481
9933.654656386418,3067.5729151161454
12457.556764438814,3236.1915023020547
-7380.108798667438,6957.938110699202
-3321.638921083049,3370.237477331062
7688.859255487959,1858.816398052104
4696.413408329158,4859.217251032217
1304.4880584405746,2109.9185543030967
8047.359971673187,2838.133677172565
3231.6637556987034,4266.885915507463
-7794.137763670147,3922.457487320154
-11502.754360614355,6524.2545911123625
4335.199399125551,4843.616753128789
11899.222720278436,2808.4309976297245
3729.9744352386083,2744.005773724222
-11064.386255391964,3912.940447186891
11943.234549426927,3680.326921032092
-2705.881670878208,3147.2039963955126
12613.462458996608,3811.337023579512
-3519.061891523686,4686.204252762535
5343.848190816177,3305.633886272613
6751.301860898855,4980.390813672047
-3253.758264362001,4540.580251097616
3680.437055540756,1748.394195517454
1572.895652930486,4721.968195044615
-1251.4551127011346,2019.334154259856
