sal_9_lc2vs0_iate,reg_agri
5002.12072535216,10.425683441718604
2333.694370181294,34.4734454458848
-1209.4361386853727,31.72492299534889
1357.126032102096,30.409884059187547
1025.8153641810868,15.578164380055544
4789.808420354146,25.59892040830825
3201.729492317505,14.353464935930552
-4368.087100133629,16.143774716964504
11094.893192672818,34.4734454458848
-1903.0311055453167,10.425683441718604
8861.516269349662,29.32505767081869
4080.4617919035745,10.425683441718604
-5950.799700368052,22.32621505968753
4277.838024626774,12.613632740062826
6878.863381604721,22.82469145311972
-2881.178959967005,4.652936998737928
-644.4257154004176,4.885271868806392
1624.9946608007785,11.642586775623563
739.453801854524,17.156511257966585
-44.405003966874574,22.56870007006657
4275.757134578092,34.4734454458848
8360.842670058159,25.447105542939124
5222.381513106283,4.885271868806392
-42.40001203765405,31.83741398327524
8256.698733975945,21.83368081202904
9301.694395929615,17.05947641370443
773.8190272034471,36.31581069178857
-14506.009908279198,36.31581069178857
9931.912652049274,12.782315118678909
-2525.9902713693446,16.12384262285483
10116.426817603979,8.332942688788997
3491.6324704941144,7.950620098438058
-1428.6926293557478,16.766249047417915
-120.30409285974656,30.420569431073343
3862.583789802544,12.782315118678907
11528.290075061966,20.90306101162109
-4208.4926714595895,36.10508609312406
2056.8822033795195,17.114253331641656
6797.155406089764,21.81703550251781
5182.713542345606,23.218144734904
7105.144165192007,11.944636704804305
5640.774558769839,18.562253210557493
6837.773151095449,31.72492299534889
-2291.258945573389,23.14825227454956
-1954.9941951851579,22.092249117524783
-3493.1502872143737,31.72492299534889
-8178.688951978636,17.932562693756196
7337.963313576706,8.795230083567638
4439.089933903569,21.44874346620925
9704.149133723502,12.613632740062826
1385.3333354925655,18.117577938721773
2232.0061498816412,26.302762831609364
-16222.076400892178,22.82469145311972
5614.275349358474,25.447105542939124
-8328.94742855412,29.22739596194833
8923.193960557835,30.409884059187547
202.98277484125128,8.795230083567638
-1445.2495489232033,4.885271868806392
7483.990396266965,10.425683441718604
3170.023595509796,15.599548132494943
-5800.975892878386,37.68124385002402
6560.162855797693,17.05947641370443
1165.5810024671764,31.83741398327524
2417.1618459071224,15.578164380055544
6848.366504668422,9.518818038309782
-955.0086573138396,21.44874346620925
-12881.037013264679,21.47494878544683
4940.759875921211,25.725153340464843
7766.198153790139,23.14825227454956
5979.843681212924,33.36162869752894
1447.8418517706214,27.451018475410937
6358.504916062309,22.56870007006657
-732.663985973199,26.28135983123264
-3597.1608908981166,31.72492299534889
558.1333711594327,21.47494878544683
-17924.72944744666,31.72492299534889
-821.8832392083327,7.950620098438058
-7565.013080276265,12.571740219945433
3102.898646807644,30.86665725132705
-405.5050323726573,12.336111894138924
7861.079960150175,21.61563065615585
30.534360228567948,18.117577938721773
6622.969936511583,14.353464935930552
-498.93278577500814,18.562253210557493
6151.197634162008,30.409884059187547
10396.17862338941,36.10508609312406
4755.672188231007,13.272856279921823
1283.5063704811746,23.218144734904
-3358.680895159322,16.64323622189432
-1903.6280669545886,17.932562693756196
-4931.958321867742,8.320220391373894
2983.9704667949895,11.642586775623563
-3604.485973955432,34.4734454458848
-4471.713580237693,4.652936998737928
-6847.678518758107,27.451018475410937
-3938.930034439788,29.22739596194833
8985.881294271725,19.647957347052547
-8815.34240604239,30.420569431073343
-7111.983315926804,17.932562693756196
5115.08993656406,17.932562693756196
-11234.199336693458,10.52412367775796
-2751.4334285930317,1.132160989646131
-10493.929240808633,30.409884059187547
7726.677401544899,20.90306101162109
-708.4581747494722,9.647452638974611
-3508.205553146302,25.447105542939124
5521.434003231532,30.420569431073343
9788.896248779529,18.117577938721773
8515.844471124135,34.4734454458848
-1132.6406638788396,8.795230083567638
536.2892645716936,9.518818038309782
10011.87264070184,21.61563065615585
395.58936910190096,19.647957347052547
5480.118080074231,30.86665725132705
-10812.29453360216,20.28222278472817
-1508.9782193301926,11.578951027428012
4009.656737819021,36.10508609312406
5602.222329275221,33.36162869752894
6241.350074048765,37.68124385002402
531.1604955441853,11.427424278367262
6095.700735548446,16.64323622189432
6282.343049315361,19.70368081017321
1291.4156416104438,12.571740219945433
-9823.379269874493,11.942906218623804
-3824.266387908041,25.725153340464843
3145.2249669780203,20.28222278472817
-14510.319132045177,26.302762831609364
-6531.730475798756,12.190795575052846
5454.638814387857,12.571740219945433
-41.154911288540916,17.932562693756196
-4325.516481814296,11.642586775623563
5673.7679705550545,19.70368081017321
2298.826361669045,19.70368081017321
4983.523208851302,11.942906218623804
7654.258799073019,5.69363914978576
-317.5485083065805,8.795230083567638
-9450.878059326931,24.09174497286721
11081.355022268868,9.518818038309782
-2025.068190227843,38.426488642538814
-6604.34809835058,20.180144970495384
-1169.2146764862132,30.409884059187547
7012.563315952189,9.647452638974611
13588.389603053047,26.28135983123264
8955.49079027206,9.518818038309782
-12491.450705360514,21.81703550251781
8111.0810830281225,25.725153340464843
1569.2105882168348,20.28222278472817
-8898.465904026983,22.56870007006657
-9614.402155160382,13.272856279921823
9910.13871863957,9.518818038309782
263.33936178480735,30.86665725132705
-5856.449409166105,33.36162869752894
135.08430483655223,34.4734454458848
-1603.109375741844,10.52412367775796
7322.291793013586,23.218144734904
6263.144188216169,18.757994207245872
-993.53889235459,21.81703550251781
2285.632506964678,12.190795575052846
-1358.2435135197165,21.56487561270493
1009.0357214883685,10.52412367775796
7182.242043385881,19.647957347052547
8122.975234357397,24.09174497286721
5060.655751112001,18.757994207245872
6111.195073096449,17.05947641370443
5934.344250096725,13.23318471616647
7202.814492878216,12.190795575052846
3251.9134708483975,20.180144970495384
-2883.3765973667446,11.578951027428012
2803.4660418169306,26.58932955325777
-3230.5143093916076,22.092249117524783
-1419.2640883716688,18.562253210557493
2294.01080991203,30.420569431073343
10777.732760138051,17.932562693756196
3700.9393749977307,21.83368081202904
2167.7363102370305,23.14825227454956
-645.9147870603856,24.09174497286721
11220.3122611187,24.09174497286721
10656.21840047412,17.05947641370443
-4469.437941642345,18.757994207245872
8804.945832888105,25.25684355246182
-7576.767832249758,25.447105542939124
-753.4534158952792,14.353464935930552
9992.833140585975,18.562253210557493
-8142.110192669809,13.608850492731817
-75.75330908404612,4.885271868806392
1997.570866754757,26.302762831609364
4352.9231551089615,34.4734454458848
-757.1525901939472,34.4734454458848
-472.42835780025166,11.642586775623563
-6932.178355014537,31.72492299534889
1291.9155201228223,25.25684355246182
9281.708607264994,36.10508609312406
-12978.338275873984,23.14825227454956
1952.25252313814,1.132160989646131
10377.726695461499,31.72492299534889
7914.967761881362,17.05947641370443
4455.85071071192,9.518818038309782
-3508.419023812868,22.56870007006657
410.9508612491313,12.336111894138924
6290.388997782257,8.320220391373894
-4333.534849608552,10.425683441718604
2495.6105910040715,22.56870007006657
11573.572138781248,20.28222278472817
8093.47382708224,18.117577938721773
-1120.5083901057856,11.944636704804305
2426.526170273817,26.58932955325777
-15696.125874088948,16.64323622189432
-2389.180608385672,13.608850492731817
997.8259359808043,31.72492299534889
-603.3623605982743,12.336111894138924
-981.9430161260739,17.05947641370443
-4403.282703834135,7.950620098438058
-1895.4678160142275,11.944636704804305
-1842.9655752604622,20.180144970495384
-13575.330189126256,26.58932955325777
-7947.545701293613,21.81703550251781
-526.7873166249417,14.353464935930552
-3200.881918408886,22.82469145311972
5211.211698850149,22.32621505968753
-11387.579605849704,10.52412367775796
2684.4525440770703,19.647957347052547
11194.202483531146,20.28222278472817
-1730.0301319696332,7.950620098438058
-4998.881299723959,21.61563065615585
-7942.387556937717,36.10508609312406
2464.7816680215624,36.10508609312406
-1170.8427086480426,11.942906218623804
7723.885263733791,31.83741398327524
8404.263204098459,29.22739596194833
2937.662086079463,13.272856279921823
-10699.987033284022,20.180144970495384
10405.304917276795,31.83741398327524
-5803.283265415258,25.447105542939124
-5903.324585277557,30.409884059187547
8038.460916737424,10.52412367775796
-2740.720323520282,23.14825227454956
7685.023340081178,25.59892040830825
2723.8688942700196,11.942906218623804
6980.348825692408,16.64323622189432
5396.756857395763,26.58932955325777
4404.331190382618,19.647957347052547
-4594.1820507883895,16.143774716964504
2466.6409825212636,18.562253210557493
4489.383879584266,12.613632740062826
5656.241607252827,21.81703550251781
11.799167419368246,11.942906218623804
5081.028325304988,19.70368081017321
3261.5365524324807,4.885271868806392
5911.347914581707,21.83368081202904
5264.29179009819,8.332942688788997
-1166.7256237782747,12.571740219945433
-3789.272108964379,15.578164380055544
-11890.184920528678,14.353464935930552
7261.6976114167,36.10508609312406
7352.914629251727,19.647957347052547
4280.31984587616,4.652936998737928
-2720.5456522770232,14.353464935930552
-6308.0222858818615,27.451018475410937
-4048.8408728880877,12.613632740062826
2362.6440471767173,22.092249117524783
-1347.8377961379854,21.61563065615585
6213.584133947088,30.86665725132705
-1700.490298850507,18.117577938721773
-8003.173565816622,13.608850492731817
-5972.72081883114,24.09174497286721
-3028.5193650613514,22.56870007006657
7348.452453955156,22.56870007006657
8611.843872706277,21.56487561270493
-14312.666499685225,36.31581069178857
-4042.79130324048,18.79185971370501
5708.307348714806,11.942906218623804
-12738.05230739297,36.10508609312406
-2497.97102092316,26.302762831609364
8766.865378077231,16.64323622189432
2346.4539026115785,9.647452638974611
6520.916487579866,13.272856279921823
220.35106455649702,16.64323622189432
7427.4853645143485,9.518818038309782
3414.396151481817,3.927831006064245
-3455.5473872078646,16.143774716964504
-8716.253454993264,38.426488642538814
-1718.8479162250899,9.647452638974611
8723.711914155012,20.90306101162109
-11701.906461145838,23.218144734904
-4080.038197410306,22.32621505968753
6802.658995238471,12.782315118678907
-553.9737313732176,9.647452638974611
-3766.224961113752,21.61563065615585
5192.466604861494,19.647957347052547
-10413.515937904416,38.426488642538814
-768.3287526829247,3.927831006064245
7052.605547689949,30.86665725132705
11136.832701730653,17.156511257966585
5064.898640926953,21.44874346620925
-10924.401350901482,27.451018475410937
-2212.7842442435694,7.950620098438058
413.264860289994,1.132160989646131
-1712.5202526169364,10.52412367775796
7833.153758958072,25.725153340464843
1785.7901707948831,10.52412367775796
10557.03249362278,12.571740219945433
8212.81031760507,27.451018475410937
1616.5459143232774,16.64323622189432
-6870.609317514978,22.82469145311972
-9828.480101361482,8.332942688788997
-4797.389348804548,12.789203739932198
4280.462261791395,12.190795575052846
-325.91056761433947,21.47494878544683
5711.8128969792415,9.518818038309782
-1616.934748031528,18.757994207245872
-1958.0195698673751,9.647452638974611
-8523.935055281756,38.426488642538814
-687.0867606715537,12.613632740062826
7669.421078148753,23.218144734904
-1317.4390376196634,21.83368081202904
-3606.790945752563,33.36162869752894
8125.107921582176,13.963866260572992
7844.951897816578,35.40501989106287
-7704.754800241685,25.725153340464843
-9419.488127015577,17.156511257966585
-3083.9882602451303,8.332942688788997
-2251.0816256231883,22.092249117524783
6635.060779256601,16.64323622189432
1827.6640643892447,21.56487561270493
-6438.723731536391,13.272856279921823
7663.414865948408,6.687900598978352
-43.971118832364766,16.766249047417915
-2252.646010792234,31.83741398327524
4771.6937951618065,12.789203739932198
-667.4065123950263,11.427424278367262
-16633.805960078487,30.86665725132705
1867.8557520903337,26.28135983123264
5350.664541953188,10.52412367775796
2819.723293822669,35.40501989106287
2435.2146176240376,20.180144970495384
7753.538026162213,18.79185971370501
-12229.619757260505,13.272856279921823
-3061.8653851803665,22.56870007006657
-9263.368496937575,31.72492299534889
3150.345979882081,9.518818038309782
7430.155867646198,25.59892040830825
8917.890690591077,21.56487561270493
-1085.9031386456147,1.132160989646131
8824.687462856868,8.795230083567638
7306.600100672116,12.190795575052846
-12419.801710695647,20.180144970495384
-439.6842426312037,20.90306101162109
-1823.7788208511242,14.353464935930552
9457.501478315891,37.68124385002402
8852.22442370489,31.72492299534889
-3411.9307001103407,21.47494878544683
2353.611799120316,9.518818038309782
7834.968211574032,10.52412367775796
5445.2418688657,8.795230083567638
-1487.0158085722833,8.332942688788997
-3625.924330128425,15.578164380055544
230.0227853266856,11.578951027428012
8344.750435800273,10.52412367775796
-4024.990286008684,16.12384262285483
-1071.9023977163681,35.40501989106287
-11730.636604917281,29.22739596194833
-2143.089357638934,4.38846568617879
-5285.423253978762,21.61563065615585
-830.4919326153408,26.58932955325777
6652.2697005003465,14.353464935930552
-2551.133963739906,36.31581069178857
2281.790771366895,15.578164380055544
-8777.32851462302,1.132160989646131
-5811.283798706143,21.83368081202904
-1680.7185828636796,36.31581069178857
-7017.922363830248,29.22739596194833
-1883.9625310836004,36.31581069178857
4762.574013253027,13.608850492731817
-351.62992862070223,26.302762831609364
-3836.0957271600532,17.05947641370443
2252.1019436991237,21.83368081202904
6076.238841926019,22.56870007006657
389.2651522336573,10.52412367775796
5217.632170327319,16.12384262285483
1774.3525021229084,22.092249117524783
-5208.510663424563,31.72492299534889
4911.199870181488,12.613632740062826
6395.864136101158,16.143774716964504
13537.285692246209,35.40501989106287
-17226.497140018026,26.302762831609364
2094.4637436239636,18.562253210557493
2955.193329063053,21.81703550251781
7335.5317633198865,21.44874346620925
-3653.3459503674553,36.31581069178857
7138.006547112269,25.447105542939124
7472.30470571632,4.652936998737928
5579.411906685677,7.950620098438058
8620.533126335551,22.82469145311972
4850.307261347853,17.05947641370443
4264.5958815119575,9.518818038309782
-4469.194769215392,23.218144734904
1009.3275577096988,26.58932955325777
29.0003155463055,21.61563065615585
6361.947259841843,17.932562693756196
-117.02756267709901,11.578951027428012
-10955.482377555049,21.56487561270493
3095.53851419085,23.218144734904
15200.009285348395,35.40501989106287
-1590.2251213324694,31.72492299534889
-745.128520033426,16.766249047417915
1067.1582869882218,11.427424278367262
-1865.4582460600368,12.789203739932198
-3626.49176163336,21.56487561270493
9174.599861456772,15.578164380055544
-3310.0232021816996,8.332942688788997
-8937.553181921396,25.59892040830825
13033.830606237028,30.409884059187547
5458.276327351858,26.302762831609364
4909.044756970619,17.05947641370443
-2849.3768316262363,13.23318471616647
11595.329685227898,22.092249117524783
10208.344146174253,30.86665725132705
-6639.867920574827,12.613632740062826
3345.547827413491,4.652936998737928
3499.607805142161,11.427424278367262
8632.674012510864,4.885271868806392
7604.20361821466,12.190795575052846
-4266.637080106001,17.05947641370443
1836.2656202566382,22.56870007006657
-10006.763998028306,7.950620098438058
-9217.84627457308,30.409884059187547
-7841.613192432417,21.56487561270493
10068.02016555696,18.562253210557493
-3011.322090696399,25.25684355246182
-4115.337367547772,3.927831006064245
-16570.859243236973,38.426488642538814
7558.600763963212,25.447105542939124
-1311.9336582968203,12.336111894138924
5400.721161787662,17.05947641370443
-13647.333639652506,36.31581069178857
-3643.939574330592,22.82469145311972
-15947.55579801437,19.70368081017321
501.64755147238384,17.114253331641656
-2615.733162859102,11.427424278367262
7949.29574744045,11.427424278367262
1398.610970510359,11.942906218623804
7943.873302860637,22.092249117524783
7201.571459115677,5.69363914978576
2282.976090979688,3.927831006064245
-2526.0642328015156,3.927831006064245
894.5089734347771,8.320220391373894
-7357.45273308538,35.40501989106287
-3078.1134248546828,25.59892040830825
-3646.546440195976,26.302762831609364
-6159.533794864677,13.608850492731817
4365.161335889164,17.05947641370443
-10316.187876939326,18.562253210557493
-8706.036142004967,12.613632740062826
-7308.5708033375595,21.44874346620925
6856.052829028755,17.932562693756196
-3491.7610808043155,25.25684355246182
7344.831816125703,23.14825227454956
7472.420262870804,1.132160989646131
11032.110571637717,35.40501989106287
9565.712426266391,12.190795575052846
-406.9494282226208,12.613632740062826
5618.498849937735,10.425683441718604
-2461.787586565457,25.25684355246182
8024.584794665656,26.28135983123264
1738.605502803298,29.22739596194833
-3570.9587191864953,11.642586775623563
-109.765540689908,3.927831006064245
3896.411595111852,12.190795575052846
-5369.739081624778,16.143774716964504
-2530.136777057376,18.562253210557493
4830.520694798526,16.64323622189432
-677.3527806465083,29.32505767081869
1862.4938705629552,4.652936998737928
3800.4746037182485,12.190795575052846
4484.203372405211,1.132160989646131
-2343.8511682846174,20.28222278472817
-6315.573409405037,12.336111894138924
6985.834886432351,8.795230083567638
-2927.5338232642225,10.425683441718604
-10574.533955318611,21.44874346620925
-11364.459257434237,22.32621505968753
-11960.969573495413,18.757994207245872
4897.868954149502,24.09174497286721
-2100.093577268344,17.05947641370443
9475.993347378253,12.571740219945433
-1984.065379477348,23.218144734904
7026.269119512687,8.332942688788997
4600.395386020615,21.47494878544683
-34.035879900231066,25.725153340464843
-4583.940223968184,16.64323622189432
-8028.088318992186,22.56870007006657
7065.500370102505,11.944636704804305
9544.51009833526,13.23318471616647
-10023.106615533128,18.79185971370501
11373.732148334322,20.90306101162109
-942.0647380259302,5.69363914978576
4509.00350684241,16.143774716964504
-11777.544276734603,24.09174497286721
3089.3304580996437,7.950620098438058
-1451.7082108798998,11.427424278367262
-10685.488326933102,11.944636704804305
12493.333370638124,20.90306101162109
-10919.609753670871,9.518818038309782
6105.967025383205,21.61563065615585
7108.721019888108,14.353464935930552
-941.1870157228966,20.90306101162109
-11567.217495441186,19.70368081017321
411.7631462801155,22.56870007006657
-60.21010036008829,15.578164380055544
452.50869583689837,16.64323622189432
6766.498160208415,21.81703550251781
-11127.17851840093,30.420569431073343
1733.6809215131325,31.83741398327524
-3070.927771397799,22.32621505968753
8553.702110233777,21.47494878544683
-780.2170096867962,26.28135983123264
2589.601369899104,3.927831006064245
759.158075406433,36.31581069178857
-1941.644549196777,31.83741398327524
-2476.1414653768447,12.571740219945433
-11313.921893570154,18.757994207245872
-899.9240486164183,4.885271868806392
2712.9827035562726,19.647957347052547
6472.741619622499,22.82469145311972
4985.66152362438,13.608850492731817
5830.293928926454,11.642586775623563
524.0878231401498,12.571740219945433
-4485.9825422701615,23.218144734904
-9444.386315991751,14.353464935930552
2852.597010511677,1.132160989646131
-4824.948170241069,35.40501989106287
8093.767311382252,21.47494878544683
5864.483735450346,13.23318471616647
-12969.518449820596,36.31581069178857
-647.9665625133327,22.56870007006657
-4738.932258113908,38.426488642538814
4296.541043573044,12.789203739932198
8808.46408032849,3.927831006064245
7048.378092698658,12.336111894138924
4869.230625252321,8.332942688788997
-1052.58129064276,37.68124385002402
9250.178058380916,34.4734454458848
8386.204764913571,8.320220391373894
6961.472326370261,12.789203739932198
5729.1713023683515,11.642586775623563
6744.559228003203,16.12384262285483
-5862.9548919996005,10.52412367775796
4666.458108764698,22.56870007006657
-9869.994000407758,5.69363914978576
-6046.692846342399,21.81703550251781
6102.007329478715,21.47494878544683
16.70562518386737,8.795230083567638
6334.997492983872,30.86665725132705
6999.133408990863,6.687900598978352
-2124.0798057663187,5.69363914978576
6661.064184754273,10.425683441718604
-13089.793498286566,18.757994207245872
8655.047427297697,16.143774716964504
6528.133228802423,34.4734454458848
4634.127158950277,25.59892040830825
-1245.4126834644276,8.795230083567638
-1302.9521538461777,4.652936998737928
-4965.0703581821535,31.72492299534889
3176.5003020721924,22.56870007006657
8220.383809634204,12.789203739932198
8849.482015207184,26.58932955325777
2946.4594522143216,8.332942688788997
-7849.227508570406,30.409884059187547
-2520.484953434376,13.272856279921823
12530.320746496773,20.90306101162109
10870.813051214884,20.90306101162109
2354.850790403758,5.69363914978576
6384.360757119705,4.885271868806392
523.5804913030217,21.47494878544683
9441.534389471779,6.687900598978352
3405.1980862065143,33.36162869752894
3546.6614460042483,12.571740219945433
-3042.4408539364676,12.336111894138924
4291.361617592901,37.68124385002402
568.5020636385216,12.789203739932198
-9435.548778649325,4.885271868806392
-8383.280256733555,38.426488642538814
-3920.03594156111,17.932562693756196
-851.1673463350542,17.05947641370443
-2323.9220450083817,31.72492299534889
-1256.9213332159188,9.647452638974611
3497.999789886225,18.79185971370501
-1735.860918443927,21.44874346620925
6697.237498427629,18.79185971370501
9707.265470651972,22.32621505968753
5465.189010352518,4.38846568617879
3382.0431451541144,17.114253331641656
-9083.331241412681,11.942906218623804
-11111.39007707466,26.58932955325777
-11455.496271215272,3.927831006064245
6515.047979377809,21.83368081202904
595.9161494585469,21.83368081202904
-11976.97122864051,25.725153340464843
-4179.949280028617,17.05947641370443
8704.374177647393,21.61563065615585
-8805.654817787668,8.795230083567638
-1096.326367360647,3.927831006064245
1142.6072488975556,15.578164380055544
-8806.813130882732,3.927831006064245
7959.8620701467335,26.302762831609364
-1664.2141917626434,13.963866260572992
10081.78191821213,29.32505767081869
-11659.50248686496,8.332942688788997
-2472.7559068979726,11.578951027428012
12358.79800754737,24.09174497286721
-967.009900481743,25.25684355246182
605.7526013079241,15.599548132494943
-2885.3246568017057,30.86665725132705
389.8659721622515,37.68124385002402
4404.3608602796285,11.642586775623563
-3627.676835678966,12.190795575052846
-6100.126765684086,6.687900598978352
1031.366151594109,26.58932955325777
-4656.176388297619,9.518818038309782
-786.2870146825176,11.427424278367262
4568.982624473807,11.642586775623563
-10793.970209309444,12.789203739932198
-11482.090994046095,20.180144970495384
-4042.2365461333434,7.950620098438058
-811.1253847732464,17.156511257966585
7290.797320782153,25.447105542939124
-6801.900217679413,30.86665725132705
-172.5099679161442,16.766249047417915
-2168.1740546685487,22.82469145311972
-3416.282222772007,21.44874346620925
6965.556516222649,10.52412367775796
4254.680441516765,36.10508609312406
1717.0691517510686,20.180144970495384
12678.805253141647,30.409884059187547
-1370.3463222449136,4.885271868806392
653.1601633616383,8.795230083567638
-12562.367475763538,9.518818038309782
4238.6396389408255,21.56487561270493
3917.085526043469,17.156511257966585
-5311.262272668624,36.10508609312406
4541.975940753218,24.09174497286721
-2954.5401506781423,10.425683441718604
2669.2872519564557,17.156511257966585
642.8165953671562,21.47494878544683
1920.373950302324,12.782315118678907
7223.462489324131,31.83741398327524
-6664.453104989889,36.31581069178857
-949.5967371410461,11.942906218623804
7324.8860042502565,31.72492299534889
-2379.118528951254,37.68124385002402
1621.7217710191546,16.64323622189432
-13506.210724852403,19.70368081017321
3054.4327878082304,34.4734454458848
-3058.8293574670274,10.52412367775796
6911.2690415138795,37.68124385002402
-4966.991224808631,13.963866260572992
-357.349019645455,21.81703550251781
5959.610190091953,12.789203739932198
8319.7445850765,11.578951027428012
4802.646049525916,30.409884059187547
3076.126433994719,11.578951027428012
-3618.183450418879,12.190795575052846
8584.539215336748,16.12384262285483
9294.703500647229,31.72492299534889
-1784.7040370452526,16.766249047417915
4310.979864261597,9.518818038309782
-614.9770299716595,11.942906218623804
3369.891560228465,20.180144970495384
-10789.290633362049,17.05947641370443
2492.297508186779,4.652936998737928
1709.9706628007382,10.52412367775796
-12046.725790388753,16.143774716964504
8320.133307194732,12.789203739932198
-11888.093289532437,31.83741398327524
5940.907881128747,13.963866260572992
-1305.4702810450526,14.353464935930552
-3801.7216571692716,9.518818038309782
9253.111872290883,11.427424278367262
-882.4701431460091,11.944636704804305
-5853.597248282185,22.092249117524783
10130.382060940732,21.56487561270493
-6074.219607828895,21.44874346620925
-8169.60519021006,10.52412367775796
-10562.40437183397,10.425683441718604
-10669.185097191934,21.47494878544683
-2385.785052844339,21.56487561270493
876.9515738621913,25.447105542939124
12528.295246137906,17.156511257966585
-5107.653229740994,17.156511257966585
1178.1750887874896,20.90306101162109
-2917.598728238274,13.608850492731817
5713.755461254525,23.218144734904
-3898.6725909978873,15.599548132494943
7864.359732187462,31.83741398327524
-4801.075694940511,23.218144734904
2465.858797942965,21.81703550251781
-12512.854366446974,8.320220391373894
10496.170816855858,21.56487561270493
4617.961955396065,21.81703550251781
11147.843960491802,35.40501989106287
139.26083512602372,12.789203739932198
2950.0833038459855,22.82469145311972
7843.228703578923,25.447105542939124
-6845.801402405928,9.518818038309782
-5878.272466584495,13.608850492731817
-10429.897590436805,23.14825227454956
-2823.24521810366,20.180144970495384
7053.905261199217,22.32621505968753
-783.8081677531391,22.56870007006657
8753.503158000995,29.32505767081869
10416.562628712396,21.56487561270493
4051.2687685280575,33.36162869752894
-4363.717987145827,11.578951027428012
7008.742707690227,17.932562693756196
-3140.2779898182866,13.963866260572992
-3575.7988339980684,21.56487561270493
672.4849974480353,26.28135983123264
6707.221976844021,18.117577938721773
-10085.671315434216,10.425683441718604
-6131.769612119504,21.83368081202904
6465.978965612025,26.58932955325777
8324.681296751543,13.272856279921823
3456.760517721451,7.950620098438058
-929.3485769480285,17.932562693756196
3049.6609033553987,4.885271868806392
6306.75374250916,13.272856279921823
8500.90082776332,23.14825227454956
6956.113140196852,25.59892040830825
-8913.609966757389,4.885271868806392
4991.31966798618,3.927831006064245
617.1207287904151,26.58932955325777
-12531.674593244532,26.58932955325777
3620.429115863827,12.782315118678907
5759.885170698415,19.647957347052547
6474.699500956723,25.59892040830825
2304.0919238251704,26.28135983123264
-3641.607022627325,31.83741398327524
7830.901723614522,3.927831006064245
5336.275029639631,15.578164380055544
2345.294415006321,23.218144734904
-11770.202335968304,31.83741398327524
2382.2292390962843,21.56487561270493
11186.664866769333,16.64323622189432
8064.347132658749,16.143774716964504
-4056.7047701693327,17.932562693756196
-7687.671658422397,5.69363914978576
-4831.052784236966,25.725153340464843
-14989.180883560806,16.143774716964504
8909.798382706611,35.40501989106287
-7048.517687726761,19.647957347052547
-1822.4069980209133,25.725153340464843
11214.374120711607,20.90306101162109
-2632.416134107809,34.4734454458848
1251.7209390066,26.302762831609364
13.807934871687166,16.12384262285483
8147.416057613815,21.83368081202904
565.0773461603703,30.420569431073343
-1374.8415561390789,4.885271868806392
8438.151643477326,21.83368081202904
7813.969762348817,12.571740219945433
-702.5725137148984,18.79185971370501
4644.678033347986,21.81703550251781
5948.299832180053,25.59892040830825
-791.5043778968302,10.52412367775796
3431.296662729057,12.190795575052846
4815.797803053809,16.64323622189432
7854.756165694866,13.963866260572992
-5321.6627907701695,29.22739596194833
194.00605862350903,20.90306101162109
692.9458563875191,4.652936998737928
222.3576741574775,25.59892040830825
5586.81041814376,4.652936998737928
8378.648679933474,16.64323622189432
-10105.00233717084,29.22739596194833
6157.961580607323,12.571740219945433
8404.254085626453,35.40501989106287
-5031.246155727038,22.092249117524783
7825.805516447111,6.687900598978352
-503.847928569362,1.132160989646131
-223.64475948902646,17.05947641370443
-13620.0334130809,26.302762831609364
9705.427045848312,20.28222278472817
-1707.688112659568,36.31581069178857
-8008.283794773617,20.180144970495384
590.3144595939361,23.14825227454956
-2540.6002995842096,9.518818038309782
-3528.2070742918017,12.190795575052846
845.8783276094852,30.409884059187547
9613.133193737525,13.608850492731817
-14504.600139382557,37.68124385002402
68.28491895589468,12.571740219945433
-2257.8556935541646,12.336111894138924
1536.5294956140538,10.52412367775796
5281.720540982188,6.687900598978352
7268.223003836845,25.447105542939124
-3926.3303453001554,21.56487561270493
-4193.392378178983,7.950620098438058
-7496.855730667259,26.302762831609364
-3838.334146625776,21.44874346620925
7413.773950419058,11.427424278367262
3855.619096721668,16.64323622189432
-578.0894461618824,3.927831006064245
5051.501259570741,16.64323622189432
6173.002999685292,22.092249117524783
3459.818465605421,11.578951027428012
-1396.5673279968064,12.571740219945433
-8927.508135357773,8.795230083567638
-6794.556459196996,1.132160989646131
7096.306325354445,12.336111894138924
8923.312796134313,38.426488642538814
11115.798643528804,19.647957347052547
814.6192583078289,17.114253331641656
-3053.385461471339,16.143774716964504
-14014.820950211131,13.608850492731817
-1716.6508489718922,16.64323622189432
275.8879650470701,5.69363914978576
-401.8032315835367,5.69363914978576
-1280.8677709947897,18.757994207245872
-1948.424758281869,21.44874346620925
-6069.276529803365,11.642586775623563
8386.933233344393,25.447105542939124
9233.075782502707,21.83368081202904
-3968.6765407454454,12.336111894138924
-3209.52002133067,25.725153340464843
8484.003982941846,22.56870007006657
-3132.799762611251,10.52412367775796
5578.040971992519,18.562253210557493
9599.873571581007,21.47494878544683
7137.904187560054,21.81703550251781
-10442.313878425866,6.687900598978352
-3739.810213266077,15.578164380055544
-11378.21709321727,16.143774716964504
2779.4211506051274,9.647452638974611
17.932077609899352,25.25684355246182
-3945.263100326937,10.425683441718604
-14573.49377743082,19.70368081017321
10067.735289710956,20.90306101162109
8192.529447837576,5.69363914978576
928.8405893425295,15.599548132494943
-9747.179581773169,22.82469145311972
3605.5232901000527,30.409884059187547
2962.415828120414,36.31581069178857
5906.867118591931,25.725153340464843
6999.378009118737,18.79185971370501
-2277.556107276102,3.927831006064245
-995.9829005644792,12.789203739932198
-12197.935591511996,11.427424278367262
8177.9302194576,21.47494878544683
2606.521053954865,26.28135983123264
-1422.8142131447134,33.36162869752894
6665.324431001438,25.59892040830825
-6631.252393353536,18.79185971370501
2425.9542233228067,25.59892040830825
1346.9945151111465,11.944636704804305
-1798.502990577854,19.647957347052547
-1032.868048822822,11.944636704804305
-1362.4308899635325,25.25684355246182
6216.022179987436,18.117577938721773
4936.860824218238,31.72492299534889
7564.052874270899,5.69363914978576
-9486.974628298627,10.52412367775796
5221.616980803318,16.766249047417915
-4138.783073662875,26.302762831609364
8178.361753286372,22.82469145311972
9455.87305985264,30.420569431073343
3307.7004585912396,11.642586775623563
-11240.090691782827,11.944636704804305
-8009.856573164934,21.56487561270493
573.5452866899991,34.4734454458848
-16336.868232357052,38.426488642538814
7133.675576850832,37.68124385002402
1526.7682253184466,30.409884059187547
-12038.575864323837,10.425683441718604
-4616.1457478437915,36.10508609312406
-4943.736513971335,11.427424278367262
5046.882436860125,12.613632740062826
11128.650258931153,19.70368081017321
-1601.9007467661095,18.79185971370501
8661.689463513481,9.518818038309782
3246.5682082523786,33.36162869752894
-16201.301003025521,25.725153340464843
6232.364337225514,9.647452638974611
-2464.1647087828405,12.190795575052846
-14017.96904682282,10.52412367775796
4392.193816625318,11.942906218623804
-7731.645417874527,6.687900598978352
2593.5998441795045,23.218144734904
-9132.666546802906,9.518818038309782
572.139614553067,13.23318471616647
3978.1711102038844,30.420569431073343
6369.672117130534,18.117577938721773
-17.76601911741568,31.72492299534889
14306.855115797225,29.22739596194833
-4337.91049253721,31.72492299534889
-8087.481718778477,9.518818038309782
9162.057694235182,30.420569431073343
10719.160801084223,20.90306101162109
4634.076396390687,5.69363914978576
1184.7125039391053,15.599548132494943
5994.252865944772,19.70368081017321
-8626.338464071752,22.82469145311972
-17861.35683822507,35.40501989106287
6280.386678214291,29.325057670818694
4718.959142218707,11.642586775623563
7381.600413653868,18.562253210557493
5381.861566602,18.79185971370501
-5344.7396354179145,30.86665725132705
3933.148247695248,26.28135983123264
4078.752499109544,18.757994207245872
-10407.415685809201,10.52412367775796
-6184.380125029661,4.652936998737928
-3734.3632973326103,26.58932955325777
3484.171239022264,11.942906218623804
-4747.383287297118,12.190795575052846
-3117.5010951728163,25.725153340464843
-746.3337963453201,25.725153340464843
-3787.6089455299193,12.782315118678907
-9416.7422457433,25.725153340464843
-2883.095542367415,21.81703550251781
8657.790060175783,12.571740219945433
8168.545850460076,6.687900598978352
9404.536820887019,19.647957347052547
-3637.038020626295,4.885271868806392
6237.472039491312,19.647957347052547
2800.661342193776,10.52412367775796
5838.952745364971,9.518818038309782
5724.348267325688,4.885271868806392
150.42533495324562,25.25684355246182
3848.0097429886628,11.642586775623563
-2252.5493794357835,29.32505767081869
-7253.938540734946,20.28222278472817
-2991.0821582469525,7.950620098438058
-6182.561953092844,17.932562693756196
-5724.1919426943605,31.72492299534889
-8228.621583574746,18.757994207245872
1989.947872928109,11.942906218623804
5223.7791234188735,30.86665725132705
5441.521479668863,33.36162869752894
5308.424384528271,21.56487561270493
-940.3837961845161,26.28135983123264
1409.3722987953697,30.86665725132705
2401.6801552040433,15.599548132494943
9240.319110556102,21.47494878544683
7680.996925950341,3.927831006064245
467.4992005946924,4.652936998737928
104.13715804698042,21.47494878544683
-8308.555598159002,25.447105542939124
5154.505660978377,27.451018475410937
3818.327328971356,23.218144734904
2746.4620527969187,11.578951027428012
115.62443979404907,11.427424278367262
-4082.1435858911073,31.72492299534889
5017.154746920349,20.180144970495384
3679.2342180666506,23.14825227454956
-160.42925473283975,18.117577938721773
-2244.1812202532074,22.32621505968753
5918.59973136078,10.425683441718604
8192.776494905102,22.32621505968753
1088.788142715664,9.647452638974611
9974.776071867975,35.40501989106287
-14613.756613470121,26.28135983123264
-1861.3677618155966,25.725153340464843
6876.178549336302,14.353464935930552
-2574.3872764124544,25.725153340464843
-2648.6586383932613,21.56487561270493
5415.55673316022,21.81703550251781
5698.39198111089,20.180144970495384
-5802.819936043873,3.927831006064245
-14340.160278255986,37.68124385002402
-2578.9821246557954,11.942906218623804
-6210.986318847343,13.272856279921823
-3399.4461617986567,34.4734454458848
8235.359422332716,16.766249047417915
6661.873534198527,19.647957347052547
47.00557380168948,3.927831006064245
-1957.0372791701318,21.56487561270493
6548.516583188564,11.944636704804305
-3801.65368587603,29.22739596194833
2265.916603474508,11.578951027428012
1214.2725158426779,30.86665725132705
-4566.018532545378,8.320220391373894
-11684.253792758243,12.789203739932198
11681.901287400588,20.90306101162109
-4780.571697378956,31.83741398327524
6470.1181616502645,29.32505767081869
-895.6075455687755,12.571740219945433
-1491.9435503376621,26.58932955325777
-2458.5774783276715,7.950620098438058
6578.01303993641,30.86665725132705
-7309.964168011374,31.83741398327524
6085.433215224354,13.963866260572992
7217.271011457298,21.47494878544683
-2220.4871029979718,5.69363914978576
-9946.773615176295,16.64323622189432
-1296.5364509159876,4.885271868806392
-717.6842794224208,31.72492299534889
1751.5984691863066,12.336111894138924
3597.446887022741,27.451018475410937
-5149.318730185801,31.72492299534889
8199.108001163806,4.38846568617879
-3909.748812974176,36.10508609312406
-3469.8489927700416,3.927831006064245
2164.130907541253,36.10508609312406
-2896.653723772223,17.932562693756196
-6168.62339623688,9.647452638974611
35.71873446889094,22.56870007006657
-9106.918814335242,18.562253210557493
8440.9798916439,18.117577938721773
10002.556912927015,24.09174497286721
-13645.702316501855,19.70368081017321
-190.9976551183022,36.31581069178857
1280.7397432746538,21.61563065615585
-14613.990285049515,27.451018475410937
4277.398298404478,4.38846568617879
3886.134182031486,11.942906218623804
-6767.917100222929,29.32505767081869
4591.674277280161,26.58932955325777
8226.566492984664,21.61563065615585
6549.120142262898,16.766249047417915
5637.557683421827,19.70368081017321
1027.3913953523295,31.72492299534889
883.1784131290437,37.68124385002402
6493.183099682693,31.83741398327524
4645.343322345078,11.427424278367262
-1245.827351155613,23.14825227454956
-912.932639686213,26.302762831609364
3469.2648879806793,4.885271868806392
-1886.7234859215573,26.28135983123264
-2527.3484643201054,15.599548132494943
-2527.742282219737,22.092249117524783
-10759.075708607324,34.4734454458848
-7919.278041066683,12.336111894138924
-3423.2794279790533,16.766249047417915
5040.363500276129,11.944636704804305
5146.2276457891385,36.31581069178857
1670.0630964716138,6.687900598978352
-3030.8001953774483,16.766249047417915
5215.3289977795575,8.320220391373894
-11551.280577790816,31.83741398327524
-7901.532107581959,38.426488642538814
7146.097875970054,5.69363914978576
6730.559569129353,25.447105542939124
-6443.418018264184,15.599548132494943
13824.713103094547,25.447105542939124
8162.783769479094,31.83741398327524
4570.678095976015,25.59892040830825
4259.008125322714,18.79185971370501
-5037.904400552702,13.963866260572992
-3146.9021058965463,13.272856279921823
8684.980211116303,35.40501989106287
2880.004912127981,11.642586775623563
2045.5638662802216,12.789203739932198
-3714.381320730463,10.52412367775796
-12125.995109120016,36.10508609312406
6203.598416721262,16.64323622189432
7452.808384385842,30.420569431073343
-5599.564854507189,35.40501989106287
10.26381191046221,36.10508609312406
3795.281284741385,8.320220391373894
-10409.088959681074,23.14825227454956
7632.219510041112,17.932562693756196
9548.936508180044,11.944636704804305
641.5654181124537,11.942906218623804
7765.096411251396,31.83741398327524
14.931797631778863,23.218144734904
6042.328245344628,12.336111894138924
-14505.88705410719,19.70368081017321
-5652.590963024358,4.38846568617879
-9124.047218331967,1.132160989646131
-400.2175744930164,20.90306101162109
-731.5686268347758,13.963866260572992
10237.616908793201,20.28222278472817
-1913.478712935125,12.336111894138924
773.5242327664214,11.427424278367262
1122.7424354149591,30.86665725132705
11628.44726643521,30.409884059187547
3718.284239208887,11.942906218623804
-2061.789294090769,33.36162869752894
-1582.8376479541466,1.132160989646131
-6886.87943421023,34.4734454458848
-2153.914070901904,22.82469145311972
11278.01977233995,14.353464935930552
11563.891360929958,23.14825227454956
11747.861469531428,10.52412367775796
3478.1069320873708,21.61563065615585
9952.535007774017,14.353464935930552
-3918.476737029283,29.32505767081869
9604.687108674947,22.56870007006657
-7589.27377726971,22.092249117524783
6124.163611249923,16.12384262285483
12632.625793969652,26.28135983123264
8633.1009058971,37.68124385002402
825.2581106689095,20.90306101162109
-1137.015843670299,13.963866260572992
1087.0472873834149,29.32505767081869
-5447.76130674416,36.31581069178857
12721.946091005719,19.647957347052547
6423.318484941797,4.652936998737928
6856.922319281706,12.782315118678907
-2711.9747321248187,23.218144734904
7462.519228032945,8.320220391373894
-12314.312496317796,18.79185971370501
7572.05406109728,11.944636704804305
9404.012612276652,13.608850492731817
-4890.695129675461,20.180144970495384
-2167.221179534792,19.647957347052547
-8262.774208315624,11.944636704804305
1187.3474837235656,4.885271868806392
-5285.148622023351,13.963866260572992
3405.7527817793894,16.766249047417915
-4317.590837423312,7.950620098438058
-3158.3165049663776,11.578951027428012
209.41584706428694,11.944636704804305
1484.279925960786,20.90306101162109
495.51083248274745,13.272856279921823
-3894.984339728886,8.795230083567638
-8094.963866866525,20.180144970495384
-76.79022973866495,11.944636704804305
776.8354887856467,12.190795575052846
-3663.178065511432,18.79185971370501
3507.343263556104,10.425683441718604
-9854.125887300877,31.837413983275233
11808.51777915403,17.114253331641656
-8773.360152369078,12.190795575052846
954.3860693618258,38.426488642538814
6769.1296358881245,21.47494878544683
-7776.067520584578,13.963866260572992
-14562.353209048006,22.82469145311972
-8180.703411164079,21.56487561270493
2369.948756310305,12.190795575052846
8148.314447422194,11.578951027428012
1356.4101739027988,22.32621505968753
-6461.79619952472,33.36162869752894
7127.679629345408,20.180144970495384
5104.589424852717,13.23318471616647
5336.632389815626,23.218144734904
-16059.949154234722,21.61563065615585
8102.5392140388285,29.22739596194833
7333.311875464089,23.14825227454956
5984.244486063965,8.332942688788997
5499.201041408578,26.302762831609364
-7324.393539194865,30.420569431073343
11908.282349029758,30.420569431073343
7111.704385412944,17.05947641370443
-1600.7129295848017,20.90306101162109
-1059.669425984312,4.652936998737928
7145.930363995242,36.10508609312406
7188.885366926266,18.562253210557493
-3620.3298736799106,23.218144734904
7480.378436002204,8.320220391373894
9409.457617630336,30.86665725132705
-1547.4390035479391,38.426488642538814
-1447.473581549657,15.599548132494943
2045.647086383899,12.336111894138924
-8106.211140434931,20.180144970495384
-960.2555590614838,22.82469145311972
7160.932548064233,17.114253331641656
7191.746634705374,13.608850492731817
6046.9948767401875,25.59892040830825
7958.164759680835,14.353464935930552
4580.8415322922665,16.64323622189432
-1328.999012529794,16.766249047417915
-1391.801394652814,7.950620098438058
-6323.983301595367,13.963866260572992
5103.177271234357,18.757994207245872
9192.291980418355,29.22739596194833
4771.157895113418,7.950620098438058
-6032.8016517197275,22.82469145311972
2670.5811017797637,37.68124385002402
-6354.45887299198,34.4734454458848
-4564.113510519161,11.578951027428012
-3155.3121769466875,12.782315118678909
2304.185616788546,13.608850492731817
-12303.815973062165,19.70368081017321
4903.771904895382,7.950620098438058
8404.733483293578,25.59892040830825
-9899.231205132905,18.79185971370501
-5566.563772280042,18.757994207245872
7489.333233009425,4.652936998737928
7478.01808864407,12.782315118678907
904.6201849211457,15.599548132494943
3867.1994632155306,38.426488642538814
-1454.3906395924137,12.782315118678907
9105.924831055485,30.86665725132705
4689.981058271878,13.272856279921823
3505.6322330657003,36.31581069178857
9327.904784431073,22.092249117524783
-5606.46874933954,15.599548132494943
-3214.292886243577,6.687900598978352
-309.56864779060265,4.652936998737928
3283.9075433756234,11.642586775623563
8012.300132242652,25.59892040830825
-291.13830508217006,12.613632740062826
8391.337561046255,21.47494878544683
-12459.601731346796,19.70368081017321
-5018.848410168147,11.427424278367262
1695.9958567316103,22.82469145311972
6714.106367055793,8.332942688788997
-3734.9849516112145,25.25684355246182
-11705.506259607911,7.950620098438058
2639.905668933473,34.4734454458848
4218.257617062049,16.64323622189432
3120.008840119782,6.687900598978352
1721.257353359821,18.79185971370501
-13728.8325449477,13.272856279921823
-1419.1638131172276,19.647957347052547
-12473.132613859822,22.56870007006657
-7519.166880161486,12.190795575052846
5679.785333227959,19.70368081017321
4200.962859951035,11.578951027428012
-3559.039187077335,15.578164380055544
-4578.394675944461,24.09174497286721
-8544.855002159915,4.885271868806392
8619.904067298423,21.61563065615585
6846.1146641687355,24.09174497286721
-3240.295425267294,35.40501989106287
-8464.178630086446,33.36162869752894
3721.678981797575,7.950620098438058
444.3998851990193,24.09174497286721
-3222.866509981116,12.571740219945433
8620.754559890707,6.687900598978352
212.98120262058046,3.927831006064245
3081.5044970459294,17.156511257966585
6491.433326683022,9.647452638974611
-9725.412839507855,24.09174497286721
-7254.907695314615,30.409884059187547
7015.320123176196,19.70368081017321
-12400.0465421627,25.25684355246182
-9384.243180186106,21.47494878544683
7091.93078872865,9.518818038309782
-2790.0043981393474,20.180144970495384
1739.2161865193898,25.447105542939124
7098.438900438448,16.766249047417915
-6268.125141638093,11.642586775623563
-2233.640891529538,13.963866260572992
-1514.0868002530824,12.613632740062826
10355.021541020833,19.647957347052547
1655.1870190785553,11.944636704804305
-2945.091967419612,12.571740219945433
9714.615448998815,8.320220391373894
-4518.38166249014,36.10508609312406
8171.599627679383,21.47494878544683
6075.396645675468,12.782315118678907
-2240.1871454009306,17.05947641370443
4886.249923738655,13.272856279921823
7807.716986824389,20.180144970495384
7205.520078318936,25.59892040830825
5432.283536036382,22.32621505968753
10810.82698618776,11.944636704804305
5814.709018522852,17.156511257966585
-2138.323052813838,21.83368081202904
3718.154802607312,4.38846568617879
1452.131062569721,11.942906218623804
8165.028826876129,25.725153340464843
-1486.9727214525933,17.156511257966585
-1887.5719880969498,11.944636704804305
-699.979700946581,26.302762831609364
10188.095722844473,38.426488642538814
-6282.414745016804,5.69363914978576
12198.096438809305,18.117577938721773
6457.78450551969,12.336111894138924
10100.552610775787,25.725153340464843
6842.521632082362,11.944636704804305
12018.35091833295,22.092249117524783
-8701.93086493019,23.218144734904
-1966.6246342863442,12.613632740062826
3338.1575625513674,11.578951027428012
7744.909965778368,25.447105542939124
6282.2677281142405,13.963866260572992
-1500.9974729580072,21.81703550251781
-5854.304389918704,22.56870007006657
-7113.162110785255,23.14825227454956
6159.879774192772,12.190795575052846
5281.001793119096,22.82469145311972
-2194.6578312972542,26.302762831609364
-3648.5876782127334,24.09174497286721
-231.225931130876,17.114253331641656
-4828.150976804036,16.143774716964504
5913.318039843007,31.72492299534889
-642.0066365611019,30.86665725132705
-2558.7954922159397,36.10508609312406
6762.856950330102,12.336111894138924
6850.598836679426,36.31581069178857
-7809.969288565946,4.38846568617879
-10863.246425047857,21.47494878544683
8632.383706461762,25.25684355246182
8450.52721994949,29.22739596194833
-3575.3198545819077,22.32621505968753
7555.723837334372,22.56870007006657
-7955.447410194498,21.81703550251781
-2616.4562809562776,33.36162869752894
9901.203102212261,20.28222278472817
-3328.036329700966,18.117577938721773
6301.092321105252,21.47494878544683
-118.38446729461566,12.336111894138924
6456.626491316038,25.59892040830825
-1331.565513948812,30.420569431073343
-5731.5257606461655,23.14825227454956
3702.7119655302467,17.932562693756196
6565.019030418512,13.272856279921823
-5435.896114123291,9.647452638974611
2409.0914622979913,30.420569431073343
-3638.2025801957375,1.132160989646131
3576.8637793453627,8.320220391373894
-670.3965825644595,21.81703550251781
4548.806404916726,7.950620098438058
-1544.1838491055664,29.22739596194833
-4388.873011331065,17.114253331641656
-4466.788839249361,26.58932955325777
4425.7713515135165,6.687900598978352
1956.6743584064614,33.36162869752894
9611.879490966963,21.56487561270493
-8250.713367202374,17.932562693756196
8.426206954188046,8.795230083567638
2856.8127280055414,21.44874346620925
1436.0764767486535,12.789203739932198
-11882.804396247202,13.963866260572992
8076.789972958599,9.518818038309782
-6473.116527528279,29.32505767081869
-6485.264601932303,11.642586775623563
4983.366295101771,16.143774716964504
-16276.348067826835,36.31581069178857
9938.235127891552,21.81703550251781
2043.9558408606888,38.426488642538814
3811.1716900971765,11.427424278367262
9752.920015952277,17.05947641370443
9704.116567652494,18.757994207245872
-2374.537654268991,13.963866260572992
-5148.153958711231,16.143774716964504
-2420.3624331575443,18.117577938721773
6563.768717846322,12.613632740062826
11512.41278843609,17.156511257966585
8612.351934139024,25.447105542939124
5123.855809988346,25.447105542939124
89.30274378185277,29.22739596194833
2108.2310685602843,12.613632740062826
8201.188639089189,25.59892040830825
8919.635305487454,21.83368081202904
2561.360244754926,9.518818038309782
-3605.680283749058,34.4734454458848
-9551.940418938877,21.61563065615585
9089.97434565769,13.272856279921823
-4749.318566023367,22.56870007006657
1489.2501516952088,25.25684355246182
-12663.361164364229,21.47494878544683
6947.720774804635,10.52412367775796
-5499.54974827992,25.447105542939124
1002.9274090724002,9.647452638974611
8111.380857364153,13.23318471616647
6920.343342720041,30.420569431073343
-3985.9190329710436,27.451018475410937
943.5892144868624,12.613632740062826
-11028.718048003371,4.885271868806392
1464.3396067692192,9.518818038309782
-6528.547637285403,38.426488642538814
-3056.3414144574162,37.68124385002402
-99.16281932095,35.40501989106287
8062.474154426475,21.56487561270493
-4759.309300032371,10.52412367775796
-10333.767243422273,11.578951027428012
7215.303877715582,20.28222278472817
7130.925617393021,5.69363914978576
5166.89931724375,12.190795575052846
-6783.457308870575,19.70368081017321
-15520.536199316944,36.315810691788556
7657.720141888022,8.332942688788997
2801.443806286741,29.22739596194833
-2845.389617850458,1.132160989646131
2542.0430626735615,17.156511257966585
-1635.4538321125397,26.302762831609364
-13390.391019852923,25.25684355246182
-1383.7523911301614,31.72492299534889
7182.9634679044775,22.092249117524783
-13684.136832039214,20.180144970495384
6508.777692842818,17.05947641370443
-1359.0265291425699,12.789203739932198
-4583.489026420505,21.56487561270493
-2925.86533061782,8.320220391373894
-584.2295406306407,22.32621505968753
-8707.608882506547,17.114253331641656
-5193.613744742918,16.64323622189432
7832.752014260464,35.40501989106287
6580.475028235998,16.766249047417915
-6627.218592156672,38.426488642538814
-7526.263400072866,31.72492299534889
-2141.6709829937454,12.789203739932198
-3998.5119501055233,25.725153340464843
4410.782808977691,6.687900598978352
6967.655433326162,18.79185971370501
6262.622007106314,18.117577938721773
-681.7103750806396,20.90306101162109
3044.9667905536216,17.932562693756196
8502.610088148329,18.757994207245872
-4527.320442509567,5.69363914978576
6345.416567830237,12.613632740062826
4848.29045157555,24.09174497286721
6467.361780393214,12.782315118678907
1856.2641752601785,20.180144970495384
8835.966314039775,30.409884059187547
-4242.769060157344,13.272856279921823
8046.624712379018,36.31581069178857
-11594.843885174932,9.518818038309782
-2581.6900646047243,19.70368081017321
-4875.294678339539,16.12384262285483
8273.510522462548,16.64323622189432
5726.642984520504,38.426488642538814
669.9442535763637,17.932562693756196
-951.1665544432263,37.68124385002402
-2307.655055269372,15.578164380055544
-8556.114283671046,16.12384262285483
4620.114341066509,31.83741398327524
1074.5562258575221,18.562253210557493
-3549.3632045445047,8.332942688788997
6482.058732056537,12.782315118678907
-3145.5348722604126,22.82469145311972
-6356.322412660934,11.427424278367262
8210.127320991845,21.56487561270493
9339.79536547354,10.52412367775796
4341.295919409913,11.578951027428012
6600.973575166976,24.09174497286721
-11479.017556682007,20.28222278472817
-1026.7951323826228,38.426488642538814
-10198.335656221007,38.426488642538814
7270.095658363044,11.642586775623563
7549.963035825396,37.68124385002402
8269.76615174175,33.36162869752894
4641.099877960285,17.932562693756196
-2450.1408601503203,21.47494878544683
9980.599810765822,33.36162869752894
6545.809300072029,13.272856279921823
1363.2936899082997,5.69363914978576
-5853.1362061161,12.782315118678907
6555.44073808148,21.44874346620925
7698.971821536616,11.944636704804305
5214.492121574428,3.927831006064245
-572.5288166210612,12.190795575052846
5529.216536943627,9.518818038309782
-3605.7169717547217,21.81703550251781
4183.357169453601,38.426488642538814
7543.4107748492825,30.86665725132705
7945.640029428556,21.61563065615585
-846.9874324890211,16.143774716964504
-1227.5924382721005,13.23318471616647
3694.438094657629,9.518818038309782
2409.5045330487137,18.562253210557493
389.8993143474954,12.613632740062826
-2384.105990093235,11.642586775623563
-3012.924592134829,23.218144734904
1986.8241606312731,20.180144970495384
8952.772040126765,36.10508609312406
6092.2147361743855,26.28135983123264
-5260.967935194383,21.81703550251781
7352.885215137185,15.599548132494943
-12913.29117619225,11.642586775623563
5570.635155281785,20.180144970495384
1546.9511808055183,17.932562693756196
-12929.868266708425,15.578164380055544
5078.881533420351,11.642586775623563
-4991.43713667945,4.885271868806392
-196.45017073179804,3.927831006064245
-606.9201379486491,3.927831006064245
3876.9138789970953,18.79185971370501
-2216.4372113021886,25.447105542939124
-12707.166713050417,4.885271868806392
-4082.9155205444713,21.47494878544683
-9137.833960614827,36.31581069178857
7929.720025538301,16.64323622189432
2543.6593495781194,20.180144970495384
-171.61626985990915,22.092249117524783
7041.077216654713,12.613632740062826
-3050.769054735868,21.47494878544683
1595.1262568972138,15.599548132494943
-4216.989939660432,37.68124385002402
11327.159627236331,38.426488642538814
5703.743372434458,16.12384262285483
7474.796952244301,9.518818038309782
615.2998783663397,13.608850492731817
4440.6376792086285,18.117577938721773
-13856.460451087296,16.143774716964504
-3435.9883305324647,4.38846568617879
1287.8140772627862,18.79185971370501
-5277.041770485168,13.23318471616647
85.98274572951141,13.272856279921823
-2307.163197476531,9.647452638974611
2443.1233095934326,33.36162869752894
-480.8670952904625,16.12384262285483
318.33688102264523,11.642586775623563
5847.989339010926,16.64323622189432
8613.294749970515,10.425683441718604
-5096.478457607804,30.409884059187547
-3197.555228223293,13.23318471616647
4947.6662594767,21.47494878544683
-14019.678363568279,36.31581069178857
-300.1497992413865,17.156511257966585
-11947.210697124301,38.426488642538814
7430.391671877965,18.562253210557493
5341.307866008663,31.72492299534889
9077.511814593881,21.83368081202904
5054.612422590904,30.86665725132705
3921.5630685503966,21.56487561270493
406.90376755536613,19.647957347052547
-5927.942153424781,20.28222278472817
-15101.12626781263,30.409884059187547
7538.964201579323,4.652936998737928
-5192.872061839151,11.942906218623804
8576.652258315464,17.932562693756196
-1691.9704105652534,26.58932955325777
4268.598423388828,15.578164380055544
-806.7293692901103,4.38846568617879
-4404.7726480173,12.571740219945433
857.6645796320418,36.31581069178857
1186.2377886494212,12.571740219945433
-9473.73229814105,18.117577938721773
-2425.07658554112,37.68124385002402
7741.574258353003,25.59892040830825
-3367.260303637405,18.562253210557493
2301.4593596665804,10.425683441718604
10407.61149497932,21.44874346620925
-9403.987247089075,16.64323622189432
-7929.736777423236,4.38846568617879
-1089.979179629995,18.79185971370501
3996.0867052585204,31.72492299534889
11821.627206458492,15.599548132494943
4651.142138766701,38.426488642538814
1265.3575269258254,18.117577938721773
3307.0578745677976,16.143774716964504
558.2912467487395,11.942906218623804
9625.899347312472,30.86665725132705
8454.648315628927,19.647957347052547
11535.742448992507,17.114253331641656
4966.110887720908,20.28222278472817
8550.977835510022,18.79185971370501
8190.903494040925,21.83368081202904
8590.66049985357,18.117577938721773
2794.871383428987,11.642586775623563
4092.3154656525176,4.38846568617879
-4600.958279381461,36.31581069178857
9675.216652147508,33.36162869752894
2111.420936992898,20.90306101162109
6381.89355286621,17.932562693756196
8754.697910123594,12.789203739932198
-816.8231838466463,31.72492299534889
-12496.755511303849,30.420569431073343
-11356.405883578896,30.86665725132705
-3807.496801044644,22.32621505968753
9236.198915338826,30.420569431073343
6201.902895767153,25.59892040830825
1881.7359928400017,4.652936998737928
6861.978599104062,21.56487561270493
-904.5818637468938,22.82469145311972
-8844.709099007343,37.68124385002402
1872.2613637536654,20.90306101162109
2477.1625629649675,4.885271868806392
-4021.3081499459768,15.578164380055544
8760.15653245593,3.927831006064245
-1342.0561579808027,25.447105542939124
10522.542443911683,11.944636704804305
-13338.542824227698,21.61563065615585
6390.907581862039,12.782315118678907
9553.13538248958,25.447105542939124
5604.390096986117,18.562253210557493
-12068.281660963647,21.83368081202904
12504.219915890015,35.40501989106287
11093.821273161999,35.40501989106287
6907.007894334281,8.320220391373894
9461.293007389524,25.25684355246182
9811.32509164078,21.61563065615585
-178.7721855342288,11.942906218623804
-3161.7605277326566,22.82469145311972
8975.817920031748,34.4734454458848
-11915.110944471786,12.782315118678907
5743.275058680789,38.426488642538814
-2140.263551294687,12.190795575052846
-6161.077073077095,36.31581069178857
5432.450183566805,3.927831006064245
-6718.724564333057,19.70368081017321
9352.006865478386,19.647957347052547
2410.4561405543336,31.72492299534889
10316.01761958747,20.28222278472817
-1904.910323534733,16.12384262285483
9179.533309011389,25.447105542939124
-1005.9522152389542,29.32505767081869
-852.9295168117014,17.156511257966585
5680.361572300828,23.14825227454956
7221.802481203018,13.608850492731817
-12409.663249365532,36.31581069178857
-11110.072184758148,36.10508609312406
-4699.836365692713,29.32505767081869
-4977.921648977157,5.69363914978576
-675.2249160153987,21.47494878544683
5691.1790670595265,30.86665725132705
-8608.096588594295,1.132160989646131
7711.373425238431,11.578951027428012
13334.440444244978,23.14825227454956
-3669.407733551905,21.81703550251781
8320.333891510612,12.336111894138924
-5391.960746748894,22.56870007006657
2153.794711659807,27.451018475410937
2399.494713893239,25.725153340464843
9551.871496689717,35.40501989106287
-10595.15390568453,21.61563065615585
-8015.548782227506,36.10508609312406
-6881.863596026187,21.56487561270493
3710.9913698938217,18.757994207245872
7855.4427516907745,23.14825227454956
3310.6711111162076,11.578951027428012
7891.1382797745755,18.117577938721773
-1495.9671079209684,9.647452638974611
-2003.1670221979193,13.608850492731817
4095.81591543422,14.353464935930552
7686.50891104101,16.64323622189432
2501.7101976064646,12.336111894138924
714.8963253559091,11.944636704804305
8958.767928389423,18.79185971370501
5784.4833970018135,36.10508609312406
-1963.6800111861212,18.79185971370501
-13062.841477651025,22.82469145311972
-971.5183208360904,4.652936998737928
1539.373088220238,22.82469145311972
-7383.2485796917235,15.599548132494943
-3901.240531370717,25.25684355246182
3226.84597249399,4.38846568617879
-1911.434328004298,17.932562693756196
3266.983055261903,6.687900598978352
-6065.143480330289,38.426488642538814
-54.45020733430658,30.86665725132705
5264.719519709355,11.578951027428012
10286.654650074286,17.932562693756196
3584.3087614288215,30.420569431073343
-3780.921912408275,16.64323622189432
4541.817720410089,25.59892040830825
545.1198547462536,20.180144970495384
-7921.351999173225,1.132160989646131
-7420.65888851561,8.332942688788997
1243.7382791027758,11.942906218623804
-2504.048717977359,25.725153340464843
-16301.822586930757,36.31581069178857
6817.102312635402,21.47494878544683
8260.178747828522,18.79185971370501
-6198.949647520706,16.766249047417915
-9612.77571425653,15.599548132494943
2274.9881471876392,18.562253210557493
143.12814305159145,20.28222278472817
3908.0128190349105,18.757994207245872
-10221.890832937934,22.092249117524783
7381.444140474015,36.31581069178857
5915.938744802885,13.608850492731817
-7536.889344856718,22.092249117524783
5600.6318179659465,8.795230083567638
-4465.90874694137,17.156511257966585
-5987.892428867817,36.10508609312406
11238.496657201544,13.963866260572992
6577.828035866511,12.190795575052846
5991.976659645374,12.190795575052846
7670.91595042131,9.518818038309782
5311.612349672855,21.81703550251781
-1145.6539216366803,16.12384262285483
-1387.0439439219435,16.12384262285483
6190.168779893651,8.320220391373894
-621.1384691078442,25.447105542939124
4283.3354899504775,37.68124385002402
-2288.947513923915,31.83741398327524
6852.685718982244,36.31581069178857
7902.678461000603,25.59892040830825
-5826.495889191838,30.409884059187547
-5049.566339845991,25.59892040830825
-2817.934647716749,20.90306101162109
9385.279118874707,7.950620098438058
-10750.386285756758,21.47494878544683
8394.238030933206,18.79185971370501
-2585.417007085506,29.32505767081869
-12663.819143922636,31.83741398327524
-5744.804235232406,14.353464935930552
1628.9472676998514,36.10508609312406
-348.4826805267003,30.420569431073343
307.70659944230465,12.190795575052846
-32.336558124090516,24.09174497286721
6382.121470095996,26.58932955325777
10159.586545453547,35.40501989106287
-1814.3884010751165,20.28222278472817
4219.85905903115,15.599548132494943
5860.570197668247,1.132160989646131
5620.041832316334,15.599548132494943
8866.682298886724,26.28135983123264
10006.47502038388,13.272856279921823
-1072.99759896274,30.86665725132705
-5644.311924274298,30.409884059187547
-3803.7330736742247,21.61563065615585
12442.375663719455,33.36162869752894
-813.4544480783707,22.56870007006657
4121.3978684579715,11.942906218623804
3800.949630344205,11.642586775623563
9140.355292256361,21.56487561270493
5277.7892729272935,7.950620098438058
9526.328362946795,12.782315118678907
-13145.632089486728,33.36162869752894
8573.653048764212,21.83368081202904
-10457.011903965793,37.68124385002402
-1857.6505098520838,21.47494878544683
435.00681582964216,30.409884059187547
-2260.4733631603954,23.14825227454956
-9071.58562696333,12.782315118678907
-3506.8235238467228,16.64323622189432
7386.916712922534,21.47494878544683
5782.550037924322,16.12384262285483
7524.56941512696,30.86665725132705
9394.877268757256,30.420569431073343
-3644.460502941544,8.332942688788997
3544.192161561911,22.32621505968753
7294.727275110879,5.69363914978576
1883.621557484317,35.40501989106287
-5395.344087305206,31.83741398327524
-475.81547999873055,5.69363914978576
1427.4083714144142,16.143774716964504
1995.7163832056963,8.320220391373894
-12295.14530731782,4.885271868806392
5988.765344883477,21.47494878544683
-102.1689669115874,20.90306101162109
-13132.489550062255,17.156511257966585
-1005.1231452607396,10.52412367775796
1234.9734440692646,16.12384262285483
6430.575099011587,27.451018475410937
-4957.644482096216,38.426488642538814
8047.67114812808,16.766249047417915
-10388.81371944106,17.05947641370443
1488.620527822759,25.725153340464843
-7545.918959506383,17.05947641370443
11306.01387145907,21.61563065615585
-10587.697144094338,7.950620098438058
6340.13505308731,12.789203739932198
4451.9431815378975,25.447105542939124
6000.205003778403,13.963866260572992
2669.5125703177982,38.426488642538814
7566.906892871282,13.608850492731817
7484.533154942184,10.52412367775796
7714.948510928467,18.117577938721773
-3605.073586429634,30.409884059187547
7169.431353108568,21.83368081202904
722.3644086651952,3.927831006064245
2359.960446356757,12.336111894138924
6041.634867111244,16.766249047417915
-3507.3096189246694,9.647452638974611
661.1762466588314,16.766249047417915
6821.684906812667,26.28135983123264
5746.08541164014,20.28222278472817
-12107.038284248478,25.59892040830825
5202.922456979434,8.332942688788997
-4777.730959585929,21.81703550251781
9578.107434692,22.56870007006657
-9614.963433552033,25.59892040830825
-3465.5972386864687,11.642586775623563
4309.415092581958,12.789203739932198
7154.145915077692,16.766249047417915
6966.216433163222,15.578164380055544
5299.624856410838,12.789203739932198
743.8745126177128,26.302762831609364
-2955.7270160920984,18.562253210557493
6152.53819312725,30.409884059187547
-1274.5472517500398,12.571740219945433
854.1868303063525,30.409884059187547
-3870.062780507741,16.64323622189432
-197.81513235385455,29.32505767081869
3607.563735282104,12.336111894138924
7226.270216381689,22.82469145311972
2331.3440686907943,15.578164380055544
-6945.850265184578,21.61563065615585
11977.981460962328,16.766249047417915
12777.468790121495,26.28135983123264
-6951.605493208335,12.336111894138924
-1343.8078064874985,25.447105542939124
4517.393457036061,13.608850492731817
6148.245947893853,21.83368081202904
11458.006620522825,30.409884059187547
2582.8764250229187,17.05947641370443
-1558.7095762125136,9.518818038309782
5919.515879743441,38.426488642538814
-15111.854840149595,30.420569431073343
165.77296951811604,15.599548132494943
717.0018436897517,17.05947641370443
8293.68042306153,20.90306101162109
9957.108242457638,17.05947641370443
2132.607720010193,8.795230083567638
3265.5495738598656,16.12384262285483
8913.865947435535,5.69363914978576
-6506.053468336233,29.32505767081869
8905.421274263956,31.72492299534889
-4984.043015261843,21.81703550251781
6178.071864676201,1.132160989646131
7199.7654968538745,6.687900598978352
1209.9833939224,3.927831006064245
-273.66442492015403,22.32621505968753
-8922.823902181615,19.647957347052547
-12411.484239052008,21.81703550251781
4641.6907339417485,24.09174497286721
-4146.657812191354,21.83368081202904
8171.81117795347,30.409884059187547
1232.380374160137,11.578951027428012
6079.770962432054,5.69363914978576
-12692.304398042903,15.578164380055544
8789.260577245655,8.795230083567638
-1902.946540823582,22.82469145311972
-852.453560901121,25.725153340464843
5979.581379737025,27.451018475410937
6994.819877960777,11.642586775623563
-7701.636599880437,11.578951027428012
-3812.6417247611425,20.90306101162109
1849.0902661385694,8.795230083567638
3581.0103481487545,16.12384262285483
-10907.729044216585,11.944636704804305
-4620.70563552822,14.353464935930552
-7127.592609531416,36.10508609312406
-5170.362555445815,31.83741398327524
-1485.3816276061252,10.425683441718604
5473.473510226686,3.927831006064245
9058.179241084861,13.23318471616647
7651.2305055727,22.56870007006657
6115.507261336923,34.4734454458848
6143.57556580063,37.68124385002402
-4310.328669429545,12.190795575052846
7275.764876265976,21.81703550251781
6131.71690388501,8.332942688788997
-5500.597532343255,16.143774716964504
7219.0288390532505,12.336111894138924
7099.665854160526,14.353464935930552
7064.125379925574,22.32621505968753
-9829.274918148098,6.687900598978352
9577.454287326884,13.963866260572992
-4454.6371384429385,31.72492299534889
6849.960906011054,25.725153340464843
-7167.932203621066,31.72492299534889
-1174.4426515707828,6.687900598978352
-3900.7115046440763,4.38846568617879
-9258.258447351202,14.353464935930552
6507.161299175476,38.426488642538814
6856.226463433869,38.426488642538814
-997.5129895673222,22.32621505968753
8527.641665755524,17.05947641370443
-10560.214022589133,24.09174497286721
6048.693544099279,18.757994207245872
-376.86317766863976,13.23318471616647
-13328.662782293093,24.09174497286721
7533.202665680015,31.72492299534889
-5086.518450337282,11.944636704804305
1787.2535387101625,7.950620098438058
-14663.757961904112,31.83741398327524
4915.538417547688,12.190795575052846
10299.3218065869,11.427424278367262
3770.3610868033975,4.652936998737928
753.6974808717193,11.427424278367262
-2258.060041803503,19.70368081017321
-892.1034322538912,20.28222278472817
6327.491239254157,31.83741398327524
3933.1885449809124,27.451018475410937
-11734.921671469845,36.10508609312406
12137.458271545282,37.68124385002402
4630.093700825974,36.10508609312406
3627.7756661628837,18.79185971370501
1310.1332756123877,19.647957347052547
4437.499051474649,31.83741398327524
4159.238968927577,21.44874346620925
8887.386823618534,16.766249047417915
11466.1552298042,25.725153340464843
12.165227257770766,12.571740219945433
-2381.615255904174,17.156511257966585
8001.419270255852,4.652936998737928
-11477.941838045,22.092249117524783
227.21160436296168,11.642586775623563
5350.12380259266,21.56487561270493
259.9304318922582,21.56487561270493
-1874.1665695039408,15.578164380055544
1475.5575334666062,7.950620098438058
2325.383996501352,9.518818038309782
3705.375820161378,21.61563065615585
3789.806479668089,18.117577938721773
6267.197112711267,19.70368081017321
-437.9154717762739,6.687900598978352
-7915.046623742,16.12384262285483
-4049.0741398574705,21.56487561270493
7973.894259757116,23.14825227454956
10520.310345484615,5.69363914978576
-9952.361727629628,4.652936998737928
336.0940893886541,34.4734454458848
-9832.059281848124,30.420569431073343
1485.0822053586007,26.58932955325777
10238.818473698955,31.83741398327524
-10966.565357556025,15.578164380055544
2745.657368456953,38.426488642538814
214.63276321799185,29.22739596194833
1193.5159738668667,8.332942688788997
-5349.164123221881,38.426488642538814
5015.5476173402185,36.31581069178857
-11275.567513843396,15.599548132494943
-5756.963701991099,26.302762831609364
-959.264963566731,12.190795575052846
2951.642105431307,35.40501989106287
5180.748792697575,20.180144970495384
-14294.436316773632,15.599548132494943
-9332.574882951416,12.613632740062826
7361.738856114758,4.652936998737928
-11892.150849392267,24.09174497286721
9221.884159714024,30.420569431073343
-2019.188433201903,17.114253331641656
3216.2346459346627,1.132160989646131
-2674.711011811836,5.69363914978576
-2067.0567020313892,21.81703550251781
-9215.64187726717,8.320220391373894
-4124.510093324787,30.409884059187547
-5807.4235246287335,31.83741398327524
591.2677532965313,29.22739596194833
-6830.662061167647,21.83368081202904
1080.2611619299819,25.725153340464843
12469.853132743458,29.22739596194833
-2949.875749088187,16.12384262285483
-3272.7027807288396,11.944636704804303
2222.9804205993923,22.32621505968753
-4015.7833567294615,5.69363914978576
10577.883608338143,29.22739596194833
4184.560312372756,16.12384262285483
500.5184712925102,17.05947641370443
-4043.5141388399747,21.56487561270493
-2743.1572916424384,26.589329553257766
8310.290602392133,20.28222278472817
6016.842398232203,22.32621505968753
-8660.936715736032,22.56870007006657
-10015.325863134323,13.272856279921823
4118.26180217691,7.950620098438058
-3468.2849055709967,17.932562693756196
7179.883511438451,14.353464935930552
-1118.2399194967475,22.092249117524783
-6794.641729486045,13.963866260572992
9105.210354775612,26.58932955325777
5678.67266288401,22.092249117524783
1907.21752850468,26.302762831609364
3998.151596491867,13.272856279921823
772.7449371085524,19.647957347052547
10026.81505880993,34.4734454458848
-584.5999268368794,23.218144734904
7137.716590835697,26.302762831609364
-2358.9724681380517,7.950620098438058
-8711.414701749665,5.69363914978576
-3228.7585602310673,14.353464935930552
-9926.394235703703,17.05947641370443
3815.8036921751554,17.932562693756196
-654.9769525675997,9.647452638974611
-4054.2850772979755,33.36162869752894
6333.25924957506,22.56870007006657
-1748.6940499497136,29.22739596194833
9759.262985812147,13.23318471616647
7483.65586413404,25.59892040830825
-11109.870792120482,30.86665725132705
-4194.195186457959,11.642586775623563
12486.119221710664,26.58932955325777
6112.688949648438,1.132160989646131
-3759.9962519600645,3.927831006064245
4756.025342892201,12.190795575052846
8946.340229281137,37.68124385002402
-5347.919745211104,30.86665725132705
140.20546100555703,12.613632740062826
4021.21616231112,26.28135983123264
-12121.956152078752,33.36162869752894
-1236.9959814070698,18.757994207245872
-3309.6242463149692,23.14825227454956
-5785.155706052355,18.562253210557493
-6182.157664299165,31.83741398327524
-12264.615807183427,17.05947641370443
-14156.500232503628,17.156511257966585
7250.120701117856,11.944636704804305
9889.966055853103,37.68124385002402
638.8186995345732,3.927831006064245
7888.833558131477,17.05947641370443
-3947.892679344514,25.725153340464843
7574.972068708566,30.86665725132705
-5265.07441448455,21.81703550251781
3593.5714302295523,29.22739596194833
-1499.434214119356,17.156511257966585
-11883.476266347423,35.40501989106287
7016.530676972546,18.117577938721773
12968.38647266127,19.647957347052547
752.2879529445986,8.320220391373894
6932.891042404272,8.320220391373894
-6065.917968727756,24.09174497286721
10659.559741434312,11.944636704804305
1310.9173094966663,18.757994207245872
-9405.788169449926,25.725153340464843
9439.360387392833,25.25684355246182
8818.447099398394,34.4734454458848
5442.101785659346,22.56870007006657
8015.981614215856,29.22739596194833
-925.0569984251156,21.44874346620925
7310.8655950575485,18.79185971370501
689.5692239761606,17.114253331641656
2959.1440476737416,7.950620098438058
4472.616913850142,13.272856279921823
14015.643619388073,30.409884059187547
-900.216357255548,8.795230083567638
-8013.326496244685,22.82469145311972
6705.559329415537,21.47494878544683
-2530.2528002543195,22.092249117524783
-12074.452850286623,25.59892040830825
7049.229047779309,31.72492299534889
-537.7772932994149,31.72492299534889
5952.000852667597,12.571740219945433
1753.0888397488725,22.092249117524783
4702.876862508909,6.687900598978352
7802.4701599434,22.092249117524783
11304.507315754618,36.31581069178857
-7904.274278237007,25.725153340464843
-4739.835881320709,36.10508609312406
-2403.901066580293,22.56870007006657
2240.4458014572306,12.789203739932198
-416.83692982074297,11.944636704804305
-108.89739768515392,21.81703550251781
3395.5686421293385,17.114253331641656
-5608.806449312203,21.47494878544683
-3327.002681604613,18.79185971370501
-542.240699912737,35.40501989106287
2500.117713665078,8.795230083567638
1589.222594102694,18.757994207245872
-1516.6422938992541,19.647957347052547
7802.298280814465,9.647452638974611
1392.403401703446,21.83368081202904
1127.8742403641809,5.69363914978576
-686.6570646119872,31.83741398327524
1271.8225400216625,17.932562693756196
6013.094987072426,29.32505767081869
-4464.026875159863,14.353464935930552
7362.132366586683,1.132160989646131
-2020.0999546887315,25.25684355246182
6645.0215251695445,8.795230083567638
7627.19585781235,21.44874346620925
4153.175088188807,24.09174497286721
-1837.3352872648861,19.70368081017321
-226.5044444019586,31.83741398327524
-645.6993258325301,4.652936998737928
4433.745716460097,12.782315118678907
-6477.373638722887,31.72492299534889
7623.648280592928,11.427424278367262
10628.506181362904,16.12384262285483
5189.378956972396,20.180144970495384
-3779.900065287089,22.32621505968753
-11595.411442452832,11.642586775623563
-8148.226421642353,18.757994207245872
2372.7298101292517,18.757994207245872
721.5940071730579,25.725153340464843
-5615.046958848059,31.72492299534889
9019.197755537665,17.156511257966585
-8851.299041104265,18.562253210557493
-3255.0667360486173,4.885271868806392
7820.95476279118,26.28135983123264
-3296.033083588221,13.963866260572992
-482.13439070633797,9.647452638974611
-5454.823890213905,11.642586775623563
-4448.239804823214,24.09174497286721
367.6126340006217,30.86665725132705
8419.221844289474,16.64323622189432
10027.300165904198,14.353464935930552
4974.781483764775,17.05947641370443
3711.030741075394,12.782315118678907
2338.3355484324575,37.68124385002402
-1403.2455949666219,21.47494878544683
-1723.8996771541251,24.09174497286721
7866.96687149488,22.56870007006657
-640.274565802029,17.156511257966585
7764.267759209512,17.156511257966585
-5357.565544114634,16.12384262285483
7002.783020154491,5.69363914978576
-11114.386399680743,13.963866260572992
5565.228494335788,29.32505767081869
-4056.0655601461294,18.562253210557493
-5309.620810136142,24.09174497286721
-7660.82251216787,12.782315118678907
161.7993439479386,8.795230083567638
8999.117061554884,29.32505767081869
-1841.3853165006044,16.12384262285483
2047.6174384533874,16.12384262285483
4281.266231750221,16.766249047417915
-1009.3324405598441,15.599548132494943
8356.03501369566,17.156511257966585
-1933.6898546038956,10.425683441718604
5164.922799979305,8.332942688788997
-6166.420917646072,12.571740219945433
4527.560523219277,13.272856279921823
-15351.587866742664,16.64323622189432
-12957.851962966382,29.22739596194833
1116.2212562967097,36.31581069178857
5824.476996385169,31.72492299534889
-3255.1600381804224,11.942906218623804
-2020.78928309386,6.687900598978352
7808.075337257832,13.23318471616647
6870.630551873193,12.789203739932198
5112.108242845062,12.789203739932198
-3848.742433780799,17.05947641370443
-2290.2869460447496,37.68124385002402
5479.313751562821,18.562253210557493
7376.098260613639,12.336111894138924
4682.587407589233,9.647452638974611
6098.13654913305,16.12384262285483
5276.308396614753,20.180144970495384
-2595.837401243627,15.599548132494943
-11838.569132255543,9.518818038309782
-9901.52418418174,12.782315118678907
2050.848622726924,7.950620098438058
3536.850344252855,11.642586775623563
6170.344081066154,10.425683441718604
-3303.9480069550514,11.427424278367262
-1813.8439537318845,19.70368081017321
-6098.901042232581,18.79185971370501
3689.916151363815,21.56487561270493
-1966.9740305694654,11.427424278367262
5370.05474950796,13.23318471616647
-10040.186051881466,36.31581069178857
8564.925847413171,16.64323622189432
5172.421384007685,23.218144734904
8846.913315731399,5.69363914978576
5113.28527410789,4.652936998737928
4240.671325011893,15.599548132494943
8708.262762647095,12.336111894138924
3078.685263805938,18.79185971370501
8528.195288027677,12.571740219945433
3729.1611357603515,9.518818038309782
3192.001798952873,22.32621505968753
-4196.000374044893,12.782315118678907
-11402.99611890409,12.782315118678907
-5334.978760289657,13.963866260572992
-791.8619018565663,19.647957347052547
4247.619208131329,13.23318471616647
924.7397435879934,7.950620098438058
-6001.022281201401,20.28222278472817
8639.810633158615,8.332942688788997
-2441.593591175476,21.61563065615585
-4341.843264061691,24.09174497286721
3920.235247150057,25.725153340464843
-6323.675460416873,25.59892040830825
6020.573817691344,27.451018475410937
482.7205787253861,10.52412367775796
2796.684842246969,5.69363914978576
8032.22096576078,29.32505767081869
7995.353977801802,12.782315118678907
-6542.877273642589,17.05947641370443
6096.05296848827,11.642586775623563
6225.912593712961,7.950620098438058
-6122.8736977460685,37.68124385002402
-2569.502242439642,24.09174497286721
9333.706896641634,18.562253210557493
-931.3773922266982,6.687900598978352
-7855.506647696346,25.725153340464843
11734.844957595331,29.22739596194833
7617.14976794502,34.4734454458848
-17946.657004156034,25.59892040830825
9215.39468346,4.652936998737928
-7274.756794728496,29.32505767081869
6959.3082186962065,18.757994207245872
-4983.394842770881,27.451018475410937
-7452.890989846363,14.353464935930552
-9184.46759190871,24.09174497286721
6470.493895794283,13.963866260572992
5965.595206506342,16.766249047417915
6179.36792902633,12.613632740062826
1340.8019515725553,25.447105542939124
-39.86650366107051,18.757994207245872
5489.506256943168,17.114253331641656
-375.21992968344557,16.12384262285483
1839.4190222053958,18.117577938721773
1243.7084063043912,11.944636704804305
737.6836204450947,4.38846568617879
-977.27424737233,13.23318471616647
7237.462967306985,22.82469145311972
-2796.3335498675515,1.132160989646131
-13819.998642254659,31.83741398327524
2604.0306852563954,36.10508609312406
-12172.181300219054,15.599548132494943
-4005.0474778692796,36.10508609312406
-2547.88756260394,13.963866260572992
-16263.10289320017,34.4734454458848
2645.315868952145,22.092249117524783
1789.9875104370396,29.22739596194833
4265.066260215985,21.56487561270493
-877.245752284861,1.132160989646131
1070.3539198145072,22.32621505968753
10806.588675901216,25.447105542939124
40.782226464077894,23.218144734904
635.3368348442077,13.23318471616647
-612.0328840340458,11.944636704804305
-14028.95304823375,16.143774716964504
4992.830218136233,1.132160989646131
-2837.8773277053683,22.56870007006657
-14826.168553587928,15.599548132494943
-1023.0716723859214,8.332942688788997
-11604.917401197783,14.353464935930552
2936.0903228004026,12.336111894138924
3689.156957255481,17.05947641370443
2642.07580786026,16.766249047417915
10858.922106830976,17.156511257966585
-8226.303843201324,31.83741398327524
8476.055152640423,19.647957347052547
-14490.291575588399,23.218144734904
11791.898876875483,25.59892040830825
-7089.185267902924,22.56870007006657
633.7731037664935,21.83368081202904
-840.1093651940519,10.425683441718604
-1795.996921592086,1.132160989646131
-10858.787092607061,19.647957347052547
5280.32394933455,26.58932955325777
7340.460653920985,23.14825227454956
-3707.1841169311856,21.81703550251781
-4907.767221365893,38.426488642538814
7273.432720821584,10.425683441718604
-623.4695713598467,10.425683441718604
-6223.664439492485,20.180144970495384
5932.195256715464,38.426488642538814
6774.470792977538,17.114253331641656
-775.128530721924,19.647957347052547
-2953.0427865836664,9.647452638974611
9191.225811706281,22.32621505968753
-15152.514586651954,18.79185971370501
-774.6189311937819,22.56870007006657
9242.73035305418,31.72492299534889
-10741.570954811976,4.38846568617879
-3773.0460761454688,30.420569431073343
622.5368007635429,17.114253331641656
6926.3298034122345,17.114253331641656
7233.116031495851,16.12384262285483
-2828.397593862241,22.56870007006657
4541.819027159005,24.09174497286721
-562.358112113307,18.562253210557493
-3431.163908505567,10.52412367775796
2608.662182753037,31.83741398327524
2100.730890098199,35.40501989106287
7170.393493359907,12.571740219945433
-9290.817814017348,30.409884059187547
595.8315971997658,36.31581069178857
4391.443240713061,13.963866260572992
5254.284721019956,16.64323622189432
-4727.393882593971,30.86665725132705
-13168.58419199096,36.31581069178857
-13406.16232845507,19.70368081017321
7340.8244276832775,31.72492299534889
-13945.740461814614,37.68124385002402
7221.8635594296675,3.927831006064245
3432.9504498491697,12.782315118678907
5297.2579122487,4.885271868806392
-3897.460384162247,20.180144970495384
-142.9895680150421,8.320220391373894
-5522.3047379765585,12.789203739932198
6425.626984452597,1.132160989646131
7523.433067539681,21.61563065615585
4189.215806997198,8.332942688788997
7388.0537559810655,20.28222278472817
5772.438928967277,37.68124385002402
-8685.333580641687,4.652936998737928
5122.524380111155,34.4734454458848
-4950.28838914527,13.272856279921823
-9588.534547842282,9.647452638974611
6495.695296566844,3.927831006064245
704.0528702944175,20.180144970495384
-1375.1550999831106,3.927831006064245
2768.283324881674,35.40501989106287
-2606.912017288304,12.613632740062826
-2868.974608762317,13.963866260572992
10882.744591316365,29.22739596194833
-1322.4886450946497,21.83368081202904
-8810.321574590784,34.4734454458848
732.9299744347718,3.927831006064245
11387.775018608332,36.10508609312406
6573.533884832628,21.83368081202904
-9115.200974244244,8.332942688788997
9958.79351325292,25.447105542939124
-15150.449301122397,17.932562693756196
-2657.5799253160317,5.69363914978576
-8413.97043864808,4.38846568617879
2519.5253275161995,22.56870007006657
-5449.481450701933,6.687900598978352
-10934.956633214637,22.82469145311972
6834.385745942738,37.68124385002402
-394.99272063228545,11.578951027428012
11116.674409243251,30.409884059187547
4048.6941669183866,29.32505767081869
-11512.814754587884,15.578164380055544
27.001184173792353,16.12384262285483
-4368.307990126104,21.61563065615585
-1403.0562110783076,16.143774716964504
-15123.82553536522,21.56487561270493
-4778.3363060119445,16.766249047417915
-6247.300085335681,11.944636704804305
9210.813907788335,20.28222278472817
-1358.2967515947407,11.944636704804305
-1218.902367500279,34.4734454458848
11601.154279238564,29.32505767081869
-2186.7530627498395,17.932562693756196
-6353.190380242459,37.68124385002402
7826.004091364797,18.117577938721773
9969.377578044165,33.36162869752894
7394.245242058252,4.652936998737928
-1022.5487222898744,1.132160989646131
1905.4587223507835,31.83741398327524
3273.344886811908,33.36162869752894
-1334.2587776632176,19.647957347052547
-1937.7354077487919,4.38846568617879
6715.662981096189,3.927831006064245
-335.3705630168597,18.757994207245872
4192.414308928882,36.10508609312406
2634.8748484617527,6.687900598978352
760.57426773199,1.132160989646131
-11936.50749592502,25.725153340464843
455.75206126589364,21.56487561270493
7095.831486843138,3.927831006064245
-911.7305072577597,15.578164380055544
-5013.1842106206,24.09174497286721
8181.870970765505,27.451018475410937
2505.6713893728947,20.180144970495384
-3608.923859552421,6.687900598978352
1249.8909508307916,12.613632740062826
-10142.889397762241,18.117577938721773
-5513.553203686183,21.81703550251781
-1682.4416719094625,12.613632740062826
4867.787431179546,11.642586775623563
5231.584280413967,12.613632740062826
9833.615958106519,18.117577938721773
3821.485917848632,27.451018475410937
4667.417181020349,16.766249047417915
-1676.711210179025,22.56870007006657
2172.120815055312,34.4734454458848
-8567.881612663397,21.47494878544683
1187.9881386914012,1.132160989646131
-3599.647043807167,22.82469145311972
11286.504398761577,16.12384262285483
-5842.996807111845,1.132160989646131
-7561.124708510803,18.117577938721773
6786.460167764624,12.190795575052846
8646.515109689974,18.757994207245872
-4080.5974938503573,7.950620098438058
642.5131392425174,12.613632740062826
9398.599402167234,21.61563065615585
-9473.983257862017,13.23318471616647
-10365.805386612356,15.578164380055544
-7276.719978587839,8.332942688788997
-1095.0562887376918,38.426488642538814
3314.5226294410054,13.608850492731817
7980.191416870326,37.68124385002402
-11516.36801074025,36.10508609312406
6004.139248923557,15.599548132494943
9001.16549347163,16.766249047417915
-12932.274365383411,10.425683441718604
-10983.209630015781,26.58932955325777
-4861.636856172536,21.47494878544683
6590.237236623892,22.092249117524783
5441.283109651129,33.36162869752894
-2251.7694347693573,8.332942688788997
-4133.7458523030255,30.409884059187547
-7963.653176648506,18.562253210557493
5902.0524458650125,15.599548132494943
-4751.760404202687,18.117577938721773
-1203.5562946047262,16.766249047417915
5181.301346407763,17.932562693756196
8013.123673217076,26.58932955325777
5944.912746731033,17.114253331641656
3434.123485361304,12.571740219945433
3492.6831876107917,12.782315118678907
7787.432047072586,35.40501989106287
6325.115803930386,16.766249047417915
4102.536419448961,30.420569431073343
-11690.626738531875,18.79185971370501
6142.583507921821,9.647452638974611
2146.57476577695,9.647452638974611
-12271.173517127745,24.09174497286721
-3233.3812048715645,31.83741398327524
-2597.3061002360955,20.180144970495384
7461.96522461275,4.885271868806392
-12098.710021037896,4.652936998737928
916.1642161104472,26.58932955325777
-13702.88746488687,21.61563065615585
6972.315655900353,4.885271868806392
8469.608540234942,17.114253331641656
-6833.366982269964,16.766249047417915
10440.669031527485,22.092249117524783
8923.239444670853,15.578164380055544
-11321.849133453874,31.72492299534889
-9623.29294579098,18.757994207245872
-10786.856790099682,36.31581069178857
-1681.2260112028525,9.518818038309782
11499.432217072255,21.56487561270493
-10125.597364991992,21.81703550251781
-5179.980030911021,21.83368081202904
2522.6692762644416,26.302762831609364
4501.675328440291,21.44874346620925
7678.905642376867,33.36162869752894
-5574.833660245193,21.47494878544683
5656.574039022837,33.36162869752894
-5661.7835811346085,37.68124385002402
-2815.9900453192377,12.782315118678907
-1553.4435751437777,23.218144734904
-5938.374602457176,29.32505767081869
2775.520296999727,4.885271868806392
-7453.592837224445,36.10508609312406
-6722.839484612074,25.725153340464843
-12857.571052961486,13.272856279921823
3039.3385636731737,31.83741398327524
-1522.882974285525,12.613632740062826
-172.6919169038256,11.427424278367262
11737.515372350448,31.72492299534889
-4212.198438403302,30.409884059187547
10307.796397607543,31.83741398327524
6416.50682450036,29.22739596194833
8330.508419576481,22.82469145311972
-3860.7270186398464,10.425683441718604
11380.485313127778,30.86665725132705
6055.038238729996,13.272856279921823
-1695.4922342172654,25.59892040830825
7777.398652676004,17.932562693756196
-5200.737220385468,18.117577938721773
-594.7778811696535,31.83741398327524
-3370.8980857299166,18.562253210557493
-11201.8043787812,21.81703550251781
8896.115118896985,33.36162869752894
742.7549370305659,21.47494878544683
9032.87327255639,6.687900598978352
-11805.708184167488,12.571740219945433
9622.286236744325,25.725153340464843
-2475.091897237756,31.83741398327524
5224.4461243974665,12.571740219945433
-888.1756276693027,17.932562693756196
-12103.371799254897,36.31581069178857
15862.78397066555,30.86665725132705
7684.012276238751,26.302762831609364
-13148.297228685624,16.64323622189432
3473.979148968749,10.425683441718604
-2879.565725940875,4.885271868806392
-648.6351177779769,9.518818038309782
-158.3370727405195,26.302762831609364
-9306.671497250858,17.932562693756196
11499.283153905091,25.725153340464843
7955.194698788987,25.725153340464843
108.0776268294976,25.59892040830825
5653.10639471922,23.218144734904
1083.4544926450712,22.82469145311972
-1509.8544974052497,13.23318471616647
61.58994079953783,3.927831006064245
4978.5698208150725,31.83741398327524
-1970.359389090222,5.69363914978576
683.4917333349347,6.687900598978352
2488.1952487790604,10.52412367775796
8903.279658117825,26.58932955325777
-9462.362789010882,23.14825227454956
-7144.949103898985,37.68124385002402
-3526.7221269455745,26.58932955325777
8103.213263746653,29.22739596194833
-5335.760451187863,37.68124385002402
5348.008511299191,36.10508609312406
11959.309226990134,35.40501989106287
1337.2817299219982,4.38846568617879
-728.1912831230188,35.40501989106287
-5945.338355080804,11.642586775623563
5499.6312685246085,13.608850492731817
738.9104597966966,31.83741398327524
-3057.4975816046845,34.4734454458848
9735.45704326352,20.90306101162109
9898.69163965173,37.68124385002402
4923.684696729678,29.32505767081869
5391.864100866058,11.942906218623804
-7360.779481978379,30.409884059187547
5523.306193846651,27.451018475410937
-3263.4281894232463,16.766249047417915
4325.196678807513,21.83368081202904
6628.875240229444,16.12384262285483
-2881.460946653279,18.117577938721773
10167.69458116508,34.4734454458848
4889.021587087664,18.757994207245872
10807.436621106157,25.25684355246182
-7238.035506159804,26.58932955325777
-4390.524601593667,14.353464935930552
-2607.448618739636,36.10508609312406
309.14651213739353,14.353464935930552
9246.269325963443,18.562253210557493
7693.556245239588,29.22739596194833
2542.383473051529,11.942906218623804
1685.8441075324233,36.10508609312406
-3813.5290591058438,20.180144970495384
-1329.386085490146,13.963866260572992
-2265.390360841447,15.599548132494943
-271.3198522878331,20.90306101162109
4505.376634109451,30.420569431073343
-1815.9382141677343,9.518818038309782
-11467.855544369984,11.944636704804305
6581.315174987023,4.885271868806392
-6139.179209297881,4.38846568617879
7366.764498790574,11.944636704804305
-5400.78223405071,17.156511257966585
-2036.0728191869648,12.190795575052846
6485.496305972712,30.420569431073343
8181.3313467744065,20.180144970495384
-12994.81033499698,25.59892040830825
-2107.038972817252,12.789203739932198
-2184.512675486675,13.608850492731817
5995.224308725104,18.562253210557493
-10187.077476638427,21.47494878544683
