sal_8_lc1vs0_iate,emplx1_1
11167.868259257046,1.0
12771.957345204471,1.0
11841.187714049378,3.0
1617.968606159733,1.0
15376.371816342333,1.0
5270.188628254141,1.0
7810.821964283548,1.0
11454.249122621677,1.0
5223.773363349358,1.0
6858.561316999911,1.0
-9663.407087839396,1.0
13103.389880014718,1.0
12097.438624185725,1.0
9239.958723800344,1.0
13179.650120999831,1.0
15951.153664678173,1.0
7427.495471244962,1.0
-4119.966476765889,1.0
3457.031927894268,1.0
149.75301320187828,1.0
-7275.184140058531,1.0
9168.374599985378,1.0
-6527.476172219996,1.0
16253.06630444137,1.0
16422.098656896098,1.0
15321.748210100406,1.0
-3628.3790012153804,1.0
-7685.33914703547,1.0
8542.158590066798,1.0
-7065.184392669891,1.0
13417.309769282518,1.0
12998.666689159663,1.0
2568.7150861865366,1.0
12279.068538371455,1.0
10663.407638331797,2.0
1095.6619204992649,1.0
12067.220113124811,1.0
10386.527880966234,1.0
-8197.01825143729,1.0
9743.291037672116,1.0
14279.19116152325,1.0
14794.790952362648,1.0
10036.081758972612,1.0
8987.524484473266,1.0
7326.728430899922,1.0
11604.632379663148,1.0
7237.069809009081,1.0
13521.910460926332,1.0
9899.389649886894,1.0
14346.91029943711,1.0
9607.420887526034,1.0
3960.7541193922407,1.0
-1098.8198283710453,1.0
15695.805463145483,1.0
-10103.924075965262,1.0
4873.903170252894,1.0
-10119.550203775365,1.0
9930.176085039036,1.0
12117.303287205885,1.0
14307.525232743563,3.0
-849.3356609478012,1.0
5920.908264161411,1.0
16037.714572977082,1.0
13084.792813569362,1.0
-3639.5539772658262,1.0
9855.060227088901,1.0
549.9976655498417,1.0
4726.265182714535,1.0
7877.773261743288,1.0
12524.709497428434,2.0
-8867.378615785194,1.0
-7506.689442051908,1.0
12763.370004946453,1.0
1619.2753376311625,1.0
16952.586810947876,1.0
12985.979106122411,1.0
12139.683843232853,1.0
3837.237699619423,1.0
4353.628110462144,1.0
-9290.58064887695,1.0
12831.288885232156,1.0
13583.732123190504,1.0
7672.509246332883,1.0
11537.930439930818,1.0
8362.743088578783,1.0
9711.303802441362,1.0
10845.005053034678,1.0
2223.4597978211614,1.0
-7659.024642038418,1.0
7128.8727086562285,1.0
-6177.261267735563,1.0
2460.750005272962,1.0
14837.793943726854,1.0
10900.626064283631,1.0
10242.312911182507,1.0
-13867.61397649689,1.0
10449.270811530761,1.0
-4391.145172541228,1.0
6673.694642479495,1.0
5673.9221085431545,1.0
7422.990399709222,1.0
14667.475859258248,1.0
4260.229912227757,2.0
11046.846845822121,1.0
4791.924340922253,1.0
12856.471075525775,1.0
-7114.332520317785,1.0
11741.83469197449,1.0
-3119.6094749634603,1.0
593.8974318770306,1.0
-4595.217101075695,1.0
3435.4916708516885,1.0
-2049.11310328492,1.0
-5906.212465413824,1.0
-1356.5836848097879,1.0
7336.410478598748,1.0
5587.694614556962,1.0
14094.563459363051,1.0
8104.70017772447,1.0
14575.299061197293,1.0
10185.705307368611,3.0
9923.596533601993,1.0
-8782.899481326223,1.0
-4325.231420049802,1.0
-8654.164955134473,1.0
8065.370206955173,1.0
-1427.5687038590304,1.0
12844.42968846703,1.0
11350.731881801208,1.0
8729.534494898195,1.0
5282.089207295203,1.0
-4442.644260204349,1.0
12433.054950437607,1.0
10421.137339640607,1.0
9960.430538200624,1.0
13284.649472183879,1.0
11546.43001320228,1.0
-4703.720901432263,1.0
9707.572709917242,1.0
3226.5888974507934,1.0
12025.131736449728,1.0
12202.326491154712,2.0
-7018.512868180425,1.0
8551.34070849262,1.0
10957.824660883196,1.0
9516.564192534079,1.0
-6488.933749894183,2.0
-9986.865752002355,1.0
-5749.706919058152,1.0
8247.90070913826,1.0
-3688.9606317434536,1.0
-2940.215648967772,1.0
4769.136620838929,1.0
8045.335866290989,1.0
-594.0959689374358,1.0
11045.410447200034,1.0
11414.206527203965,1.0
13601.044130271095,1.0
3197.019267559414,1.0
9211.498830425742,3.0
15229.525127637142,1.0
10344.825535744465,1.0
9097.148064625791,1.0
1273.5076695464586,1.0
7804.071290637474,1.0
14173.91962552975,1.0
7875.2201437963795,1.0
-9701.57616028957,1.0
13086.554359029333,1.0
8851.14676504765,1.0
15204.627993703765,2.0
5658.923837875872,1.0
15759.848461156082,1.0
12927.019404676892,1.0
10189.13450917025,1.0
8522.551407044433,1.0
-2634.856449695429,1.0
11549.217355514033,1.0
4819.152901777215,1.0
9283.308122543902,2.0
13996.392766927991,1.0
-2503.2197387483093,1.0
12223.453738120941,1.0
11216.74241141875,1.0
7313.239263975229,1.0
3631.991341340452,1.0
11976.332400224292,1.0
12088.619792477382,1.0
15497.161878560391,1.0
-3049.2448910049497,1.0
722.4218696006083,2.0
7794.387402353017,1.0
1561.7424894767523,1.0
4520.369864227847,1.0
12059.67891715074,1.0
15964.01522147964,1.0
-2166.308723415974,1.0
6194.4041440930505,3.0
16887.11945364291,3.0
7754.4902354853075,1.0
2013.6575770924453,1.0
7601.212240631117,1.0
-11326.192459188042,1.0
8563.919561000714,1.0
2419.9221857553994,1.0
-7872.149045564388,1.0
1971.2510318561326,1.0
2844.757471251287,1.0
13082.06532483796,1.0
-9227.724936566978,1.0
696.9874900008817,1.0
-2546.6015502030596,1.0
-8878.122559742851,1.0
9620.695550031947,1.0
16849.84264903405,1.0
12089.493210963783,1.0
13043.598631060984,1.0
11242.521395551878,1.0
16622.684151780824,1.0
5790.359743694289,1.0
9876.351715268207,1.0
11131.582618492881,3.0
10706.153723801463,1.0
-7077.034067584252,1.0
7809.140362500155,1.0
-13303.867871093673,1.0
-7548.373962584737,1.0
-5116.207110627948,1.0
8979.84019073832,1.0
10514.310634541278,1.0
3548.569186148839,1.0
5475.925773670423,1.0
15241.97403203178,1.0
8299.454486206225,1.0
9216.129707473825,1.0
13972.032989400592,1.0
15383.512543312689,1.0
14570.832154976433,1.0
-3796.039515473015,1.0
4826.727229838749,1.0
5387.337991267308,1.0
6157.397567286187,1.0
11427.727262022046,1.0
14209.535342194918,1.0
12801.9350206544,1.0
2866.2167290773573,1.0
-2767.2097982936402,1.0
16318.78644244302,1.0
-8077.681598420842,1.0
11233.058130398898,1.0
5044.598154564816,1.0
6558.3318931624035,1.0
14571.168674000844,1.0
15870.785335710094,1.0
3550.975675709905,1.0
1905.6826001721756,1.0
-7657.970113242925,1.0
13315.399984716143,2.0
6024.308093296446,1.0
-533.986853810331,1.0
-12882.27486438002,1.0
-506.21422033976705,1.0
-10433.114379962219,1.0
10247.760195243482,1.0
6072.701347280881,1.0
10922.71471672734,1.0
12047.166089315884,1.0
13798.514795623902,1.0
10842.397954611093,1.0
5690.696118728794,1.0
5590.443977908719,1.0
11337.650459474797,1.0
12927.815068894042,1.0
10565.716350723233,1.0
-2701.462843362995,1.0
-5117.621045908502,1.0
14169.817228634438,1.0
-790.1498889038323,1.0
13042.2397552045,1.0
6841.243556768519,1.0
4955.774154423544,1.0
-7467.276569165085,1.0
8324.328425253505,1.0
-9755.907867524984,1.0
15452.221802116357,1.0
12066.506753040661,1.0
1203.2868326728649,3.0
2209.9245037236615,1.0
14578.97861556051,2.0
14303.804897979646,1.0
14273.728429702325,1.0
-1619.471379421557,1.0
14329.858238680536,1.0
7494.861772635719,1.0
-1477.1432592791987,1.0
-6280.750778287864,1.0
12566.90230520938,1.0
13382.631637794795,2.0
13386.089748300416,1.0
9056.229499271229,1.0
-10085.323577714764,1.0
4684.87357830408,1.0
-2938.86088380032,1.0
14991.82554988716,1.0
13402.65541314368,1.0
2551.6952123770575,1.0
-2921.6150817988328,1.0
18053.558112313225,1.0
8417.816019454523,1.0
14364.680783577907,1.0
6157.016797009634,1.0
9547.729186802148,1.0
1367.9852037696583,1.0
6682.083020712153,1.0
9478.509829451505,1.0
2579.1227563038155,1.0
1936.7121376470313,2.0
14111.225072342611,1.0
12862.480507647306,1.0
8187.431667511721,1.0
10413.007559310401,1.0
9359.12258688546,1.0
6516.622609737637,1.0
11588.380342224185,1.0
5963.978984740032,1.0
-3850.574605315434,1.0
7059.58331463552,1.0
1939.3031386923467,1.0
-2851.482776043966,1.0
10188.532099800243,3.0
10927.994465666889,1.0
-2592.715711447745,2.0
4124.181180911872,1.0
-3259.0935854835025,1.0
4046.8726228146425,1.0
1682.0629294016426,1.0
-403.02737031506575,1.0
14889.353642026252,1.0
10812.469015693227,1.0
1315.8747851865337,1.0
1599.0687508454255,1.0
-4735.6541423573135,1.0
1700.2917073774051,1.0
13912.536512320043,1.0
14665.031956497223,3.0
9580.411112255279,1.0
-3320.9354435350265,2.0
14604.554616883393,1.0
690.2836532132602,1.0
8060.003288278317,1.0
12266.32626076845,1.0
11082.791689081034,1.0
13382.491223981222,1.0
10002.151536304606,1.0
3964.1178417733636,1.0
4415.101305389455,1.0
-1786.3469921518292,1.0
-9475.99883526101,3.0
11577.675371722644,1.0
6743.763199829952,1.0
6037.419144495409,1.0
726.8555814450501,1.0
13986.012407405822,3.0
8904.438892640002,1.0
11998.91622515764,1.0
9674.502045109934,1.0
-6334.521169956206,1.0
15030.20767530155,1.0
14359.154765764086,1.0
9177.524135026417,1.0
2951.5609415714653,1.0
2671.2785379963707,1.0
61.10108758348724,1.0
11079.374728935785,3.0
4943.953320202036,1.0
-4968.39566490957,1.0
6392.745903865976,1.0
13494.469186555769,1.0
5431.6207156569,2.0
9009.003032296243,1.0
8693.138161416673,1.0
6674.837220503975,1.0
11884.202008135175,1.0
11803.767521051537,1.0
447.7502642378189,1.0
344.4511985914878,1.0
7130.8257593288,1.0
11755.632778768231,1.0
14770.259184427166,3.0
-10308.614938869929,1.0
4895.899580990768,1.0
11918.016046230408,1.0
-9093.154259056426,1.0
-5324.760162703241,1.0
12985.859879821019,1.0
-8422.262426136715,2.0
12830.692106849254,1.0
10318.998510885798,1.0
-4799.4251205906685,1.0
4829.767986999361,1.0
14673.25792490306,1.0
11727.76782866862,1.0
6607.756421419375,1.0
11234.96781827176,1.0
13239.463083561526,1.0
4208.858390909119,1.0
12860.875433411065,1.0
12445.190390533622,1.0
9737.948797696175,1.0
10071.865134189462,2.0
-7724.231327899553,1.0
-7994.708870224574,1.0
5000.036019579835,1.0
14284.978735859362,1.0
-2169.5145001854685,1.0
6110.600616475755,2.0
2106.6933691408067,1.0
7568.556518467561,3.0
9173.353907350349,1.0
12478.466475628262,1.0
8069.886931566054,2.0
10854.932979624564,1.0
4085.8239350630765,1.0
11348.05091372486,1.0
13019.366749169627,1.0
2733.191952843714,1.0
13524.58871783756,1.0
13221.641045191976,1.0
11498.449203234453,1.0
8831.58648224851,1.0
6919.857105206551,1.0
10478.11567058661,1.0
-8414.233225531583,1.0
10570.070097457652,1.0
-2317.8960241614222,1.0
13718.413370249218,1.0
14602.18589314553,1.0
-7442.58628304728,1.0
-3836.5938875109064,1.0
-4182.3642440867025,1.0
13736.674140073468,1.0
14511.502540205134,1.0
15921.591716878509,1.0
-2079.7219943688024,1.0
13751.13631065943,3.0
9470.937705317021,1.0
11971.859139946115,1.0
8085.970181512436,1.0
9458.431721256573,1.0
8693.812918995547,1.0
10601.98907850547,1.0
10717.252912176624,1.0
12716.081785188124,1.0
11903.71718264695,2.0
5559.340550029936,1.0
10705.760054859067,1.0
-6646.088323715154,2.0
11750.015264211657,1.0
-10325.379292828977,1.0
-10879.302462703574,1.0
1479.5919587875296,1.0
839.5026140774389,1.0
9358.904686538233,1.0
17144.449616396614,1.0
10998.222324611688,1.0
9026.987418921844,2.0
8646.527889990286,1.0
1430.6214865024576,1.0
8216.993931150857,1.0
-320.3288650951272,1.0
-1603.8990227773834,1.0
10417.386252632168,1.0
10491.501731281794,1.0
14572.831809942178,1.0
-629.3772517185846,1.0
3182.7919213786136,1.0
-2328.349911930849,1.0
13854.73018480491,1.0
9830.525802211596,1.0
12658.058723878166,1.0
12896.932350430849,1.0
298.46325838374105,1.0
11375.414291881993,1.0
7745.025667688107,1.0
6236.191447210482,1.0
-6057.94297949446,1.0
1531.674576497237,1.0
16688.782949770706,1.0
12457.59641275091,1.0
-1897.2865901188984,1.0
14015.39454052411,1.0
11571.447956383468,1.0
14651.05187764505,1.0
12230.093065868352,3.0
10818.416002283642,1.0
11675.178849866956,1.0
5689.637719857402,2.0
11406.781715452582,1.0
12630.176262562876,3.0
-3969.6671080987903,1.0
10613.333400093283,1.0
9444.183103173957,1.0
10713.521132958183,1.0
1936.0846959564942,2.0
8525.041299100814,2.0
4036.913257531466,1.0
13299.817242172656,2.0
9044.330747134372,1.0
11769.812723757857,1.0
-10495.113901832985,1.0
-4303.817085554021,1.0
7864.741949400135,2.0
12129.828027750358,1.0
13626.462355033858,1.0
9173.143863690011,1.0
13459.169351921817,1.0
4785.05466697426,1.0
2518.1250105390864,1.0
15397.385597569068,1.0
-4112.600558446645,1.0
-11879.429307533479,1.0
-1297.952118819664,1.0
10310.309990246256,1.0
11979.655945300365,1.0
794.629147462631,1.0
1323.8427542630561,1.0
-2277.3749303856553,3.0
7600.865690681695,1.0
3368.8210001619295,1.0
-5601.998046354709,1.0
-3711.4804013072912,1.0
6817.498365131683,3.0
9651.899898209991,1.0
12866.950236996063,1.0
15767.742081347924,1.0
8241.82402125294,2.0
9294.26356899846,1.0
-1468.0768058751037,1.0
-10997.723820333893,1.0
-8411.710691234452,1.0
3706.9371769083577,1.0
9510.190690766081,1.0
10120.293655965754,2.0
1701.2955090250216,1.0
6910.54961419833,1.0
487.91147130467016,1.0
-1570.6558480427625,3.0
14001.503300914374,1.0
5783.951170525043,1.0
819.4509216726224,1.0
14937.971456046056,1.0
2164.21838725035,1.0
13045.179145975439,1.0
6721.589587435363,1.0
11421.41308426464,1.0
-10729.9235036499,2.0
-6787.336216708425,1.0
3875.6454533377164,1.0
-4094.6027944426583,1.0
8796.49529428102,2.0
13527.298607683038,1.0
11911.512597757332,1.0
-7736.620253489935,1.0
2623.696358984984,1.0
-9481.936021696183,1.0
8807.047194032686,1.0
8209.796842516982,1.0
2819.5252569348127,1.0
-2612.997436045988,1.0
6158.186424988435,1.0
10425.707137932768,1.0
153.40751958671262,1.0
5725.726593939852,1.0
-5502.20680328552,2.0
-380.23706925922124,1.0
-2473.2578409019097,1.0
6680.296538171628,2.0
2011.2339156140304,1.0
10278.018708226064,1.0
-7283.674578449042,1.0
1308.2914287335366,1.0
10676.406307123687,1.0
8811.003799216265,1.0
11628.981855130423,1.0
-4195.408419419398,1.0
-6372.712355015192,1.0
1478.416775245655,1.0
11132.909453569227,1.0
7007.921099181275,1.0
14159.737119976198,3.0
9303.767868408371,1.0
8817.058916619368,2.0
-10428.029700378262,1.0
12370.957391825383,1.0
2533.097265065264,1.0
10484.70596003279,1.0
4311.25504975762,3.0
-2199.9540063972463,1.0
4709.3918766078705,1.0
6498.361699309581,1.0
8912.199391507345,1.0
11460.34905403604,1.0
-594.050349269914,1.0
13179.122929620444,1.0
3939.170521324594,1.0
-176.25872258756272,2.0
14579.699444576094,1.0
12059.162811691853,1.0
8705.063192996367,1.0
-3613.351846307935,1.0
-140.95911733085558,1.0
-1251.9581685912435,1.0
9790.96086091934,1.0
-10337.4214582956,1.0
7517.573197108186,1.0
4935.327520471865,1.0
16499.82768492246,1.0
10843.325101891574,1.0
-3884.2894364509666,1.0
14442.514001109615,1.0
62.488990043857484,1.0
11791.54053653734,1.0
1642.5747311506898,1.0
10962.312520489975,1.0
7909.99484962305,1.0
-9968.637793124482,1.0
-8874.082715629202,1.0
4263.895707666467,1.0
107.06799275222251,1.0
13615.187137999716,1.0
2838.369206522466,1.0
14700.793917043407,1.0
11241.999823374364,2.0
13954.673754912727,1.0
-7304.828299653082,1.0
14415.247175100469,1.0
5322.821629317963,1.0
-4472.798145970941,1.0
4023.5245643694343,1.0
13648.492100897794,1.0
10133.870660684308,1.0
-1688.367786408742,1.0
-1254.238818407466,1.0
11926.542761320177,2.0
-722.9917967345273,1.0
3439.9136004265056,1.0
1249.2710909871575,2.0
10426.502975712234,1.0
12838.691249397294,1.0
8826.759405480529,1.0
7173.344589966309,1.0
15221.881384238852,1.0
-10426.623865823112,1.0
13515.957101981976,1.0
9960.42440807071,1.0
15800.704954270917,1.0
-9999.599136677072,1.0
-5487.662828709672,1.0
-7954.308911221349,2.0
-4400.6133611577125,1.0
9405.70223040779,1.0
9020.516814983519,1.0
14647.594308270458,1.0
7823.676025449482,1.0
8614.76547053838,1.0
-8381.111705135698,1.0
13711.79523813523,2.0
10691.84798574512,1.0
9099.1813373777,1.0
6863.353320276107,1.0
10579.189179226569,1.0
7318.205481313946,1.0
8819.941849033294,1.0
8131.944256257662,1.0
12368.466118399905,2.0
11942.849774128932,1.0
-714.0033494357813,1.0
9138.031730262534,1.0
3391.021868656314,1.0
7098.93331921874,1.0
15143.240725942102,1.0
1206.6175069619985,1.0
5257.433212018321,1.0
10216.839397834236,1.0
11146.729827883712,1.0
10540.549676901432,2.0
1294.9626697041836,1.0
11757.939035221747,1.0
7996.7181534091515,1.0
-1512.0340608309052,1.0
12462.02374410896,1.0
13382.854558318835,1.0
14870.144900956457,2.0
12715.564147399862,1.0
11370.469334014204,1.0
6933.185315709912,1.0
7274.876205793969,1.0
13455.146591806535,1.0
8272.956204530832,1.0
1950.2438528077928,1.0
7164.33734763782,1.0
14018.47729233295,1.0
11225.286779531241,1.0
6366.282859178865,1.0
10004.672969940822,1.0
10646.42827370888,1.0
10345.349904576398,1.0
-2419.338165694444,1.0
-11473.370353376515,1.0
-3799.5348998964682,1.0
-1953.620571105229,1.0
-2212.2973200104148,1.0
7523.4948612064845,1.0
-2830.79780515108,1.0
-1130.1489435113042,1.0
6956.090274580969,1.0
-8063.797415212517,1.0
12960.119570649089,1.0
-7183.6759892471655,1.0
-8770.367950224478,1.0
7396.2912169038145,1.0
9194.359612802233,2.0
11988.851082349573,1.0
16071.653089186804,1.0
11395.086384508711,1.0
11942.184811620009,1.0
11580.445123271247,3.0
-1540.6760656531887,1.0
6589.705198087658,1.0
12971.992430089042,3.0
-2959.6094907205734,1.0
15083.730169630608,1.0
9930.786421412075,1.0
-7398.448174410454,1.0
4107.651837429701,1.0
9073.19270787875,1.0
7608.625718436026,1.0
6005.028104133276,2.0
489.8953753492842,1.0
7923.219317760037,1.0
4413.949789021166,1.0
-11257.594468438716,1.0
-2087.6131141848423,1.0
11559.356449195517,1.0
11514.477907826466,1.0
11686.029285134604,1.0
-1493.746521522999,1.0
2779.066633588629,1.0
8508.53374149236,1.0
9324.755161545758,1.0
10074.048229188666,1.0
-9177.472486576542,1.0
11540.259591173344,1.0
14408.117888274199,1.0
56.02883994112935,1.0
11721.861187331857,2.0
-7671.915461211371,1.0
13335.732621568855,1.0
149.97567581960175,1.0
10544.26197765522,1.0
12926.921870215157,1.0
8806.845065702357,1.0
13307.063023207356,1.0
-2275.61287501265,1.0
-555.3231208649769,1.0
11386.26891508613,1.0
14410.624856571058,1.0
15273.974979011728,1.0
6957.359352800702,1.0
13869.508946273152,1.0
-7854.144095683727,1.0
-1341.2334990991717,1.0
3476.0617358126547,1.0
10766.172325407597,1.0
4297.725736118908,1.0
5195.3352889590105,1.0
2321.447278384386,1.0
12851.401088526312,1.0
8408.391127142653,1.0
11225.221002326165,1.0
-2573.5692612102994,1.0
-8127.310823499807,1.0
16916.042026360767,3.0
-4751.792005487874,3.0
14074.545771086263,1.0
7775.784418728906,1.0
14204.414589827353,1.0
10349.538539417052,1.0
13345.156605050204,1.0
8755.71740705242,1.0
789.8898670994658,1.0
935.4349188165086,1.0
-12238.855002623313,1.0
7762.423525460572,1.0
9028.90351905501,1.0
-8672.187137861161,1.0
4310.881888587593,1.0
11205.507154394865,1.0
7068.91664024466,2.0
6815.844861065741,1.0
-6849.258044911288,1.0
15078.576065156118,1.0
157.90488373979633,2.0
13000.817453760317,1.0
16336.195300926593,1.0
12729.805322298598,1.0
-8030.350887461516,1.0
6792.029525251037,1.0
5164.213004266544,1.0
3515.8355645299907,2.0
9101.87781966105,1.0
1747.2272229019263,1.0
14697.329364754296,1.0
-5856.3123212310265,1.0
7375.233963903998,1.0
-10282.57549553769,1.0
13603.867738909476,1.0
-958.7512411485068,1.0
15627.749797424154,1.0
4697.4183802509815,1.0
8214.707349748507,1.0
14957.137597965482,1.0
14386.308064805356,2.0
11212.21868937721,1.0
1418.6517711026308,1.0
-10866.318164449442,1.0
14069.024963494594,1.0
8809.494943268193,1.0
3500.1033024432945,1.0
-2348.3840275293187,1.0
4297.62804867576,1.0
12559.354943134651,1.0
11587.667754770844,1.0
10991.30397111599,1.0
9142.083089852484,1.0
-3944.0663498375434,1.0
-6512.271462964397,1.0
12838.157623509513,1.0
5520.97651510134,2.0
16882.919791749846,1.0
4930.42934277446,1.0
10015.192172439512,1.0
7283.123485431062,1.0
14282.204502366132,1.0
3847.580288644973,1.0
13675.329638845276,1.0
12778.671333310958,1.0
7307.05912182001,1.0
16999.87042106981,1.0
8104.119530617075,1.0
6127.352615966531,2.0
-9335.29669137209,1.0
9724.033541174795,1.0
12584.737796391255,1.0
11254.5696475442,1.0
7934.356674781344,1.0
-429.41834335031035,1.0
-4324.403457521722,1.0
12023.504575426965,1.0
4936.661483110772,1.0
10343.475113017224,1.0
12294.043904007032,1.0
-10443.279863881353,1.0
-4968.530687740781,1.0
-2004.4400302941322,1.0
430.23588702531674,1.0
11822.151421424373,1.0
7117.037078112074,1.0
16698.03574443271,1.0
-6265.083908599285,1.0
672.9083801192683,1.0
3060.3266593654957,2.0
10618.700967277087,1.0
-8293.30848298386,1.0
-7096.375164551766,1.0
10143.948067080724,1.0
-6590.814039958167,1.0
-8410.09484291147,1.0
-10710.448963679915,2.0
11522.835065947842,1.0
-1258.1222503744177,1.0
-5098.418304742746,1.0
9761.740466702622,1.0
5828.81540417443,1.0
-7106.067754039517,1.0
5490.398114448566,1.0
6881.148719389018,1.0
4283.637529746177,1.0
9438.81099455562,1.0
12044.121915096133,1.0
10731.262383688174,1.0
423.228692893721,1.0
6915.448855441218,1.0
11600.04354455325,1.0
15614.802479813743,1.0
4551.995318766469,1.0
-449.16414507079116,1.0
6350.736879244625,1.0
-8516.337164680022,1.0
15512.735234884585,1.0
-5266.845793733881,1.0
642.9905890072969,1.0
12786.816410813546,1.0
12841.104233442693,1.0
3304.5323179345305,1.0
10165.969502993883,1.0
15170.018627487858,1.0
1023.859208856119,1.0
9189.582464288207,1.0
-703.5915038823405,1.0
16988.00796092732,1.0
811.1322853014265,1.0
7260.6362324091815,1.0
11079.30391262436,1.0
10458.73847306547,1.0
11123.661441035205,1.0
9637.862930858799,1.0
4861.438385559587,1.0
-6513.6991366694365,1.0
2196.6837217277935,1.0
-13483.96126911258,1.0
2158.3252770809295,1.0
-3115.8485693240764,1.0
-2443.879711308611,1.0
10521.858153037472,1.0
7191.406349572108,1.0
12945.14246827106,1.0
11971.101494399149,1.0
7516.217898402419,1.0
9877.975552084115,1.0
6633.182035125271,1.0
2137.2152041536033,1.0
12418.742661128785,1.0
-1732.0372248082003,1.0
4260.40513233837,1.0
15476.95853540227,1.0
-8464.693563176997,1.0
11916.78880623166,1.0
-3930.697185517706,1.0
8210.587127176697,1.0
4666.734013999639,1.0
10001.332639814702,1.0
8883.329134871547,1.0
-13132.81006623933,2.0
10840.671682756783,1.0
9299.617339990005,1.0
11782.41714266995,1.0
13786.787556761496,1.0
12613.44707524338,1.0
15339.908123283356,1.0
282.4983452274598,1.0
8931.311671250893,1.0
7440.899450858804,1.0
-1752.0440495420894,1.0
-2502.4101620553656,1.0
11015.064042637034,1.0
1626.0252870680688,1.0
11177.946860710672,1.0
13346.95058893229,2.0
10467.893450468637,1.0
12609.348418356094,1.0
-12349.481164759753,1.0
12269.410103595808,1.0
1897.8307721697302,1.0
4344.463012147444,1.0
9969.144569090327,1.0
10969.31836268424,1.0
12158.348727894232,1.0
10182.912435171425,1.0
-345.04197738953735,1.0
4958.0153516325745,2.0
-8557.029605696649,1.0
9827.472437852659,1.0
-7081.282873174423,1.0
6673.925635118703,1.0
4899.531054019079,1.0
9199.65415015351,1.0
4205.607115680208,1.0
13488.210174525735,1.0
-6556.399368354028,1.0
11228.039792657437,1.0
6794.368653147118,1.0
13118.679088021006,1.0
9192.00608989011,1.0
16186.627798117479,1.0
7272.64402467791,1.0
-3096.9662234082807,1.0
5877.946961757326,2.0
9786.995314871141,1.0
12968.388707404809,1.0
11035.899068231265,1.0
15833.137685171521,1.0
-12024.99127875622,1.0
11501.70695792817,1.0
-13057.022784656729,1.0
9649.533392563815,1.0
2729.684594614859,1.0
8711.819846899632,1.0
12920.622114911646,1.0
12898.802948283017,1.0
13133.852843075983,1.0
-1369.6622397894366,1.0
-2869.058145165828,1.0
5741.903539823766,1.0
480.1704433316561,1.0
5616.42276996613,1.0
5559.199002395793,1.0
12587.825947973422,1.0
15388.399213246019,1.0
10764.539683547002,1.0
9426.384619753382,1.0
-4857.087209880567,1.0
9683.581043618142,1.0
3070.9567223869435,1.0
-252.1602503641443,1.0
6686.403147245072,2.0
14702.125533300632,2.0
15275.102501482565,1.0
12287.603306260835,1.0
6784.5372386784,2.0
-5450.651497500796,1.0
-10596.848745885516,1.0
13628.417662286272,1.0
12705.489599331811,1.0
6287.99927881857,1.0
3002.002993243397,1.0
-5106.57943955292,1.0
13951.38712177884,1.0
7605.14709086481,1.0
14441.915152936199,1.0
5283.892021584388,1.0
8715.062523390045,1.0
11684.349243369494,1.0
7689.941456977024,2.0
13286.672324839974,1.0
5816.093092719388,1.0
3260.039058982567,1.0
3847.4689127791153,1.0
-1878.3562053134174,1.0
2737.4537759480536,1.0
7105.893050261828,2.0
8074.979991709331,1.0
14013.622201380602,1.0
6134.246408718502,1.0
-5548.816666277869,1.0
10000.46348079697,1.0
11159.431248077402,1.0
12394.607829353152,1.0
4583.568203058466,1.0
-3114.958529042168,1.0
12244.38442304081,1.0
6583.96034918676,1.0
211.47588976568568,2.0
19.685428350114307,1.0
2338.6120837729704,1.0
9036.11137034086,1.0
-7391.463531371524,1.0
3344.5850986330074,1.0
-896.3461105841993,1.0
11439.642639135598,2.0
-3110.0293575021024,1.0
-3837.9702050392957,2.0
5058.775059888883,1.0
13901.17657585803,2.0
-7493.653487982363,1.0
-12840.900652686098,1.0
-1975.2978038192173,1.0
4749.2453714883895,1.0
9627.402525457157,2.0
11558.735618645154,1.0
5932.075670044788,1.0
-1082.4938647691552,1.0
11197.739431094487,1.0
5362.00536280843,1.0
7765.255574580181,1.0
396.21514558769377,1.0
-4490.627709753846,1.0
5614.544182791851,1.0
12970.5062497156,1.0
12102.63137567432,1.0
10797.854908585914,1.0
11622.879051429625,1.0
9690.314925458088,1.0
7844.848315617335,1.0
14692.321504564386,1.0
4234.088111660872,2.0
-2254.8211986649076,1.0
9625.520338908796,1.0
10564.175056548012,1.0
5863.671960855017,1.0
2444.0413530373175,1.0
-5081.377918749186,1.0
9730.410252497777,1.0
7483.126949685671,1.0
9077.933888576323,1.0
15600.18518338509,1.0
418.9418618006757,1.0
2976.8235198561047,1.0
4870.946949916898,1.0
-7222.597749014733,1.0
13423.623175497,1.0
14648.648894865024,3.0
13747.277910167379,1.0
12346.124099218712,1.0
14486.463973441534,1.0
13128.096559752685,1.0
-3483.7749902550822,1.0
7100.88660615253,1.0
4552.586774473355,1.0
7018.868234092429,1.0
12352.160102669664,1.0
8916.23734183021,1.0
9426.350900057594,1.0
11141.476349251325,1.0
2330.3995846750454,1.0
14152.088765512217,2.0
13789.826672830564,1.0
12737.676034400129,1.0
11591.183799535147,1.0
7687.214920933161,1.0
7578.334669075587,1.0
12634.579799824873,1.0
4802.464468431146,1.0
6210.937285443477,1.0
-6558.7978358909295,1.0
11762.034108561218,1.0
-298.9734775752502,1.0
15175.317303482716,1.0
-4889.168941121845,1.0
7933.9774134918825,1.0
11995.562548262556,1.0
-1629.6317860292731,1.0
13820.416707223245,1.0
-4255.218944844529,1.0
6117.041953613606,1.0
8572.493562691772,1.0
10851.457728829613,1.0
-6185.264528270366,1.0
-11028.453351539709,1.0
-5700.840433934787,1.0
-3956.4720260363456,1.0
8964.874067785146,1.0
12312.142843655784,1.0
3614.736754322986,1.0
-7827.20334592869,1.0
11847.395453752604,1.0
4836.538093865351,1.0
6882.031341791285,1.0
10748.778870117923,1.0
13662.345389387126,2.0
-5870.0372486701635,2.0
12670.509760822822,1.0
15376.010540739775,1.0
4720.235331938841,1.0
9710.544415844204,1.0
-5547.578293540112,1.0
3736.225431558949,2.0
-4427.16269717821,1.0
11579.076899437881,1.0
8510.051645911768,1.0
-5455.4590117961425,1.0
13899.941051810387,2.0
11132.758801251048,1.0
9765.644842110598,1.0
10396.129061137346,1.0
15315.696051079063,1.0
6106.541782732087,1.0
-4226.875073578209,2.0
11123.424960934351,3.0
10835.614137793898,1.0
8474.776278004796,1.0
13399.28822396522,1.0
-9948.276579793011,1.0
-1768.2585796208066,1.0
5957.218859435641,1.0
5873.435677341422,1.0
4198.282098687686,1.0
8887.03233829893,1.0
12977.63923671974,1.0
-797.7341257388371,1.0
4591.127937100797,1.0
15931.964715696495,1.0
-3029.089709720116,1.0
10763.405736439938,1.0
7885.15299746466,1.0
8410.029239211075,2.0
12079.072845006449,1.0
14384.516847153225,1.0
14445.804184316194,1.0
8068.220443246591,1.0
15768.518761620575,1.0
-7711.969354362609,1.0
13412.501090434684,1.0
10277.88191885056,1.0
9810.920544749664,1.0
15988.13552892369,1.0
5331.079701301151,1.0
7754.124629329326,1.0
7962.281997806812,1.0
-6094.941678261601,1.0
7055.648434094035,1.0
10347.72457342696,3.0
13413.516486061173,1.0
7674.906645403915,1.0
16686.29113546556,1.0
4438.317116883208,3.0
4684.833617230841,2.0
7171.73680890793,1.0
9212.756727950553,1.0
9743.215082415114,1.0
2996.4291846126043,1.0
-3323.7523928022906,1.0
9873.96761803074,1.0
10195.818747906753,1.0
-6615.9075647307955,1.0
9469.580328284435,1.0
12569.09820878007,1.0
17044.572111793932,1.0
12009.752505324801,1.0
11300.754489220117,2.0
3943.712643970228,1.0
12656.092733144917,2.0
12252.664491107807,1.0
8838.212781019189,1.0
9777.088117094558,1.0
-11437.069518310454,1.0
10799.016433705958,1.0
-4401.963847576803,1.0
2076.105703581733,1.0
-296.54380012444744,1.0
3378.945931294651,1.0
-3215.833708737443,1.0
13536.434245533008,1.0
7876.862167334182,1.0
9577.94347005936,1.0
10476.170424567383,1.0
-1702.8061579581858,1.0
10358.501694197706,1.0
8396.763547315926,1.0
222.2882080839945,1.0
-7725.056975786359,1.0
-3422.517139351708,1.0
12459.965853430203,1.0
3765.7597674102312,1.0
10401.19516626564,1.0
9372.32730815424,1.0
-2885.2303192765257,1.0
11546.36421629126,1.0
-3558.800913466732,1.0
11464.503010625669,1.0
718.4628476931994,1.0
6244.525499503798,1.0
-3551.5387491283486,1.0
-10334.583716635438,1.0
5558.645829857743,1.0
-6882.515116229725,1.0
9462.878968340494,1.0
3266.883270388021,1.0
12904.937850834918,3.0
8187.247220864212,1.0
10003.476797957861,3.0
16269.465968112781,1.0
10727.614889484415,1.0
-2217.988438486449,1.0
4995.754462823397,1.0
14339.165129919493,1.0
-9980.778220239441,1.0
-7337.791949793175,1.0
9932.45319728704,1.0
12669.585528310523,1.0
1848.184080167508,1.0
3372.3168626570396,1.0
10531.663288038158,1.0
9625.559080731315,1.0
-4249.519868677358,1.0
11576.923872636895,1.0
10179.218658255137,1.0
8734.62705277168,1.0
3474.420065758964,1.0
-1173.9668670679594,1.0
-6062.42663707282,1.0
-3313.7065899324402,1.0
8261.535942045344,1.0
12857.109122478447,1.0
-1229.4424448815325,1.0
9335.385356677158,1.0
14244.584524134469,1.0
-50.382460140426474,2.0
-4792.037028873323,1.0
-622.244705441432,1.0
-12209.641574659528,1.0
15333.98591238425,1.0
9097.99205152989,1.0
-3634.7000865848463,1.0
4764.778676937793,1.0
1085.3139485654451,1.0
13024.540462863713,1.0
12918.763689706257,2.0
12357.622824590453,1.0
7068.85133029102,1.0
-4983.315145116409,2.0
7563.282441427758,1.0
-12177.60341884287,1.0
12789.494222613104,1.0
2807.745615594265,1.0
13783.322318214348,1.0
17493.890128481948,1.0
-306.3356963245096,1.0
10935.160893305858,1.0
756.5591255584131,1.0
8464.740920998029,1.0
7341.023018979237,1.0
11109.856917022298,1.0
10622.8567711499,1.0
-11488.254593632919,1.0
10732.354620557384,1.0
13827.137026170698,1.0
4224.763350291596,1.0
-829.9216475406788,1.0
1273.279579073804,2.0
14432.373911596322,1.0
5101.733629518313,1.0
8613.935939960762,1.0
15269.960515552886,1.0
-5011.790957628812,1.0
-1366.7738746501445,1.0
10797.36031919391,1.0
-11721.101959649826,1.0
15864.390450167048,1.0
5136.43584373034,1.0
-341.1116746556463,2.0
382.95676217155824,1.0
8896.721180004015,1.0
6572.6359842919355,1.0
2903.266463973715,1.0
6210.321373161776,1.0
4690.12926821524,2.0
8099.591295738792,2.0
10455.16281598406,1.0
2095.6479886696593,2.0
-7835.716106940313,1.0
6271.3327621624485,1.0
3039.8992912059193,1.0
12154.711877776743,1.0
11969.364507646937,1.0
-5142.645146021586,1.0
12057.5731367679,1.0
7421.199310348729,1.0
-5062.8624416080875,1.0
6215.289143772006,1.0
-14136.63170110766,1.0
12631.31743137298,1.0
13703.583322026629,1.0
7349.545073203039,1.0
-2207.6998784036587,1.0
8042.476271320088,1.0
11609.171287710058,1.0
3636.796911526004,1.0
14684.699255691135,1.0
9038.266702108622,1.0
-626.9884246968504,1.0
7674.891103073824,1.0
6422.2514174339085,1.0
16722.19095358091,1.0
9227.94677517876,1.0
-1591.3458689517095,1.0
14633.095384669323,1.0
13396.617754227587,1.0
6092.062122336438,1.0
-8103.52585853411,1.0
15988.278571067782,1.0
-2833.5965557454115,1.0
-14588.908562812474,1.0
-13485.531211134139,1.0
9111.812110681956,1.0
1895.1095778142965,1.0
-7297.24086864391,1.0
-1093.3394287746241,1.0
14682.497913254636,1.0
12655.457440191109,1.0
5446.4575297314805,2.0
11236.892538113207,1.0
-5937.336979849815,1.0
10142.564047513755,1.0
478.36721330277396,1.0
12074.380842194529,1.0
-13036.49315301698,1.0
-5550.587428912486,1.0
15712.384636893166,1.0
8134.395226920936,1.0
11917.194058071125,1.0
11862.16764514873,1.0
10665.295283773803,1.0
9005.444906353003,3.0
3961.6730960635678,1.0
11506.241749014302,1.0
12232.751742552751,1.0
8121.185699278434,1.0
5388.503623779658,1.0
10869.594152380614,1.0
-565.6444739956823,1.0
11844.502100724312,1.0
-7131.604096200205,1.0
-8346.624026185427,1.0
1972.793946940269,2.0
12128.527844776461,1.0
16418.8668337861,1.0
14505.426426536562,1.0
13302.105819005606,1.0
11504.075717638432,3.0
14178.039034763373,1.0
2524.4358558987715,1.0
3782.132467116333,1.0
8506.596588072096,1.0
-4742.53712689442,1.0
16078.055709714401,1.0
10736.698608220644,1.0
-11477.941435755616,1.0
4694.81155395992,1.0
-4494.313012534848,1.0
13440.662198090187,1.0
11709.046014877782,1.0
1472.9582693649545,1.0
-4573.010273051021,1.0
10762.498515812516,1.0
-2192.649600910009,1.0
11923.528527360311,1.0
833.521924951366,3.0
877.0420682608128,1.0
9942.003529765325,1.0
11709.130124010893,1.0
10657.767162286384,1.0
10744.958391067557,1.0
4330.645288886374,1.0
1029.6932776992835,1.0
-11535.477695089468,1.0
9556.780098428466,1.0
14778.823425958315,1.0
9148.352277595242,1.0
1158.681744325857,1.0
12701.818639396048,1.0
14182.581247292648,1.0
8591.255525248354,1.0
4850.261388297413,1.0
4420.150732600373,1.0
9417.228565660467,1.0
10473.715278796019,1.0
-1648.2499787869442,1.0
10689.016482518302,1.0
2109.8274113738935,1.0
7649.894169985419,1.0
-13979.80902469321,1.0
11717.996268759944,1.0
-5442.03853192936,1.0
-11534.179582027818,1.0
-2037.1382676981723,1.0
10986.89333545263,1.0
15587.771713987997,1.0
9327.825518285932,1.0
10642.511921767386,1.0
-8270.94430978523,1.0
-537.8655490974752,1.0
-12664.884992722617,1.0
9160.100982230233,2.0
11860.155052637749,1.0
-12543.161847845106,1.0
10823.131581946735,1.0
15988.058393666688,1.0
7617.236244838879,2.0
-464.6333691958675,1.0
9860.352004867475,1.0
-753.4392428324009,1.0
5607.110218609184,1.0
-2480.025011080787,1.0
10318.284788274386,1.0
9836.491581718405,1.0
6014.83743278558,1.0
-720.1209042657779,1.0
6908.2867670314445,1.0
3712.3274250470404,1.0
12438.072073755131,1.0
16057.337024807894,3.0
5767.223965182375,1.0
6568.279468029716,1.0
7374.2406898909085,1.0
-3841.116286333474,1.0
9116.572016987815,1.0
-279.9449762219774,1.0
4523.18036415588,1.0
4177.942832454553,1.0
-1818.5652343675874,1.0
14723.714233747574,1.0
13810.361605499536,1.0
9357.446011013271,1.0
-1026.6407984815737,1.0
12402.146751544215,2.0
9267.397942577234,1.0
10347.054178618448,1.0
-2492.3210678680434,1.0
515.5405243125224,1.0
5188.598534325351,1.0
1823.5831116852712,1.0
6494.65567999302,1.0
10232.829627583158,1.0
6624.106939461872,1.0
15270.158122651845,1.0
3685.461420922749,1.0
6507.134619522709,1.0
-7642.768195746368,1.0
15086.783375176268,1.0
11305.030442244493,1.0
11727.152504952792,1.0
9992.093653634836,1.0
11178.9516579169,1.0
4373.605033699915,1.0
16756.197623196822,1.0
9528.56362899682,1.0
10645.554906643893,1.0
8068.618396421671,1.0
420.8982670031846,1.0
-7636.317474272483,1.0
14213.357037895592,1.0
12994.62878139269,1.0
5853.669643962828,1.0
4576.415252044835,1.0
8590.005050270534,1.0
6366.704384932341,1.0
1099.2171775992174,1.0
-13220.55644975895,1.0
-1985.0419646489254,1.0
16538.664471297383,1.0
2733.016931889824,1.0
-4098.643816435882,1.0
-4319.336028014118,3.0
15691.636226011462,1.0
8932.585169423519,1.0
10873.251138230005,1.0
11365.056149709157,1.0
13735.361590043958,1.0
15583.528869496224,1.0
14848.567932221842,1.0
8746.895463157529,2.0
-7057.752060128293,2.0
-2262.2262639845876,1.0
12673.703610240853,1.0
8392.925919824242,1.0
-8527.684649356861,1.0
7931.856290980628,1.0
13370.37521356361,1.0
-1017.5876891347966,1.0
13215.200609141782,3.0
10404.56308776745,1.0
7168.708161378907,1.0
11475.494587886496,1.0
-1007.95012601288,1.0
12252.640102948313,1.0
10273.345210970645,1.0
11304.948486986395,1.0
-798.8070611278561,1.0
3207.8680803702173,2.0
9146.085780684029,1.0
6334.862126271491,1.0
10324.906383446765,1.0
2560.2478941744066,1.0
13871.055585691525,1.0
3403.885536146333,1.0
-2908.121723057502,1.0
15909.357821709975,1.0
11049.910569972537,1.0
10030.000517298862,1.0
11596.809656176898,2.0
-6861.536541374351,1.0
-1365.6409020705796,1.0
-5301.77070472149,1.0
12199.824395992604,3.0
15177.6616371358,1.0
2729.7046257078073,1.0
-2937.609775855351,1.0
-11617.93744743873,1.0
6121.9929887393155,1.0
13828.308590961975,1.0
11647.355360358531,1.0
-6722.767308353409,1.0
-2157.3983918188615,1.0
4210.739982522513,1.0
1785.1591500452141,1.0
5475.379732774272,1.0
11395.709912546012,1.0
7151.886122570964,1.0
6664.785115853212,1.0
6057.425853181561,1.0
11829.630373320508,1.0
-7246.353225121533,1.0
9393.299392394649,1.0
6156.823909898264,2.0
9632.805669460171,1.0
8786.358806116172,1.0
6760.833612962575,1.0
14384.37810164952,1.0
10548.522794367205,2.0
-7454.352563146412,1.0
13150.098604801136,1.0
12275.081480729772,1.0
7272.509037165832,1.0
4137.856427193356,1.0
-2720.427510911845,1.0
2942.117020971893,1.0
13936.32787091484,1.0
11624.908917575143,1.0
13205.11508764004,3.0
9540.836736228614,1.0
1008.6813940798543,2.0
10242.044110753797,1.0
-818.6732224167399,1.0
7499.02683813105,1.0
-12071.552014245324,1.0
547.907693877705,1.0
-5636.8032716526795,1.0
11293.771657517114,1.0
5011.153151522609,2.0
-1526.2562796520397,1.0
10623.032658280728,1.0
9120.100988825996,1.0
12978.257112273544,2.0
401.76956445834867,1.0
10370.51241853888,1.0
14061.4543260827,3.0
579.3951637990249,1.0
9884.502582586823,1.0
10927.973690978048,1.0
5524.419628451908,1.0
-4007.908327018817,1.0
7337.781380182387,1.0
8941.357527888678,1.0
3961.0747981017194,1.0
-4853.509502595434,1.0
14914.03021417157,1.0
12577.219034895405,1.0
11790.678997657997,1.0
3189.0027171436354,1.0
-5540.889295835308,1.0
12858.740590747762,1.0
14840.700323191291,1.0
11023.53637177842,1.0
6848.175111545863,1.0
10806.553531738371,1.0
2298.640745493858,1.0
6816.364882562481,1.0
10970.007726195463,1.0
-11135.249642699817,1.0
8241.710009385231,3.0
682.231264990507,1.0
-10716.39078252051,1.0
11370.711230295761,1.0
5265.038966934439,1.0
10329.2312258764,1.0
11355.416415480822,1.0
4930.076523389396,2.0
1521.0329048221936,1.0
8902.995538903688,1.0
-5053.537117254094,1.0
13483.12168019898,1.0
4358.593860344651,1.0
7527.703028922999,1.0
-2039.178336758767,1.0
12811.347104875053,1.0
13095.534126772242,1.0
13784.39075534441,1.0
-1836.7163548672418,1.0
10620.359627765258,1.0
3863.2460053638038,1.0
1697.2863129712168,1.0
5959.616587145312,1.0
-1003.695838686177,1.0
11715.424179576883,1.0
-10760.59355017776,1.0
8320.735218648693,1.0
4685.593239017154,3.0
17746.439506422976,1.0
12249.91178826179,1.0
2844.084309620668,2.0
12382.76286770092,1.0
249.6867934466793,1.0
9274.46925460793,1.0
-11001.548797048441,1.0
-748.4045198615586,1.0
1347.7181726938552,1.0
4551.783046463825,1.0
7261.452409993129,1.0
74.52109112362086,1.0
-11561.147493961711,1.0
2383.722714537479,1.0
-8061.023077603762,1.0
11837.52474116531,1.0
10458.859270213743,1.0
10599.90754114058,1.0
-4375.754770673517,1.0
-5735.923487595115,1.0
3483.8789226026074,1.0
-11394.71331161875,1.0
11307.956766001555,1.0
9778.250772608259,1.0
12563.2108546972,1.0
-656.1453525450565,1.0
13098.11239796185,1.0
8705.740062925643,1.0
14859.298878102301,1.0
-3188.103513168538,2.0
-808.8502904172506,1.0
7162.760444904031,1.0
205.50235169262487,1.0
-3285.554941963218,2.0
10463.624761662551,1.0
4398.474251690769,1.0
-1845.6219485172805,2.0
-5060.605037027608,1.0
13846.048855178968,1.0
13370.83864308558,1.0
12552.801521122525,3.0
11781.665296082636,1.0
10526.391668819833,1.0
3249.444155141864,1.0
-10356.132173770624,1.0
13005.31942035552,1.0
13332.997484682204,1.0
3634.878410774753,1.0
-9431.73459921803,1.0
10008.664030810642,1.0
9383.758486215995,1.0
8437.754439087677,1.0
-7680.796907333847,1.0
-4720.5311892014615,1.0
-4224.766549183858,1.0
13752.560587972606,1.0
12334.122498485694,1.0
298.6722988671736,1.0
6444.201107501595,1.0
11255.704814748913,1.0
6599.577811128966,1.0
8158.398135722184,1.0
13491.884438836332,1.0
12424.657550083499,1.0
8641.708959631447,1.0
-10621.709988181163,1.0
-2637.120666951898,1.0
6320.095749913623,1.0
10485.92491384384,1.0
9485.687883939088,1.0
-1383.8189015994594,1.0
-5210.352948046169,1.0
4946.700710749712,3.0
15360.280905154785,1.0
14033.113512026777,1.0
9973.354263104056,1.0
-3765.610408067082,1.0
4169.674685116102,1.0
9691.652711758488,1.0
1193.246143792814,1.0
4677.202159611097,1.0
1943.5820633968851,1.0
6248.255002077516,1.0
5231.760137178404,3.0
-8667.17675721149,1.0
-1925.797583341,1.0
2503.1844604098387,1.0
17224.828518781254,1.0
10981.352044791129,1.0
5361.2742709892555,1.0
-7672.233988039157,1.0
5328.504486631603,1.0
40.95508801630342,1.0
8990.493411773632,1.0
12486.218955470296,1.0
-11689.222257278227,1.0
10074.52046096358,1.0
13360.80964780242,2.0
-8253.716156889408,1.0
7149.962111581247,1.0
8336.231629197622,1.0
11061.533478949143,1.0
14023.759816831976,2.0
11179.20859564715,1.0
626.4663602224248,1.0
5.409319704175232,1.0
3235.983960064442,1.0
12117.735859155955,1.0
6667.589219434925,1.0
-5579.242315823501,1.0
3898.8907351165244,1.0
11534.16922380338,1.0
-3531.8270490544664,1.0
-7410.386272053962,1.0
12500.08981225191,1.0
-1545.1217548461136,1.0
9124.341944270584,1.0
5606.480860031954,1.0
4534.6409458894195,3.0
16955.264451842104,1.0
14027.500596452099,1.0
9746.647942015123,1.0
12175.710395631895,1.0
10387.18095181589,1.0
9835.163097519868,1.0
897.7415947901964,1.0
10588.718946228248,3.0
7981.8901307603755,1.0
2177.418403392365,1.0
6457.694020304186,1.0
11408.83400559556,1.0
12702.192804488255,1.0
3759.8895407788423,1.0
12199.049445741564,1.0
2390.193378523184,1.0
6062.583005044573,1.0
5984.226480566376,1.0
13148.27247374405,1.0
12545.131772652632,1.0
-995.3681008901885,1.0
8033.058852519258,1.0
5150.7527533038265,1.0
145.12789275295154,1.0
15310.355199331552,1.0
13318.661857003088,1.0
11467.020899741576,1.0
8035.357512860473,2.0
9044.621873654592,1.0
16108.647365905388,1.0
-8503.353115085016,1.0
5780.208230385967,1.0
13449.91249893487,1.0
14731.106178937625,1.0
12784.989558959562,1.0
9036.244844155066,1.0
8509.875616917361,1.0
11683.933113486637,1.0
6800.922816905935,1.0
12222.607900176801,1.0
15118.599330883155,1.0
10227.517556922168,1.0
-7489.477331591859,1.0
1654.3501231508994,1.0
9278.225279036225,1.0
11174.89097343309,1.0
10192.450811668665,1.0
9581.345203884983,1.0
12892.568802325193,1.0
15468.130090663462,1.0
16346.16770948488,1.0
-4510.09563769942,1.0
-8322.05256451845,1.0
-300.37235298889595,1.0
1088.0539275016367,1.0
2078.1882660465076,1.0
9018.444620540777,1.0
9662.542729079965,1.0
10207.416477539093,1.0
5417.044397376267,1.0
6173.531301807477,1.0
-6059.842399691455,1.0
8993.755252495765,1.0
1803.6236872167096,1.0
12679.983210763694,1.0
9629.086952737774,1.0
-6950.163558227071,1.0
-6328.439617517013,1.0
14601.29164768107,1.0
2549.3227728001975,1.0
-2991.316732225757,1.0
6233.332796701639,1.0
-1230.4930209995027,1.0
6178.487423096098,1.0
-10060.942490535264,1.0
1215.4401597807616,1.0
6907.767687590613,1.0
-9466.144496384115,1.0
-1490.7835475435772,1.0
6109.845954031629,1.0
2427.8510431532295,1.0
-910.9282428670285,2.0
11004.913853256076,1.0
12960.271932766409,1.0
-12803.921907249494,1.0
11134.082182865253,1.0
11328.001064838085,1.0
5651.594050353866,1.0
-2810.875375838352,1.0
-2800.2682612498775,2.0
9526.82184511822,1.0
1392.2455532806475,1.0
169.31102462738272,1.0
10756.5624787464,1.0
-6882.098809501833,1.0
-10028.986840446883,1.0
16801.294605890726,1.0
-2339.56146678579,1.0
13215.474761508802,1.0
15173.386688359764,1.0
10060.895725218646,1.0
13837.839477951875,1.0
9633.675980477496,1.0
11295.675304338807,1.0
-231.56353251041037,1.0
-1646.1573490441801,1.0
4357.522781875952,1.0
3189.804059500142,1.0
7467.235306690911,1.0
14170.061069796835,1.0
5939.598784840762,1.0
13794.476330688136,1.0
7343.4011152186595,1.0
9958.342333340628,1.0
10366.303609661283,1.0
8518.909744260227,1.0
-3847.066051349082,1.0
10960.421792185442,1.0
11691.358032043883,1.0
5415.552089693656,2.0
1872.1744334250106,1.0
15671.675599759174,1.0
-64.09124550254258,1.0
15364.729317108247,1.0
5591.332617406489,1.0
-10912.114805298286,1.0
10479.975224011812,3.0
-8238.17240537502,1.0
7979.891119244703,1.0
14883.803637842022,1.0
12486.262449584661,1.0
8994.889743725942,1.0
7513.020306327065,1.0
11022.032462665555,1.0
2790.220362105414,1.0
2499.7767328982713,1.0
-5826.05379386181,1.0
11770.797309703157,1.0
7547.019569662298,1.0
14144.290309894579,1.0
-9203.62381417134,1.0
765.1602504407583,1.0
10746.560707771067,1.0
13720.528791732217,1.0
10374.65285642739,1.0
9472.127201998655,1.0
-3729.383257767562,2.0
-7820.176119385215,1.0
10595.643251773708,1.0
6987.446730690122,1.0
12450.10791058759,1.0
-4106.502828845863,1.0
-907.2962306836521,1.0
6276.9660806298,1.0
1760.0956185561336,2.0
3921.3608568391965,1.0
2612.0887447389523,2.0
11519.146904511153,1.0
9303.042154737113,1.0
10442.394141013561,1.0
16135.872533433372,1.0
12065.297086169434,1.0
11918.861106797765,1.0
13518.61527675511,1.0
12894.042584601619,1.0
15793.013344969175,1.0
-10796.87359010702,1.0
9184.697875838652,1.0
9825.991735687334,1.0
9904.869526846065,1.0
6457.473427301518,2.0
7362.886675581926,1.0
4821.467339318767,2.0
1591.7267164021146,2.0
8453.007638471327,1.0
12790.527771263445,1.0
14942.96619676704,1.0
2803.2975140331373,1.0
6492.699710021133,2.0
12912.49061509163,1.0
12075.849209250084,1.0
-2464.272401048631,1.0
8490.742804238569,1.0
11742.31689479012,1.0
-599.9292587229561,1.0
8877.088914291058,1.0
10673.66114149539,1.0
3248.1425672668456,2.0
10166.61502392314,1.0
5787.802489520315,1.0
10091.852657706586,1.0
10831.960563030516,1.0
10963.22995013267,1.0
-8266.393545780456,1.0
-1747.0941104926605,1.0
4359.051815329118,1.0
13439.995939583418,1.0
5866.9633563289735,1.0
2423.031649822855,1.0
-11320.468013352147,2.0
10782.14820532629,2.0
7711.9531533450345,1.0
7129.984377073697,1.0
14414.153481231897,1.0
-699.5747924762254,1.0
13564.93883119416,1.0
7226.128551486581,1.0
-465.76196575964786,1.0
-255.00658756397297,1.0
14195.812711085606,2.0
12274.55641042017,1.0
-3975.444703582866,1.0
7251.770740210631,1.0
-9204.182710690686,2.0
10459.892554045802,1.0
4642.795915142332,1.0
11208.46425886103,1.0
4555.234509623985,1.0
-2641.3031952557703,1.0
5249.546477339707,1.0
-8842.174798745435,1.0
9089.334892613642,1.0
9037.064169647972,1.0
-4037.6633890927196,1.0
8733.8347197049,1.0
15580.221463909598,1.0
9360.244316964923,1.0
6099.45130570429,2.0
11382.932026991602,1.0
-2475.302705108304,1.0
-1338.1938080211482,1.0
-2243.8004045424404,1.0
12954.66422500956,1.0
2283.8756581498637,1.0
-12333.774146640288,1.0
-975.7170929677145,1.0
-5854.978910070347,1.0
13937.975039226149,1.0
-5737.986156111276,1.0
14971.517398992848,1.0
13164.692138868068,1.0
10974.343861277808,1.0
15199.471609144366,2.0
-580.5120137178756,1.0
-7258.061897728862,1.0
-8658.706006163959,1.0
5192.697708438728,1.0
762.3558488232302,1.0
12418.49766864863,1.0
-520.5526647448014,1.0
13812.163954082023,1.0
-10410.702762401652,1.0
2926.705780062189,1.0
-864.7741808700921,1.0
12172.35743075579,1.0
11539.562328262984,1.0
252.00998209908175,1.0
11443.740102353035,1.0
-1282.0895508149097,1.0
-10350.317852828088,1.0
11986.740359074305,1.0
13364.284395941497,1.0
8524.053576886537,1.0
-4419.603230543779,1.0
11315.27639650825,1.0
-3522.1932784820747,1.0
15352.757451300315,1.0
7904.81975669344,1.0
7948.748187703659,1.0
3021.6743955591737,1.0
-10445.27687462953,1.0
-12813.479429807161,1.0
8094.3549086397,2.0
14001.330206971128,1.0
13540.66027855911,1.0
12092.541672289219,1.0
12136.13472561665,1.0
2064.3928411802444,1.0
11482.67065095682,2.0
17000.05312839197,1.0
8647.231873592997,1.0
12386.979390855087,1.0
5303.710015871545,1.0
15466.660000185342,1.0
-10087.997284649144,1.0
-1041.4330362638448,1.0
8363.639416881964,1.0
5495.576043525274,1.0
7410.650594543497,1.0
2542.2053435362996,1.0
-5224.3746212602355,1.0
6880.000459339592,1.0
-974.3313752343256,1.0
4108.978234289922,3.0
9998.531258422821,1.0
4841.209286575644,1.0
-507.51805896145015,1.0
12539.282370851803,1.0
-3315.3500953116454,1.0
9656.016060240892,1.0
-13648.093331638818,1.0
15818.515421279899,1.0
7920.485548149512,1.0
11153.218385931354,1.0
14233.404298478908,1.0
15621.437972660971,1.0
7280.961369234192,1.0
9976.886479195033,1.0
-10280.011367040526,1.0
12041.071509663509,1.0
-4458.51845497297,2.0
-967.2001667392924,1.0
7824.609153831143,1.0
-2612.1452052515306,1.0
5245.532773822304,1.0
3806.9400741101445,1.0
11182.383630101409,1.0
-2689.2484644693327,1.0
8060.778757575661,1.0
9063.95805182989,1.0
8248.509267891435,1.0
1908.05745169058,1.0
11470.871709027626,1.0
3009.9053694663035,1.0
17587.820234045124,1.0
3537.0441834086214,1.0
5254.98327782256,1.0
13251.796124714223,3.0
12933.603509123857,1.0
-2272.730205353275,1.0
12782.987585488763,3.0
-977.5573376277102,2.0
11386.107744648452,1.0
3945.6586003801967,1.0
11734.285352171471,1.0
14306.443755528342,1.0
2585.9447807178003,1.0
9040.017690630986,1.0
4408.095772843225,1.0
7804.0330882160315,1.0
10301.2336641156,1.0
13256.204427055553,1.0
9625.889882987743,1.0
-8327.043117056572,1.0
-791.9556926806599,1.0
15438.496699276135,1.0
12276.784396042094,1.0
14354.537308682053,2.0
11493.896770528725,1.0
2589.0297210408726,2.0
-7847.540112273974,1.0
10382.449191923977,1.0
-6546.231742872156,1.0
-5515.162983418086,1.0
14197.701123265644,1.0
-9152.680622117434,1.0
-3922.0333376896297,1.0
4673.300698328114,1.0
13875.418462530806,1.0
5411.0787846659205,1.0
12992.979385718727,1.0
-1261.5888909748915,2.0
6391.275179877649,1.0
13255.228920903697,1.0
-14046.897553530765,1.0
1102.0423949786364,1.0
-10432.744997357442,1.0
11354.828334753947,3.0
8102.53902839868,1.0
2616.971690976047,1.0
7761.371546857894,1.0
-11023.692972639778,1.0
-3957.206368983694,1.0
-4158.303525205426,1.0
-5787.36674327847,1.0
-2339.935222297189,1.0
-8977.88829312837,1.0
9991.247568290313,1.0
-11919.556312740182,1.0
13527.36931696687,1.0
-1863.0717631371954,1.0
6887.241558368281,2.0
-3378.0037507161524,1.0
12003.286960241981,2.0
4633.449006975752,1.0
10337.531249234624,1.0
-7381.493925310398,1.0
655.4226990587022,1.0
-8410.271166714418,1.0
14016.312463955534,1.0
9064.973623050999,1.0
3706.0013469489277,1.0
-5093.381629317294,1.0
-5644.630755131317,1.0
6473.012943568499,1.0
6024.781993137952,1.0
16744.688965483158,1.0
-6842.269058914223,1.0
9792.730211343682,1.0
16691.679790524453,1.0
-5334.150506133236,1.0
-2884.145014930017,1.0
12871.442157362399,3.0
12424.73003567452,1.0
15143.820060784972,1.0
14908.001893274846,1.0
12067.14565975238,1.0
-10465.52734375156,1.0
-2404.708604556793,2.0
12405.736760910255,1.0
8020.849583135887,1.0
5154.88474530456,1.0
2106.63653447954,1.0
9330.548538588875,1.0
4435.208732978364,1.0
-3631.8261829776798,1.0
7183.9538282497515,1.0
9396.909507443354,1.0
-4343.849070363899,1.0
6722.4657012826965,1.0
11514.920451871041,1.0
-8864.764278359624,1.0
11317.62562654561,1.0
10316.270840305462,1.0
15329.388858197892,3.0
12179.926393936192,2.0
11157.253583050104,1.0
10905.919559330665,1.0
7291.725179354574,1.0
8640.713339233127,1.0
-2508.273108452454,1.0
12140.47480401035,1.0
-1204.2916377212678,1.0
-2133.620668611238,1.0
11117.233510096128,1.0
4671.973176720805,1.0
-2554.1180999762546,1.0
-5967.7217589819675,1.0
13616.473960759857,3.0
4229.7264680700055,1.0
-4663.983110927946,1.0
10842.222601406618,1.0
7773.330350305514,3.0
12771.149538304708,1.0
13404.187218372113,1.0
10945.520396438571,1.0
16360.662100734922,1.0
4828.248658422823,1.0
9293.770081156652,1.0
9557.930768724713,1.0
-9809.04273211508,1.0
12060.440954858817,1.0
12957.86436065309,3.0
-2607.5781418993033,1.0
13654.889818835438,1.0
15915.9681501292,1.0
-7768.771519636528,1.0
2652.8066778967186,1.0
15508.596273460842,1.0
10999.251730927239,1.0
-6866.582098841331,1.0
5391.188630932819,1.0
8997.024137240813,1.0
6262.222340344387,1.0
10666.00463107823,1.0
-6758.931055361692,1.0
-2321.506418370959,1.0
11657.802443019827,1.0
-1754.4734056017278,1.0
5372.200900403743,1.0
-2089.6551173606094,1.0
4894.825900830774,1.0
