earn_x0_lc2vs0_iate,reg_agri
126.6312225389459,30.420569431073343
36.85105860810359,31.72492299534889
3.2939705960494052,5.69363914978576
16.663052189337847,17.156511257966585
17.756163344088144,10.425683441718604
25.349303371850056,12.336111894138924
20.03166774486273,13.272856279921823
14.665438964788635,13.272856279921823
17.34031627315653,21.44874346620925
14.412969131303754,25.447105542939124
13.34348053026639,38.426488642538814
-5.434673696521543,20.90306101162109
-38.604641355196094,25.447105542939124
-15.06070684570674,1.132160989646131
-23.06152351121952,12.782315118678907
-117.11821364081061,8.332942688788997
26.78609113675435,12.190795575052846
24.385617562096606,26.302762831609364
-1.9818873958424206,17.05947641370443
4.759819238263049,30.409884059187547
-0.6117071372831333,1.132160989646131
-11.587332542510694,23.218144734904
36.01240926511656,37.68124385002402
-110.37055273629085,20.180144970495384
8.012231588521786,26.58932955325777
-35.120771916714375,30.420569431073343
19.85969005527005,12.190795575052846
59.38322803541371,26.28135983123264
98.07238597100962,25.725153340464843
34.60997300182129,13.272856279921823
30.211875158493555,17.05947641370443
-67.68768149015216,31.72492299534889
9.38415865070349,17.932562693756196
11.115965170352027,3.927831006064245
0.7897519258529062,23.14825227454956
30.232339110563217,21.81703550251781
6.379767042568716,22.092249117524783
3.5263600303705047,16.143774716964504
17.065418529725957,9.518818038309782
-1.7942470498054917,18.79185971370501
-16.06041482523338,25.59892040830825
-98.42071454770701,20.28222278472817
12.182750473168952,26.302762831609364
24.715104756757086,20.28222278472817
-160.72113579895495,38.426488642538814
36.10702556640444,30.420569431073343
-70.4984120113212,16.766249047417915
-34.141235832263135,16.12384262285483
77.39537477034867,18.757994207245872
-40.58021004129,21.81703550251781
95.70769803343683,21.83368081202904
-73.37095489028752,33.36162869752894
-29.997068883810854,11.578951027428012
40.67164482012745,11.942906218623804
27.604607457646082,10.52412367775796
-3.8279034334710573,10.52412367775796
-11.477810278325705,13.608850492731817
14.863719166744744,30.409884059187547
-0.8153192997331176,8.332942688788997
27.032615414878023,20.180144970495384
18.338001523176416,31.72492299534889
66.05265916571886,13.23318471616647
-61.33277569958511,25.447105542939124
6.4493224078133835,34.4734454458848
20.202807603591086,17.114253331641656
10.112949415408295,19.70368081017321
93.16393635530983,12.613632740062826
19.029223527326394,21.81703550251781
-9.46340416908157,10.52412367775796
8.649489412010041,26.302762831609364
22.78839470757879,19.647957347052547
-5.964063693285425,12.613632740062826
32.30122480309694,18.562253210557493
4.140222895901331,12.190795575052846
-12.07851961949018,8.320220391373894
-33.253227954905924,16.766249047417915
-13.238935112463837,8.332942688788997
-9.044096711074246,20.28222278472817
61.290918602787826,12.613632740062826
14.25666395851055,25.59892040830825
-82.55581988783854,1.132160989646131
-7.833226506750293,5.69363914978576
9.209651366864279,21.61563065615585
-67.39917161861854,30.86665725132705
-0.8495124471175792,29.22739596194833
-16.283904321714253,22.32621505968753
56.79847562223995,7.950620098438058
-86.68557585288352,11.642586775623563
128.31599402639233,12.789203739932198
74.45125976857696,21.83368081202904
29.57900578217479,6.687900598978352
8.627148796600402,27.451018475410937
15.106940043795504,13.963866260572992
21.17173729564513,22.092249117524783
56.52278873532612,20.90306101162109
44.23262415966979,7.950620098438058
14.440912917838972,6.687900598978352
19.5304384724531,26.58932955325777
31.520221008823967,9.647452638974611
12.560939925706592,3.927831006064245
27.327175131658827,12.336111894138924
-16.85254690661378,22.092249117524783
46.90844227208308,29.32505767081869
31.070515226489704,31.72492299534889
71.74023229522408,11.642586775623563
-31.177554816799045,35.40501989106287
17.53989507099609,5.69363914978576
1.347231952724698,13.963866260572992
26.933570765223834,31.72492299534889
-84.47870284392371,19.647957347052547
7.517283054424723,29.22739596194833
11.74999680363652,10.425683441718604
42.1487850760455,11.942906218623804
16.34909456033701,18.79185971370501
35.82264034336052,8.320220391373894
-31.263846964774075,7.950620098438058
15.113817338591007,10.52412367775796
-6.818136903254838,16.64323622189432
9.388616834363749,23.14825227454956
-148.03955003133467,29.32505767081869
9.565360201169682,26.58932955325777
26.737962524838736,22.092249117524783
9.397544459265347,25.447105542939124
24.26210030911031,34.4734454458848
12.316616284631102,18.757994207245872
19.232498130378275,17.05947641370443
-88.12004424480403,10.52412367775796
2.050314672100619,16.766249047417915
-0.4994258315313118,22.092249117524783
39.345929458216105,36.10508609312406
-7.151925128628022,15.599548132494943
-5.840355140227182,12.782315118678907
-25.277867031901224,25.25684355246182
-10.315744108231343,18.117577938721773
20.08027817055057,11.578951027428012
5.92414143838216,12.789203739932198
37.31442438462678,38.426488642538814
2.161141916816252,30.86665725132705
-164.28421564400207,18.562253210557493
9.79877470856411,29.22739596194833
16.08685651069005,4.885271868806392
79.49917622573969,6.687900598978352
-29.250477233801234,12.190795575052846
16.987457572130367,18.757994207245872
30.783764846949936,21.83368081202904
31.228961994840233,4.38846568617879
-111.60136440537849,36.31581069178857
26.956774800012397,17.156511257966585
3.2410018056690646,8.795230083567638
-32.26308600478575,9.518818038309782
-72.06288805786295,18.562253210557493
70.17981092125433,36.31581069178857
5.783025747578506,7.950620098438058
-172.3706852473424,25.25684355246182
14.003034135909957,30.420569431073343
-1.3331802576377982,5.69363914978576
7.142168773562638,30.86665725132705
-14.725225137434276,25.25684355246182
14.294845597587823,12.789203739932198
5.148047366157385,10.52412367775796
-148.37216855535746,34.4734454458848
5.40921207688946,20.180144970495384
-23.849820291527294,22.32621505968753
28.874310802694623,37.68124385002402
3.049296784656761,18.562253210557493
-80.5555500054752,26.28135983123264
9.097249068963478,8.795230083567638
-14.728051416560675,7.950620098438058
38.60402179969111,31.83741398327524
11.326067740736761,25.447105542939124
33.905269781291196,12.336111894138924
7.852918796814237,13.963866260572992
-84.98886463500924,24.09174497286721
16.50722871918964,12.336111894138924
12.367795011703407,16.12384262285483
-30.434113135299185,35.40501989106287
23.97029925028542,21.47494878544683
14.986801681553004,16.64323622189432
-1.3203089791529123,18.79185971370501
58.60564289082623,13.963866260572992
20.573956354350003,18.79185971370501
37.512814572655174,19.647957347052547
7.257945106336578,14.353464935930552
58.2881321076095,38.426488642538814
95.85439295132073,34.4734454458848
-53.05202823015941,31.72492299534889
9.400764493027452,9.647452638974611
14.818125126582686,12.336111894138924
-38.59489041775646,18.79185971370501
-60.0600903766923,13.272856279921823
-79.13820248148852,3.927831006064245
-3.49793637748769,6.687900598978352
44.35000370978031,11.578951027428012
1.9581916217097586,8.332942688788997
15.10354115652828,11.578951027428012
-166.48854890532937,27.451018475410937
34.31885248859507,34.4734454458848
-29.457645801954925,16.143774716964504
70.44538071480264,21.83368081202904
70.12595089856859,16.12384262285483
-0.16464783809385608,15.599548132494943
-47.390350162173036,36.315810691788556
8.480176751620535,11.578951027428012
55.443813989386285,17.156511257966585
20.55657574449708,4.652936998737928
39.39634069598921,30.409884059187547
30.724441691265866,31.72492299534889
10.732720080488491,26.28135983123264
0.849795962111699,15.578164380055544
-12.223655732134347,26.28135983123264
14.81893811320201,34.4734454458848
23.054231809456695,33.36162869752894
-66.48490405658299,12.190795575052846
6.734778996369258,18.117577938721773
9.970590132313447,11.427424278367262
32.40435612943395,6.687900598978352
-12.18838751683586,21.56487561270493
-16.013592296366596,9.647452638974611
-56.19606765699757,21.44874346620925
-5.455768224766203,14.353464935930552
93.76742667388044,30.409884059187547
49.04392177472306,10.52412367775796
-12.007959821457831,7.950620098438058
12.873046427677707,26.58932955325777
13.008888848106672,22.092249117524783
15.504225650056386,18.562253210557493
91.13659495988043,22.82469145311972
25.313212310401553,38.426488642538814
11.779306916016582,33.36162869752894
19.24343567572147,29.32505767081869
5.202014868562358,18.117577938721773
25.027311692655296,5.69363914978576
-15.005660113165995,19.70368081017321
7.003059957373888,11.642586775623563
-26.213377416370406,11.944636704804305
-72.6565311705462,17.114253331641656
-5.519521992735605,12.571740219945433
1.8315720129889748,17.932562693756196
12.36377084546909,25.25684355246182
11.231199780014634,11.427424278367262
-109.37071040595913,30.86665725132705
2.272252889564051,16.143774716964504
-42.5290797684396,16.143774716964504
-23.247318319060795,18.117577938721773
-21.226467370631763,18.562253210557493
10.885273089771815,26.58932955325777
33.719796420025176,21.81703550251781
6.045108514017727,10.52412367775796
91.4576619340022,11.642586775623563
-110.76924582904064,18.757994207245872
22.179814176359855,24.09174497286721
7.625048049234067,12.613632740062826
-10.832848120492486,8.320220391373894
-102.76676395493598,21.81703550251781
21.247871447043497,12.782315118678907
-98.01567270356622,4.652936998737928
24.553573885017407,36.10508609312406
55.28038622973446,35.40501989106287
-89.8439639391903,35.40501989106287
-8.057933651610462,20.90306101162109
-21.366830948893266,8.332942688788997
-2.9971768085861754,3.927831006064245
24.335525660076144,10.52412367775796
22.473309380517208,19.70368081017321
2.9222489773903533,35.40501989106287
21.61963322320527,13.608850492731817
18.064173003856304,8.795230083567638
-9.81949857052021,12.571740219945433
94.26528208986832,22.82469145311972
9.765135075448569,23.148252274549556
-66.47692682376487,16.12384262285483
-4.781397360823064,1.132160989646131
1.7429117746295333,21.56487561270493
-24.62479899786493,19.647957347052547
74.36161400437902,16.766249047417915
15.639850491810307,24.09174497286721
20.3293126883288,25.725153340464843
29.84934737878666,23.14825227454956
27.880158207125064,8.320220391373894
-7.134795291955243,31.83741398327524
14.423804821686739,20.28222278472817
9.86349412686927,20.28222278472817
-32.784415437877385,12.613632740062826
9.40803012080245,16.143774716964504
16.62483756249017,30.86665725132705
17.392960456684932,19.647957347052547
53.39668212283962,14.353464935930552
-5.235896826291935,11.578951027428012
-10.306738779902147,8.320220391373894
13.973510268878485,10.52412367775796
-10.40367330684586,22.092249117524783
-13.162591825584059,4.38846568617879
-133.2093485169114,26.58932955325777
3.8333976328427326,20.180144970495384
-10.379419693160742,21.61563065615585
-5.062715317084066,11.578951027428012
-29.87141849241982,3.927831006064245
25.85715888898443,9.647452638974611
13.287508767842212,18.79185971370501
-0.48035708959585577,26.58932955325777
113.63929096800052,12.336111894138924
-4.124560900553579,30.420569431073343
10.086794138891632,37.68124385002402
-142.1064057380927,21.81703550251781
36.3827928827038,21.83368081202904
16.646258519683954,21.81703550251781
-12.879867785397465,12.190795575052846
-67.2985632128175,16.64323622189432
26.824382345979203,31.72492299534889
17.316157244406444,25.447105542939124
18.789550278425466,21.81703550251781
124.19201267056462,30.86665725132705
-54.51682260736425,15.599548132494943
17.891387623959496,21.56487561270493
3.87763956180774,12.336111894138924
-64.37479183318851,21.44874346620925
-21.89263829871453,25.59892040830825
-25.658196832523117,10.425683441718604
-51.09688702341816,22.092249117524783
0.8954979119305051,19.70368081017321
-34.92497610653592,25.447105542939124
54.13677881504316,13.272856279921823
-39.82604143667629,9.518818038309782
6.889974242167739,22.32621505968753
10.686205924780339,20.90306101162109
41.01451165518337,25.725153340464843
-16.62300458087767,35.40501989106287
-13.46231526204798,22.32621505968753
30.80322209473816,9.518818038309782
-27.519685969972585,15.599548132494943
0.4062345604642701,16.12384262285483
34.339727772221124,25.725153340464843
-25.343528086622086,37.68124385002402
44.22869514617824,22.092249117524783
10.428183140389606,16.64323622189432
40.9680593529239,37.68124385002402
-14.905989145374463,10.52412367775796
3.3300651577722817,18.79185971370501
61.101299935737984,31.83741398327524
-58.405568552700856,15.599548132494943
-18.364905178921703,25.59892040830825
-21.61525909034964,16.143774716964504
26.62660879076084,17.932562693756196
-71.98488541940173,1.132160989646131
-38.112173431720294,33.36162869752894
11.329402812548729,4.885271868806392
-1.5264107236108764,30.86665725132705
19.976024078597334,10.425683441718604
8.229105868175434,21.44874346620925
6.8976918926539845,18.562253210557493
-98.09344289112062,38.426488642538814
-36.7066222094885,20.28222278472817
73.82331550104868,36.31581069178857
-9.084811239505825,10.52412367775796
12.285080706979869,18.79185971370501
5.716906002327738,11.642586775623563
-3.797174510693935,31.83741398327524
-1.592548203006885,30.86665725132705
25.95482574532832,37.68124385002402
26.50880358329225,21.47494878544683
-1.8578640786219296,25.59892040830825
-32.673673616593646,16.64323622189432
-11.31326531345971,20.28222278472817
9.050785121244871,11.642586775623563
55.24256461831635,35.40501989106287
-1.2687712304925753,10.425683441718604
3.1198591683586074,13.963866260572992
-80.47402603897933,29.32505767081869
-98.62459513168716,21.61563065615585
7.0489455170006465,12.571740219945433
-10.064039733953749,25.59892040830825
68.17845591986122,23.14825227454956
-67.85003546395512,10.52412367775796
-94.88940934752037,5.69363914978576
31.741652365612275,16.64323622189432
24.91264742795007,34.4734454458848
25.142854587030968,17.932562693756196
-25.297763686590258,15.578164380055544
-46.62453022693364,9.647452638974611
15.851373429437068,29.32505767081869
4.831892046647113,11.427424278367262
2.2726621613011133,12.190795575052846
-22.644355399559686,8.332942688788997
8.005254015335765,31.72492299534889
21.56908031580346,36.10508609312406
-100.81999972550818,21.81703550251781
8.485793000090894,8.320220391373894
10.786003554242,4.885271868806392
22.861273740252614,4.885271868806392
93.62624862934297,21.47494878544683
-107.42398739347118,35.40501989106287
-70.47306000050776,9.518818038309782
-15.583195033660786,10.52412367775796
-4.991407071478399,15.578164380055544
2.828109421050904,16.143774716964504
78.9739327397246,21.56487561270493
-2.2319285762972925,18.79185971370501
-14.006531766272872,6.687900598978352
35.4778852678071,17.114253331641656
66.24604801094506,13.272856279921823
-69.86195369799532,25.59892040830825
16.32807593065096,29.22739596194833
129.5346417604079,34.4734454458848
30.54903649897551,12.782315118678907
36.38372276285756,11.427424278367262
-20.72255578733592,30.409884059187547
4.030091884187584,11.942906218623804
97.31649425492992,30.86665725132705
18.184379505635317,26.302762831609364
-25.915061726067506,17.114253331641656
53.075998651538185,11.642586775623563
33.896955767206535,13.963866260572992
14.943937956595121,9.647452638974611
10.014415170345558,29.22739596194833
63.637062197436194,26.28135983123264
3.1087588923669216,29.22739596194833
0.2466185883019989,8.795230083567638
18.02171976617052,18.117577938721773
17.975256695183234,22.092249117524783
-56.563100985334586,29.22739596194833
14.13769748590957,26.28135983123264
-44.64101172739015,7.950620098438058
33.064672956797324,10.425683441718604
-16.569436581455136,27.451018475410937
-6.7786758551710165,22.092249117524783
15.25274993582974,18.117577938721773
3.919920707379788,12.336111894138924
53.4093134349331,17.05947641370443
4.8984124186681015,8.332942688788997
23.873281612584563,12.613632740062826
11.727804144754145,18.117577938721773
-25.506699816846435,35.40501989106287
23.659840059122246,33.36162869752894
15.280020061563398,15.599548132494943
49.53626170442247,18.757994207245872
8.340708979750643,9.518818038309782
-67.88465553988829,37.68124385002402
18.90908276899602,30.409884059187547
23.38669876481393,29.22739596194833
15.719633198313318,7.950620098438058
28.113535448835677,23.218144734904
20.523628571283414,30.409884059187547
19.175559667614152,19.647957347052547
78.21739499415992,31.83741398327524
-37.29967492253127,17.05947641370443
10.347333636358812,36.31581069178857
-69.11874740622812,38.426488642538814
10.513337166631317,18.562253210557493
-100.35243892820893,8.320220391373894
16.24157785787032,12.613632740062826
14.53285083109408,10.52412367775796
-15.73099726159856,21.44874346620925
44.09141339396399,6.687900598978352
13.725937696990911,34.4734454458848
61.140894331615414,16.64323622189432
-5.1870162788791845,12.613632740062826
39.779833849265145,29.32505767081869
-5.225132280713241,11.944636704804305
28.290984027626955,23.14825227454956
22.514725350678788,18.79185971370501
92.79354132731453,20.180144970495384
25.824699091253024,21.61563065615585
-12.90853998396534,18.79185971370501
-104.06791716146677,17.932562693756196
50.90708070215075,25.25684355246182
-15.506449294898395,22.32621505968753
11.87360695822656,10.52412367775796
-4.153832627954081,11.942906218623804
85.85698390326593,4.885271868806392
-76.71370106502206,21.47494878544683
17.997975092662386,4.652936998737928
-51.77072450845617,11.642586775623563
75.95873375027327,12.571740219945433
24.08005970414993,12.613632740062826
0.7753869419070725,13.23318471616647
15.647470168263965,19.647957347052547
10.481388459599458,29.32505767081869
27.418823356009625,22.82469145311972
7.021351870692357,37.68124385002402
-22.296833279643465,7.950620098438058
28.469403118252785,21.81703550251781
-32.54117062650573,17.156511257966585
24.31756348613385,33.36162869752894
28.022169871854345,36.31581069178857
6.3300061345399,26.28135983123264
34.328364275386434,6.687900598978352
19.67153891835511,12.336111894138924
-105.21566912588082,8.320220391373894
8.045360653289492,10.52412367775796
4.978332926757815,26.302762831609364
4.991277779979612,12.613632740062826
27.55625875936252,21.44874346620925
23.225042848632555,11.578951027428012
8.258942120991904,21.47494878544683
-15.58318727122321,18.79185971370501
-26.004997473530977,3.927831006064245
-1.1463416055615312,21.47494878544683
-16.04217397435258,11.942906218623804
21.45955832953581,31.83741398327524
3.723816100113865,36.31581069178857
-8.657466048304286,4.652936998737928
33.30374518535507,30.420569431073343
-92.76029547400015,19.70368081017321
12.735559928067772,11.578951027428012
52.78796084515773,29.22739596194833
42.077281885724545,31.72492299534889
-54.84476686342879,36.10508609312406
31.674850179757584,36.10508609312406
10.939881450214767,25.447105542939124
18.311015560505023,20.28222278472817
21.306661795771607,21.44874346620925
-12.897831405318954,21.56487561270493
-1.5974333840835016,16.12384262285483
106.28393631959233,23.218144734904
10.545092996804264,25.447105542939124
-74.23727461690271,12.190795575052846
-28.725592586461175,8.320220391373894
5.435318275716099,12.571740219945433
-161.15562390057994,18.79185971370501
50.65675557373986,31.72492299534889
-23.48010127295572,8.795230083567638
41.02484338261391,10.425683441718604
-10.358191427019904,13.23318471616647
33.52553387203898,25.59892040830825
-8.20343170817278,19.70368081017321
-2.985532140718618,26.58932955325777
26.67485762144821,19.647957347052547
6.959039646718182,22.092249117524783
40.50819031517432,29.22739596194833
-61.250355836735025,22.092249117524783
-3.6240755106285256,9.647452638974611
-56.87011047178032,25.725153340464843
114.82904555814116,31.83741398327524
-45.42175467947925,25.447105542939124
26.346199365984575,15.599548132494943
-4.339140319300494,26.302762831609364
14.978387861591225,26.58932955325777
27.124528963517008,22.56870007006657
34.13555707424708,17.156511257966585
24.07323124001644,30.86665725132705
1.113396042040705,19.647957347052547
43.56685248103025,26.302762831609364
-10.582372380110106,8.332942688788997
-99.4121579887227,19.647957347052547
70.58607589173914,18.79185971370501
-4.8734530306107615,11.944636704804305
10.68249465535365,7.950620098438058
22.102632143837326,13.23318471616647
11.079893124768732,38.426488642538814
12.118853348606876,7.950620098438058
-109.61754948244368,22.32621505968753
9.86666459575855,13.608850492731817
-86.48663595799798,19.70368081017321
-3.05094833216301,35.40501989106287
-7.125807226264257,15.578164380055544
-15.750475652452582,9.518818038309782
-63.04252570785877,36.10508609312406
9.407221415394474,6.687900598978352
-0.6905555527123539,26.302762831609364
82.72921367013714,13.608850492731817
-9.49431550630868,13.23318471616647
-72.96877368883335,38.426488642538814
-97.54966742828356,36.31581069178857
17.05136960919691,21.47494878544683
11.455779044099245,17.932562693756196
3.8080949861916906,1.132160989646131
5.582373825146021,35.40501989106287
4.760613296815379,35.40501989106287
-17.648902675013403,12.571740219945433
0.8376015765041416,30.86665725132705
72.67893793383729,9.518818038309782
12.076871323816434,34.4734454458848
18.044915612451874,16.12384262285483
-13.615725039010272,12.613632740062826
-14.814799076362306,34.4734454458848
-27.17310439532747,16.766249047417915
5.232157730958534,16.12384262285483
8.628797674360754,30.409884059187547
31.06241593770062,11.944636704804305
21.04609191585525,21.61563065615585
27.17348942770414,19.647957347052547
-123.57540798214723,16.12384262285483
-108.16799277172197,21.44874346620925
13.75200077993361,34.4734454458848
6.534796207168085,15.599548132494943
-9.710512472875962,4.885271868806392
14.472979595383343,21.47494878544683
-8.283941631646002,35.40501989106287
4.410457701938633,19.70368081017321
-33.25733702756855,7.950620098438058
31.916080227904857,17.05947641370443
18.609294801040306,18.117577938721773
1.198673347797694,24.09174497286721
76.49211157839505,25.447105542939124
7.679296935279282,20.28222278472817
19.29740236877896,31.83741398327524
58.99857155510006,18.117577938721773
4.195322308074282,13.608850492731817
26.826331780496304,9.518818038309782
30.544108464525245,21.47494878544683
-151.828251811551,27.451018475410933
-24.841140269691607,13.272856279921823
38.809608737514914,11.944636704804305
-68.07447446936828,21.61563065615585
-11.918918876975354,22.092249117524783
61.45378395627762,13.272856279921823
-101.44065838789516,18.562253210557493
-31.427279423595564,3.927831006064245
40.01626862044732,24.09174497286721
14.342485442470462,21.56487561270493
27.127349195134627,27.451018475410937
18.567707738567208,29.32505767081869
20.423736610296945,29.22739596194833
-8.430494928526514,35.40501989106287
4.373639408516695,23.14825227454956
31.677475253369025,23.14825227454956
-44.60942893621319,13.272856279921823
31.891438046058326,7.950620098438058
58.66375528349624,27.451018475410937
-64.87290346604709,21.83368081202904
26.214210994340164,9.647452638974611
21.38572402371318,33.36162869752894
88.9702569631695,18.562253210557493
-43.13888762639698,23.14825227454956
-9.297185078611797,22.82469145311972
-43.68344493193371,17.114253331641656
-57.470409771043705,18.117577938721773
17.535391049508576,12.782315118678907
-14.842079138840923,21.61563065615585
49.261498388560554,31.72492299534889
20.6818118332958,29.22739596194833
5.720841416240759,11.942906218623804
55.39852151602474,38.426488642538814
19.225120200147074,21.47494878544683
-27.336944576765404,35.40501989106287
13.197060018411506,16.143774716964504
-53.626545597700044,30.409884059187547
33.96170145447896,38.426488642538814
21.162424908321768,23.218144734904
22.87993760317812,17.05947641370443
55.71590197130655,5.69363914978576
0.2341564237090097,4.885271868806392
6.430185859892763,7.950620098438058
-23.29260063405833,11.944636704804305
10.397458841005232,4.38846568617879
10.500325048716576,25.447105542939124
16.20966538772136,15.599548132494943
20.709630131328836,12.789203739932198
-88.64570438834659,27.451018475410937
19.38900014038463,30.86665725132705
-0.11765308203962377,13.272856279921823
-160.92909776260274,38.426488642538814
13.008288233079625,8.320220391373894
-61.86584127732033,31.72492299534889
0.33253205742641967,16.64323622189432
-9.25490730827886,36.31581069178857
28.352789582953818,13.23318471616647
-51.06400927072002,11.578951027428012
96.03910889204496,25.447105542939124
-22.090144951468847,16.143774716964504
-11.882898516532979,12.613632740062826
33.915904373701665,19.647957347052547
15.939808368849924,21.81703550251781
18.555557334187526,7.950620098438058
-27.809916998139016,25.59892040830825
7.6497877742610285,19.647957347052547
0.8193319176985341,23.14825227454956
-26.188743368688023,36.31581069178857
-0.9897040394027385,16.766249047417915
1.265518375547701,25.447105542939124
-25.797051853578296,9.647452638974611
-18.480887982315863,3.927831006064245
-2.270732970574443,20.90306101162109
-0.3545037114861884,22.092249117524783
49.969245887544616,17.932562693756196
26.660523961968465,33.36162869752894
48.49380807966486,12.190795575052846
21.418190311015138,36.10508609312406
-56.149680822311666,19.70368081017321
0.6065067793755787,21.61563065615585
-140.63867566476392,26.58932955325777
17.57268321238487,13.608850492731817
-2.3644208170720162,4.38846568617879
21.635647112521752,21.44874346620925
-14.726672409267488,9.518818038309782
21.709258091271863,22.32621505968753
47.18845562387719,27.451018475410937
20.136591678209697,21.81703550251781
1.706946473198201,10.52412367775796
-35.73599586778283,35.40501989106287
8.265219337718804,31.83741398327524
-94.27128968276628,22.82469145311972
-23.79735243972891,16.766249047417915
61.23985220887482,18.117577938721773
-27.625220509456028,16.766249047417915
42.61017149672682,11.578951027428012
19.37364061057059,21.61563065615585
11.529059942614872,11.642586775623563
-11.55973550862052,4.652936998737928
-19.800716249492893,16.143774716964504
-24.07778592218874,30.86665725132705
-138.26905426950862,13.272856279921823
5.85156345819928,16.12384262285483
17.975866098107627,8.320220391373894
-17.08190148468448,12.190795575052846
-0.6065697758041608,25.59892040830825
41.5445880667105,6.687900598978352
61.87062070331342,13.23318471616647
33.65388839974075,18.562253210557493
23.19267784458129,8.795230083567638
31.38343512708707,9.647452638974611
91.5900513297841,25.25684355246182
-22.32802986025729,7.950620098438058
-55.11313705252962,17.156511257966585
-9.083122709451445,8.795230083567638
7.184648707587584,29.32505767081869
3.2302554583822314,17.114253331641656
19.62912472270986,15.578164380055544
-1.7609217742742902,37.68124385002402
-16.486663572577868,5.69363914978576
37.560726255029934,17.932562693756196
-7.261238077817552,10.425683441718604
5.786929361568198,25.447105542939124
28.259639750686826,1.132160989646131
-9.432432743812058,12.190795575052846
23.05418663730879,13.963866260572992
21.282731595590505,24.09174497286721
-14.19152533623884,10.425683441718604
-4.4742052290433065,18.79185971370501
-4.722681645447551,21.47494878544683
-40.45738549307089,15.578164380055544
-58.42507342881885,10.425683441718604
17.328923690919382,16.64323622189432
9.50651393498805,22.092249117524783
21.64674924857755,24.09174497286721
-18.2725286223137,5.69363914978576
-144.29204629650633,26.302762831609364
11.081890036512547,11.942906218623804
-54.395956412871385,33.36162869752894
9.02954315007618,30.420569431073343
-39.23383578169398,13.23318471616647
10.447345076564204,9.518818038309782
0.6447081173458855,19.70368081017321
27.714374200291317,21.81703550251781
-79.93446771279974,12.336111894138924
13.491023754941953,13.272856279921823
27.83654814896198,26.28135983123264
-87.50160571395173,21.47494878544683
-30.775296384829858,22.56870007006657
-9.164174692926387,11.642586775623563
27.06363339950383,19.647957347052547
-19.442985157837654,16.64323622189432
86.95094079821212,26.58932955325777
40.856039593826665,17.156511257966585
-5.531721675214605,30.86665725132705
-26.97754177221563,15.578164380055544
51.30488036686256,8.795230083567638
-57.32466769685297,21.44874346620925
6.578654861817824,19.647957347052547
-105.5970333006859,16.12384262285483
12.964527213966065,3.927831006064245
8.58987256675456,11.642586775623563
-23.87401531821365,21.56487561270493
-8.81585621683439,33.36162869752894
18.873937914272503,20.90306101162109
35.851868059786796,19.647957347052547
28.959646540895374,29.22739596194833
-75.16911318344427,11.642586775623563
-123.6291603049201,1.132160989646131
5.949607700782849,12.782315118678907
-1.4081766829869444,16.143774716964504
42.46260633444514,17.114253331641656
-23.343477968956677,17.932562693756196
-15.495040616169675,15.578164380055544
-0.23090015755164472,12.613632740062826
24.36984729795973,36.10508609312406
32.93742265787671,16.143774716964504
-6.111999652209676,37.68124385002402
87.37654245009549,12.571740219945433
34.05710145046919,8.320220391373894
-92.49994679671221,31.72492299534889
18.72930360197816,7.950620098438058
41.59204824781423,18.757994207245872
13.710057691353654,12.336111894138924
1.9505912257166642,31.72492299534889
88.34939912608189,25.725153340464843
-15.417495885717926,9.647452638974611
74.83491316320101,11.642586775623563
39.821298902082475,33.36162869752894
21.517081428536045,8.320220391373894
21.065658585659953,31.83741398327524
14.135255318359498,27.451018475410937
21.573923203296715,18.562253210557493
-99.74433399686222,36.10508609312406
17.518526934533,16.143774716964504
-20.73313049298804,21.81703550251781
85.19775134747408,18.757994207245872
-4.06212784443773,20.90306101162109
87.85684161517668,25.59892040830825
-38.89764596053277,12.336111894138924
13.894258014525018,36.31581069178857
-83.01319566452412,24.09174497286721
26.63656632595064,17.05947641370443
-25.279182850549674,6.687900598978352
-158.50942231757438,3.927831006064245
7.363201249036365,21.44874346620925
71.16966549017229,4.652936998737928
-51.34439100197824,23.14825227454956
-16.76599880550924,8.332942688788997
13.416350721720406,4.38846568617879
29.922133689151025,30.409884059187547
11.991684372979762,10.425683441718604
15.670431783177946,13.23318471616647
25.164229307447954,31.72492299534889
58.434867450881256,21.56487561270493
5.763839998532202,17.932562693756196
-4.383484292461333,4.885271868806392
-65.52797286963727,12.782315118678907
13.626139702313885,5.69363914978576
-32.70442977797944,12.571740219945433
-11.194526401342813,20.180144970495384
-9.987845853615173,12.782315118678907
-1.4777493221445681,11.578951027428012
2.1207294063368636,26.28135983123264
25.518660389255217,11.427424278367262
0.6636238735718365,37.68124385002402
29.089149680619926,11.942906218623804
-0.24236457453756088,23.218144734904
22.42587677247971,12.613632740062826
-83.68389798768709,9.647452638974611
11.337053735918403,8.320220391373894
-27.330368331109128,16.64323622189432
13.60753823836086,8.795230083567638
20.06528706505538,4.652936998737928
53.152542334437896,17.932562693756196
51.81434260019856,16.64323622189432
9.217760209221922,21.44874346620925
-4.542126720235842,4.652936998737928
27.14180247743753,33.36162869752894
-66.11307387475881,4.885271868806392
12.504014483304204,11.642586775623563
22.47610402734759,17.05947641370443
18.846016914858524,4.38846568617879
17.474963739576026,24.09174497286721
7.568163471930021,29.32505767081869
-38.70887808541357,16.64323622189432
34.798237388964196,23.14825227454956
-74.02989947380979,17.156511257966585
-21.3147132547997,25.25684355246182
28.040841657457577,31.72492299534889
-39.45190028458012,29.22739596194833
35.829258294283306,19.647957347052547
-2.9394074390982006,11.578951027428012
4.618915434585347,18.79185971370501
-8.014892863201538,25.59892040830825
25.6772344354426,37.68124385002402
91.93306972078273,34.4734454458848
-52.29161342924351,14.353464935930552
30.94109015350373,12.613632740062826
-26.51602551570602,8.320220391373894
-0.7592965995667669,20.90306101162109
10.282859790941226,25.447105542939124
27.083550774191025,13.23318471616647
26.214769876117572,5.69363914978576
57.77689077353861,21.47494878544683
8.365502990906382,30.420569431073343
11.583970618454742,30.409884059187547
50.77896208429709,30.409884059187547
-91.46736094858898,22.82469145311972
-26.724941070756017,18.117577938721773
-29.25074961367767,18.562253210557493
17.77604345738507,9.518818038309782
13.738361826439345,16.12384262285483
26.319189661015713,15.599548132494943
-6.278526841096294,12.782315118678907
-17.80826250156838,8.332942688788997
-70.81149304424787,21.61563065615585
9.12444954542871,18.562253210557493
27.48415259886303,25.725153340464843
-99.18272406119047,13.608850492731817
43.96536955114311,13.272856279921823
-63.461930511807054,19.70368081017321
-167.99178974912593,20.28222278472817
5.562010849802078,19.647957347052547
-6.214109351560637,12.190795575052846
5.76492781424858,22.092249117524783
108.33881843714829,23.148252274549556
-2.3708591806357617,21.44874346620925
-28.55772262372477,3.927831006064245
61.13012743121422,21.44874346620925
15.043246655354366,27.451018475410937
41.82528982531743,4.38846568617879
-48.25274561342496,26.302762831609364
2.754065275809282,5.69363914978576
11.309265327261482,15.578164380055544
31.553515717789537,37.68124385002402
11.529455988275089,22.092249117524783
-0.3983021347291924,12.336111894138924
26.57564818351904,8.332942688788997
-124.68946075632641,10.52412367775796
20.03256391413234,11.642586775623563
6.475695838008619,18.757994207245872
8.962302551405514,12.571740219945433
16.24484583648995,26.302762831609364
-108.1237602930579,8.320220391373894
20.083024730421457,12.336111894138924
-148.69915298539092,36.31581069178857
15.218923383748724,1.132160989646131
-2.326640677590035,17.05947641370443
-60.76033136718513,11.427424278367262
-35.543594083208745,11.942906218623804
14.493994496952553,13.608850492731817
37.5942192672038,4.652936998737928
-30.544499668587946,17.156511257966585
15.851949149082415,23.14825227454956
9.10219630100326,6.687900598978352
64.5605958880194,12.571740219945433
-4.232850645456693,5.69363914978576
22.16675781507849,16.64323622189432
-48.59284529395461,17.05947641370443
-1.5628130441509427,9.518818038309782
-21.65499307981105,18.79185971370501
-72.74370444829742,16.12384262285483
37.74515360349048,23.218144734904
16.80256531944704,21.61563065615585
-6.7021173933922,21.47494878544683
12.22855409049131,5.69363914978576
6.191303602418294,21.61563065615585
15.148211751509166,12.190795575052846
68.73591432807564,17.156511257966585
56.75384443631975,21.83368081202904
20.98974111146245,30.409884059187547
-92.5137259023652,18.117577938721773
26.315008748839695,21.61563065615585
-26.980201293787218,21.56487561270493
18.029823919202585,20.180144970495384
-84.48318274587888,17.932562693756196
3.967573836283293,22.092249117524783
26.02362070794618,13.963866260572992
-134.86526600129457,37.68124385002402
-12.185522653002824,18.757994207245872
-18.97867363270683,20.28222278472817
21.811646429162522,23.218144734904
27.784241649864793,21.47494878544683
-16.38883731953304,14.353464935930552
11.959177069725655,23.14825227454956
-42.61431890033282,8.320220391373894
20.214022655453153,25.725153340464843
-11.324132243126883,22.56870007006657
19.021020312531846,10.425683441718604
7.923957884827757,4.652936998737928
10.04310201554489,26.58932955325777
11.986647202031499,19.647957347052547
88.35649756223307,11.427424278367262
99.1525327424581,18.117577938721773
5.954993036768357,18.79185971370501
-56.34517296140416,17.114253331641656
0.8713382943792851,16.143774716964504
10.218814625485038,30.420569431073343
15.575959618069163,26.302762831609364
19.130274664798776,13.963866260572992
28.485371901545022,13.963866260572992
-18.26084029589748,21.56487561270493
5.754403239115206,20.180144970495384
21.584872841593352,20.180144970495384
14.096911300615261,29.32505767081869
13.255698678996737,16.766249047417915
-20.124912543604125,4.38846568617879
20.44143180705541,30.420569431073343
45.34789596899353,4.652936998737928
8.651496702408913,12.789203739932198
-63.06596656103301,21.44874346620925
15.166323106766257,13.23318471616647
16.930546364017772,30.86665725132705
31.494409319086955,27.451018475410937
79.60591281145764,17.156511257966585
29.244722150542657,30.86665725132705
37.01560099196536,33.36162869752894
15.268710141744872,19.70368081017321
-5.0459863719556495,5.69363914978576
-45.571686228052556,14.353464935930552
26.817628202534195,34.4734454458848
-7.071910211578995,31.72492299534889
-12.39147993959557,12.789203739932198
57.817566133903995,17.05947641370443
-6.496547544911108,14.353464935930552
-3.061278851985435,18.757994207245872
121.16365176367913,8.320220391373894
40.17356722083508,26.302762831609364
18.942374978977327,21.81703550251781
14.160398303664806,37.68124385002402
-42.44286288346075,12.190795575052846
39.07843485051356,37.68124385002402
11.253615437986047,20.180144970495384
5.164301044808582,10.52412367775796
-7.709236750821049,12.782315118678907
5.617672133162472,22.56870007006657
10.271053678440268,20.90306101162109
-113.60487390421957,18.562253210557493
29.634664941435318,36.31581069178857
14.422699519039625,29.32505767081869
42.45167002885664,13.963866260572992
31.545692730347675,34.4734454458848
26.335893237228106,29.22739596194833
8.157785173537548,26.58932955325777
35.38676019124702,30.420569431073343
-80.74393840298137,21.47494878544683
2.99573390179593,22.82469145311972
-110.39569390208953,16.12384262285483
-36.213121683259885,11.427424278367262
-10.248457132460373,12.336111894138924
32.29429850244563,9.647452638974611
51.18128598870965,35.40501989106287
30.535846214821333,1.132160989646131
7.934678701066687,14.353464935930552
7.116290561467952,18.117577938721773
-16.25419243433676,12.613632740062826
-49.5295006628196,23.14825227454956
-0.07168642115679802,15.578164380055544
18.9221950487364,21.83368081202904
33.053717001322696,17.156511257966585
29.49757803926383,21.83368081202904
46.298376204781675,36.31581069178857
62.61744406759436,36.10508609312406
33.472942094332346,33.36162869752894
35.69014721713344,25.447105542939124
9.797080786037327,27.451018475410937
-52.57499858101551,19.647957347052547
17.772243965515386,6.687900598978352
27.201194235022314,10.425683441718604
19.537121904404913,21.83368081202904
-120.71637287447925,18.117577938721773
25.443871360594276,1.132160989646131
30.317996600217327,22.56870007006657
16.541140606328725,3.927831006064245
28.45549440928204,21.56487561270493
-16.861042277634965,17.932562693756196
42.35330291602463,12.613632740062826
23.655457030101225,18.79185971370501
16.674400135381248,25.59892040830825
3.4235919880877077,21.81703550251781
1.1624738542280966,8.332942688788997
7.092638297225491,29.32505767081869
14.830624087212982,20.90306101162109
-15.24148222507506,21.56487561270493
10.700263407099328,11.942906218623804
-51.238134822092434,11.578951027428012
-6.3716148103868875,20.90306101162109
2.50029932405851,14.353464935930552
-22.11669272022931,18.117577938721773
13.630178515379157,20.28222278472817
-80.04311429138886,3.927831006064245
-9.888788033361664,11.427424278367262
47.87241683368575,21.83368081202904
-124.30050197130208,16.64323622189432
-13.708176549188863,16.12384262285483
37.81797217973643,11.944636704804305
14.020539696303047,9.647452638974611
52.86655139125173,30.420569431073343
13.868919942396644,23.218144734904
15.339958654593204,18.79185971370501
39.84731595937478,11.944636704804305
9.594281197167732,30.420569431073343
4.778992003039065,15.578164380055544
-42.30334723733199,14.353464935930552
4.063371979826915,22.092249117524783
4.828517933496798,22.32621505968753
30.59744700028432,15.599548132494943
41.77057080597176,17.05947641370443
25.09688895471851,34.4734454458848
-4.060695956596476,11.642586775623563
87.92758759960742,29.22739596194833
37.95024619257481,36.10508609312406
-0.4085617890735307,9.518818038309782
113.30420751358577,38.426488642538814
-25.826051614426888,4.38846568617879
-13.218160581798152,16.64323622189432
22.379122708009675,18.117577938721773
45.7728652922691,10.425683441718604
32.44823124469244,10.425683441718604
17.926468668831603,30.420569431073343
-5.363763512784061,12.613632740062826
6.281057317867219,15.599548132494943
-132.18091026100228,21.47494878544683
-72.08186870703628,29.32505767081869
47.9417373266981,15.599548132494943
-16.67673342709611,10.52412367775796
17.859387509652162,11.578951027428012
-24.55613977593748,17.932562693756196
20.046000299097248,10.52412367775796
-15.418473974185872,11.944636704804305
7.516349989693936,19.647957347052547
2.8681201601438318,20.180144970495384
-9.072685967950662,21.44874346620925
38.69672246983091,19.647957347052547
37.31722790233635,11.578951027428012
28.646690701499836,20.28222278472817
29.038218489483313,18.79185971370501
-13.89648521244925,23.14825227454956
3.0671265335568876,12.571740219945433
-70.17598993578196,21.61563065615585
7.3752268014017375,21.44874346620925
-82.21799723734046,20.28222278472817
7.0511333148246536,22.56870007006657
-14.408305606053318,18.79185971370501
29.47596711116035,21.44874346620925
31.58668839745731,12.789203739932198
18.969857731399514,8.320220391373894
17.59093915745555,11.942906218623804
-19.816555508559645,38.426488642538814
-53.77258119181454,30.420569431073343
7.634842784292854,37.68124385002402
8.463020154078194,5.69363914978576
25.013083337344852,21.81703550251781
-12.634635068173424,8.332942688788997
62.09028887958175,37.68124385002402
-1.033166274545266,12.789203739932198
-58.647442579424535,17.156511257966585
-24.769582159803463,17.932562693756196
11.171506399369406,15.599548132494943
-41.60827328051192,11.427424278367262
-28.101600046561117,16.143774716964504
-83.94747525207322,36.31581069178857
13.658010570688461,8.795230083567638
35.826722149858895,9.647452638974611
-2.0850725571983446,26.302762831609364
90.84310510917055,13.608850492731817
-80.06156296574454,22.82469145311972
12.785239623395311,13.963866260572992
3.7956429055369227,21.61563065615585
42.07375929092609,27.451018475410937
-1.981281306555033,1.132160989646131
34.253271117489646,25.447105542939124
9.80340662319071,35.40501989106287
49.87032477407385,25.725153340464843
35.96366138482892,31.72492299534889
10.134866549863602,38.426488642538814
-83.655264411026,38.426488642538814
23.961797604259665,13.608850492731817
26.72888056001875,38.426488642538814
-4.071838200004617,26.58932955325777
-10.396082321212816,8.795230083567638
-17.607318252524777,22.32621505968753
-33.51534980419552,18.117577938721773
24.39703846559859,12.336111894138924
-13.785869508297843,23.14825227454956
65.38192239803669,11.642586775623563
33.926892859262324,36.31581069178857
-16.839882540380987,35.40501989106287
5.264451839811585,25.25684355246182
-6.819978273161887,4.885271868806392
7.319534045812501,14.353464935930552
-3.6264194119680155,9.647452638974611
11.706784289384927,18.79185971370501
59.146314559019515,21.56487561270493
18.824435997230744,30.420569431073343
11.135895494240799,36.31581069178857
-14.257498873498264,30.409884059187547
8.803122455681773,36.10508609312406
67.15241419880124,12.782315118678909
20.87247568210418,13.23318471616647
63.60389387212035,17.05947641370443
-4.785097527498635,21.61563065615585
-3.0137086546639145,20.180144970495384
-86.89450644162969,31.72492299534889
42.59920243083752,21.83368081202904
28.511055654982982,1.132160989646131
-6.765923719279726,25.598920408308246
-8.501155870222647,14.353464935930552
-57.90942512990193,21.56487561270493
-11.015851930641873,13.608850492731817
10.431470265810633,16.766249047417915
20.205637935802997,11.642586775623563
16.779764635246664,31.83741398327524
59.08764845762232,31.72492299534889
-12.083020151102232,30.86665725132705
-11.82964044014824,17.932562693756196
-136.5195610685695,21.44874346620925
52.39182364228327,23.218144734904
22.837136553263633,20.180144970495384
14.760607020911081,16.143774716964504
33.84193001655342,15.599548132494943
-70.87974700158998,19.70368081017321
3.130802977854273,15.599548132494943
-90.13130073373645,26.28135983123264
-12.418939603199718,4.885271868806392
26.926068924080482,27.451018475410937
-54.99167887000499,4.652936998737928
5.313260265204911,11.942906218623804
101.41767394415729,5.69363914978576
-135.16358765956863,3.927831006064245
34.25490809954886,14.353464935930552
37.504356233903366,11.944636704804305
19.502652997140277,17.156511257966585
32.382911880025716,21.47494878544683
-118.84550174977062,22.82469145311972
-30.725432532229547,11.944636704804305
27.11708888669932,18.117577938721773
28.308509233146438,38.426488642538814
30.56092536592797,38.426488642538814
31.29004797534729,31.72492299534889
-14.14800508537628,11.944636704804305
-4.774734749369173,5.69363914978576
20.652913543157695,37.68124385002402
-95.08029037262122,11.642586775623563
9.319034128524393,16.64323622189432
12.29227412104592,18.117577938721773
16.820482697504474,14.353464935930552
-21.214476380150245,12.571740219945433
3.2067154460408034,22.32621505968753
2.3768737744478727,11.642586775623563
15.005620607214581,21.56487561270493
7.463686639740187,35.40501989106287
2.2212026237452562,23.218144734904
23.897993946800966,21.47494878544683
-81.28265064436516,18.79185971370501
7.234837985710186,22.56870007006657
-47.45634790062377,4.38846568617879
-32.88342115575375,19.647957347052547
-9.303228160756532,21.47494878544683
27.593416831523385,15.599548132494943
30.333731417212732,21.81703550251781
20.140024488465258,9.518818038309782
-118.10915153242593,5.69363914978576
-13.786482040449641,35.40501989106287
-7.913982368894892,24.09174497286721
26.581793697370912,21.44874346620925
5.4202427615508695,30.86665725132705
28.900230834862,11.427424278367262
-87.46778487250617,5.69363914978576
9.555233969406913,18.117577938721773
-55.95815454819575,22.56870007006657
12.947006502687373,25.725153340464843
-6.850526931238903,20.90306101162109
23.49338898498334,30.409884059187547
-15.514196098455784,22.82469145311972
-13.20325442461359,12.782315118678907
22.59655487765771,4.38846568617879
79.07813510602159,17.05947641370443
30.527087730993813,18.117577938721773
-23.497277740750064,9.518818038309782
6.336042617893668,11.578951027428012
-2.307681469286649,12.336111894138924
-29.87944558159282,12.571740219945433
33.424614299695236,17.05947641370443
24.60813855901398,16.64323622189432
34.94867689827369,13.608850492731817
23.123697113470797,30.409884059187547
24.56162682519228,31.83741398327524
27.62229690617616,33.36162869752894
-123.72202012859896,22.82469145311972
61.61974978024773,19.70368081017321
40.271841746812285,12.571740219945433
24.522311883199052,29.22739596194833
-23.08015395064679,9.518818038309782
-26.892453720061212,22.82469145311972
17.717559331186976,12.190795575052846
7.935727527606801,15.599548132494943
7.185790600519908,8.795230083567638
-0.690506199586423,4.652936998737928
-24.772735591679805,8.332942688788997
-112.79260695812286,8.795230083567638
-14.523062464648966,16.12384262285483
-3.4370440782371645,16.766249047417915
41.99310290476582,4.652936998737928
-65.36630826132023,12.782315118678907
15.860745623336449,4.38846568617879
20.45500491439958,14.353464935930552
31.88117117978466,4.652936998737928
18.27430327062919,3.927831006064245
-116.04693026989594,13.272856279921823
32.705624346937554,5.69363914978576
16.292331007553884,8.332942688788997
16.55520451009602,23.218144734904
13.958949986252298,23.218144734904
-52.43927427770234,12.789203739932198
13.273809216331244,36.10508609312406
-3.02032337324124,9.518818038309782
-18.364061518201027,11.942906218623804
7.285660725985011,20.90306101162109
17.788043624604597,21.47494878544683
29.539425974947967,21.56487561270493
13.03636009862447,23.218144734904
-12.10664507025055,1.132160989646131
-76.67161199287284,21.47494878544683
-6.915040396335799,20.90306101162109
-35.440366471484026,14.353464935930552
-52.42676805367563,9.647452638974611
49.771213680383084,18.117577938721773
97.0068708164523,36.10508609312406
8.857071376100722,21.61563065615585
-147.65630213922884,18.562253210557493
16.769964760990938,23.218144734904
-2.341893224680689,27.451018475410937
-26.431346924700364,22.56870007006657
-10.656866420018048,20.180144970495384
20.66544183877039,25.725153340464843
-7.9862979311413085,11.642586775623563
17.342891078615168,16.766249047417915
32.54909046144179,24.09174497286721
8.54758757736456,25.447105542939124
23.573735131616857,20.180144970495384
3.1631061976250407,11.427424278367262
18.18645203197451,13.272856279921823
35.54042132783292,4.652936998737928
12.242419798123848,15.599548132494943
16.036669736729067,4.885271868806392
-19.186179088369443,22.56870007006657
-1.2375490382150645,25.59892040830825
-13.340120245491335,1.132160989646131
11.458239433943099,3.927831006064245
-17.216848534666106,19.70368081017321
2.1497400644730327,6.687900598978352
17.42042469228636,18.757994207245872
3.7444631286301586,4.38846568617879
-0.93270397818074,9.518818038309782
-22.352923752637764,25.447105542939124
-5.85590117671067,30.420569431073343
90.39020746486472,22.56870007006657
-11.247741923690821,16.143774716964504
44.01199635829005,4.652936998737928
-5.912043077237968,25.25684355246182
-17.19880810565371,31.72492299534889
30.258931822152128,13.963866260572992
29.659310194066805,21.83368081202904
15.477037675860316,17.932562693756196
-20.793636397058208,8.332942688788997
5.330544067818522,17.932562693756196
-96.15953207864402,33.36162869752894
10.222713104043297,22.32621505968753
49.093754332365904,37.68124385002402
26.103714177706635,16.64323622189432
88.05407086810999,20.90306101162109
10.699692708910554,22.82469145311972
1.143426006822466,12.782315118678907
19.65586018620408,19.647957347052547
31.114266112214807,17.05947641370443
9.49003549311081,34.4734454458848
-26.865787922067184,22.56870007006657
22.17696321757505,21.47494878544683
13.744299711530157,12.190795575052846
-19.829508175954828,11.944636704804305
0.21917875919780272,38.426488642538814
-24.490863912865308,13.23318471616647
7.639036188869326,3.927831006064245
40.64917444089,31.72492299534889
2.0124445018434605,29.22739596194833
-12.230442273765675,25.59892040830825
6.923065669969986,12.571740219945433
-0.6332034876489914,12.782315118678907
10.65102674395272,17.932562693756196
25.42700165420689,16.766249047417915
-53.29532771811125,11.427424278367262
-47.20532925059399,5.69363914978576
-28.510505470154783,7.950620098438058
25.47052666157765,23.14825227454956
89.53856354562589,26.58932955325777
-22.56025149050396,31.83741398327524
-32.61520030070915,26.58932955325777
21.203604138254306,4.652936998737928
-41.25927306039682,12.336111894138924
-4.882752228567256,30.420569431073343
-17.321365648302248,13.23318471616647
-52.309538591036244,22.56870007006657
-16.084486568495578,16.143774716964504
6.527424688937714,10.425683441718604
-106.6565186737713,10.425683441718604
9.816671547967132,29.32505767081869
-3.94959050386295,21.47494878544683
-24.856431413927226,25.59892040830825
-77.75014882770176,11.942906218623804
13.212245260749164,20.90306101162109
-32.89887439823218,3.927831006064245
-35.206887192477836,26.58932955325777
18.889499848736733,13.608850492731817
-12.502585451025418,13.272856279921823
118.12841031479348,6.687900598978352
-27.97146604195035,18.757994207245872
-10.128192219738224,35.40501989106287
-3.7577232093748307,36.31581069178857
8.996870708106698,25.725153340464843
14.511299260198001,34.4734454458848
30.969816556071365,14.353464935930552
36.44631756528071,30.86665725132705
32.60173953575958,25.59892040830825
55.91577213416059,21.47494878544683
8.774643763488086,4.885271868806392
65.0300900798834,31.72492299534889
-102.89806945806254,19.647957347052547
18.0253248402837,13.608850492731817
-12.514674480702418,17.932562693756196
14.825233627767346,20.180144970495384
-0.6100014049750015,31.72492299534889
-52.81221150672195,30.420569431073343
112.20061541951827,25.725153340464843
8.066492828836981,1.132160989646131
33.192968355007054,15.599548132494943
39.06640095803968,33.36162869752894
42.375592587538904,22.32621505968753
14.644576203267263,20.180144970495384
-18.550467280137582,34.4734454458848
15.620872247882538,29.32505767081869
35.441430047741505,6.687900598978352
5.90960827213965,5.69363914978576
4.832286903362586,13.963866260572992
25.900014234358537,16.12384262285483
12.952644938151835,25.25684355246182
23.313085438646283,4.652936998737928
28.538362715868633,9.518818038309782
-40.47512937948514,16.12384262285483
-24.843558705495468,20.180144970495384
24.105977896484276,21.56487561270493
-108.7802676824191,11.578951027428012
14.640154525813543,16.64323622189432
33.83753750696822,21.83368081202904
-27.877222695506305,12.613632740062826
98.95931485831608,10.52412367775796
19.743509634961043,29.32505767081869
27.1091694079822,15.599548132494943
-11.928486223472703,1.132160989646131
-2.709504808598382,21.61563065615585
8.050768484934792,5.69363914978576
32.339136108115795,17.05947641370443
39.61692786681155,6.687900598978352
-67.18757730550556,26.28135983123264
71.80120777160647,25.25684355246182
-8.302160341921127,29.22739596194833
6.128739172811855,25.25684355246182
55.133799948348326,29.32505767081869
-24.564917846239553,4.652936998737928
22.70518500188321,29.22739596194833
40.09554945942541,21.83368081202904
-0.7736629465007354,12.190795575052846
32.70515502473532,31.72492299534889
-72.23668385146959,1.132160989646131
-30.611527551490582,7.950620098438058
3.9017181773503467,26.58932955325777
-97.57764580232356,21.81703550251781
61.70652965153408,13.272856279921823
-71.68645431608735,21.56487561270493
32.16308188264122,17.05947641370443
9.419124772846374,31.83741398327524
-1.9263206034209475,17.932562693756196
30.454872328058755,29.32505767081869
78.14479065739687,11.642586775623563
-0.5408669589050987,3.927831006064245
47.07063406444763,30.409884059187547
3.5019121496058254,30.86665725132705
52.56775089873997,25.725153340464843
6.889753468080414,24.09174497286721
-90.95888330205685,15.599548132494943
14.185695323508014,5.69363914978576
68.51331745012692,29.325057670818694
-86.94966224035687,20.180144970495384
25.7258851563505,16.64323622189432
-2.9880203323263217,16.12384262285483
-6.585977058376358,4.885271868806392
7.568574433810085,12.190795575052846
-18.375203586833564,21.47494878544683
12.261994131940568,16.766249047417915
-32.92081540451238,22.56870007006657
-31.016312890050358,21.61563065615585
-18.429071404652035,16.64323622189432
-41.57553792860995,20.180144970495384
39.47017194103971,31.83741398327524
18.3235156153618,17.156511257966585
18.243256127477196,27.451018475410937
-91.4829695314072,17.156511257966585
25.28040902312631,29.32505767081869
14.170321392042379,21.44874346620925
26.80089758522655,12.336111894138924
-67.67035098173454,11.942906218623804
10.45802856373166,16.12384262285483
29.32227181882985,4.652936998737928
-110.4640270629078,36.10508609312406
16.378269951804143,12.613632740062826
15.384987153745975,29.32505767081869
19.756977284542472,7.950620098438058
-106.32688383218135,18.117577938721773
-80.01526623848008,20.180144970495384
-102.24429181474011,38.426488642538814
-101.32060274091464,29.32505767081869
36.7113048233326,29.22739596194833
-98.9700452692473,30.420569431073343
0.029074793090771323,22.32621505968753
2.2957368561401097,16.64323622189432
29.57553400646708,13.608850492731817
-0.7210122441145472,13.963866260572992
7.60574733784162,13.272856279921823
-87.68727128823076,15.599548132494943
-63.790644190383205,11.642586775623563
-32.17259662913358,11.427424278367262
-7.736222352223564,26.28135983123264
-176.10848516413728,36.10508609312406
29.46252323774448,16.64323622189432
0.024511330107429785,17.05947641370443
11.95463215923192,33.36162869752894
-9.40067224761055,26.28135983123264
-3.3099523365402064,25.59892040830825
-108.25574208383881,25.725153340464843
-11.863429986609447,1.132160989646131
-0.7141103128202033,12.782315118678907
34.04607475732968,12.789203739932198
3.618212644810649,19.647957347052547
16.938210210937427,11.427424278367262
-113.00648441011106,1.132160989646131
8.258210894149508,11.944636704804305
86.12879574820136,14.353464935930552
-7.44228306396667,22.32621505968753
-55.19169750477943,8.320220391373894
23.68790673980592,25.725153340464843
-18.958122843926947,3.927831006064245
37.57277774681127,31.72492299534889
44.46341104829412,16.766249047417915
22.73817911888457,22.82469145311972
41.779452108344536,17.05947641370443
-3.212964661397791,4.38846568617879
71.94412783771622,12.789203739932198
33.82923689266735,25.725153340464843
35.09935400126585,13.23318471616647
-54.80224577814755,19.647957347052547
27.85807635332999,26.28135983123264
36.29466633077395,22.82469145311972
19.236087689192104,26.58932955325777
11.692758747735922,15.599548132494943
-112.49855906663345,8.332942688788997
110.78319391902534,31.83741398327524
-72.59645184991894,25.25684355246182
17.564466343810295,11.944636704804305
16.608200860413096,12.336111894138924
15.44459178204744,8.320220391373894
-15.411962810869852,11.427424278367262
-9.137730528221653,20.28222278472817
-27.690727065940607,18.117577938721773
7.489614328682762,8.795230083567638
-3.182929166338738,29.22739596194833
25.4802715915746,7.950620098438058
54.68020461524918,16.64323622189432
75.22767121784847,22.82469145311972
-36.93179690388729,31.72492299534889
0.36124962886081136,12.190795575052846
34.331369719868206,13.963866260572992
35.462432590609126,11.578951027428012
9.350912393501837,20.28222278472817
-4.357962363905131,16.766249047417915
1.0544964734716018,25.59892040830825
29.642928788190886,17.05947641370443
33.49425404364719,13.272856279921823
37.49237755961815,17.114253331641656
65.80075595248263,15.578164380055544
-37.78345637282098,25.447105542939124
24.4726908732506,26.28135983123264
7.52202597107987,30.420569431073343
9.047892617142029,37.68124385002402
-65.71441461933728,26.302762831609364
60.56451672381047,6.687900598978352
25.760024527789348,25.59892040830825
-30.594617145781,21.44874346620925
-21.020280566500404,3.927831006064245
-54.24218230400788,18.562253210557493
21.192568487500182,13.963866260572992
-50.080455877090685,26.302762831609364
18.714313852744667,21.47494878544683
-4.976696563768613,25.25684355246182
17.560237200277186,33.36162869752894
-20.1274951581334,11.578951027428012
18.117100429152387,30.420569431073343
-48.013155630840515,21.47494878544683
-10.041091692643619,25.59892040830825
24.53435526207923,11.427424278367262
56.109064666334234,16.766249047417915
-102.55316823582626,25.447105542939124
29.725438428040228,17.114253331641656
-47.21088941236496,5.69363914978576
-30.156415165259986,16.143774716964504
36.09583706205272,21.56487561270493
3.701719433812059,16.766249047417915
24.312750779404567,26.28135983123264
6.736671009212898,26.58932955325777
110.67293521158194,21.44874346620925
-10.30955023424957,12.782315118678907
15.74479913589532,31.83741398327524
-82.34016908275487,36.31581069178857
-11.562764139350477,25.725153340464843
-14.994401525176784,24.09174497286721
-60.695868319536544,8.795230083567638
48.0475385850674,16.12384262285483
-14.251398389153053,22.56870007006657
-97.56634499172674,15.578164380055544
-83.44599812736442,12.782315118678907
16.861773888653715,24.09174497286721
14.523597038301226,29.32505767081869
-3.254212969803689,38.426488642538814
-21.03003973363701,13.963866260572992
97.52687084065423,21.47494878544683
21.64424420530928,21.61563065615585
28.561115694216213,9.518818038309782
-6.657216127667255,30.86665725132705
-61.29965453321017,23.218144734904
24.06844399299373,10.425683441718604
20.379073329705655,29.22739596194833
-62.0841425115442,26.302762831609364
13.293723080053141,12.571740219945433
14.706533443292884,13.963866260572992
-4.696174827906674,12.782315118678907
55.963854804981224,26.28135983123264
-63.165062927861186,9.518818038309782
-99.40517505676962,22.82469145311972
31.8765352376289,29.32505767081869
15.076661780951724,11.578951027428012
-21.25579097884463,35.40501989106287
28.743390837357765,4.885271868806392
-36.191082904229006,11.578951027428012
-50.99179617040829,25.59892040830825
31.006916441202584,38.426488642538814
-3.073334756424515,17.156511257966585
-21.056645482310586,4.38846568617879
10.271070509048135,12.571740219945433
76.35810873303501,26.28135983123264
9.534423640387878,31.72492299534889
-10.33761644540175,24.09174497286721
-20.557876612558886,16.64323622189432
-40.63230175621487,5.69363914978576
-24.878949776696686,8.332942688788997
11.262907139136587,12.789203739932198
17.841627199248975,20.180144970495384
23.925054689685965,38.426488642538814
-1.1263546115525855,12.571740219945433
7.162929995037349,10.425683441718604
13.889945828688894,4.885271868806392
-0.7931668261025919,12.571740219945433
29.48657747596728,20.28222278472817
32.41966166867914,8.320220391373894
-9.052624179314535,25.447105542939124
30.086691075125458,26.58932955325777
33.94469555669556,25.725153340464843
-50.548764026368985,11.944636704804305
32.98137871128846,3.927831006064245
-15.0145949730219,21.81703550251781
29.017866764921365,25.447105542939124
-19.539753098687747,16.143774716964504
-5.214226143192832,22.82469145311972
-89.94991282676222,4.38846568617879
12.540666008109795,14.353464935930552
19.258004562681947,26.58932955325777
34.5291150195504,36.31581069178857
12.653679202628105,10.52412367775796
19.418962343907026,31.72492299534889
22.84860579223148,26.58932955325777
-10.219055490761832,12.613632740062826
-9.50193173471365,20.180144970495384
115.74970624594937,34.4734454458848
44.18045312425011,17.932562693756196
96.9136875847322,20.28222278472817
-109.84720588781954,20.28222278472817
4.742461808983364,26.28135983123264
-10.302676055452423,18.117577938721773
155.86064032599398,29.32505767081869
14.57505852480984,17.932562693756196
-104.5389593632002,24.09174497286721
3.058292495293884,20.90306101162109
40.805435450535924,9.518818038309782
23.270763619179604,8.795230083567638
45.00998908577503,22.092249117524783
-10.209782572948516,7.950620098438058
51.50547155772392,23.218144734904
6.290116918364276,20.180144970495384
50.294150352255684,16.766249047417915
1.688056552808952,15.599548132494943
-5.925070516679412,21.47494878544683
-30.056694959877063,18.757994207245872
24.17344792887502,12.571740219945433
-63.49927810867359,9.647452638974611
34.123923672073886,21.44874346620925
19.296177432588934,7.950620098438058
-20.422211968572384,13.608850492731817
19.266643470604897,14.353464935930552
-8.362470978189137,18.117577938721773
-84.04672642759022,4.885271868806392
32.5868553118609,15.599548132494943
18.14511934513331,21.56487561270493
37.11791780415621,8.320220391373894
-18.41418149025759,21.47494878544683
91.73904100604057,38.426488642538814
40.359299864598825,16.766249047417915
15.82480946386434,16.12384262285483
14.118671840704124,20.180144970495384
11.404852224213926,22.82469145311972
39.059198320113374,27.451018475410937
-14.200913404910068,10.425683441718604
18.590494693607088,23.14825227454956
26.33842442467426,24.09174497286721
61.008791271311964,17.05947641370443
-96.45941549593181,4.885271868806392
-26.538803703326188,11.642586775623563
-38.67828544166417,22.56870007006657
-65.47975792127522,17.114253331641656
-3.756370233859201,16.143774716964504
-26.47490743967137,13.608850492731817
2.132642310196915,17.156511257966585
-75.07475529679243,29.32505767081869
11.490698563362244,23.14825227454956
20.203312880875714,21.81703550251781
24.2473279934543,8.795230083567638
14.727654953113642,12.789203739932198
5.377015569926982,16.766249047417915
-52.04046411577497,12.336111894138924
16.970702884339147,29.22739596194833
64.19066656015087,25.25684355246182
16.070233624121286,10.425683441718604
-17.442344912877076,15.578164380055544
13.511400282469367,30.409884059187547
-25.15157980842673,11.578951027428012
18.723555718359265,30.86665725132705
0.7327137933519907,5.69363914978576
-25.59472697877743,1.132160989646131
-17.96231232927073,21.44874346620925
0.311299973678274,26.28135983123264
-5.939765061736935,37.68124385002402
-43.356779048715,11.642586775623563
-2.9628663074840205,20.90306101162109
-21.51793416142931,12.782315118678907
-1.5763636576705267,11.944636704804305
-89.7779166999519,21.61563065615585
29.317386597508687,12.336111894138924
28.41169095534495,31.83741398327524
-27.14625765569008,8.332942688788997
33.47353457393858,25.25684355246182
54.41816747087364,18.117577938721773
-132.83561722110358,21.44874346620925
36.71860354294845,38.426488642538814
-5.825469234124185,1.132160989646131
-35.62369240293202,14.353464935930552
-83.80887152871242,3.927831006064245
27.531854010060613,34.4734454458848
-57.99710174267,17.156511257966585
30.319249600221067,23.14825227454956
20.271763769911562,8.320220391373894
22.758742639925856,9.518818038309782
6.95030531279906,20.90306101162109
29.07029867854567,11.944636704804305
17.959174067281495,17.156511257966585
3.0689481695300316,31.83741398327524
-5.1664162943686875,30.86665725132705
26.59731513287511,21.81703550251781
12.45228002662018,24.09174497286721
-36.26978785049806,15.578164380055544
13.126073388307105,21.61563065615585
-73.99643628178234,31.72492299534889
31.88915536473357,12.613632740062826
4.5231865999940055,18.79185971370501
19.196457291524553,19.70368081017321
24.043171288796707,26.302762831609364
6.1779322534708285,31.83741398327524
15.873260867690021,19.647957347052547
18.119007897647293,23.218144734904
-62.60951460582646,26.28135983123264
38.37032431647845,4.652936998737928
2.2467095926918574,25.59892040830825
-50.959235085726505,36.31581069178857
18.036520928184515,38.426488642538814
18.76126226318617,18.79185971370501
-3.615413840086376,35.40501989106287
-45.32257011597369,31.83741398327524
-86.33946955943588,36.10508609312406
-70.18408963651393,13.272856279921823
57.065713203871496,30.409884059187547
-2.8066275774540372,25.25684355246182
109.9966630633096,36.31581069178857
21.719357928653217,21.44874346620925
25.638321037120292,37.68124385002402
51.78427386098872,7.950620098438058
24.27487923859566,17.932562693756196
7.022594670197378,11.942906218623804
-18.847323782421824,15.578164380055544
46.3187810366918,18.79185971370501
38.88206032347351,16.766249047417915
-2.294993403975809,15.599548132494943
16.239833288378264,10.425683441718604
42.095740325395724,20.90306101162109
38.824721174327294,31.72492299534889
17.657932316706315,8.320220391373894
9.333752581203385,21.47494878544683
36.923355684573636,12.571740219945433
69.3144804103319,17.05947641370443
-4.815944472808894,22.82469145311972
15.992139548078882,18.562253210557493
30.9211910734897,17.05947641370443
2.8494390149554363,30.420569431073343
-4.086014510739361,29.22739596194833
23.75223843096448,11.642586775623563
-64.28421983130067,12.336111894138924
4.470811562757518,19.647957347052547
-105.66169330225773,21.47494878544683
-120.57588615070983,1.132160989646131
23.846280387852147,10.52412367775796
47.48141783253641,1.132160989646131
37.22568920787671,16.766249047417915
13.553182250546627,12.190795575052846
13.94666778726549,12.190795575052846
21.175260128842893,4.38846568617879
-126.26237187867025,11.944636704804305
-25.928363453492096,8.332942688788997
19.65794488422484,36.10508609312406
11.071385277654201,11.942906218623804
19.742589876015884,36.31581069178857
-96.84894945486735,21.47494878544683
24.97272290352346,21.83368081202904
-20.118245750525432,10.425683441718604
16.89127087898447,30.86665725132705
-9.342517207331184,22.56870007006657
29.224653252674244,36.10508609312406
32.43588596358147,21.56487561270493
42.58861637991027,11.944636704804305
12.086247230909649,7.950620098438058
12.86965870614631,17.156511257966585
14.565364425167616,29.32505767081869
125.5248899396206,21.47494878544683
25.26049506541041,10.52412367775796
17.080974848208783,26.28135983123264
12.940506593792179,16.12384262285483
-8.909835283415305,12.782315118678907
-88.11526724418849,16.12384262285483
17.778113113881286,30.409884059187547
-9.863467109970145,8.332942688788997
12.574863932886323,3.927831006064245
-13.328454723202299,17.05947641370443
14.827207922340243,21.56487561270493
27.788942135105188,31.72492299534889
19.26974977108405,12.782315118678907
39.698487386862865,35.40501989106287
32.26532595814996,30.409884059187547
41.326727589738425,29.22739596194833
53.955368707059165,27.451018475410937
53.59379300876263,8.320220391373894
2.4063109436965533,11.642586775623563
-44.60738148730326,30.420569431073343
9.518433715313982,21.47494878544683
47.98306778051143,11.944636704804305
107.89915846741468,17.114253331641656
14.163425584993494,18.562253210557493
62.3791997955463,20.180144970495384
36.62061376164019,35.40501989106287
-0.8895069969937595,30.409884059187547
-19.09280411900326,36.10508609312406
-39.23851803365174,22.56870007006657
-54.70287656946198,36.10508609312406
-3.876510082937216,23.218144734904
30.411452920156364,29.22739596194833
-16.051947007836816,11.578951027428012
13.228884716375532,10.425683441718604
16.61265344958615,21.47494878544683
25.82293611729591,21.47494878544683
-7.005356509243455,4.38846568617879
-65.33712994581253,22.32621505968753
53.034823066652734,29.32505767081869
-39.61850719320489,10.425683441718604
19.568002499171826,5.69363914978576
36.70044251579381,26.58932955325777
34.968111619066605,23.218144734904
25.366325611452183,29.22739596194833
19.83485255881786,20.180144970495384
71.94881621731554,30.86665725132705
-17.79328470175392,13.272856279921823
18.355137634699716,10.52412367775796
-35.27825957170137,13.963866260572992
-19.96104216443004,15.578164380055544
4.5019457732356045,11.942906218623804
-13.214476122245742,18.117577938721773
31.37239376399239,15.599548132494943
103.10277426797921,8.795230083567638
0.9400108451561948,18.79185971370501
21.770842532986535,26.302762831609364
-9.806346673005518,8.795230083567638
-66.53809478048123,33.36162869752894
-0.6638534374501339,20.90306101162109
101.80899973880571,37.68124385002402
11.354037866438254,22.82469145311972
38.945323124685366,36.10508609312406
2.823282858840571,23.14825227454956
-69.13550425628807,23.14825227454956
-11.017135020266322,15.578164380055544
7.479203111005276,24.09174497286721
32.47408314683889,4.885271868806392
0.7528473691968713,14.353464935930552
-72.65629945045629,8.332942688788997
-12.229358648073571,16.12384262285483
23.256077245887823,23.14825227454956
5.428466285245831,22.092249117524783
146.71875247461105,30.86665725132705
30.65317625223895,22.82469145311972
35.805903608461676,30.409884059187547
78.46255768993694,25.447105542939124
0.6344455806416249,7.950620098438058
28.48307807206973,38.426488642538814
-0.7560461519290413,30.86665725132705
-7.760111261223756,20.90306101162109
4.865344314355639,18.562253210557493
-1.4526475706157953,26.58932955325777
1.6166053439809431,25.725153340464843
12.136273474837651,11.642586775623563
-66.42327005775803,4.885271868806392
7.79507460361441,9.647452638974611
43.30591368025284,37.68124385002402
14.463401326144208,37.68124385002402
-160.0228305445387,26.58932955325777
-4.877385427247447,11.578951027428012
44.79462193785291,33.36162869752894
-2.887903770450407,12.789203739932198
21.603657756061196,21.81703550251781
-34.235275872186776,15.599548132494943
5.2537530145697815,11.427424278367262
6.197605085969997,21.44874346620925
14.143835647349164,11.427424278367262
-2.3495765209386406,38.426488642538814
-7.866687944327509,12.336111894138924
-5.498923764268568,16.12384262285483
-101.23957862399334,37.68124385002402
-103.63473705263414,36.10508609312406
-4.522212880238925,7.950620098438058
-0.3475927230652056,20.180144970495384
19.49188728778237,18.79185971370501
6.945316627081922,13.963866260572992
9.945492190271722,23.14825227454956
10.861386557503721,8.332942688788997
100.35788333365247,23.14825227454956
-53.44388822668515,11.642586775623563
34.87922759535127,27.451018475410937
61.554661364555386,16.64323622189432
33.0295712168509,30.409884059187547
29.83873523988676,19.647957347052547
25.61478225526183,23.14825227454956
0.10386205848061536,31.83741398327524
11.714270062360143,18.79185971370501
18.32708667547155,29.32505767081869
35.68744809616929,27.451018475410937
-81.71789705121421,4.885271868806392
-4.87969984147901,11.427424278367262
-76.57993032569289,27.451018475410937
-3.749605929153688,8.795230083567638
-5.606538103748505,13.272856279921823
-23.707154738450186,14.353464935930552
-0.4097739271507237,12.336111894138924
14.570180725086352,19.647957347052547
41.152984302983214,36.31581069178857
-17.56583415956203,16.64323622189432
30.90881559494653,22.092249117524783
-85.75312886341686,24.09174497286721
83.74095290876267,25.59892040830825
4.39896106632375,18.117577938721773
18.962758290159343,13.272856279921823
-3.4001563770590053,6.687900598978352
-1.9141651769458008,21.83368081202904
43.53656916919738,8.795230083567638
17.986588277766998,25.59892040830825
17.48240491304286,25.725153340464843
10.699393770520913,3.927831006064245
-100.87789016059924,20.180144970495384
21.345040946253448,12.613632740062826
-113.54067985479315,20.90306101162109
15.222479517996902,7.950620098438058
4.919403875539331,26.28135983123264
44.319138635998286,13.608850492731817
39.020565010473376,8.332942688788997
11.523137070198956,17.05947641370443
13.131575645651132,31.83741398327524
37.13373893514571,25.725153340464843
96.16823229568729,13.23318471616647
-23.564376122832414,11.944636704804305
-16.13432456323096,12.336111894138924
45.87232127850751,4.885271868806392
27.923824686407585,27.451018475410937
32.78531230204747,4.652936998737928
-1.976998316220346,8.320220391373894
17.2693867424275,25.725153340464843
30.716595328104418,29.22739596194833
23.954730296762165,15.578164380055544
31.269203271498554,11.944636704804305
16.524457260104207,3.927831006064245
-14.194196868342772,25.25684355246182
3.571061946464283,12.571740219945433
21.298695123411903,21.83368081202904
-3.9005216026751413,13.608850492731817
0.560053369061535,16.64323622189432
9.679232829992031,22.092249117524783
5.455964854932688,5.69363914978576
-17.17373023700162,22.56870007006657
-1.9598599719467416,23.218144734904
26.420277733841175,17.156511257966585
41.78701628609886,20.90306101162109
-2.040458927167629,29.22739596194833
46.42175468275934,12.336111894138924
-70.97896639381236,1.132160989646131
25.551067895408067,22.56870007006657
12.633326599008,19.70368081017321
-68.21216289209485,15.599548132494943
29.605926264203774,26.58932955325777
16.398291450287644,29.32505767081869
-16.15324981578334,13.608850492731817
38.17038747912794,17.05947641370443
-37.57895685541911,21.81703550251781
-63.164877690378376,9.518818038309782
1.0330795559951333,16.766249047417915
-0.4759241231552096,22.092249117524783
-25.047662303003847,15.599548132494943
-2.879238833667035,14.353464935930552
-45.71272364608984,19.70368081017321
37.0605580099006,35.40501989106287
30.671905846810375,3.927831006064245
-5.231079005472367,5.69363914978576
44.39872151520187,26.302762831609364
16.128858696486233,20.28222278472817
20.722754750911747,11.942906218623804
-8.207863512650135,22.56870007006657
26.176973357276964,4.652936998737928
21.809939385737962,24.09174497286721
-1.1082943794211246,20.28222278472817
22.424374368747223,21.83368081202904
-39.16657580522701,22.32621505968753
39.663248727896786,21.44874346620925
19.685159262647925,37.68124385002402
3.7914802985385165,3.927831006064245
21.10817990820381,20.28222278472817
-3.764543563815046,19.70368081017321
47.60555196889051,20.180144970495384
25.48502206701295,30.409884059187547
-15.15187616644127,30.86665725132705
5.470813408676122,22.32621505968753
-66.68090368409048,3.927831006064245
20.265203544538963,21.47494878544683
24.686087879400574,19.70368081017321
16.245457913911707,16.12384262285483
18.205938197131193,26.58932955325777
-7.643247986315277,16.12384262285483
2.734007540870195,1.132160989646131
15.52397145131075,24.09174497286721
-73.73266354263626,35.40501989106287
-58.413513713907605,25.447105542939124
-70.03365191841289,22.32621505968753
-5.438258487844394,16.143774716964504
-39.371537365724464,29.22739596194833
8.503872708371716,9.518818038309782
9.241841911932056,21.61563065615585
-5.055978594834386,20.90306101162109
-36.79578563908643,22.32621505968753
-35.06478266002671,26.302762831609364
21.474006957716853,8.795230083567638
29.740916412336475,11.427424278367262
32.12264592549985,17.05947641370443
5.304405203901155,18.117577938721773
24.76560284550203,11.642586775623563
9.832125914009115,21.81703550251781
63.015882108925666,3.927831006064245
-21.37291755447535,16.143774716964504
14.797945600128905,25.725153340464843
30.26071793440815,23.218144734904
21.813978942364542,4.652936998737928
-43.387921261421866,33.36162869752894
6.1431528721287805,23.14825227454956
-2.3982373261822545,16.64323622189432
3.4248862759138206,22.32621505968753
28.110915596613893,8.795230083567638
1.2011966232100804,36.31581069178857
-89.69112016167298,31.72492299534889
0.2653758994287898,18.79185971370501
43.935354520069154,31.72492299534889
-88.2966883923225,6.687900598978352
-1.6336225926214567,13.23318471616647
13.176084728666922,11.942906218623804
-2.7832746221809543,12.613632740062826
19.243802132009307,11.942906218623804
1.1976020961400309,21.83368081202904
16.223747662694837,33.36162869752894
-146.9008781431612,25.725153340464843
-45.20304189965577,11.942906218623804
-9.687488174302473,26.302762831609364
-10.529413423015058,11.944636704804305
32.45158949066854,7.950620098438058
-6.430191467309981,12.613632740062826
-18.090215221313258,1.132160989646131
-112.93403546040622,9.647452638974611
31.039894972000866,26.302762831609364
57.99785849982595,30.86665725132705
-12.925828899549396,9.518818038309782
-133.23292323891638,31.83741398327524
53.74134161129642,16.766249047417915
79.04020438791343,5.69363914978576
16.062138763560824,30.86665725132705
-27.085444196357912,9.518818038309782
-28.694337890074735,12.336111894138924
3.5243572327058814,16.766249047417915
27.821228587134094,22.82469145311972
29.07621602355944,6.687900598978352
27.20241176211738,1.132160989646131
1.8409570379304512,38.426488642538814
18.71120447860246,31.83741398327524
14.591729313480755,27.451018475410937
24.277752228592867,22.32621505968753
-24.95555285970397,30.409884059187547
7.402234852501569,30.420569431073343
20.830766175414738,11.427424278367262
-0.6884078498415889,4.38846568617879
-183.48577659157934,31.83741398327524
34.93173700114539,30.86665725132705
-29.4150721700548,18.562253210557493
-6.716170923406111,16.12384262285483
16.221257576306954,27.451018475410937
5.0823417757915195,26.58932955325777
37.73142562549121,4.38846568617879
58.056197493757224,17.932562693756196
21.749847118793284,12.190795575052846
6.683354421107559,12.336111894138924
93.27928803444286,23.218144734904
-49.28981160024216,12.571740219945433
40.36000232757179,9.647452638974611
0.08504534143927955,13.963866260572992
-1.8695795306587684,20.90306101162109
21.131270377721762,38.426488642538814
19.19498870655454,19.647957347052547
21.35390062409533,23.218144734904
15.26767953238641,17.932562693756196
15.196714175136066,9.647452638974611
-28.340405294778975,11.942906218623804
17.10196803348221,30.420569431073343
25.2064220768288,17.156511257966585
4.620957085196224,29.32505767081869
8.09854161321104,12.190795575052846
-4.5674470535703335,6.687900598978352
50.785760443475326,31.72492299534889
-8.582103604417,20.90306101162109
-73.18569077901384,18.117577938721773
44.07871560848707,25.25684355246182
-146.47298670578562,25.725153340464843
33.45251944991939,31.83741398327524
24.161431801850775,17.114253331641656
39.36893409653652,16.766249047417915
3.3404330022277264,1.132160989646131
-15.774582674333374,24.09174497286721
20.74320022266866,21.61563065615585
44.30662399783617,11.942906218623804
-11.129875207017914,3.927831006064245
71.64914078333766,26.302762831609364
17.140126029647178,8.320220391373894
-8.716022415482087,10.52412367775796
-12.772761208184434,23.14825227454956
111.24290198972915,13.272856279921823
-11.879402945291815,13.963866260572992
8.112513642830038,12.782315118678907
30.69717046125487,21.83368081202904
-3.5173937260811385,12.789203739932198
-5.855015734164397,18.117577938721773
18.381185558162997,20.28222278472817
17.648488203435676,21.56487561270493
-21.723459741405065,29.32505767081869
15.008916928198232,13.608850492731817
-6.617643235402852,5.69363914978576
-18.237511855450293,29.22739596194833
55.4884231141761,25.447105542939124
59.750224747832135,18.757994207245872
47.520471169355005,25.725153340464843
-84.91368829468536,21.47494878544683
35.33513302076928,13.963866260572992
39.58799514260661,31.72492299534889
53.021172855522735,22.56870007006657
-42.8772976449564,12.782315118678907
54.62749647578971,11.642586775623563
-3.4700729024080843,26.28135983123264
-47.777749344510426,16.64323622189432
-1.9970117325586898,24.09174497286721
-58.15065028544069,30.420569431073343
23.978788162368176,26.28135983123264
28.13898924638717,21.61563065615585
-1.9544654298061346,10.425683441718604
16.433329365482706,14.353464935930552
-32.832139379381374,31.83741398327524
-14.941583120936457,16.766249047417915
2.131016335950541,13.963866260572992
49.6841139665338,16.766249047417915
27.71445036001726,33.36162869752894
16.99753219884532,34.4734454458848
11.922185869149985,30.420569431073343
20.183681768994177,30.409884059187547
-0.6341704748106212,22.56870007006657
21.964781487029285,13.963866260572992
-16.56515333105125,34.4734454458848
39.59336365322277,21.83368081202904
9.636921075044114,12.336111894138924
39.53505549894122,3.927831006064245
-93.63889365088028,19.70368081017321
13.301664743830205,26.58932955325777
27.85728944262594,9.647452638974611
-111.5108072649848,12.782315118678907
24.01305566364806,18.79185971370501
-141.41284329809355,16.766249047417915
46.472728605007774,22.82469145311972
34.52841025463192,17.156511257966585
-134.36330646123577,16.766249047417915
-13.946473932605016,15.599548132494943
23.084020865720333,13.963866260572992
-44.97870801790657,19.70368081017321
-91.89528999395202,10.52412367775796
27.20062539965855,9.647452638974611
-146.57206112250879,21.81703550251781
-21.93593257387016,9.518818038309782
-69.92961278660897,12.782315118678907
-19.221475820623823,14.353464935930552
-42.82721812460227,36.10508609312406
32.40123817945769,17.114253331641656
7.342320684968058,27.451018475410937
25.925170585602316,24.09174497286721
-66.69403008809144,31.83741398327524
-120.19794218480763,25.25684355246182
-0.9142314433691467,16.12384262285483
-7.614011327992785,12.571740219945433
-49.72373582594969,1.132160989646131
-32.13615366237599,4.38846568617879
32.23105781535769,13.272856279921823
-138.12024401750296,26.302762831609364
24.903034495167063,25.447105542939124
-10.759440589882843,30.409884059187547
15.001410390745562,17.932562693756196
1.085439421059064,4.652936998737928
-0.5641452866042584,12.789203739932198
-5.576404407126972,27.451018475410937
43.4894869405972,37.68124385002402
8.76047039907624,16.64323622189432
-17.40291874460476,18.757994207245872
13.583436849647171,16.64323622189432
5.081500656719015,11.642586775623563
48.23940630167266,12.789203739932198
-14.824685564304929,14.353464935930552
24.026496061106876,30.409884059187547
-17.299158055419667,4.885271868806392
-76.5600297289505,30.86665725132705
14.212386758456148,38.426488642538814
25.08243112454271,12.336111894138924
6.9184352834152865,10.52412367775796
22.083363776713284,19.70368081017321
24.763519489376307,19.70368081017321
16.32402629657652,30.409884059187547
1.7881004259495512,20.180144970495384
-99.82957476681116,31.83741398327524
5.711330049843795,12.789203739932198
5.359266515411434,12.613632740062826
15.868017864391852,26.302762831609364
17.213906019010437,21.81703550251781
-114.85789356491091,18.757994207245872
-8.412810970950819,10.52412367775796
64.52240377615283,36.10508609312406
-16.949609840271876,34.4734454458848
12.12319318263485,25.25684355246182
15.071809208898442,25.59892040830825
-3.1968966046460707,19.647957347052547
43.85682482683785,23.218144734904
-103.2342515917777,16.143774716964504
-46.123297781532756,11.942906218623804
8.01524783000599,4.652936998737928
17.6683090059702,19.70368081017321
48.98922009973086,25.59892040830825
28.402653183163537,36.31581069178857
7.9224681371664545,21.44874346620925
-7.636767106364367,12.613632740062826
6.7186637645281735,25.59892040830825
-13.577007543902932,22.32621505968753
-27.53041627682302,12.782315118678907
5.557818879867284,9.518818038309782
18.71803769983717,10.52412367775796
6.704456790338668,10.425683441718604
21.407610059709157,21.83368081202904
