earn_x0_lc2vs0_iate,olf_x0
402.61869073504147,56.0
366.0100724439353,85.0
163.8518999549147,51.0
296.89686479473323,54.0
176.4278736922687,38.0
520.9404115534439,83.0
389.0508508547497,52.0
314.98864408537213,12.0
160.44918410335296,39.0
181.1053914497443,14.0
87.15588390627511,71.0
87.00624820264386,41.0
185.5783285605771,62.0
79.79599521132161,17.0
297.9929767378393,67.0
137.46607725225033,1.0
247.31665372288555,16.0
157.71967612483422,31.0
447.7048995409559,54.0
390.13713693149646,40.0
259.00225868964753,6.0
46.50696629488766,56.0
172.91537985940738,44.0
245.9612133025576,47.0
252.56719883045682,26.0
344.4549021950641,59.0
364.08901457277244,63.0
217.19876985209783,15.0
198.31551701605414,59.0
122.17094534587318,38.0
301.4181478258839,32.0
67.08348904212573,57.0
315.3018547576386,27.0
84.64366400657397,33.0
200.12884786676256,57.0
67.49240935784307,21.0
199.1054902780786,42.0
241.07530876343623,18.0
269.14734737689673,68.0
7.555602283883104,30.0
400.1005354285779,41.0
132.99515649976325,30.0
-24.967151808784593,37.0
88.88604854023309,26.0
309.3232911041556,2.0
6.803231120547196,75.0
181.69455770506966,33.0
363.60250603239234,40.0
392.47704816335784,75.0
217.4648409051372,37.0
198.49686863041967,34.0
208.7559482436707,71.0
167.9478891268436,12.0
187.81554013011157,75.0
148.72327564199637,49.0
311.75524382163326,33.0
142.61480803941663,57.0
209.51868748524294,71.0
338.387729667707,54.0
221.38059597129808,35.0
65.34130368694866,9.0
124.51866729395871,24.0
422.9669392882884,14.0
133.86546316805394,81.0
313.66997541030685,47.0
340.4179413427343,31.0
228.61559251196803,38.0
311.5524664352671,44.0
463.0142686127832,23.0
125.0197672540038,26.0
158.16017258704585,63.0
222.48568765556837,41.0
115.6100756842153,69.0
313.96397046859516,55.0
18.66921270476908,29.0
229.65042773086665,7.0
197.771345164454,3.0
47.23410477642199,9.0
104.84165267656712,62.0
357.90698652512833,38.0
303.6996304248426,54.0
136.22639727804966,69.0
229.0580255014072,5.0
369.51649657820246,49.0
27.49908833161328,28.0
366.75151147316257,29.0
441.51364741509235,33.0
152.13491418642184,35.0
135.24382020303187,25.0
306.1772110215108,47.0
254.17728659383437,41.0
280.55004763435113,64.0
178.93274676602618,14.0
117.29114606225002,66.0
124.8665603515255,24.0
359.80794478110056,63.0
84.98544199086425,57.0
165.84306467943082,20.0
109.64503650781728,57.0
146.74019879848922,48.0
368.01530665870973,54.0
325.8495435417833,59.0
-26.361016166624893,71.0
116.33920930276079,58.0
317.8837612823156,65.0
505.6617235873639,38.0
-2.2733054729034734,14.0
234.67382534898525,47.0
244.43941967301612,38.0
381.57029569151484,14.0
125.6921243432688,28.0
185.4005322692725,18.0
67.71145622202295,69.0
140.69754329151453,57.0
426.222502511348,75.0
156.1653547449095,41.0
-30.27439747304868,82.0
105.42686062002,34.0
103.84252368528394,27.0
174.1130053566383,15.0
165.97991406161688,34.0
497.177163855852,57.0
153.08892373356437,58.0
94.79256953157926,45.0
290.4133318400806,28.0
97.27040452183832,75.0
192.86804834893394,43.0
342.696026950566,67.0
290.1987328032491,23.0
47.98883166490941,47.0
377.330470930885,75.0
240.09609706119426,76.0
107.82357832707424,47.0
149.47240411986186,43.0
15.824284030847934,58.0
42.682811049945485,36.0
381.9070795811854,42.0
178.49516117961394,11.0
140.19827262283036,15.0
78.30135617481835,26.0
122.29830008611549,5.0
200.01583776166478,30.0
223.99290645574288,23.0
88.74764315345824,21.0
453.92102781419123,11.0
163.69594761525258,23.0
317.4607551799055,43.0
142.45304812785145,48.0
240.41486042402988,54.0
354.92941692532486,2.0
-80.40801446225566,35.0
96.40326342945428,29.0
373.76938832674017,45.0
-59.77753456770467,26.0
264.86829740756673,12.0
321.38861178441243,83.0
27.361643489165544,65.0
138.6910328137334,62.0
77.29043950227617,72.0
376.9674999400562,14.0
44.98990574416166,63.0
90.53178378284409,33.0
139.12402871353356,7.0
284.1018261269279,64.0
294.3994760438756,82.0
164.227664018221,50.0
276.3745147857674,22.0
71.5737627660493,65.0
224.82759926436634,46.0
124.06332117077804,15.0
-3.503103128152901,53.0
197.1934933445655,34.0
311.4473962815957,40.0
351.15007823257105,57.0
310.2887340102926,6.0
298.5427843275675,63.0
193.74625331995443,46.0
85.99889046168056,75.0
324.4064517557798,70.0
188.20492577064624,64.0
267.7863228520638,23.0
186.40511540329322,43.0
295.0186030594172,76.0
150.49245747908873,9.0
123.7685095521474,27.0
198.1113572359581,56.0
216.38167101369817,17.0
154.05175586907302,42.0
223.3538506518871,15.0
127.62244080061942,62.0
-16.67260726254642,62.0
263.4214774023095,21.0
237.05686356747592,58.0
319.35336451845245,24.0
210.36195063498548,49.0
211.8159861735437,60.0
34.73659537463459,57.0
183.64189624327182,13.0
475.9596437447233,38.0
225.55191062487262,32.0
143.35363454996082,31.0
203.87726225451138,46.0
336.0380317445515,22.0
71.27023489963828,42.0
336.41373030434033,11.0
192.2331361821383,4.0
323.5100640329045,32.0
66.14385443246476,22.0
48.0759062747469,27.0
237.22214163584854,44.0
224.2300844841237,22.0
167.06868814064558,34.0
243.38074461799204,4.0
262.6788761646626,69.0
42.288277501986954,60.0
289.9153737977954,23.0
158.13815484926295,20.0
204.39212571333167,16.0
189.26759548031725,5.0
163.14532087801172,17.0
205.8023699402297,14.0
337.0323285105784,35.0
152.69444632259572,22.0
217.49139572827912,71.0
216.7414417073485,52.0
39.63719786622195,32.0
176.68858473917123,46.0
-32.94649220523536,59.0
147.92317840952643,42.0
169.38007554215886,56.0
61.23010305330814,23.0
260.87605613116574,72.0
184.8306107685978,43.0
118.91284411570794,11.0
238.87017216343514,14.0
312.66501949880205,44.0
37.06046026757895,33.0
29.96109019965263,58.0
381.2286849050996,40.0
-9.934125489194315,35.0
356.98339036331265,39.0
308.66857471541516,43.0
101.62522545763358,71.0
458.98010257883254,19.0
7.6330414484534685,54.0
147.70773059014766,74.0
160.31698394662203,37.0
113.44610150790699,79.0
87.73524788753241,33.0
129.81067409332775,19.0
100.10909237817549,54.0
134.34301242511066,53.0
203.35729308697412,21.0
23.93789901377886,58.0
-21.69749025848199,45.0
192.3801330750312,26.0
209.73385758212606,21.0
217.2712668035835,12.0
267.73074313399377,37.0
66.06349788712629,38.0
166.99474098445836,67.0
168.16986550120794,28.0
173.6546887475015,54.0
283.04755389007363,41.0
88.92437474174974,39.0
145.57563156631,45.0
192.15824729038204,21.0
129.89562564436713,31.0
48.20537688831598,24.0
341.69243270777525,28.0
233.07061692118992,45.0
68.21543182023063,28.0
416.78697372117813,56.0
142.8806451824321,29.0
127.93821312478269,84.0
141.72456669765262,60.0
169.8324697893163,20.0
128.99498105579553,42.0
229.62927118217883,10.0
233.67636333676853,52.0
209.51771467019768,36.0
297.73502029014776,11.0
203.61617544110157,28.0
95.87663404735247,39.0
307.6320990668363,49.0
100.28666576500618,59.0
162.72304094735082,43.0
55.05513790059808,39.0
497.3229507290706,16.0
98.64444600887543,19.0
50.578238574346585,30.0
97.98566145624883,46.0
174.77250375282733,45.0
274.66608760704173,62.0
237.66143727303054,60.0
405.92127464020746,6.0
82.13413237366444,78.0
230.36232746953448,26.0
-20.37068678832952,39.0
140.13287076701232,85.0
210.9031253177926,60.0
365.28337140939516,54.0
44.58112196273373,67.0
235.31346767160827,54.0
124.20255843350631,26.0
549.741662673833,64.0
94.03267922699354,28.0
495.12268048312853,26.0
426.1789554565928,48.0
187.25584428207986,30.0
285.8955601440962,15.0
195.38238747397372,43.0
33.6165560171637,12.0
175.5777522000214,50.0
55.11817176891938,28.0
148.524408513771,40.0
378.30458720535876,45.0
246.36470304247877,53.0
125.76434386839776,9.0
201.9129840722885,51.0
170.4439175382563,8.0
153.03634414023492,80.0
299.95401174827964,58.0
179.10599036885046,33.0
394.7255998703974,39.0
86.32273315271232,47.0
134.68497332613998,51.0
321.7790651593608,7.0
317.7914072683354,24.0
259.28955808285974,67.0
209.37933244051123,29.0
284.57091591183496,27.0
155.2732739363469,40.0
462.81571694186414,23.0
132.86738094759914,41.0
66.31970279387203,5.0
131.47333539683711,11.0
150.90682922883477,53.0
70.03846849312606,29.0
127.99874823061438,17.0
200.50608895968844,24.0
203.29371182389463,3.0
253.02164508529376,53.0
486.73265653798,38.0
187.7411437335739,22.0
76.07351979356588,62.0
58.38600035873333,55.0
359.48877022592956,27.0
110.92022905898011,47.0
280.0038749632433,6.0
204.52778758938513,22.0
161.69842918881537,42.0
184.46959972727663,57.0
264.70077076773407,25.0
366.25730029259194,26.0
240.59350508686504,60.0
152.34682086791952,43.0
101.24511403220818,44.0
115.53297793214631,50.0
324.38256510664684,26.0
122.39460858328515,39.0
139.0928710586158,50.0
87.12925155256681,41.0
81.82433795327796,45.0
114.13960212182573,61.0
283.28087211460917,51.0
298.6839311774312,59.0
25.815238404515867,37.0
187.11581009976035,17.0
178.8890066372183,38.0
379.75860352103984,15.0
130.87619579992213,44.0
112.54424037539582,41.0
131.4124075006741,35.0
128.9439955565989,26.0
231.25888742744638,17.0
324.93597533856814,56.0
114.1961188180272,27.0
244.9796136117439,53.0
180.62480780563448,13.0
22.366080265534038,48.0
131.00260540926416,28.0
78.82302628851822,40.0
150.47473151231117,3.0
230.6431540225055,36.0
7.3549346706722645,16.0
104.19026542142194,53.0
151.36156865123718,18.0
263.1933967920986,59.0
138.25679514897985,21.0
345.00064493718025,31.0
152.14339539903975,10.0
140.69376806401226,7.0
457.3851470047015,7.0
375.5917435895125,59.0
35.98283669227362,38.0
89.10483554994318,17.0
340.5207795659952,52.0
220.40346074955727,19.0
199.9387755931839,53.0
112.96180746903462,38.0
321.8898842467919,66.0
25.805516117645375,69.0
199.2344689712062,61.0
206.12332638351182,58.0
376.7522009084567,14.0
211.84227303600423,12.0
46.64909313966848,18.0
282.503730474873,84.0
172.11058622055964,32.0
269.4711431110817,58.0
378.74498954917794,42.0
261.12086586465006,23.0
130.89818995021693,62.0
96.2709483823881,55.0
211.11968811324545,24.0
115.42347241247353,1.0
198.0202275655048,11.0
98.79206833304619,73.0
92.53749335310685,79.0
72.38162744292714,50.0
197.99665561084618,50.0
286.2804669546726,21.0
274.6865052367848,60.0
138.42376292082008,58.0
64.46731764167163,49.0
97.08419314752263,49.0
509.46065599753683,30.0
268.6592966549738,46.0
315.7471981209212,2.0
164.74875119180552,38.0
333.9300018793833,44.0
116.61527213373097,35.0
375.30742898083656,56.0
207.83327919576723,60.0
117.24103991237408,48.0
83.68134700738528,40.0
219.37262912898433,49.0
330.5895656493051,58.0
132.83608062296165,73.0
320.35368903678426,57.0
106.92942097730145,25.0
211.03810208669972,31.0
73.55035530321584,24.0
134.332012953512,23.0
303.35171046692903,18.0
85.16593106329074,75.0
228.6545757962697,30.0
76.24917301715634,50.0
417.9543449543353,58.0
233.4745258738454,38.0
269.48633448946475,26.0
52.57593545743462,30.0
84.31633217706016,16.0
142.6049147737213,34.0
222.0078425032117,13.0
257.8779002476473,42.0
400.3283368318404,50.0
11.277267623986972,70.0
120.3404698840503,34.0
62.20596977697119,47.0
323.14967330214205,58.0
197.8736963270397,65.0
-8.394594209922957,33.0
307.4684037434898,44.0
178.47843999455148,44.0
239.02837800590984,64.0
257.4875577863282,36.0
148.96210401535404,31.0
173.880142470369,44.0
404.44119872780715,36.0
73.71597223767057,25.0
148.64042039381326,32.0
108.4780508292178,78.0
439.85441827630535,47.0
331.15829746430427,50.0
364.69063708243567,52.0
126.01829027566973,38.0
164.58706549833502,55.0
312.7956991829872,60.0
204.72221582811443,43.0
-41.04298837446731,71.0
126.46008726385338,44.0
245.44346431044013,59.0
205.03697814853695,39.0
147.74575973292212,63.0
128.8653803469038,56.0
207.96029480347812,21.0
177.81251229331673,24.0
188.21947895617956,22.0
112.28293932500358,47.0
171.1365896910213,32.0
159.04584533307846,29.0
189.41754806278269,26.0
168.41028298647132,54.0
113.4755796291195,30.0
120.29753911882426,5.0
265.1406663167949,57.0
185.2362783423171,42.0
269.8556201675845,34.0
227.14295693414525,19.0
163.13508273074154,53.0
123.47523790310777,58.0
211.95759395727072,48.0
176.1468131465956,66.0
225.41385242992786,50.0
368.91868831514125,14.0
202.82458977692767,69.0
-40.981814078924685,63.0
59.38383166000574,7.0
174.71774364633868,32.0
-0.6958999740741092,41.0
370.6962360952436,60.0
62.25038906148694,39.0
196.42203089092956,48.0
310.3844419140791,25.0
323.24588566643024,60.0
85.37745300804932,6.0
355.4710155417963,14.0
108.5645004158992,56.0
284.553906156621,59.0
87.84638285041939,50.0
298.6500794579955,36.0
307.3902826458218,18.0
332.08597892497244,75.0
23.33896275076512,19.0
92.43610699402012,33.0
181.60497947702981,29.0
248.86977020966376,21.0
142.60867535293943,16.0
184.0536964434311,20.0
476.44250579942053,29.0
201.84772271981302,49.0
374.3667406922148,55.0
171.5528944960471,73.0
95.59425314120608,26.0
259.7148591126237,54.0
13.341274378856298,30.0
192.9830551225301,5.0
348.03225068275344,8.0
99.40728752914441,34.0
255.1427437936415,57.0
-87.24713676724343,24.0
72.82689374251959,38.0
190.52450717567302,41.0
63.37420449869535,15.0
285.54970861221346,57.0
184.77336355924336,25.0
199.01570624179976,11.0
197.03827194243058,33.0
39.36336194132247,11.0
181.18132655860205,46.0
208.33872663272015,23.0
39.05543662808083,75.0
54.568519589102834,44.0
263.91946507783143,12.0
323.2195956883802,22.0
118.87122122313443,17.0
97.80643420372735,49.0
293.0078191142527,60.0
175.8106476243373,22.0
59.586021721138025,2.0
348.1538191296056,70.0
361.87685264931497,55.0
78.27353532727506,2.0
202.16912333860793,35.0
273.97570331017573,59.0
148.07272033718243,30.0
28.132167286481533,9.0
448.93067096531024,61.0
240.6849567746454,39.0
124.8312879575632,21.0
150.55035912365824,46.0
27.66093005051141,24.0
-22.530893706549534,35.0
196.68556213504607,70.0
313.01427480644304,32.0
187.771116200983,32.0
330.79111868635147,61.0
28.568068702300934,55.0
154.0245604929903,29.0
147.9271491389018,63.0
172.75401017495074,22.0
312.48087952083745,42.0
85.30647496662601,48.0
309.1156015531418,27.0
77.65506494228536,71.0
350.81905319216963,45.0
289.24082447754824,56.0
410.4626323976404,4.0
153.27277790390988,33.0
189.51070448039957,47.0
-10.07968508490535,26.0
141.7498853721538,64.0
165.76329792919282,34.0
89.84415335324184,52.0
269.68125648200925,5.0
101.67887049072579,48.0
276.5839283671331,46.0
97.62509014069099,40.0
410.76014558817945,54.0
508.61773792646704,6.0
76.50776295529954,42.0
97.27293090878791,40.0
20.02167756675621,54.0
358.9706693637575,45.0
94.35911703155314,47.0
120.34700214727422,15.0
172.89889216919073,35.0
266.2346896112584,17.0
57.941929927871115,25.0
154.58740303459265,39.0
209.2813021329598,62.0
367.9905182776091,24.0
323.8628484911929,81.0
85.82904681256466,69.0
128.6950241525745,28.0
53.433502249347725,34.0
135.93042251567294,56.0
28.09167228123428,51.0
119.1950791173138,59.0
147.73883521915792,60.0
313.56900943402167,40.0
176.36173640487152,80.0
111.482048086697,32.0
255.22053749779462,26.0
131.55492622711432,58.0
187.28359725266932,17.0
176.6047080058569,43.0
243.49688414141076,32.0
284.564187880183,56.0
396.9754359620813,10.0
192.311354724475,52.0
275.3658033865477,4.0
109.19018677246092,28.0
191.74725276362506,57.0
96.54858853817721,23.0
238.89816329094805,14.0
93.18362932438598,19.0
16.252365183087704,5.0
67.03252627114762,47.0
224.85994590855825,35.0
-31.052168443647872,40.0
296.8917419794872,13.0
68.70901092322845,24.0
204.92662939890647,37.0
94.9931622637348,54.0
100.18904556398891,21.0
85.62216791180072,58.0
257.0748029340115,6.0
13.258811811685499,57.0
187.81983416239933,19.0
153.4495839753482,53.0
319.81679707918704,72.0
441.51535162972385,66.0
189.8825108315361,34.0
432.0956051856325,1.0
230.34336123389966,71.0
48.60616950610802,62.0
203.81760180227468,17.0
98.04603683519511,70.0
160.13491731477063,31.0
273.8613119863629,51.0
103.66652264749166,18.0
303.565063426248,41.0
160.2688917153298,84.0
135.37623686201255,17.0
336.46846523719887,19.0
503.54005214401747,51.0
33.27480392413571,17.0
99.51328830731472,37.0
-53.13647611756073,64.0
151.00922058240565,47.0
328.6833265942233,59.0
258.4049216327609,26.0
127.52710529726312,87.0
184.32656946435463,76.0
475.86655164623835,4.0
487.5297359916284,59.0
206.60642365838328,18.0
6.218206782126003,17.0
449.91309068336056,43.0
143.63963127475466,46.0
245.13328083309796,41.0
360.5260966302095,20.0
209.81201251526173,52.0
119.16913261546215,50.0
286.1312660924999,52.0
344.8002536560762,32.0
142.16416775326846,27.0
77.36956621848907,49.0
39.97759088177716,71.0
96.30074157966067,42.0
256.51447392698924,28.0
458.6015317954533,48.0
23.96676346897351,46.0
209.42100872349658,49.0
245.00803832736523,43.0
157.81065406815,2.0
101.79654334224057,42.0
268.02612049551794,12.0
265.7220849838509,7.0
110.24161366783521,48.0
139.591749084944,4.0
224.79981070258697,17.0
288.4201266879399,54.0
397.7786882103477,14.0
229.36884689770403,13.0
286.3459819552428,10.0
71.82898378944702,57.0
278.2874880567721,28.0
349.237257451653,62.0
82.11935727600599,57.0
150.0429349094668,52.0
206.56030142530744,52.0
155.87687506961475,62.0
84.8267079841159,39.0
128.70760934889174,33.0
107.0914881700725,30.0
237.72902683420415,50.0
141.01830019554592,4.0
196.12761761248743,38.0
217.2649555008853,18.0
55.3237914382116,32.0
352.1218977046743,65.0
61.8798471235487,45.0
75.64452408533134,44.0
237.2112976911481,11.0
168.02532707129689,5.0
329.90261081208484,14.0
196.53671287087687,30.0
358.2048053896615,48.0
310.55564191586734,57.0
155.92304489547956,22.0
112.48880421990532,20.0
234.71824213864295,68.0
389.9421307417447,34.0
73.28359347468569,10.0
73.33901667403057,33.0
105.78730568637496,47.0
150.35379699701832,43.0
278.20393190811126,3.0
239.50353666901586,56.0
295.1042279810733,57.0
412.1739455990929,38.0
29.73203706283354,29.0
391.0579180485532,37.0
60.32443152655014,50.0
183.47497112439436,38.0
117.18606337110339,5.0
97.30907363827016,64.0
181.68630073518003,46.0
35.606190696495105,7.0
344.93286611434314,16.0
122.52224321318624,46.0
50.00749808538305,14.0
129.86736701299276,46.0
61.29732690060496,26.0
100.48519658826348,60.0
121.96333475967202,8.0
161.80281621425956,55.0
142.80803484585516,54.0
198.79463885214648,65.0
399.1396551530488,54.0
213.85380267187708,21.0
198.3536380674437,27.0
334.3090318655113,57.0
376.35639226413326,62.0
258.3142120014287,16.0
0.176243940150016,53.0
173.70859076515276,28.0
124.16456102737416,34.0
319.61735725006537,4.0
68.87156223035058,34.0
208.7747193637398,58.0
198.58667623987094,64.0
194.38375017321493,23.0
140.11650932549634,41.0
145.36114348506766,33.0
57.9143096299793,1.0
170.6576952124714,55.0
382.5256885731835,26.0
101.08669002252009,33.0
293.395479062301,5.0
87.96783742604725,34.0
380.10655643175227,49.0
106.3830181397322,47.0
227.86338115901376,58.0
106.04264534152989,69.0
172.8348561735395,55.0
12.756506759905164,63.0
302.7824811117051,10.0
169.24931398453054,48.0
-80.5704039030166,49.0
194.55012629323193,42.0
355.8824889021658,4.0
89.63278930311048,26.0
311.601643420722,56.0
307.16882337119375,35.0
275.1029435251821,69.0
228.00938998804477,46.0
343.750836247563,62.0
351.59168301503513,46.0
224.108330141701,73.0
130.22535791702845,56.0
257.3407408191481,41.0
129.44023318979964,57.0
170.04672530034657,54.0
327.90649359169754,40.0
258.6044906648222,51.0
280.2090163009318,65.0
191.48256051380696,60.0
190.53709040869012,77.0
240.83135894338804,26.0
157.96277516492296,38.0
244.44719241051018,46.0
238.25797624435288,47.0
324.5635593322937,12.0
148.90364423134832,47.0
267.2217614522191,57.0
147.02943268661465,56.0
129.6949782552402,75.0
375.5095218901841,22.0
130.5655244807633,45.0
329.069588263249,9.0
532.6529517529345,13.0
191.00336698162218,27.0
292.9830867956345,43.0
114.68249976876723,31.0
419.2005855704343,21.0
395.37995136557254,65.0
312.7638323825335,65.0
104.89915186770352,30.0
76.24116008977819,66.0
145.95636218200025,61.0
302.89722092373916,13.0
145.01896840724703,59.0
139.47618914175212,46.0
344.7789576739333,39.0
253.87414353228172,34.0
513.7912672511193,10.0
166.24998403889106,29.0
196.51163258464544,56.0
308.81838693303166,24.0
141.36835064160698,46.0
295.02018150606375,6.0
132.39102357148442,4.0
155.30535103416094,45.0
-6.42556765187058,87.0
244.53844423806243,44.0
169.26154888854887,25.0
322.00115625894114,23.0
181.0314407750862,47.0
263.6530107555136,19.0
245.04977693617258,11.0
248.1429913027639,38.0
302.7174127031101,2.0
63.60872150985472,77.0
98.41852295095802,43.0
303.79206952279594,39.0
254.0490995819916,21.0
83.8529292163144,22.0
139.6186843387631,37.0
237.80588477549557,55.0
151.9141099305299,68.0
118.23740571563405,4.0
196.74223514135116,52.0
283.36509070598396,47.0
103.57704115704986,55.0
147.7070787536939,29.0
35.67162025978786,29.0
-31.709101305609465,31.0
452.1067811856759,25.0
301.4496393575919,41.0
220.9950157505674,55.0
340.0051560459473,53.0
160.27719281237313,11.0
6.867161948679154,84.0
383.07886126900644,52.0
107.70413734834587,12.0
160.7516153767584,17.0
164.5147950544898,14.0
342.14626670650676,63.0
122.24943992196913,69.0
97.55243164629843,18.0
90.97959673470606,57.0
268.54754931804666,31.0
157.30863098692254,25.0
96.0159436157087,61.0
143.4146638335702,35.0
287.66589116879607,28.0
245.64341847300062,29.0
195.13871264265916,25.0
-26.88928570152393,40.0
202.69829815405362,57.0
-27.801827640763463,38.0
191.67990194304508,44.0
257.0545502393396,35.0
158.04900508724478,35.0
168.20761353337485,25.0
346.0405233439602,55.0
267.6697747125215,10.0
162.43819564528397,64.0
92.13165351089437,70.0
352.091652689478,34.0
207.24357418276688,49.0
87.03073309212974,66.0
219.35408057604306,4.0
131.3003198458282,41.0
139.3669966742616,47.0
107.95244238048346,55.0
31.683786701985923,19.0
418.72908127432197,40.0
316.25288311372645,59.0
202.24862477868103,51.0
121.32412159439559,63.0
134.09958970810982,38.0
183.18666470021788,15.0
213.11311020544093,34.0
354.92975191409465,25.0
119.94694950353764,39.0
30.06250478528625,54.0
133.33162651166953,57.0
145.3898327307623,21.0
64.33930171922876,53.0
120.3436447917411,46.0
120.10390409504515,42.0
341.60867760739194,14.0
21.933268164189087,44.0
188.88898897807513,34.0
110.49437135401621,39.0
215.7218349343542,57.0
160.6800521796379,41.0
82.25375239924227,53.0
442.2206039442138,50.0
114.86454138966883,37.0
345.41849884565477,83.0
134.08146960387631,62.0
453.87367910063756,39.0
272.18610259068373,37.0
414.21887494804326,30.0
285.89475695912876,11.0
305.4259295948177,29.0
181.20809821279255,35.0
135.43165629634,60.0
60.08596234790996,35.0
122.9456558104409,58.0
136.15048178505026,19.0
264.49677322461685,75.0
165.0511733510269,12.0
530.0658788546465,37.0
138.6264145400221,26.0
398.19044046916287,57.0
311.00561874989245,63.0
207.98678421235388,37.0
68.09956661659481,39.0
71.88288475958723,25.0
427.5037640562212,5.0
86.31642902357481,56.0
101.17421109232362,1.0
134.11295865561488,65.0
59.466033834050805,13.0
452.543299301624,54.0
274.31266197869763,40.0
198.79394387681307,71.0
183.69671969696913,45.0
94.60947925239515,66.0
106.21385613858841,44.0
113.11321210162043,49.0
424.3527112668717,29.0
277.269665001803,45.0
105.64166722010873,20.0
285.2430641074533,28.0
132.39929567630136,68.0
151.84205752300363,39.0
287.90562377318685,20.0
279.5511918883557,50.0
35.63763055307927,18.0
90.08767467358669,29.0
320.0964228816903,50.0
535.6185307542455,13.0
98.29050746432061,47.0
172.22249325166143,13.0
127.17867852785521,50.0
76.85593811178649,57.0
219.96773870669188,27.0
15.179061480849555,46.0
276.25877728634146,30.0
122.75901695419593,71.0
166.74622572499112,17.0
118.88169596013496,8.0
137.19710210610978,23.0
174.94172292533116,43.0
53.63298653845891,39.0
300.915457662356,45.0
181.13261788514617,34.0
46.39239144425699,26.0
364.25169219853126,50.0
184.50332956705867,26.0
149.79337181465849,48.0
325.5796866384658,34.0
305.2575977784546,37.0
244.36510106542687,32.0
309.0497726127059,20.0
187.17706665107528,59.0
81.97336862791747,17.0
41.4373258058905,48.0
337.17846405402867,62.0
188.34652513491704,33.0
145.94737008325825,17.0
285.37216751190005,64.0
286.3202297739797,13.0
441.06386880001867,47.0
217.33176182703738,11.0
461.0108514748489,7.0
179.23020055889265,30.0
352.6398230634654,63.0
263.2850758998271,72.0
136.10165308614123,22.0
59.50511847412281,50.0
161.09549160595668,55.0
268.75977445195866,26.0
85.42986968027469,6.0
98.34742070045445,50.0
47.50127393629962,44.0
246.0708374213365,16.0
157.35832846644473,60.0
256.0869506343738,35.0
274.4538965516691,42.0
48.43295386097907,10.0
294.90826380426955,64.0
207.2771829555629,5.0
237.1228066909547,3.0
300.86831113416406,60.0
190.83965255871718,56.0
138.5364030762209,52.0
421.7635444066161,40.0
417.12916448923323,46.0
244.47526424306045,58.0
140.42275724654982,57.0
195.33037655160553,47.0
4.871153486010996,19.0
198.35480318486887,21.0
237.74445908080153,27.0
170.510599166542,40.0
181.03653795667185,58.0
312.49934505580893,47.0
360.6054532265827,11.0
92.44424996373007,31.0
435.3712071378685,50.0
33.17809029298107,33.0
123.54557221210501,9.0
95.12199662559004,34.0
374.46405039555634,22.0
415.40694360069324,10.0
282.2022630887517,44.0
106.12228631034876,57.0
225.73905573166988,6.0
459.340307489996,8.0
517.7321157942256,38.0
442.520021738986,66.0
327.5891490646094,9.0
208.92906444628332,38.0
361.307643568804,39.0
298.3011013424192,18.0
245.59859944762263,56.0
395.57070685472945,70.0
191.91785956566554,14.0
271.49352444192283,25.0
125.66795574878472,68.0
16.8296826884997,33.0
131.47746265973603,51.0
315.80899821258186,27.0
338.5346478965257,55.0
274.3247925696819,34.0
117.81443403173819,42.0
129.0086669325883,11.0
384.9127550742111,38.0
159.83017838161817,27.0
232.0501099549573,36.0
96.31048745427626,22.0
224.84520420101882,22.0
166.6474301163687,22.0
111.86800499115341,59.0
351.96624789397396,8.0
242.81527791872162,9.0
467.81363697862133,61.0
311.4036349308697,54.0
68.64485591193414,52.0
12.75472011629165,37.0
157.85269566535476,58.0
156.04945574698206,70.0
145.13840404991507,4.0
155.89854492878573,57.0
451.0597294404069,58.0
136.7788617655669,31.0
53.14956674421531,68.0
247.38028772859826,20.0
349.48818871475027,68.0
126.7176793105447,34.0
308.5098427060204,49.0
94.16504116996933,31.0
99.97991156215062,41.0
185.97997059218932,40.0
99.67427598740215,62.0
113.16431106608837,41.0
142.7492787550335,70.0
57.1171534338302,66.0
123.9102067076459,21.0
116.348730416921,12.0
187.24095754051226,30.0
125.16647400610745,60.0
310.4334735240616,25.0
149.0373876557764,32.0
132.96379799578943,6.0
74.56371838079693,21.0
456.99182007212465,19.0
158.4307192511792,27.0
253.27428171313957,45.0
276.12908090923185,55.0
251.40115844210544,15.0
404.8793043582907,42.0
309.04516742153425,50.0
117.14196780847436,14.0
215.82128951243067,5.0
149.43802217027104,28.0
259.1570952320974,47.0
411.668007570402,65.0
240.37866981695413,34.0
141.15395607141207,19.0
228.32990998059284,31.0
172.0871075191066,49.0
266.59948379666145,12.0
414.909489503882,42.0
72.81676786375458,27.0
-15.717904548106773,58.0
77.89865885269316,22.0
188.06668545287283,79.0
75.52315967925475,32.0
164.12806166136775,60.0
398.10678228590257,84.0
143.28629013474136,28.0
167.55518203876488,49.0
144.52877705733442,35.0
180.33218147183644,77.0
303.118711949132,68.0
106.3302807982797,42.0
349.0760349965678,64.0
79.33230852070051,40.0
49.664626950771975,50.0
56.97992768213658,19.0
230.5608735944453,53.0
408.12422952519717,38.0
264.4220358364044,38.0
194.76604060687222,31.0
90.9319068365075,47.0
151.85752962072672,32.0
266.41456373152,43.0
116.09940313797722,1.0
73.12416812360048,54.0
377.45702350386966,17.0
104.86415701773356,43.0
41.68592353002123,34.0
49.039118917283645,45.0
334.54147760130235,29.0
352.5911680053732,3.0
317.1087613085473,79.0
284.6989418524346,65.0
179.91939459801586,32.0
148.50498949192024,52.0
-11.057665769928917,48.0
265.49883994928985,52.0
229.19626754028616,41.0
206.83595453486703,51.0
186.97998777103524,57.0
263.62661347314054,36.0
-47.38399099859126,79.0
255.99749817743123,7.0
190.35373448522222,61.0
173.51426599057802,55.0
164.43121766213298,33.0
-16.136476260738846,19.0
182.96248357880143,15.0
243.25673513928638,40.0
157.62277492963455,34.0
152.4968022738743,6.0
308.63674734097276,26.0
106.44889597296446,60.0
80.71194203650201,29.0
182.89903721655037,27.0
149.1251073681559,62.0
200.11213887365923,38.0
219.58819912300578,56.0
63.539182927405875,23.0
96.10932683490037,78.0
59.43201833185666,65.0
184.318099194291,22.0
339.16754748277566,21.0
100.42693485530788,17.0
107.22180331005563,77.0
408.5348471397717,22.0
165.3380813805494,8.0
197.89040440248056,34.0
222.68314658908895,49.0
125.51786929430821,64.0
180.1449499034469,63.0
433.9585203658519,55.0
138.8495368940795,52.0
179.15971004773596,41.0
-45.72593233397663,53.0
95.20359479353102,39.0
86.1255897249006,23.0
149.31033582668613,62.0
105.02070967121361,44.0
282.8102631318867,35.0
-50.372964283476676,38.0
69.20906138443924,70.0
68.20927090398988,53.0
355.9264299774427,43.0
37.31282553828373,32.0
129.21584990762338,63.0
108.92368507025841,62.0
149.51039944185936,21.0
138.4699081447534,15.0
284.6355602340858,51.0
315.76942022379876,5.0
141.79697081371683,56.0
164.2990985917369,44.0
171.65975530452303,71.0
294.0636496182865,40.0
350.6290009170539,80.0
189.07116536909263,52.0
143.45679814909306,10.0
79.83288497640638,33.0
388.25103258603235,26.0
57.198579242218784,23.0
293.43602166987716,32.0
272.6090211007645,25.0
134.3385685031264,8.0
173.43384583736392,35.0
59.077802150304535,46.0
198.4849084266771,57.0
215.57086597303916,18.0
244.22639091074126,54.0
401.5913385021398,58.0
157.39936423016115,24.0
35.749135658752266,74.0
39.74630205508211,38.0
72.33355973943745,24.0
179.0475157080623,23.0
164.28123088020595,68.0
78.32931390955825,13.0
346.56381822078623,29.0
168.90309554525356,9.0
179.55097840206378,45.0
59.136580540543605,9.0
186.9105442727386,18.0
121.3962416990519,50.0
295.95376150187076,25.0
223.23171824241,23.0
148.87607408932638,4.0
352.80081580300146,33.0
220.7919448457002,20.0
243.83584526106864,29.0
267.7421479479769,57.0
151.9224353093611,7.0
444.7100260348701,9.0
248.8644688181456,17.0
93.42812959817266,89.0
65.0909063741604,30.0
68.53421136098427,43.0
65.16057483547183,8.0
223.6295243221923,34.0
317.9906151324501,44.0
427.32029246495813,40.0
117.75684124347933,36.0
-4.155004757057213,65.0
234.51252248930473,59.0
174.904876698417,46.0
144.03869440880163,53.0
395.15416682854186,18.0
376.12242527921006,37.0
178.57511745574072,54.0
164.13627804039686,52.0
135.5925025084431,54.0
315.2529174858089,36.0
132.9216654515698,39.0
217.00224396998246,1.0
187.9498908157865,25.0
112.58692690141926,10.0
119.32192752789689,33.0
216.1127519744286,69.0
343.0049901293048,30.0
99.78212022847083,63.0
172.2837157345512,34.0
189.56576473235228,14.0
173.45988757464056,23.0
114.44092549647297,45.0
164.36905656908795,38.0
154.90117537486032,22.0
-3.913256123930239,71.0
85.61601561897115,64.0
262.0580784804731,26.0
164.25545065864543,11.0
358.25648897452123,47.0
149.19832346837848,14.0
294.3631287406669,59.0
216.42009796133604,51.0
207.217985138801,41.0
155.87482276336874,27.0
51.68860990223797,12.0
140.01048565641844,52.0
86.05304953871129,10.0
83.1561328907602,51.0
123.50324993282202,59.0
248.2131731811367,64.0
323.3182439488146,62.0
122.92200371050295,58.0
360.32445875062797,31.0
319.00667476328016,59.0
213.6254644910155,19.0
163.32812628110145,49.0
317.9957476001722,28.0
99.71195468153637,12.0
222.68496247921428,24.0
125.77213389344041,40.0
70.6393950067835,31.0
122.19818399772647,65.0
125.10636862910832,18.0
125.86804892517175,57.0
423.1544601853735,68.0
51.93736334618859,29.0
126.60961262786037,24.0
178.76452254087886,35.0
384.96711152771184,74.0
184.5858845619117,59.0
71.84111479827823,38.0
-1.1376065742296646,19.0
305.19797280880925,66.0
296.8043827195186,53.0
142.64283441038515,2.0
92.26526445941005,32.0
188.50517497879514,77.0
125.84598298986691,28.0
383.99606004755606,58.0
260.31348237296874,46.0
179.98964693227606,36.0
134.68179711113675,49.0
256.62889799237723,3.0
73.19349590737602,35.0
95.27220200579814,46.0
187.42330077409153,55.0
116.44905685692339,55.0
171.12277738483783,72.0
103.02474897008979,27.0
109.76216639224478,32.0
120.18091583707343,6.0
171.23157822233782,39.0
148.1886209183288,50.0
351.3716794804557,18.0
70.3350406065382,56.0
34.9582491007892,64.0
147.31342558779693,33.0
113.72777412957232,55.0
268.52920708100754,59.0
103.66641804958468,9.0
297.3908558183433,64.0
191.68538003981712,14.0
277.2445799609685,79.0
173.84946019091873,13.0
303.8285031654348,32.0
78.91570405625211,26.0
131.3664013420505,35.0
173.8331542416345,55.0
147.80665108654932,61.0
114.58748274732847,63.0
115.79521773836208,46.0
403.3170409845817,60.0
161.19776394714933,46.0
203.41052993217096,18.0
283.3629812271348,10.0
214.2028686314471,4.0
287.2169903709273,23.0
150.8572665337437,11.0
69.41789808286484,28.0
456.68651245908734,20.0
335.5274750069846,25.0
141.22042375983253,32.0
37.05407068539495,25.0
178.76838923731887,32.0
275.6442300127708,38.0
161.91961580351165,63.0
6.019861910983536,57.0
131.39839558791692,33.0
133.02467885213795,33.0
92.4791984705115,43.0
193.27977028099465,50.0
173.3020800504196,5.0
69.26619104272925,82.0
420.679735558139,31.0
180.43170912969833,12.0
112.71010743542581,53.0
180.89098689223846,52.0
25.161008179552326,23.0
388.6647842353079,37.0
122.80248117508681,36.0
184.53656668011033,26.0
212.38870696458073,32.0
278.1912850991046,45.0
84.39951327430182,57.0
132.9063682643678,59.0
295.09913828879337,16.0
291.7492841146195,53.0
151.00023206551623,22.0
404.555208267607,68.0
292.8629062271028,43.0
82.1070966306786,40.0
118.37523711570566,29.0
255.1364192809576,21.0
313.468431272023,42.0
121.98440902459811,34.0
252.96721522355557,57.0
112.97328671203279,46.0
267.7548636025968,17.0
251.7248383654773,42.0
271.1823777601213,25.0
88.49206500877524,60.0
487.7634126959059,39.0
333.8247464278339,51.0
298.34609128084236,59.0
188.44599394886808,16.0
341.17823492444853,29.0
293.66447920420364,52.0
86.44562214517282,17.0
188.9288509286198,2.0
366.5083219111152,42.0
51.640976798441784,13.0
183.87819269481741,46.0
114.65717504203653,2.0
108.24103487938083,41.0
91.2972652688344,66.0
233.29203872961554,61.0
213.68198378172588,36.0
88.0606118609756,34.0
260.941662249557,19.0
185.8933788248943,23.0
205.35740552503455,73.0
416.9240401320575,17.0
354.0223829393588,29.0
97.9578714490749,64.0
253.11285955950217,4.0
276.80745516366784,13.0
461.4603444462051,37.0
127.5620993930716,8.0
256.46320493093435,52.0
196.49965216228802,59.0
141.4828605828984,10.0
223.2760811028613,10.0
92.39205913116183,36.0
262.3492322891599,55.0
62.91081241071538,44.0
141.41766826555306,40.0
187.02680496636003,83.0
97.48858822645127,34.0
118.0282706324842,43.0
4.101720188049171,32.0
326.4499897134638,23.0
231.75135611660744,17.0
354.26481750978553,53.0
86.86098646001614,29.0
98.28992639440992,4.0
81.10690967661742,52.0
129.04985825171468,27.0
215.97733588749176,27.0
43.34694576718141,34.0
28.998210637896477,56.0
250.67071774165277,21.0
168.1123256330302,32.0
210.297527967351,65.0
119.89649811753624,66.0
-5.096135026223607,43.0
113.91359605986452,43.0
112.3109069885727,53.0
308.8902401172105,11.0
401.627445646006,4.0
116.1739745714159,27.0
263.5068546433294,59.0
88.57651216902354,68.0
229.72491911274963,67.0
447.33751663674116,30.0
43.36378980069901,36.0
106.79499508588151,13.0
109.40974562781967,35.0
-5.321154380506584,13.0
250.25781463992942,43.0
308.4724832140322,55.0
208.72956497708037,20.0
119.1490612120131,68.0
97.46720308985834,32.0
319.38128615621156,35.0
181.6538992767269,72.0
172.71645270273962,0.0
140.07943840415942,42.0
260.50029185851037,18.0
129.72288080571622,21.0
128.21292009811515,83.0
238.18202536308752,15.0
39.547961005986394,11.0
251.87773684494488,59.0
-8.185452817861915,52.0
233.4731341045464,30.0
136.54388821117482,28.0
272.071157323185,47.0
206.7089528174576,49.0
156.9333440447894,32.0
207.10735821188854,50.0
237.57527402223667,44.0
87.9982046464354,11.0
372.8968908087921,23.0
292.76752680458657,66.0
186.92865265261617,64.0
235.86972579697644,40.0
82.01449379542674,42.0
366.85353095140925,59.0
168.63602316286122,37.0
84.38070115152715,9.0
311.18235425931664,42.0
373.6042226007073,44.0
373.95092487473727,21.0
226.3390391456493,29.0
199.1490976036796,31.0
84.70774139159721,48.0
139.97294607166154,59.0
42.50993834388569,22.0
136.1784248279505,51.0
81.01848558123072,19.0
366.6943803040925,57.0
183.61556147688196,53.0
104.5347603771807,39.0
14.383220385142153,15.0
181.52448278104617,53.0
124.81866557519686,10.0
97.57514047655972,45.0
123.95169139817294,35.0
300.6887581282761,46.0
266.2608830939875,41.0
69.6749615788485,20.0
106.19228709470741,11.0
310.6429592912597,24.0
183.01512052788124,48.0
326.6324652288906,3.0
39.81098258229275,38.0
61.95584206093426,25.0
85.05092294603548,29.0
16.104524946325856,20.0
367.8286704412102,67.0
448.4519303909184,64.0
444.555350666766,1.0
192.54058309875535,39.0
544.5155232658481,24.0
99.3942028909567,60.0
85.22451343682401,31.0
190.77094283621722,40.0
73.37550935816228,5.0
300.44454369879,52.0
82.01858634379693,30.0
239.0731915867852,55.0
248.69004015118426,86.0
-12.049842693293044,52.0
79.82740950680932,40.0
345.2747846454335,60.0
86.07347311488665,37.0
269.38767825870696,25.0
207.2960173459235,31.0
289.8541409628966,27.0
135.7167755036272,47.0
205.09257050883446,59.0
123.31822998691268,34.0
79.76059932642426,3.0
194.99521201937713,44.0
89.75119048108425,39.0
127.8016905936338,43.0
74.13504380644272,55.0
187.32009959501238,44.0
360.8806710935038,82.0
292.1262030761887,14.0
144.47003358481027,12.0
19.300901371450095,87.0
229.7599235504872,67.0
116.2473879099931,35.0
42.62839515194352,71.0
196.22934496058062,37.0
110.23113004769084,22.0
93.42495393132917,30.0
168.3493219207077,21.0
189.38120610165356,36.0
137.88909398553426,36.0
173.63068231817323,2.0
298.22550242287764,14.0
188.20993485481915,34.0
84.79461743960576,54.0
103.14277842776437,13.0
-0.019250910978371394,81.0
156.3634308892573,57.0
490.6588899661811,52.0
404.11867425411714,58.0
299.3026865873553,38.0
147.25280105541168,54.0
142.24065905758005,51.0
114.14693293971501,42.0
190.77971766982859,20.0
110.2215914159193,49.0
470.990965349019,51.0
298.1155431646701,43.0
216.00886329418765,41.0
175.1845594381008,48.0
104.63821938890999,33.0
241.2731790989344,9.0
96.03755927721934,46.0
86.58258234448297,56.0
51.93835899418622,33.0
234.61694721067272,41.0
121.83482770427128,52.0
123.42115889050368,52.0
256.8779218068429,57.0
257.1684709846981,49.0
363.4458666612046,32.0
425.49317377235457,48.0
112.28606135189808,49.0
131.22003038362863,46.0
333.72914820523215,25.0
269.933049183028,29.0
218.4944265015755,55.0
258.0015582476794,34.0
57.137150985220956,2.0
273.89832527797125,33.0
312.86214076064937,47.0
291.11419210749466,23.0
211.9105068100318,17.0
-49.39458481817985,22.0
46.260063184472415,43.0
181.72883179468533,52.0
143.16584491574642,43.0
206.95212868829486,28.0
211.1738105951644,27.0
165.64814829263776,24.0
265.963601087205,3.0
204.31375006446848,24.0
323.56856188947256,46.0
260.1158221586139,48.0
164.34760828596282,52.0
163.08236561868705,2.0
407.7199635437089,24.0
149.86346863392788,72.0
143.00197169283868,57.0
163.17327386064053,41.0
258.94353936994816,38.0
147.1627227778576,68.0
120.82064198010555,56.0
369.44846913801246,50.0
392.90693002294984,81.0
158.8974917794847,35.0
400.81989603765504,56.0
332.21943758034104,21.0
195.2169229431894,37.0
60.47642252304193,32.0
296.14451744648886,51.0
391.76569503629725,33.0
257.00977725174295,47.0
112.38328252851335,9.0
181.01654976776217,15.0
309.91382635583864,3.0
67.7412014289319,27.0
117.18103940563401,37.0
64.73168915766996,59.0
78.18498760890185,26.0
241.35921761629868,29.0
199.10362917339774,15.0
250.846636251041,13.0
34.718293810128216,43.0
105.44727075022261,37.0
362.42064422646325,70.0
298.2076947107655,14.0
100.88886567036508,24.0
235.1232277060841,64.0
176.62355861161763,20.0
275.01604715260623,4.0
159.96151168776723,48.0
105.15913062902825,47.0
289.92251612459506,56.0
64.99846364466225,51.0
392.65832440326176,37.0
219.1137594005015,16.0
193.3318590014659,45.0
309.92340415727534,45.0
176.99886711202103,67.0
32.24075391951962,74.0
190.62024753498918,52.0
191.0813834677609,66.0
310.7642849656447,47.0
221.57730212228583,20.0
37.05185086394738,28.0
261.40096110612495,51.0
431.2384210256246,46.0
240.8165460940693,12.0
78.01452528748275,28.0
183.9116870357637,52.0
102.42324434007378,53.0
157.97738991743836,41.0
207.76878527354995,39.0
40.55464604702797,46.0
123.77158782117601,32.0
188.16997556249143,45.0
135.50488525893547,8.0
115.2888648043874,33.0
110.66363882917318,65.0
182.8699060988819,49.0
232.22736719157322,31.0
208.55378977203875,60.0
335.79699551939945,26.0
107.66277086493155,21.0
119.17566980333899,21.0
420.83828040939767,19.0
43.6985668395439,31.0
219.7048668616688,65.0
286.0648731443898,55.0
169.82005685377896,42.0
129.9788992131813,55.0
293.56858894027073,32.0
208.74082744668036,48.0
161.9448932725173,59.0
446.4140908801404,41.0
373.271070496557,13.0
143.29528685268244,62.0
59.256677520460585,16.0
339.6025763333695,2.0
359.9644848313863,37.0
157.59573591674604,1.0
127.92450981958469,19.0
271.8585638979144,41.0
78.45768751138627,56.0
194.07798494746146,55.0
81.39449724690724,59.0
177.12520877979537,38.0
296.28818503050127,61.0
196.64839261087533,46.0
514.4677501457272,22.0
461.0174106392085,35.0
122.23163799189695,59.0
208.53632209953713,20.0
166.20367422727855,58.0
105.33109403480142,34.0
160.07323627482475,38.0
189.8532320669399,48.0
469.26178944789376,44.0
204.37949149067651,16.0
244.2643710341067,58.0
273.6302046062508,18.0
95.87110104367792,28.0
173.00096551762846,14.0
228.2515380568382,7.0
199.52817495865912,10.0
161.87788185950836,53.0
157.8014268087302,44.0
191.81801975495551,30.0
306.86568486719364,47.0
127.05416371697243,40.0
137.95252707722574,37.0
149.2050991675785,64.0
17.77322247512518,23.0
65.825596035807,11.0
157.59462274332566,8.0
490.82076763105465,60.0
285.09032156578644,59.0
59.89538615454023,7.0
121.68974559506151,67.0
125.95053665604132,26.0
8.164098321109293,21.0
40.2035682488982,17.0
350.0872926056081,49.0
372.62620213825875,53.0
185.56860209105983,56.0
104.22598018122898,40.0
217.46782290780413,25.0
285.10584834172636,51.0
338.29760374029155,39.0
189.17413508564601,11.0
144.8939995524251,40.0
498.6327315824933,50.0
248.62532881583462,18.0
394.5984584334145,29.0
140.14169981775402,48.0
229.2016723840393,70.0
271.55088444933654,25.0
160.2842374548418,21.0
304.1495039370813,65.0
102.63929151608933,10.0
212.41777252911658,45.0
49.085119794416016,50.0
150.80191266844156,25.0
157.62925288745697,43.0
289.63899343210676,4.0
385.01026684442536,71.0
501.94973865790405,31.0
152.7538214754823,76.0
100.99952688432279,10.0
360.89049751941064,14.0
121.28182161407045,26.0
304.7350596123717,16.0
230.24262578072137,37.0
254.90029616948357,9.0
350.29000571497164,58.0
91.9017377796535,34.0
70.68992792927662,77.0
223.42214579965824,37.0
542.816809726073,18.0
196.97816119880036,52.0
540.6012588622209,68.0
374.12674696122184,18.0
189.2136973962363,11.0
115.43809311668889,58.0
15.401731042228661,43.0
240.91523907999397,72.0
223.90648939310793,40.0
406.78238890561727,51.0
239.6883310309692,53.0
367.19876878442864,60.0
121.73916498727627,27.0
332.49639003214315,32.0
162.09298427330785,47.0
176.67550112954527,0.0
461.3626774924413,21.0
235.5158729914017,17.0
108.06480145965548,33.0
137.51602415801602,17.0
154.49733513621703,24.0
149.70302873340174,59.0
160.20017781380957,56.0
218.00109983969037,60.0
138.1176687947163,46.0
179.3229972789743,11.0
82.51828413377854,12.0
52.2631661869047,31.0
183.8981946800883,24.0
109.98599335478954,53.0
122.74184976507362,51.0
351.9740303148627,30.0
224.28943518725202,18.0
91.89132228135209,43.0
116.45356673767992,56.0
108.97353604518145,6.0
45.172351969676384,30.0
436.33578399021894,52.0
179.75283393366436,3.0
422.21641372560043,54.0
266.8107651544267,82.0
93.78434486121341,53.0
64.4348128480218,42.0
262.3353486261674,34.0
230.42599541065567,5.0
109.32490270244966,38.0
159.5595507006915,4.0
-35.72147424504103,53.0
356.41900990975734,54.0
215.30083023368437,31.0
353.42585617902046,31.0
172.4197062940391,79.0
207.4560957836568,11.0
415.49449354312594,26.0
207.3397657559152,72.0
527.7223933562437,1.0
288.0405990367784,67.0
5.4136130514231695,56.0
100.46358645421189,72.0
160.65197863100022,28.0
166.68687639603755,59.0
293.04090270469294,57.0
111.26790667894187,48.0
146.7884241168025,23.0
370.33440833229724,18.0
399.9386872689339,48.0
3.6840578696159128,54.0
149.31309321742975,62.0
210.62308718711455,33.0
443.73345708318027,72.0
125.70754523356013,66.0
47.94619104810113,35.0
107.52843079178598,29.0
148.9797596013949,25.0
147.06499095793464,22.0
220.87623147187153,48.0
17.21918685499793,46.0
66.20736552404435,50.0
138.31212264164293,41.0
259.8066592665009,24.0
133.59695734310662,22.0
206.57986933237675,25.0
108.91003921167436,37.0
192.95055500146907,20.0
345.6069981608884,54.0
153.59695823841167,59.0
352.3022065597439,48.0
345.7367006611982,50.0
240.85120267011433,55.0
454.30338176754407,9.0
119.29880564992007,55.0
448.925583139947,36.0
180.17968104085938,30.0
353.0169057146979,52.0
184.1414295604939,56.0
100.88742984231999,44.0
256.2421137447734,28.0
161.12739848653604,8.0
171.2713541571558,55.0
110.2203162987783,8.0
141.19224821600181,29.0
202.47404721455445,48.0
165.98267322500018,55.0
116.91536201427283,37.0
176.65852348666957,55.0
101.33139284209201,69.0
-32.546958665775776,49.0
213.4157100346539,34.0
204.62269697501057,57.0
416.34278336271143,57.0
108.6967395253748,41.0
326.806834450148,53.0
334.15756783357386,72.0
140.74525311212608,79.0
141.0244294963198,22.0
11.512381233595306,15.0
137.3056031266995,63.0
17.510281364683067,66.0
265.2103947473903,19.0
271.40664621311123,26.0
358.5629583488077,47.0
183.6437804348227,27.0
193.69234161685088,49.0
151.52243577495614,39.0
169.82991118919233,37.0
306.55262968937546,56.0
203.83773107129466,31.0
207.3880362901431,27.0
281.21286006273795,6.0
137.8817267137577,12.0
226.9078808608816,24.0
167.4681943094776,50.0
308.09760901324427,56.0
137.91688086731125,50.0
251.18262076376718,18.0
153.70235852164083,53.0
157.36986188312983,26.0
253.45058037897064,52.0
396.424518309713,33.0
353.21188334092705,45.0
284.7599849350846,59.0
298.34845995163244,51.0
202.38609951561023,27.0
398.018317025556,53.0
490.08060201498586,32.0
257.641591779611,50.0
181.88084463504816,62.0
125.53257579299117,16.0
261.8249380075713,2.0
206.10688732448142,41.0
127.16686018003715,12.0
141.60989924493106,58.0
73.30802094303237,48.0
224.55345813763267,4.0
283.75964384448275,49.0
176.3992088047315,14.0
396.0137091673811,15.0
25.395466049536196,15.0
146.73682519187503,2.0
359.66531043041505,71.0
284.63321040374086,14.0
328.1602644252154,40.0
292.6418663349435,29.0
85.20425504709345,19.0
412.3772681009492,68.0
139.68991692911493,10.0
78.51881258481454,48.0
304.6712636841426,12.0
151.23819420203327,25.0
175.49313995995902,36.0
365.535130118722,17.0
352.4985769738503,54.0
105.08029003757503,12.0
374.16868596061266,70.0
344.88293779509274,34.0
360.9264172232336,67.0
102.47116668797749,5.0
100.23720852816986,63.0
232.90285377137926,41.0
47.81322903093992,26.0
309.13337141887104,41.0
238.3298329139452,27.0
116.67914091651744,37.0
38.92789808409485,13.0
77.41933527404127,18.0
267.1146002099817,33.0
102.56266643665589,56.0
229.6459896936464,11.0
130.45073552141446,37.0
401.6887571241355,59.0
126.00789552286079,27.0
16.834859155483173,67.0
91.11678931143615,86.0
-6.930479246679624,57.0
143.00379084714024,40.0
109.67303696709331,39.0
223.8855389073558,15.0
187.5243487880911,8.0
22.446601909552967,60.0
45.40647586416583,13.0
161.49907163520317,84.0
174.43780192230315,18.0
271.013422218251,74.0
314.3067097614563,14.0
249.75083467222981,59.0
440.564168181504,2.0
131.6272613472818,59.0
248.35948100899523,35.0
197.64519687632307,31.0
55.95637113849651,46.0
399.887378878003,22.0
201.87519515418631,22.0
235.26019120305915,58.0
326.89458157428896,25.0
186.8217922636639,22.0
224.21044902910262,29.0
455.6837448988847,8.0
151.22531571132157,69.0
138.42731583241192,50.0
79.77635333866328,32.0
402.7394964535422,32.0
374.7568114946728,8.0
169.27011453986546,43.0
334.9685220021488,46.0
181.8871643266666,83.0
251.78665749666362,25.0
16.59057091120428,39.0
123.13163993332114,20.0
269.6485384109102,54.0
159.51354855263224,68.0
267.54845940142235,79.0
85.01593063861105,33.0
39.71711576655284,43.0
210.39148180587182,3.0
224.24800742402783,30.0
182.3660679519452,18.0
330.94720466927265,28.0
46.68962867567666,45.0
351.98859765759556,12.0
267.8110982415692,12.0
179.6339126763852,10.0
121.81930920439834,60.0
337.1988863146351,11.0
213.90131214931768,51.0
145.1097838859187,66.0
206.1960484113776,24.0
202.53506262525525,6.0
112.99245493877328,41.0
83.64517083331972,53.0
285.61182304667096,27.0
29.769004150858358,35.0
120.83784200910037,82.0
126.43707062566949,31.0
215.89962101739073,61.0
57.20318632927893,26.0
-28.624793617180444,42.0
342.2460765303273,9.0
88.87537658288997,22.0
53.32213477220217,11.0
120.72579698788738,24.0
197.75906645738883,33.0
144.46266641043104,26.0
367.3817562182928,78.0
307.03721691073565,24.0
293.6643984249179,33.0
430.10415138698636,55.0
70.13771128346468,33.0
320.7138630899899,2.0
169.33605501616253,76.0
235.4635019924795,25.0
210.48649999484627,28.0
134.33529324777356,3.0
192.81270378646565,45.0
172.5849832700143,44.0
145.7331363228477,74.0
207.22368237961462,19.0
94.17738268622354,17.0
186.5287680068492,81.0
174.0061484109615,64.0
80.6131557083757,22.0
210.05959420018291,61.0
224.5982703027949,59.0
157.2471451513975,18.0
70.08478980391556,39.0
229.12006157267606,39.0
34.28601329020967,26.0
282.77962295036417,24.0
543.4418231305781,59.0
373.79921193098414,8.0
427.3426642437993,63.0
80.15826968936267,69.0
105.42637413930808,49.0
323.9846386056463,33.0
-2.35833429331978,42.0
321.3400555471482,44.0
356.56037508661774,83.0
263.122668698475,63.0
197.7917590329492,72.0
394.04604934867416,14.0
388.03719126447254,64.0
342.0333716559728,8.0
161.84656416579378,82.0
344.8557705560355,34.0
77.86816097558932,58.0
213.7061404951946,20.0
122.99744228492054,54.0
60.571806452583246,19.0
119.90137554489408,58.0
136.85893944046967,73.0
160.87220318806868,32.0
129.99619051834105,47.0
255.89416114301642,23.0
138.9390290422056,75.0
191.15288023170388,26.0
433.03496320919373,11.0
236.1701258066827,5.0
123.07944889397176,14.0
293.4174049633483,36.0
342.79056017887115,45.0
80.64203383458255,18.0
97.8729748758696,19.0
79.66889771474507,20.0
299.8394218138633,45.0
152.39971774697318,48.0
226.9682473282507,25.0
383.79177911104654,42.0
89.96613722076785,48.0
345.10558549844836,26.0
118.73153603298692,25.0
372.92482515171605,18.0
207.96713451872841,17.0
379.7253056922219,32.0
135.1596969750305,45.0
141.07718512996036,19.0
131.23053474420342,71.0
268.15840344151826,48.0
80.65713212144743,20.0
414.19462665528056,43.0
198.74403510510876,35.0
153.11938035591123,14.0
103.27710365155502,9.0
94.25577252786945,32.0
160.72409155953324,13.0
218.86390152935735,33.0
89.45056648965954,38.0
97.46079516869207,24.0
248.13751126995325,60.0
452.7666839949485,25.0
58.126289982408366,53.0
119.12031963672428,22.0
216.7051369261733,54.0
144.9022727188832,31.0
120.461851894971,66.0
403.4993039242732,78.0
-7.0350741233887675,31.0
124.21757127354834,51.0
228.431150643967,37.0
126.56493934974773,7.0
123.1502315327321,49.0
182.43276968605403,18.0
9.128667351453629,10.0
29.480492125256433,29.0
219.44070868644212,30.0
101.17172408791407,56.0
277.515798498937,15.0
134.66245766143902,41.0
120.93588272015602,39.0
-6.693438337873033,6.0
340.24889596437316,42.0
366.31351274677064,61.0
154.28975555316313,50.0
164.25006164590383,47.0
179.39638257122402,65.0
160.61489111933196,68.0
347.47163952271575,13.0
381.3069280529221,24.0
205.57902786476487,70.0
172.69875522210577,36.0
428.0417953198024,50.0
499.5783501900811,7.0
105.04669579726519,38.0
116.11928420173686,20.0
359.56502987978257,54.0
33.825805122135876,54.0
181.222425263105,15.0
256.0606330933175,70.0
99.3111639628409,51.0
134.1714575238585,12.0
169.28534305664311,30.0
368.05735923783925,60.0
111.8666579794139,46.0
392.71535858385175,45.0
138.41696519198285,50.0
185.88754922351916,66.0
331.60358618528437,50.0
21.161305591716086,9.0
44.70916237791644,14.0
363.0775805342642,10.0
228.63613024860922,44.0
338.41087440400065,56.0
389.13244436653065,74.0
19.661377240107868,85.0
160.87354212920198,22.0
-68.83396301931157,37.0
157.10187045334413,30.0
189.96517220775976,71.0
146.11068110199022,19.0
92.17012072206849,37.0
199.0497490146691,59.0
161.4214274003689,7.0
93.48557030765303,50.0
54.69749010601407,58.0
6.48629051280939,45.0
123.8091212329312,59.0
151.52646870870717,15.0
111.09687863860114,34.0
387.3942705020777,57.0
196.10466304974506,5.0
